GCA_001725525_1__dsrA__MEGN01000001.1_739	A0ABS1E8E7|dsrA|oxidative|Halorhodospira_neutriphila	59.1	433	551
GCA_001725525_1__dsrA__MEGN01000001.1_739	O33998|dsrA|oxidative|Allochromatium_vinosum	58.0	431	520
GCA_001725525_1__dsrA__MEGN01000001.1_739	A0ABY9MRG6|dsrA|oxidative|Thiothrix_lacustris	55.8	455	499
GCA_001725525_1__dsrA__MEGN01000001.1_739	A1BCS1|dsrA|oxidative|Chlorobium_phaeobacteroides	51.1	415	445
GCA_001725525_1__dsrA__MEGN01000001.1_739	A0L9L4|dsrA|oxidative|Magnetococcus_marinus	49.5	414	441
GCA_001725525_1__dsrA__MEGN01000001.1_739	Q8K5E9|dsrA|oxidative|Chlorobaculum_tepidum	50.0	416	440
GCA_001725525_1__dsrA__MEGN01000001.1_739	A0A5C4RXN4|dsrA|oxidative|Chlorobaculum_thiosulfatiphilum	50.2	416	437
GCA_001725525_1__dsrA__MEGN01000001.1_739	N0BK96|dsrA|reductive|Archaeoglobus_sulfaticallidus_PM70-1	46.3	428	376
GCA_001725525_1__dsrA__MEGN01000001.1_739	Q251E4|dsrA|reductive|Desulfitobacterium_hafniense	45.3	406	367
GCA_001725525_1__dsrA__MEGN01000001.1_739	E0D1Z2|dsrA|oxidative|Thiocapsa_marina	58.1	298	367
GCA_001725525_1__dsrA__MEGN01000001.1_739	A0ABT8QKK2|dsrA|reductive|Desulfosporosinus_nitroreducens	44.3	406	360
GCA_001725525_1__dsrA__MEGN01000001.1_739	Q9K5B9|dsrA|reductive|Desulfobulbus_rhabdoformis	42.0	429	356
GCA_001725525_1__dsrA__MEGN01000001.1_739	S0FXQ9|dsrA|reductive|Desulfotignum_phosphitoxidans_DSM_13687	40.4	465	336
GCA_001725525_1__dsrA__MEGN01000001.1_739	B5YIF2|dsrA|reductive|Thermodesulfovibrio_yellowstonii	40.8	424	331
GCA_001725525_1__dsrA__MEGN01000001.1_739	Q9K5B5|dsrA|reductive|Desulfobacter_vibrioformis	40.0	467	332
GCA_001725525_1__dsrA__MEGN01000001.1_739	Q59109|dsrA|reductive|Archaeoglobus_fulgidus	41.2	425	329
GCA_001725525_1__dsrA__MEGN01000001.1_739	P45574|dsrA|reductive|Nitratidesulfovibrio_vulgaris	40.6	441	327
GCA_001725525_1__dsrA__MEGN01000001.1_739	T2G7Q3|dsrA|reductive|Megalodesulfovibrio_gigas	41.0	441	325
GCA_001725525_1__dsrA__MEGN01000001.1_739	Q9F4A3|dsrA|reductive|Desulfovibrio_desulfuricans	39.7	441	316
GCA_001725525_1__dsrA__MEGN01000001.1_739	Q5ZQS3|dsrA|reductive|Desulfomicrobium_baculatum	40.8	392	297
GCA_001725525_1__dsrA__MEGN01000001.1_739	Q93EU9|dsrA|reductive|Desulfarculus_baarsii	41.5	369	286
GCA_001725525_1__dsrA__MEGN01000001.1_739	Q5ZQT9|dsrA|reductive|Archaeoglobus_veneficus	40.1	359	274
GCA_001725525_1__dsrA__MEGN01000001.1_739	Q93EV7|dsrA|reductive|Thermodesulfobacterium_commune	39.5	372	271
GCA_001725525_1__dsrA__MEGN01000001.1_739	Q5ZQR5|dsrA|reductive|Desulfosudis_oleivorans	38.8	369	268
GCA_001725525_1__dsrA__MEGN01000001.1_739	A0ABT8QNA5|dsrB|reductive|Desulfosporosinus_nitroreducens	23.6	322	83.2
GCA_001725525_1__dsrA__MEGN01000001.1_739	P45575|dsrB|reductive|Nitratidesulfovibrio_vulgaris	22.9	336	82.4
GCA_001725525_1__dsrA__MEGN01000001.1_739	Q9F4A2|dsrB|reductive|Desulfovibrio_desulfuricans	24.0	338	79.7
GCA_001725525_1__dsrA__MEGN01000001.1_739	Q251E3|dsrB|reductive|Desulfitobacterium_hafniense	23.3	322	79.3
GCA_001725525_1__dsrA__MEGN01000001.1_739	B5YIF3|dsrB|reductive|Thermodesulfovibrio_yellowstonii	25.8	310	76.6
GCA_001725525_1__dsrA__MEGN01000001.1_739	T2G8V8|dsrB|reductive|Megalodesulfovibrio_gigas	23.0	261	73.9
GCA_001725525_1__dsrA__MEGN01000001.1_739	N0BL33|dsrB|reductive|Archaeoglobus_sulfaticallidus_PM70-1	23.7	329	73.6
GCA_001725525_1__dsrA__MEGN01000001.1_739	Q59110|dsrB|reductive|Archaeoglobus_fulgidus	23.5	319	72.8
GCA_001725525_1__dsrA__MEGN01000001.1_739	Q9K5B4|dsrB|reductive|Desulfobacter_vibrioformis	21.2	325	71.6
GCA_001725525_1__dsrA__MEGN01000001.1_739	S0G5M9|dsrB|reductive|Desulfotignum_phosphitoxidans_DSM_13687	24.0	267	69.3
GCA_001725525_1__dsrA__MEGN01000001.1_739	A4J9D5|dsrB|reductive|Desulforamulus_reducens	24.8	290	68.6
GCA_001725525_1__dsrA__MEGN01000001.1_739	Q8KE39|dsrB|oxidative|Chlorobaculum_tepidum	21.4	308	67.8
GCA_001725525_1__dsrA__MEGN01000001.1_739	E1QFJ3|dsrB|reductive|Desulfarculus_baarsii	24.6	260	67.4
GCA_001725525_1__dsrA__MEGN01000001.1_739	A1BCS2|dsrB|oxidative|Chlorobium_phaeobacteroides	22.1	321	67.0
GCA_001725525_1__dsrA__MEGN01000001.1_739	Q9K5B8|dsrB|reductive|Desulfobulbus_rhabdoformis	23.2	254	66.6
GCA_001725525_1__dsrA__MEGN01000001.1_739	A0A5C4RYG3|dsrB|oxidative|Chlorobaculum_thiosulfatiphilum	21.9	310	65.5
GCA_001725525_1__dsrA__MEGN01000001.1_739	A0L9L5|dsrB|oxidative|Magnetococcus_marinus	21.0	314	63.2
GCA_001725525_1__dsrA__MEGN01000001.1_739	A0ABS1E5W7|dsrB|oxidative|Halorhodospira_neutriphila	21.7	277	55.8
GCA_001725525_1__dsrA__MEGN01000001.1_739	A0A9X0WG77|dsrB|oxidative|Thiocapsa_imhoffii	20.7	294	53.9
GCA_001725525_1__dsrA__MEGN01000001.1_739	O33999|dsrB|oxidative|Allochromatium_vinosum	20.2	292	52.0
GCA_001725525_1__dsrA__MEGN01000001.1_739	A0ABY9MNZ8|dsrB|oxidative|Thiothrix_lacustris	20.2	297	48.1
GCA_001725525_1__dsrB__MEGN01000001.1_740	L0DSF9|dsrB|oxidative|Thioalkalivibrio_nitratireducens	76.2	353	602
GCA_001725525_1__dsrB__MEGN01000001.1_740	O33999|dsrB|oxidative|Allochromatium_vinosum	73.0	356	582
GCA_001725525_1__dsrB__MEGN01000001.1_740	A0A9X0WG77|dsrB|oxidative|Thiocapsa_imhoffii	72.5	356	579
GCA_001725525_1__dsrB__MEGN01000001.1_740	A0ABY9MNZ8|dsrB|oxidative|Thiothrix_lacustris	70.6	354	568
GCA_001725525_1__dsrB__MEGN01000001.1_740	A0ABS1E5W7|dsrB|oxidative|Halorhodospira_neutriphila	69.0	352	547
GCA_001725525_1__dsrB__MEGN01000001.1_740	A0L9L5|dsrB|oxidative|Magnetococcus_marinus	64.5	349	495
GCA_001725525_1__dsrB__MEGN01000001.1_740	A0A5C4RYG3|dsrB|oxidative|Chlorobaculum_thiosulfatiphilum	62.2	349	481
GCA_001725525_1__dsrB__MEGN01000001.1_740	Q8KE39|dsrB|oxidative|Chlorobaculum_tepidum	61.9	349	480
GCA_001725525_1__dsrB__MEGN01000001.1_740	A1BCS2|dsrB|oxidative|Chlorobium_phaeobacteroides	61.9	349	476
GCA_001725525_1__dsrB__MEGN01000001.1_740	A4J9D5|dsrB|reductive|Desulforamulus_reducens	46.0	359	348
GCA_001725525_1__dsrB__MEGN01000001.1_740	N0BL33|dsrB|reductive|Archaeoglobus_sulfaticallidus_PM70-1	46.9	354	346
GCA_001725525_1__dsrB__MEGN01000001.1_740	Q251E3|dsrB|reductive|Desulfitobacterium_hafniense	47.8	339	339
GCA_001725525_1__dsrB__MEGN01000001.1_740	A0ABT8QNA5|dsrB|reductive|Desulfosporosinus_nitroreducens	45.9	351	338
GCA_001725525_1__dsrB__MEGN01000001.1_740	B5YIF3|dsrB|reductive|Thermodesulfovibrio_yellowstonii	47.7	333	329
GCA_001725525_1__dsrB__MEGN01000001.1_740	Q59110|dsrB|reductive|Archaeoglobus_fulgidus	46.8	333	326
GCA_001725525_1__dsrB__MEGN01000001.1_740	Q9K5B4|dsrB|reductive|Desulfobacter_vibrioformis	46.7	336	311
GCA_001725525_1__dsrB__MEGN01000001.1_740	T2G8V8|dsrB|reductive|Megalodesulfovibrio_gigas	44.7	338	310
GCA_001725525_1__dsrB__MEGN01000001.1_740	S0G5M9|dsrB|reductive|Desulfotignum_phosphitoxidans_DSM_13687	44.5	346	310
GCA_001725525_1__dsrB__MEGN01000001.1_740	E1QFJ3|dsrB|reductive|Desulfarculus_baarsii	43.6	342	305
GCA_001725525_1__dsrB__MEGN01000001.1_740	P45575|dsrB|reductive|Nitratidesulfovibrio_vulgaris	43.3	344	301
GCA_001725525_1__dsrB__MEGN01000001.1_740	Q9F4A2|dsrB|reductive|Desulfovibrio_desulfuricans	43.5	338	298
GCA_001725525_1__dsrB__MEGN01000001.1_740	Q9K5B8|dsrB|reductive|Desulfobulbus_rhabdoformis	44.2	335	296
GCA_001725525_1__dsrB__MEGN01000001.1_740	O33998|dsrA|oxidative|Allochromatium_vinosum	23.0	282	84.3
GCA_001725525_1__dsrB__MEGN01000001.1_740	A0ABY9MRG6|dsrA|oxidative|Thiothrix_lacustris	23.2	289	82.4
GCA_001725525_1__dsrB__MEGN01000001.1_740	A0ABS1E8E7|dsrA|oxidative|Halorhodospira_neutriphila	23.5	285	79.3
GCA_001725525_1__dsrB__MEGN01000001.1_740	E0D1Z2|dsrA|oxidative|Thiocapsa_marina	22.9	275	79.0
GCA_001725525_1__dsrB__MEGN01000001.1_740	N0BK96|dsrA|reductive|Archaeoglobus_sulfaticallidus_PM70-1	23.2	327	70.9
GCA_001725525_1__dsrB__MEGN01000001.1_740	B5YIF2|dsrA|reductive|Thermodesulfovibrio_yellowstonii	23.0	282	68.9
GCA_001725525_1__dsrB__MEGN01000001.1_740	Q8K5E9|dsrA|oxidative|Chlorobaculum_tepidum	23.5	285	68.2
GCA_001725525_1__dsrB__MEGN01000001.1_740	A0L9L4|dsrA|oxidative|Magnetococcus_marinus	20.9	282	62.0
GCA_001725525_1__dsrB__MEGN01000001.1_740	A0A5C4RXN4|dsrA|oxidative|Chlorobaculum_thiosulfatiphilum	23.6	288	62.0
GCA_001725525_1__dsrB__MEGN01000001.1_740	Q251E4|dsrA|reductive|Desulfitobacterium_hafniense	21.4	276	58.2
GCA_001725525_1__dsrB__MEGN01000001.1_740	A1BCS1|dsrA|oxidative|Chlorobium_phaeobacteroides	22.3	283	57.8
GCA_001725525_1__dsrB__MEGN01000001.1_740	Q59109|dsrA|reductive|Archaeoglobus_fulgidus	22.3	274	55.5
GCA_001725525_1__dsrB__MEGN01000001.1_740	Q9F4A3|dsrA|reductive|Desulfovibrio_desulfuricans	20.5	298	52.4
GCA_001725525_1__dsrB__MEGN01000001.1_740	Q9K5B9|dsrA|reductive|Desulfobulbus_rhabdoformis	21.3	300	50.8
GCA_001725525_1__dsrB__MEGN01000001.1_740	Q5ZQR5|dsrA|reductive|Desulfosudis_oleivorans	19.5	302	50.4
GCA_001725525_1__dsrB__MEGN01000001.1_740	Q9K5B5|dsrA|reductive|Desulfobacter_vibrioformis	21.1	299	50.1
GCA_001725525_1__dsrB__MEGN01000001.1_740	A0ABT8QKK2|dsrA|reductive|Desulfosporosinus_nitroreducens	18.8	271	48.9
GCA_001725525_1__dsrB__MEGN01000001.1_740	P45574|dsrA|reductive|Nitratidesulfovibrio_vulgaris	21.9	301	48.5
GCA_001725525_1__dsrB__MEGN01000001.1_740	S0FXQ9|dsrA|reductive|Desulfotignum_phosphitoxidans_DSM_13687	20.3	300	48.5
GCA_001725525_1__dsrB__MEGN01000001.1_740	T2G7Q3|dsrA|reductive|Megalodesulfovibrio_gigas	21.9	256	46.2
GCA_001725525_1__dsrB__MEGN01000001.1_740	Q93EU9|dsrA|reductive|Desulfarculus_baarsii	20.8	293	45.8
GCA_001725525_1__dsrB__MEGN01000001.1_740	Q93EV7|dsrA|reductive|Thermodesulfobacterium_commune	20.1	338	44.3
GCA_001725525_1__dsrB__MEGN01000001.1_740	Q5ZQS3|dsrA|reductive|Desulfomicrobium_baculatum	19.5	297	39.7
GCA_001799195_1__dsrA__MGSU01000333.1_1	N0BK96|dsrA|reductive|Archaeoglobus_sulfaticallidus_PM70-1	64.3	384	526
GCA_001799195_1__dsrA__MGSU01000333.1_1	B5YIF2|dsrA|reductive|Thermodesulfovibrio_yellowstonii	62.3	390	515
GCA_001799195_1__dsrA__MGSU01000333.1_1	Q251E4|dsrA|reductive|Desulfitobacterium_hafniense	59.8	388	495
GCA_001799195_1__dsrA__MGSU01000333.1_1	Q59109|dsrA|reductive|Archaeoglobus_fulgidus	60.7	397	493
GCA_001799195_1__dsrA__MGSU01000333.1_1	A0ABT8QKK2|dsrA|reductive|Desulfosporosinus_nitroreducens	58.5	388	484
GCA_001799195_1__dsrA__MGSU01000333.1_1	Q9K5B9|dsrA|reductive|Desulfobulbus_rhabdoformis	55.7	406	480
GCA_001799195_1__dsrA__MGSU01000333.1_1	T2G7Q3|dsrA|reductive|Megalodesulfovibrio_gigas	56.1	415	474
GCA_001799195_1__dsrA__MGSU01000333.1_1	P45574|dsrA|reductive|Nitratidesulfovibrio_vulgaris	56.4	415	473
GCA_001799195_1__dsrA__MGSU01000333.1_1	S0FXQ9|dsrA|reductive|Desulfotignum_phosphitoxidans_DSM_13687	55.2	420	467
GCA_001799195_1__dsrA__MGSU01000333.1_1	Q93EU9|dsrA|reductive|Desulfarculus_baarsii	61.8	353	456
GCA_001799195_1__dsrA__MGSU01000333.1_1	Q9F4A3|dsrA|reductive|Desulfovibrio_desulfuricans	54.2	415	457
GCA_001799195_1__dsrA__MGSU01000333.1_1	Q9K5B5|dsrA|reductive|Desulfobacter_vibrioformis	54.7	419	453
GCA_001799195_1__dsrA__MGSU01000333.1_1	Q5ZQS3|dsrA|reductive|Desulfomicrobium_baculatum	57.4	352	422
GCA_001799195_1__dsrA__MGSU01000333.1_1	Q93EV7|dsrA|reductive|Thermodesulfobacterium_commune	57.6	356	419
GCA_001799195_1__dsrA__MGSU01000333.1_1	Q5ZQT9|dsrA|reductive|Archaeoglobus_veneficus	57.8	334	418
GCA_001799195_1__dsrA__MGSU01000333.1_1	Q5ZQR5|dsrA|reductive|Desulfosudis_oleivorans	55.2	348	398
GCA_001799195_1__dsrA__MGSU01000333.1_1	O33998|dsrA|oxidative|Allochromatium_vinosum	49.4	393	390
GCA_001799195_1__dsrA__MGSU01000333.1_1	A0L9L4|dsrA|oxidative|Magnetococcus_marinus	48.3	387	380
GCA_001799195_1__dsrA__MGSU01000333.1_1	A0ABS1E8E7|dsrA|oxidative|Halorhodospira_neutriphila	47.9	401	370
GCA_001799195_1__dsrA__MGSU01000333.1_1	A1BCS1|dsrA|oxidative|Chlorobium_phaeobacteroides	47.8	385	366
GCA_001799195_1__dsrA__MGSU01000333.1_1	Q8K5E9|dsrA|oxidative|Chlorobaculum_tepidum	45.5	387	355
GCA_001799195_1__dsrA__MGSU01000333.1_1	A0A5C4RXN4|dsrA|oxidative|Chlorobaculum_thiosulfatiphilum	45.5	387	352
GCA_001799195_1__dsrA__MGSU01000333.1_1	A0ABY9MRG6|dsrA|oxidative|Thiothrix_lacustris	44.5	402	352
GCA_001799195_1__dsrA__MGSU01000333.1_1	E0D1Z2|dsrA|oxidative|Thiocapsa_marina	45.6	294	272
GCA_001799195_1__dsrA__MGSU01000333.1_1	Q251E3|dsrB|reductive|Desulfitobacterium_hafniense	25.6	293	97.8
GCA_001799195_1__dsrA__MGSU01000333.1_1	N0BL33|dsrB|reductive|Archaeoglobus_sulfaticallidus_PM70-1	26.3	312	97.1
GCA_001799195_1__dsrA__MGSU01000333.1_1	B5YIF3|dsrB|reductive|Thermodesulfovibrio_yellowstonii	27.2	305	90.1
GCA_001799195_1__dsrA__MGSU01000333.1_1	A0ABT8QNA5|dsrB|reductive|Desulfosporosinus_nitroreducens	26.0	285	88.6
GCA_001799195_1__dsrA__MGSU01000333.1_1	Q59110|dsrB|reductive|Archaeoglobus_fulgidus	24.2	302	77.8
GCA_001799195_1__dsrA__MGSU01000333.1_1	A4J9D5|dsrB|reductive|Desulforamulus_reducens	23.4	290	76.6
GCA_001799195_1__dsrA__MGSU01000333.1_1	Q8KE39|dsrB|oxidative|Chlorobaculum_tepidum	23.4	291	74.7
GCA_001799195_1__dsrA__MGSU01000333.1_1	A0A5C4RYG3|dsrB|oxidative|Chlorobaculum_thiosulfatiphilum	23.4	291	74.7
GCA_001799195_1__dsrA__MGSU01000333.1_1	E1QFJ3|dsrB|reductive|Desulfarculus_baarsii	25.4	279	73.2
GCA_001799195_1__dsrA__MGSU01000333.1_1	T2G8V8|dsrB|reductive|Megalodesulfovibrio_gigas	23.6	233	71.2
GCA_001799195_1__dsrA__MGSU01000333.1_1	P45575|dsrB|reductive|Nitratidesulfovibrio_vulgaris	23.1	316	70.1
GCA_001799195_1__dsrA__MGSU01000333.1_1	A1BCS2|dsrB|oxidative|Chlorobium_phaeobacteroides	22.3	291	68.6
GCA_001799195_1__dsrA__MGSU01000333.1_1	Q9K5B4|dsrB|reductive|Desulfobacter_vibrioformis	23.5	307	67.8
GCA_001799195_1__dsrA__MGSU01000333.1_1	Q9F4A2|dsrB|reductive|Desulfovibrio_desulfuricans	22.7	247	65.9
GCA_001799195_1__dsrA__MGSU01000333.1_1	S0G5M9|dsrB|reductive|Desulfotignum_phosphitoxidans_DSM_13687	23.4	321	65.9
GCA_001799195_1__dsrA__MGSU01000333.1_1	A0ABS1E5W7|dsrB|oxidative|Halorhodospira_neutriphila	25.2	294	61.6
GCA_001799195_1__dsrA__MGSU01000333.1_1	Q9K5B8|dsrB|reductive|Desulfobulbus_rhabdoformis	23.4	278	60.1
GCA_001799195_1__dsrA__MGSU01000333.1_1	O33999|dsrB|oxidative|Allochromatium_vinosum	23.0	278	58.2
GCA_001799195_1__dsrA__MGSU01000333.1_1	A0A9X0WG77|dsrB|oxidative|Thiocapsa_imhoffii	23.0	278	57.4
GCA_001799195_1__dsrA__MGSU01000333.1_1	A0L9L5|dsrB|oxidative|Magnetococcus_marinus	22.6	274	56.2
GCA_001799195_1__dsrA__MGSU01000333.1_1	L0DSF9|dsrB|oxidative|Thioalkalivibrio_nitratireducens	21.9	278	55.1
GCA_001799195_1__dsrA__MGSU01000333.1_1	A0ABY9MNZ8|dsrB|oxidative|Thiothrix_lacustris	22.9	279	54.3
GCA_001799195_1__dsrB__MGSU01000098.1_11	A4J9D5|dsrB|reductive|Desulforamulus_reducens	65.8	351	500
GCA_001799195_1__dsrB__MGSU01000098.1_11	N0BL33|dsrB|reductive|Archaeoglobus_sulfaticallidus_PM70-1	59.7	360	474
GCA_001799195_1__dsrB__MGSU01000098.1_11	E1QFJ3|dsrB|reductive|Desulfarculus_baarsii	59.5	358	474
GCA_001799195_1__dsrB__MGSU01000098.1_11	Q251E3|dsrB|reductive|Desulfitobacterium_hafniense	60.5	352	459
GCA_001799195_1__dsrB__MGSU01000098.1_11	B5YIF3|dsrB|reductive|Thermodesulfovibrio_yellowstonii	57.3	354	456
GCA_001799195_1__dsrB__MGSU01000098.1_11	A0ABT8QNA5|dsrB|reductive|Desulfosporosinus_nitroreducens	58.4	351	448
GCA_001799195_1__dsrB__MGSU01000098.1_11	P45575|dsrB|reductive|Nitratidesulfovibrio_vulgaris	54.7	351	434
GCA_001799195_1__dsrB__MGSU01000098.1_11	Q9K5B8|dsrB|reductive|Desulfobulbus_rhabdoformis	56.1	362	434
GCA_001799195_1__dsrB__MGSU01000098.1_11	Q59110|dsrB|reductive|Archaeoglobus_fulgidus	57.4	345	431
GCA_001799195_1__dsrB__MGSU01000098.1_11	Q9F4A2|dsrB|reductive|Desulfovibrio_desulfuricans	55.3	351	429
GCA_001799195_1__dsrB__MGSU01000098.1_11	T2G8V8|dsrB|reductive|Megalodesulfovibrio_gigas	52.6	365	422
GCA_001799195_1__dsrB__MGSU01000098.1_11	Q9K5B4|dsrB|reductive|Desulfobacter_vibrioformis	54.5	352	420
GCA_001799195_1__dsrB__MGSU01000098.1_11	S0G5M9|dsrB|reductive|Desulfotignum_phosphitoxidans_DSM_13687	53.7	352	415
GCA_001799195_1__dsrB__MGSU01000098.1_11	A1BCS2|dsrB|oxidative|Chlorobium_phaeobacteroides	49.6	353	387
GCA_001799195_1__dsrB__MGSU01000098.1_11	Q8KE39|dsrB|oxidative|Chlorobaculum_tepidum	48.7	355	380
GCA_001799195_1__dsrB__MGSU01000098.1_11	A0A5C4RYG3|dsrB|oxidative|Chlorobaculum_thiosulfatiphilum	48.5	355	378
GCA_001799195_1__dsrB__MGSU01000098.1_11	A0A9X0WG77|dsrB|oxidative|Thiocapsa_imhoffii	45.1	350	352
GCA_001799195_1__dsrB__MGSU01000098.1_11	L0DSF9|dsrB|oxidative|Thioalkalivibrio_nitratireducens	45.1	350	351
GCA_001799195_1__dsrB__MGSU01000098.1_11	O33999|dsrB|oxidative|Allochromatium_vinosum	45.1	350	351
GCA_001799195_1__dsrB__MGSU01000098.1_11	A0ABY9MNZ8|dsrB|oxidative|Thiothrix_lacustris	44.9	350	351
GCA_001799195_1__dsrB__MGSU01000098.1_11	A0ABS1E5W7|dsrB|oxidative|Halorhodospira_neutriphila	45.7	350	350
GCA_001799195_1__dsrB__MGSU01000098.1_11	A0L9L5|dsrB|oxidative|Magnetococcus_marinus	44.9	350	347
GCA_001799195_1__dsrB__MGSU01000098.1_11	A0L9L4|dsrA|oxidative|Magnetococcus_marinus	25.5	282	92.8
GCA_001799195_1__dsrB__MGSU01000098.1_11	A0ABS1E8E7|dsrA|oxidative|Halorhodospira_neutriphila	22.2	284	89.4
GCA_001799195_1__dsrB__MGSU01000098.1_11	E0D1Z2|dsrA|oxidative|Thiocapsa_marina	22.6	270	84.3
GCA_001799195_1__dsrB__MGSU01000098.1_11	N0BK96|dsrA|reductive|Archaeoglobus_sulfaticallidus_PM70-1	25.9	278	83.2
GCA_001799195_1__dsrB__MGSU01000098.1_11	S0FXQ9|dsrA|reductive|Desulfotignum_phosphitoxidans_DSM_13687	24.2	318	75.1
GCA_001799195_1__dsrB__MGSU01000098.1_11	Q9K5B5|dsrA|reductive|Desulfobacter_vibrioformis	24.4	353	72.0
GCA_001799195_1__dsrB__MGSU01000098.1_11	A0ABT8QKK2|dsrA|reductive|Desulfosporosinus_nitroreducens	24.3	333	70.1
GCA_001799195_1__dsrB__MGSU01000098.1_11	T2G7Q3|dsrA|reductive|Megalodesulfovibrio_gigas	22.2	320	66.6
GCA_001799195_1__dsrB__MGSU01000098.1_11	Q5ZQR5|dsrA|reductive|Desulfosudis_oleivorans	21.5	316	64.3
GCA_001799195_1__dsrB__MGSU01000098.1_11	Q5ZQS3|dsrA|reductive|Desulfomicrobium_baculatum	24.1	319	63.9
GCA_001799195_1__dsrB__MGSU01000098.1_11	Q93EV7|dsrA|reductive|Thermodesulfobacterium_commune	24.0	304	63.9
GCA_001799195_1__dsrB__MGSU01000098.1_11	P45574|dsrA|reductive|Nitratidesulfovibrio_vulgaris	21.1	317	57.0
GCA_001799195_1__dsrB__MGSU01000098.1_11	Q9F4A3|dsrA|reductive|Desulfovibrio_desulfuricans	20.2	317	53.9
GCA_001897675_1__dsrA__MKUE01000004.1_32	A0ABS1E8E7|dsrA|oxidative|Halorhodospira_neutriphila	59.6	433	548
GCA_001897675_1__dsrA__MKUE01000004.1_32	O33998|dsrA|oxidative|Allochromatium_vinosum	57.1	431	498
GCA_001897675_1__dsrA__MKUE01000004.1_32	A0ABY9MRG6|dsrA|oxidative|Thiothrix_lacustris	54.2	456	482
GCA_001897675_1__dsrA__MKUE01000004.1_32	A0L9L4|dsrA|oxidative|Magnetococcus_marinus	50.2	414	437
GCA_001897675_1__dsrA__MKUE01000004.1_32	A1BCS1|dsrA|oxidative|Chlorobium_phaeobacteroides	50.4	415	429
GCA_001897675_1__dsrA__MKUE01000004.1_32	Q8K5E9|dsrA|oxidative|Chlorobaculum_tepidum	49.0	416	423
GCA_001897675_1__dsrA__MKUE01000004.1_32	A0A5C4RXN4|dsrA|oxidative|Chlorobaculum_thiosulfatiphilum	49.3	416	418
GCA_001897675_1__dsrA__MKUE01000004.1_32	A0ABT8QKK2|dsrA|reductive|Desulfosporosinus_nitroreducens	44.9	410	361
GCA_001897675_1__dsrA__MKUE01000004.1_32	Q251E4|dsrA|reductive|Desulfitobacterium_hafniense	45.0	413	360
GCA_001897675_1__dsrA__MKUE01000004.1_32	N0BK96|dsrA|reductive|Archaeoglobus_sulfaticallidus_PM70-1	44.6	428	355
GCA_001897675_1__dsrA__MKUE01000004.1_32	E0D1Z2|dsrA|oxidative|Thiocapsa_marina	56.7	298	353
GCA_001897675_1__dsrA__MKUE01000004.1_32	Q9K5B9|dsrA|reductive|Desulfobulbus_rhabdoformis	41.3	429	339
GCA_001897675_1__dsrA__MKUE01000004.1_32	S0FXQ9|dsrA|reductive|Desulfotignum_phosphitoxidans_DSM_13687	40.0	465	330
GCA_001897675_1__dsrA__MKUE01000004.1_32	Q9K5B5|dsrA|reductive|Desulfobacter_vibrioformis	40.0	468	329
GCA_001897675_1__dsrA__MKUE01000004.1_32	P45574|dsrA|reductive|Nitratidesulfovibrio_vulgaris	39.8	452	320
GCA_001897675_1__dsrA__MKUE01000004.1_32	B5YIF2|dsrA|reductive|Thermodesulfovibrio_yellowstonii	40.8	429	319
GCA_001897675_1__dsrA__MKUE01000004.1_32	T2G7Q3|dsrA|reductive|Megalodesulfovibrio_gigas	40.8	434	318
GCA_001897675_1__dsrA__MKUE01000004.1_32	Q59109|dsrA|reductive|Archaeoglobus_fulgidus	40.9	425	311
GCA_001897675_1__dsrA__MKUE01000004.1_32	Q9F4A3|dsrA|reductive|Desulfovibrio_desulfuricans	38.9	434	306
GCA_001897675_1__dsrA__MKUE01000004.1_32	Q5ZQS3|dsrA|reductive|Desulfomicrobium_baculatum	38.8	392	284
GCA_001897675_1__dsrA__MKUE01000004.1_32	Q93EU9|dsrA|reductive|Desulfarculus_baarsii	40.4	369	276
GCA_001897675_1__dsrA__MKUE01000004.1_32	Q5ZQT9|dsrA|reductive|Archaeoglobus_veneficus	39.8	359	263
GCA_001897675_1__dsrA__MKUE01000004.1_32	Q93EV7|dsrA|reductive|Thermodesulfobacterium_commune	38.2	372	255
GCA_001897675_1__dsrA__MKUE01000004.1_32	Q5ZQR5|dsrA|reductive|Desulfosudis_oleivorans	36.6	369	250
GCA_001897675_1__dsrA__MKUE01000004.1_32	A0ABT8QNA5|dsrB|reductive|Desulfosporosinus_nitroreducens	24.4	266	82.0
GCA_001897675_1__dsrA__MKUE01000004.1_32	P45575|dsrB|reductive|Nitratidesulfovibrio_vulgaris	23.9	289	81.3
GCA_001897675_1__dsrA__MKUE01000004.1_32	Q9F4A2|dsrB|reductive|Desulfovibrio_desulfuricans	23.1	321	73.9
GCA_001897675_1__dsrA__MKUE01000004.1_32	T2G8V8|dsrB|reductive|Megalodesulfovibrio_gigas	22.6	261	73.6
GCA_001897675_1__dsrA__MKUE01000004.1_32	Q251E3|dsrB|reductive|Desulfitobacterium_hafniense	23.7	266	72.8
GCA_001897675_1__dsrA__MKUE01000004.1_32	B5YIF3|dsrB|reductive|Thermodesulfovibrio_yellowstonii	25.2	258	72.0
GCA_001897675_1__dsrA__MKUE01000004.1_32	Q59110|dsrB|reductive|Archaeoglobus_fulgidus	24.0	287	69.7
GCA_001897675_1__dsrA__MKUE01000004.1_32	Q9K5B4|dsrB|reductive|Desulfobacter_vibrioformis	22.3	264	68.2
GCA_001897675_1__dsrA__MKUE01000004.1_32	N0BL33|dsrB|reductive|Archaeoglobus_sulfaticallidus_PM70-1	24.6	272	67.8
GCA_001897675_1__dsrA__MKUE01000004.1_32	S0G5M9|dsrB|reductive|Desulfotignum_phosphitoxidans_DSM_13687	24.3	267	67.8
GCA_001897675_1__dsrA__MKUE01000004.1_32	A4J9D5|dsrB|reductive|Desulforamulus_reducens	25.1	247	64.7
GCA_001897675_1__dsrA__MKUE01000004.1_32	E1QFJ3|dsrB|reductive|Desulfarculus_baarsii	23.8	239	62.8
GCA_001897675_1__dsrA__MKUE01000004.1_32	Q9K5B8|dsrB|reductive|Desulfobulbus_rhabdoformis	23.1	260	61.6
GCA_001897675_1__dsrA__MKUE01000004.1_32	A0L9L5|dsrB|oxidative|Magnetococcus_marinus	20.3	306	57.4
GCA_001897675_1__dsrA__MKUE01000004.1_32	Q8KE39|dsrB|oxidative|Chlorobaculum_tepidum	19.5	308	52.4
GCA_001897675_1__dsrA__MKUE01000004.1_32	A0ABS1E5W7|dsrB|oxidative|Halorhodospira_neutriphila	22.2	275	52.4
GCA_001897675_1__dsrA__MKUE01000004.1_32	A0A5C4RYG3|dsrB|oxidative|Chlorobaculum_thiosulfatiphilum	20.4	269	52.0
GCA_001897675_1__dsrA__MKUE01000004.1_32	A1BCS2|dsrB|oxidative|Chlorobium_phaeobacteroides	21.0	276	52.0
GCA_001897675_1__dsrA__MKUE01000004.1_32	A0A9X0WG77|dsrB|oxidative|Thiocapsa_imhoffii	21.2	292	50.1
GCA_001897675_1__dsrA__MKUE01000004.1_32	O33999|dsrB|oxidative|Allochromatium_vinosum	20.8	259	48.5
GCA_001897675_1__dsrB__MKUE01000004.1_33	L0DSF9|dsrB|oxidative|Thioalkalivibrio_nitratireducens	76.8	353	600
GCA_001897675_1__dsrB__MKUE01000004.1_33	O33999|dsrB|oxidative|Allochromatium_vinosum	72.8	356	576
GCA_001897675_1__dsrB__MKUE01000004.1_33	A0A9X0WG77|dsrB|oxidative|Thiocapsa_imhoffii	72.2	356	573
GCA_001897675_1__dsrB__MKUE01000004.1_33	A0ABY9MNZ8|dsrB|oxidative|Thiothrix_lacustris	70.6	354	564
GCA_001897675_1__dsrB__MKUE01000004.1_33	A0ABS1E5W7|dsrB|oxidative|Halorhodospira_neutriphila	68.8	352	541
GCA_001897675_1__dsrB__MKUE01000004.1_33	A0L9L5|dsrB|oxidative|Magnetococcus_marinus	64.2	349	490
GCA_001897675_1__dsrB__MKUE01000004.1_33	A0A5C4RYG3|dsrB|oxidative|Chlorobaculum_thiosulfatiphilum	62.2	349	478
GCA_001897675_1__dsrB__MKUE01000004.1_33	Q8KE39|dsrB|oxidative|Chlorobaculum_tepidum	61.9	349	477
GCA_001897675_1__dsrB__MKUE01000004.1_33	A1BCS2|dsrB|oxidative|Chlorobium_phaeobacteroides	60.7	349	468
GCA_001897675_1__dsrB__MKUE01000004.1_33	A4J9D5|dsrB|reductive|Desulforamulus_reducens	45.4	359	344
GCA_001897675_1__dsrB__MKUE01000004.1_33	N0BL33|dsrB|reductive|Archaeoglobus_sulfaticallidus_PM70-1	46.3	354	342
GCA_001897675_1__dsrB__MKUE01000004.1_33	Q251E3|dsrB|reductive|Desulfitobacterium_hafniense	47.5	339	339
GCA_001897675_1__dsrB__MKUE01000004.1_33	A0ABT8QNA5|dsrB|reductive|Desulfosporosinus_nitroreducens	46.2	351	339
GCA_001897675_1__dsrB__MKUE01000004.1_33	B5YIF3|dsrB|reductive|Thermodesulfovibrio_yellowstonii	48.0	333	329
GCA_001897675_1__dsrB__MKUE01000004.1_33	Q59110|dsrB|reductive|Archaeoglobus_fulgidus	46.5	333	320
GCA_001897675_1__dsrB__MKUE01000004.1_33	Q9K5B4|dsrB|reductive|Desulfobacter_vibrioformis	45.2	336	306
GCA_001897675_1__dsrB__MKUE01000004.1_33	S0G5M9|dsrB|reductive|Desulfotignum_phosphitoxidans_DSM_13687	43.4	346	305
GCA_001897675_1__dsrB__MKUE01000004.1_33	E1QFJ3|dsrB|reductive|Desulfarculus_baarsii	43.3	342	304
GCA_001897675_1__dsrB__MKUE01000004.1_33	T2G8V8|dsrB|reductive|Megalodesulfovibrio_gigas	43.5	338	305
GCA_001897675_1__dsrB__MKUE01000004.1_33	P45575|dsrB|reductive|Nitratidesulfovibrio_vulgaris	42.7	344	301
GCA_001897675_1__dsrB__MKUE01000004.1_33	Q9F4A2|dsrB|reductive|Desulfovibrio_desulfuricans	42.9	338	298
GCA_001897675_1__dsrB__MKUE01000004.1_33	Q9K5B8|dsrB|reductive|Desulfobulbus_rhabdoformis	44.5	335	298
GCA_001897675_1__dsrB__MKUE01000004.1_33	O33998|dsrA|oxidative|Allochromatium_vinosum	22.7	282	81.6
GCA_001897675_1__dsrB__MKUE01000004.1_33	A0ABY9MRG6|dsrA|oxidative|Thiothrix_lacustris	22.8	289	79.7
GCA_001897675_1__dsrB__MKUE01000004.1_33	A0ABS1E8E7|dsrA|oxidative|Halorhodospira_neutriphila	23.5	285	79.0
GCA_001897675_1__dsrB__MKUE01000004.1_33	E0D1Z2|dsrA|oxidative|Thiocapsa_marina	22.5	275	76.3
GCA_001897675_1__dsrB__MKUE01000004.1_33	Q8K5E9|dsrA|oxidative|Chlorobaculum_tepidum	23.5	298	67.0
GCA_001897675_1__dsrB__MKUE01000004.1_33	B5YIF2|dsrA|reductive|Thermodesulfovibrio_yellowstonii	21.6	282	65.1
GCA_001897675_1__dsrB__MKUE01000004.1_33	N0BK96|dsrA|reductive|Archaeoglobus_sulfaticallidus_PM70-1	22.6	327	64.7
GCA_001897675_1__dsrB__MKUE01000004.1_33	A0A5C4RXN4|dsrA|oxidative|Chlorobaculum_thiosulfatiphilum	23.6	301	60.5
GCA_001897675_1__dsrB__MKUE01000004.1_33	A0L9L4|dsrA|oxidative|Magnetococcus_marinus	20.6	282	58.2
GCA_001897675_1__dsrB__MKUE01000004.1_33	A1BCS1|dsrA|oxidative|Chlorobium_phaeobacteroides	21.6	306	57.0
GCA_001897675_1__dsrB__MKUE01000004.1_33	Q251E4|dsrA|reductive|Desulfitobacterium_hafniense	20.7	276	55.1
GCA_001897675_1__dsrB__MKUE01000004.1_33	Q59109|dsrA|reductive|Archaeoglobus_fulgidus	21.0	310	53.1
GCA_001897675_1__dsrB__MKUE01000004.1_33	Q9F4A3|dsrA|reductive|Desulfovibrio_desulfuricans	19.7	304	49.3
GCA_001897675_1__dsrB__MKUE01000004.1_33	Q5ZQR5|dsrA|reductive|Desulfosudis_oleivorans	19.4	248	48.9
GCA_001897675_1__dsrB__MKUE01000004.1_33	Q9K5B9|dsrA|reductive|Desulfobulbus_rhabdoformis	20.6	306	47.4
GCA_001897675_1__dsrB__MKUE01000004.1_33	T2G7Q3|dsrA|reductive|Megalodesulfovibrio_gigas	20.2	253	46.2
GCA_001897675_1__dsrB__MKUE01000004.1_33	Q9K5B5|dsrA|reductive|Desulfobacter_vibrioformis	20.4	299	46.2
GCA_001897675_1__dsrB__MKUE01000004.1_33	A0ABT8QKK2|dsrA|reductive|Desulfosporosinus_nitroreducens	18.1	271	45.4
GCA_001897675_1__dsrB__MKUE01000004.1_33	S0FXQ9|dsrA|reductive|Desulfotignum_phosphitoxidans_DSM_13687	20.2	257	45.1
GCA_001897675_1__dsrB__MKUE01000004.1_33	P45574|dsrA|reductive|Nitratidesulfovibrio_vulgaris	20.9	301	44.3
GCA_001897675_1__dsrB__MKUE01000004.1_33	Q93EU9|dsrA|reductive|Desulfarculus_baarsii	20.1	293	42.7
GCA_001897675_1__dsrB__MKUE01000004.1_33	Q93EV7|dsrA|reductive|Thermodesulfobacterium_commune	19.8	338	42.4
GCA_002412965_1__dsrA__DHWB01000007.1_202	Q5ZQS3|dsrA|reductive|Desulfomicrobium_baculatum	98.1	368	777
GCA_002412965_1__dsrA__DHWB01000007.1_202	T2G7Q3|dsrA|reductive|Megalodesulfovibrio_gigas	74.6	437	733
GCA_002412965_1__dsrA__DHWB01000007.1_202	P45574|dsrA|reductive|Nitratidesulfovibrio_vulgaris	73.5	437	719
GCA_002412965_1__dsrA__DHWB01000007.1_202	Q9F4A3|dsrA|reductive|Desulfovibrio_desulfuricans	71.9	437	706
GCA_002412965_1__dsrA__DHWB01000007.1_202	Q9K5B5|dsrA|reductive|Desulfobacter_vibrioformis	72.8	441	697
GCA_002412965_1__dsrA__DHWB01000007.1_202	S0FXQ9|dsrA|reductive|Desulfotignum_phosphitoxidans_DSM_13687	72.6	442	694
GCA_002412965_1__dsrA__DHWB01000007.1_202	Q9K5B9|dsrA|reductive|Desulfobulbus_rhabdoformis	63.1	439	619
GCA_002412965_1__dsrA__DHWB01000007.1_202	Q5ZQR5|dsrA|reductive|Desulfosudis_oleivorans	72.6	368	596
GCA_002412965_1__dsrA__DHWB01000007.1_202	Q93EV7|dsrA|reductive|Thermodesulfobacterium_commune	67.6	370	539
GCA_002412965_1__dsrA__DHWB01000007.1_202	Q93EU9|dsrA|reductive|Desulfarculus_baarsii	63.5	373	496
GCA_002412965_1__dsrA__DHWB01000007.1_202	N0BK96|dsrA|reductive|Archaeoglobus_sulfaticallidus_PM70-1	53.6	422	464
GCA_002412965_1__dsrA__DHWB01000007.1_202	Q59109|dsrA|reductive|Archaeoglobus_fulgidus	52.8	417	463
GCA_002412965_1__dsrA__DHWB01000007.1_202	Q251E4|dsrA|reductive|Desulfitobacterium_hafniense	50.9	424	447
GCA_002412965_1__dsrA__DHWB01000007.1_202	A0ABT8QKK2|dsrA|reductive|Desulfosporosinus_nitroreducens	49.6	425	444
GCA_002412965_1__dsrA__DHWB01000007.1_202	B5YIF2|dsrA|reductive|Thermodesulfovibrio_yellowstonii	50.0	420	435
GCA_002412965_1__dsrA__DHWB01000007.1_202	Q5ZQT9|dsrA|reductive|Archaeoglobus_veneficus	49.7	354	370
GCA_002412965_1__dsrA__DHWB01000007.1_202	O33998|dsrA|oxidative|Allochromatium_vinosum	44.0	414	357
GCA_002412965_1__dsrA__DHWB01000007.1_202	Q8K5E9|dsrA|oxidative|Chlorobaculum_tepidum	41.7	412	340
GCA_002412965_1__dsrA__DHWB01000007.1_202	A1BCS1|dsrA|oxidative|Chlorobium_phaeobacteroides	42.0	412	340
GCA_002412965_1__dsrA__DHWB01000007.1_202	A0ABY9MRG6|dsrA|oxidative|Thiothrix_lacustris	41.2	420	338
GCA_002412965_1__dsrA__DHWB01000007.1_202	A0A5C4RXN4|dsrA|oxidative|Chlorobaculum_thiosulfatiphilum	41.7	412	335
GCA_002412965_1__dsrA__DHWB01000007.1_202	A0L9L4|dsrA|oxidative|Magnetococcus_marinus	41.2	415	332
GCA_002412965_1__dsrA__DHWB01000007.1_202	A0ABS1E8E7|dsrA|oxidative|Halorhodospira_neutriphila	41.7	427	328
GCA_002412965_1__dsrA__DHWB01000007.1_202	E0D1Z2|dsrA|oxidative|Thiocapsa_marina	41.2	308	254
GCA_002412965_1__dsrA__DHWB01000007.1_202	B5YIF3|dsrB|reductive|Thermodesulfovibrio_yellowstonii	26.4	318	74.7
GCA_002412965_1__dsrA__DHWB01000007.1_202	Q251E3|dsrB|reductive|Desulfitobacterium_hafniense	23.5	310	68.9
GCA_002412965_1__dsrA__DHWB01000007.1_202	A0ABT8QNA5|dsrB|reductive|Desulfosporosinus_nitroreducens	23.1	329	66.2
GCA_002412965_1__dsrA__DHWB01000007.1_202	N0BL33|dsrB|reductive|Archaeoglobus_sulfaticallidus_PM70-1	21.4	350	60.1
GCA_002412965_1__dsrA__DHWB01000007.1_202	Q59110|dsrB|reductive|Archaeoglobus_fulgidus	19.5	354	52.8
GCA_002412965_1__dsrA__DHWB01000007.1_202	E1QFJ3|dsrB|reductive|Desulfarculus_baarsii	20.6	344	48.5
GCA_002412965_1__dsrA__DHWB01000007.1_202	A0L9L5|dsrB|oxidative|Magnetococcus_marinus	22.3	327	46.6
GCA_002412965_1__dsrA__DHWB01000007.1_202	A1BCS2|dsrB|oxidative|Chlorobium_phaeobacteroides	20.7	309	41.6
GCA_002412965_1__dsrA__DHWB01000007.1_202	Q8KE39|dsrB|oxidative|Chlorobaculum_tepidum	20.2	307	40.4
GCA_002412965_1__dsrA__DHWB01000007.1_202	A0A5C4RYG3|dsrB|oxidative|Chlorobaculum_thiosulfatiphilum	20.5	307	38.5
GCA_002412965_1__dsrB__DHWB01000007.1_201	P45575|dsrB|reductive|Nitratidesulfovibrio_vulgaris	73.8	386	631
GCA_002412965_1__dsrB__DHWB01000007.1_201	T2G8V8|dsrB|reductive|Megalodesulfovibrio_gigas	71.8	386	606
GCA_002412965_1__dsrB__DHWB01000007.1_201	S0G5M9|dsrB|reductive|Desulfotignum_phosphitoxidans_DSM_13687	70.5	386	604
GCA_002412965_1__dsrB__DHWB01000007.1_201	Q9F4A2|dsrB|reductive|Desulfovibrio_desulfuricans	69.9	386	601
GCA_002412965_1__dsrB__DHWB01000007.1_201	Q9K5B4|dsrB|reductive|Desulfobacter_vibrioformis	70.5	386	596
GCA_002412965_1__dsrB__DHWB01000007.1_201	Q9K5B8|dsrB|reductive|Desulfobulbus_rhabdoformis	61.6	380	504
GCA_002412965_1__dsrB__DHWB01000007.1_201	E1QFJ3|dsrB|reductive|Desulfarculus_baarsii	56.9	371	462
GCA_002412965_1__dsrB__DHWB01000007.1_201	N0BL33|dsrB|reductive|Archaeoglobus_sulfaticallidus_PM70-1	49.9	381	415
GCA_002412965_1__dsrB__DHWB01000007.1_201	A4J9D5|dsrB|reductive|Desulforamulus_reducens	52.5	373	414
GCA_002412965_1__dsrB__DHWB01000007.1_201	Q251E3|dsrB|reductive|Desulfitobacterium_hafniense	50.9	369	404
GCA_002412965_1__dsrB__DHWB01000007.1_201	Q59110|dsrB|reductive|Archaeoglobus_fulgidus	50.4	381	401
GCA_002412965_1__dsrB__DHWB01000007.1_201	A0ABT8QNA5|dsrB|reductive|Desulfosporosinus_nitroreducens	50.1	369	396
GCA_002412965_1__dsrB__DHWB01000007.1_201	B5YIF3|dsrB|reductive|Thermodesulfovibrio_yellowstonii	48.5	373	391
GCA_002412965_1__dsrB__DHWB01000007.1_201	A1BCS2|dsrB|oxidative|Chlorobium_phaeobacteroides	42.1	378	317
GCA_002412965_1__dsrB__DHWB01000007.1_201	Q8KE39|dsrB|oxidative|Chlorobaculum_tepidum	41.4	367	314
GCA_002412965_1__dsrB__DHWB01000007.1_201	A0A5C4RYG3|dsrB|oxidative|Chlorobaculum_thiosulfatiphilum	41.1	367	312
GCA_002412965_1__dsrB__DHWB01000007.1_201	A0L9L5|dsrB|oxidative|Magnetococcus_marinus	41.4	372	297
GCA_002412965_1__dsrB__DHWB01000007.1_201	A0ABS1E5W7|dsrB|oxidative|Halorhodospira_neutriphila	41.1	375	296
GCA_002412965_1__dsrB__DHWB01000007.1_201	A0A9X0WG77|dsrB|oxidative|Thiocapsa_imhoffii	43.4	343	293
GCA_002412965_1__dsrB__DHWB01000007.1_201	O33999|dsrB|oxidative|Allochromatium_vinosum	42.6	343	289
GCA_002412965_1__dsrB__DHWB01000007.1_201	L0DSF9|dsrB|oxidative|Thioalkalivibrio_nitratireducens	39.7	358	286
GCA_002412965_1__dsrB__DHWB01000007.1_201	A0ABY9MNZ8|dsrB|oxidative|Thiothrix_lacustris	39.7	358	282
GCA_002412965_1__dsrB__DHWB01000007.1_201	A0ABS1E8E7|dsrA|oxidative|Halorhodospira_neutriphila	22.8	312	85.5
GCA_002412965_1__dsrB__DHWB01000007.1_201	A0L9L4|dsrA|oxidative|Magnetococcus_marinus	22.3	309	69.7
GCA_002412965_1__dsrB__DHWB01000007.1_201	E0D1Z2|dsrA|oxidative|Thiocapsa_marina	22.1	289	69.3
GCA_002412965_1__dsrB__DHWB01000007.1_201	Q8K5E9|dsrA|oxidative|Chlorobaculum_tepidum	23.4	312	65.9
GCA_002412965_1__dsrB__DHWB01000007.1_201	A0A5C4RXN4|dsrA|oxidative|Chlorobaculum_thiosulfatiphilum	22.8	311	65.9
GCA_002412965_1__dsrB__DHWB01000007.1_201	A1BCS1|dsrA|oxidative|Chlorobium_phaeobacteroides	20.9	344	59.3
GCA_002412965_1__dsrB__DHWB01000007.1_201	A0ABT8QKK2|dsrA|reductive|Desulfosporosinus_nitroreducens	22.7	260	56.2
GCA_002412965_1__dsrB__DHWB01000007.1_201	S0FXQ9|dsrA|reductive|Desulfotignum_phosphitoxidans_DSM_13687	20.4	324	54.3
GCA_002412965_1__dsrB__DHWB01000007.1_201	T2G7Q3|dsrA|reductive|Megalodesulfovibrio_gigas	19.7	346	51.2
GCA_002412965_1__dsrB__DHWB01000007.1_201	Q5ZQR5|dsrA|reductive|Desulfosudis_oleivorans	20.2	267	50.8
GCA_002412965_1__dsrB__DHWB01000007.1_201	Q9K5B9|dsrA|reductive|Desulfobulbus_rhabdoformis	19.9	271	42.0
GCA_002877985_1__dsrA__PNIK01000007.1_1	Q93EV7|dsrA|reductive|Thermodesulfobacterium_commune	78.3	359	641
GCA_002877985_1__dsrA__PNIK01000007.1_1	T2G7Q3|dsrA|reductive|Megalodesulfovibrio_gigas	58.8	425	542
GCA_002877985_1__dsrA__PNIK01000007.1_1	P45574|dsrA|reductive|Nitratidesulfovibrio_vulgaris	60.2	425	541
GCA_002877985_1__dsrA__PNIK01000007.1_1	Q9F4A3|dsrA|reductive|Desulfovibrio_desulfuricans	58.1	425	539
GCA_002877985_1__dsrA__PNIK01000007.1_1	S0FXQ9|dsrA|reductive|Desulfotignum_phosphitoxidans_DSM_13687	58.4	430	537
GCA_002877985_1__dsrA__PNIK01000007.1_1	Q9K5B9|dsrA|reductive|Desulfobulbus_rhabdoformis	57.9	418	530
GCA_002877985_1__dsrA__PNIK01000007.1_1	Q9K5B5|dsrA|reductive|Desulfobacter_vibrioformis	57.6	429	528
GCA_002877985_1__dsrA__PNIK01000007.1_1	Q5ZQS3|dsrA|reductive|Desulfomicrobium_baculatum	63.1	358	509
GCA_002877985_1__dsrA__PNIK01000007.1_1	Q5ZQR5|dsrA|reductive|Desulfosudis_oleivorans	58.9	358	467
GCA_002877985_1__dsrA__PNIK01000007.1_1	N0BK96|dsrA|reductive|Archaeoglobus_sulfaticallidus_PM70-1	52.5	406	445
GCA_002877985_1__dsrA__PNIK01000007.1_1	B5YIF2|dsrA|reductive|Thermodesulfovibrio_yellowstonii	50.9	411	439
GCA_002877985_1__dsrA__PNIK01000007.1_1	Q59109|dsrA|reductive|Archaeoglobus_fulgidus	51.7	420	439
GCA_002877985_1__dsrA__PNIK01000007.1_1	Q93EU9|dsrA|reductive|Desulfarculus_baarsii	57.9	363	437
GCA_002877985_1__dsrA__PNIK01000007.1_1	Q251E4|dsrA|reductive|Desulfitobacterium_hafniense	49.4	409	426
GCA_002877985_1__dsrA__PNIK01000007.1_1	A0ABT8QKK2|dsrA|reductive|Desulfosporosinus_nitroreducens	46.9	409	406
GCA_002877985_1__dsrA__PNIK01000007.1_1	Q5ZQT9|dsrA|reductive|Archaeoglobus_veneficus	49.7	356	353
GCA_002877985_1__dsrA__PNIK01000007.1_1	O33998|dsrA|oxidative|Allochromatium_vinosum	42.3	411	338
GCA_002877985_1__dsrA__PNIK01000007.1_1	A0ABY9MRG6|dsrA|oxidative|Thiothrix_lacustris	42.9	410	334
GCA_002877985_1__dsrA__PNIK01000007.1_1	A1BCS1|dsrA|oxidative|Chlorobium_phaeobacteroides	40.6	401	321
GCA_002877985_1__dsrA__PNIK01000007.1_1	Q8K5E9|dsrA|oxidative|Chlorobaculum_tepidum	40.0	403	320
GCA_002877985_1__dsrA__PNIK01000007.1_1	A0L9L4|dsrA|oxidative|Magnetococcus_marinus	38.3	418	318
GCA_002877985_1__dsrA__PNIK01000007.1_1	A0A5C4RXN4|dsrA|oxidative|Chlorobaculum_thiosulfatiphilum	39.2	403	310
GCA_002877985_1__dsrA__PNIK01000007.1_1	A0ABS1E8E7|dsrA|oxidative|Halorhodospira_neutriphila	39.1	419	303
GCA_002877985_1__dsrA__PNIK01000007.1_1	E0D1Z2|dsrA|oxidative|Thiocapsa_marina	41.8	294	245
GCA_002877985_1__dsrA__PNIK01000007.1_1	A0ABT8QNA5|dsrB|reductive|Desulfosporosinus_nitroreducens	24.0	329	85.5
GCA_002877985_1__dsrA__PNIK01000007.1_1	B5YIF3|dsrB|reductive|Thermodesulfovibrio_yellowstonii	24.6	317	79.3
GCA_002877985_1__dsrA__PNIK01000007.1_1	N0BL33|dsrB|reductive|Archaeoglobus_sulfaticallidus_PM70-1	24.0	313	75.9
GCA_002877985_1__dsrA__PNIK01000007.1_1	Q251E3|dsrB|reductive|Desulfitobacterium_hafniense	22.9	336	75.5
GCA_002877985_1__dsrA__PNIK01000007.1_1	Q59110|dsrB|reductive|Archaeoglobus_fulgidus	25.4	201	63.9
GCA_002877985_1__dsrA__PNIK01000007.1_1	T2G8V8|dsrB|reductive|Megalodesulfovibrio_gigas	23.1	324	61.6
GCA_002877985_1__dsrA__PNIK01000007.1_1	P45575|dsrB|reductive|Nitratidesulfovibrio_vulgaris	22.8	337	61.2
GCA_002877985_1__dsrA__PNIK01000007.1_1	E1QFJ3|dsrB|reductive|Desulfarculus_baarsii	22.3	301	59.7
GCA_002877985_1__dsrA__PNIK01000007.1_1	Q9K5B8|dsrB|reductive|Desulfobulbus_rhabdoformis	23.8	185	47.4
GCA_002877985_1__dsrA__PNIK01000007.1_1	Q8KE39|dsrB|oxidative|Chlorobaculum_tepidum	21.4	318	47.0
GCA_002877985_1__dsrA__PNIK01000007.1_1	A1BCS2|dsrB|oxidative|Chlorobium_phaeobacteroides	20.8	303	47.0
GCA_002877985_1__dsrA__PNIK01000007.1_1	O33999|dsrB|oxidative|Allochromatium_vinosum	21.5	298	45.8
GCA_002877985_1__dsrA__PNIK01000007.1_1	A0A5C4RYG3|dsrB|oxidative|Chlorobaculum_thiosulfatiphilum	20.8	284	45.8
GCA_002877985_1__dsrA__PNIK01000007.1_1	A0ABS1E5W7|dsrB|oxidative|Halorhodospira_neutriphila	18.9	302	44.3
GCA_002877985_1__dsrA__PNIK01000007.1_1	A0A9X0WG77|dsrB|oxidative|Thiocapsa_imhoffii	21.0	290	43.5
GCA_002877985_1__dsrA__PNIK01000007.1_1	L0DSF9|dsrB|oxidative|Thioalkalivibrio_nitratireducens	21.1	332	42.4
GCA_002877985_1__dsrA__PNIK01000007.1_1	A0L9L5|dsrB|oxidative|Magnetococcus_marinus	20.7	241	41.2
GCA_002877985_1__dsrA__PNIK01000007.1_1	A0ABY9MNZ8|dsrB|oxidative|Thiothrix_lacustris	20.5	346	40.0
GCA_002877985_1__dsrB__PNIK01000071.1_7	T2G8V8|dsrB|reductive|Megalodesulfovibrio_gigas	61.9	378	532
GCA_002877985_1__dsrB__PNIK01000071.1_7	P45575|dsrB|reductive|Nitratidesulfovibrio_vulgaris	62.6	374	522
GCA_002877985_1__dsrB__PNIK01000071.1_7	Q9F4A2|dsrB|reductive|Desulfovibrio_desulfuricans	62.3	374	522
GCA_002877985_1__dsrB__PNIK01000071.1_7	Q9K5B8|dsrB|reductive|Desulfobulbus_rhabdoformis	62.6	377	513
GCA_002877985_1__dsrB__PNIK01000071.1_7	S0G5M9|dsrB|reductive|Desulfotignum_phosphitoxidans_DSM_13687	61.9	375	507
GCA_002877985_1__dsrB__PNIK01000071.1_7	Q9K5B4|dsrB|reductive|Desulfobacter_vibrioformis	60.5	375	499
GCA_002877985_1__dsrB__PNIK01000071.1_7	E1QFJ3|dsrB|reductive|Desulfarculus_baarsii	58.9	365	469
GCA_002877985_1__dsrB__PNIK01000071.1_7	Q59110|dsrB|reductive|Archaeoglobus_fulgidus	57.4	376	460
GCA_002877985_1__dsrB__PNIK01000071.1_7	A4J9D5|dsrB|reductive|Desulforamulus_reducens	55.0	367	444
GCA_002877985_1__dsrB__PNIK01000071.1_7	B5YIF3|dsrB|reductive|Thermodesulfovibrio_yellowstonii	52.0	369	436
GCA_002877985_1__dsrB__PNIK01000071.1_7	A0ABT8QNA5|dsrB|reductive|Desulfosporosinus_nitroreducens	54.0	363	429
GCA_002877985_1__dsrB__PNIK01000071.1_7	N0BL33|dsrB|reductive|Archaeoglobus_sulfaticallidus_PM70-1	52.9	374	430
GCA_002877985_1__dsrB__PNIK01000071.1_7	Q251E3|dsrB|reductive|Desulfitobacterium_hafniense	53.4	363	418
GCA_002877985_1__dsrB__PNIK01000071.1_7	A1BCS2|dsrB|oxidative|Chlorobium_phaeobacteroides	44.8	364	342
GCA_002877985_1__dsrB__PNIK01000071.1_7	A0A5C4RYG3|dsrB|oxidative|Chlorobaculum_thiosulfatiphilum	44.2	364	336
GCA_002877985_1__dsrB__PNIK01000071.1_7	Q8KE39|dsrB|oxidative|Chlorobaculum_tepidum	43.7	364	335
GCA_002877985_1__dsrB__PNIK01000071.1_7	A0L9L5|dsrB|oxidative|Magnetococcus_marinus	42.6	366	327
GCA_002877985_1__dsrB__PNIK01000071.1_7	A0ABS1E5W7|dsrB|oxidative|Halorhodospira_neutriphila	42.7	377	320
GCA_002877985_1__dsrB__PNIK01000071.1_7	A0A9X0WG77|dsrB|oxidative|Thiocapsa_imhoffii	42.4	361	310
GCA_002877985_1__dsrB__PNIK01000071.1_7	O33999|dsrB|oxidative|Allochromatium_vinosum	41.8	361	309
GCA_002877985_1__dsrB__PNIK01000071.1_7	L0DSF9|dsrB|oxidative|Thioalkalivibrio_nitratireducens	43.2	361	309
GCA_002877985_1__dsrB__PNIK01000071.1_7	A0ABY9MNZ8|dsrB|oxidative|Thiothrix_lacustris	41.8	361	301
GCA_002877985_1__dsrB__PNIK01000071.1_7	A0ABS1E8E7|dsrA|oxidative|Halorhodospira_neutriphila	24.7	291	82.4
GCA_002877985_1__dsrB__PNIK01000071.1_7	O33998|dsrA|oxidative|Allochromatium_vinosum	22.6	319	71.2
GCA_002877985_1__dsrB__PNIK01000071.1_7	Q8K5E9|dsrA|oxidative|Chlorobaculum_tepidum	22.7	295	67.0
GCA_002877985_1__dsrB__PNIK01000071.1_7	E0D1Z2|dsrA|oxidative|Thiocapsa_marina	21.6	282	66.6
GCA_002877985_1__dsrB__PNIK01000071.1_7	N0BK96|dsrA|reductive|Archaeoglobus_sulfaticallidus_PM70-1	22.4	361	66.6
GCA_002877985_1__dsrB__PNIK01000071.1_7	A0L9L4|dsrA|oxidative|Magnetococcus_marinus	23.0	287	66.2
GCA_002877985_1__dsrB__PNIK01000071.1_7	A0ABY9MRG6|dsrA|oxidative|Thiothrix_lacustris	21.7	351	66.2
GCA_002877985_1__dsrB__PNIK01000071.1_7	A1BCS1|dsrA|oxidative|Chlorobium_phaeobacteroides	23.4	291	64.3
GCA_002877985_1__dsrB__PNIK01000071.1_7	A0A5C4RXN4|dsrA|oxidative|Chlorobaculum_thiosulfatiphilum	21.0	295	61.2
GCA_002877985_1__dsrB__PNIK01000071.1_7	A0ABT8QKK2|dsrA|reductive|Desulfosporosinus_nitroreducens	21.6	334	55.1
GCA_002877985_1__dsrB__PNIK01000071.1_7	Q93EV7|dsrA|reductive|Thermodesulfobacterium_commune	21.0	314	53.5
GCA_002877985_1__dsrB__PNIK01000071.1_7	T2G7Q3|dsrA|reductive|Megalodesulfovibrio_gigas	20.8	317	53.5
GCA_002877985_1__dsrB__PNIK01000071.1_7	S0FXQ9|dsrA|reductive|Desulfotignum_phosphitoxidans_DSM_13687	20.7	319	51.6
GCA_002877985_1__dsrB__PNIK01000071.1_7	P45574|dsrA|reductive|Nitratidesulfovibrio_vulgaris	20.5	317	48.9
GCA_002877985_1__dsrB__PNIK01000071.1_7	Q9K5B9|dsrA|reductive|Desulfobulbus_rhabdoformis	19.8	334	48.5
GCA_002877985_1__dsrB__PNIK01000071.1_7	Q9K5B5|dsrA|reductive|Desulfobacter_vibrioformis	19.4	310	46.6
GCA_002877985_1__dsrB__PNIK01000071.1_7	Q5ZQR5|dsrA|reductive|Desulfosudis_oleivorans	18.3	306	45.4
GCA_002877985_1__dsrB__PNIK01000071.1_7	Q93EU9|dsrA|reductive|Desulfarculus_baarsii	21.2	325	44.7
GCA_002877985_1__dsrB__PNIK01000071.1_7	Q9F4A3|dsrA|reductive|Desulfovibrio_desulfuricans	18.9	302	44.7
GCA_003232385_1__dsrA__QIJE01000028.1_167	N0BK96|dsrA|reductive|Archaeoglobus_sulfaticallidus_PM70-1	55.4	392	461
GCA_003232385_1__dsrA__QIJE01000028.1_167	Q9K5B9|dsrA|reductive|Desulfobulbus_rhabdoformis	52.0	410	441
GCA_003232385_1__dsrA__QIJE01000028.1_167	Q251E4|dsrA|reductive|Desulfitobacterium_hafniense	51.9	391	433
GCA_003232385_1__dsrA__QIJE01000028.1_167	A0ABT8QKK2|dsrA|reductive|Desulfosporosinus_nitroreducens	51.9	391	433
GCA_003232385_1__dsrA__QIJE01000028.1_167	B5YIF2|dsrA|reductive|Thermodesulfovibrio_yellowstonii	52.2	395	425
GCA_003232385_1__dsrA__QIJE01000028.1_167	Q59109|dsrA|reductive|Archaeoglobus_fulgidus	51.5	404	422
GCA_003232385_1__dsrA__QIJE01000028.1_167	S0FXQ9|dsrA|reductive|Desulfotignum_phosphitoxidans_DSM_13687	49.3	424	420
GCA_003232385_1__dsrA__QIJE01000028.1_167	Q9K5B5|dsrA|reductive|Desulfobacter_vibrioformis	48.5	423	409
GCA_003232385_1__dsrA__QIJE01000028.1_167	T2G7Q3|dsrA|reductive|Megalodesulfovibrio_gigas	48.2	421	400
GCA_003232385_1__dsrA__QIJE01000028.1_167	P45574|dsrA|reductive|Nitratidesulfovibrio_vulgaris	47.5	421	395
GCA_003232385_1__dsrA__QIJE01000028.1_167	Q9F4A3|dsrA|reductive|Desulfovibrio_desulfuricans	48.2	421	395
GCA_003232385_1__dsrA__QIJE01000028.1_167	Q93EU9|dsrA|reductive|Desulfarculus_baarsii	47.9	353	352
GCA_003232385_1__dsrA__QIJE01000028.1_167	Q5ZQS3|dsrA|reductive|Desulfomicrobium_baculatum	46.3	354	352
GCA_003232385_1__dsrA__QIJE01000028.1_167	A1BCS1|dsrA|oxidative|Chlorobium_phaeobacteroides	44.8	388	351
GCA_003232385_1__dsrA__QIJE01000028.1_167	Q5ZQT9|dsrA|reductive|Archaeoglobus_veneficus	48.5	340	348
GCA_003232385_1__dsrA__QIJE01000028.1_167	A0A5C4RXN4|dsrA|oxidative|Chlorobaculum_thiosulfatiphilum	44.1	390	348
GCA_003232385_1__dsrA__QIJE01000028.1_167	Q8K5E9|dsrA|oxidative|Chlorobaculum_tepidum	43.1	390	343
GCA_003232385_1__dsrA__QIJE01000028.1_167	O33998|dsrA|oxidative|Allochromatium_vinosum	42.7	398	338
GCA_003232385_1__dsrA__QIJE01000028.1_167	Q93EV7|dsrA|reductive|Thermodesulfobacterium_commune	44.7	358	328
GCA_003232385_1__dsrA__QIJE01000028.1_167	A0ABS1E8E7|dsrA|oxidative|Halorhodospira_neutriphila	42.4	403	323
GCA_003232385_1__dsrA__QIJE01000028.1_167	A0L9L4|dsrA|oxidative|Magnetococcus_marinus	41.0	390	321
GCA_003232385_1__dsrA__QIJE01000028.1_167	A0ABY9MRG6|dsrA|oxidative|Thiothrix_lacustris	41.1	409	319
GCA_003232385_1__dsrA__QIJE01000028.1_167	Q5ZQR5|dsrA|reductive|Desulfosudis_oleivorans	44.1	354	315
GCA_003232385_1__dsrA__QIJE01000028.1_167	E0D1Z2|dsrA|oxidative|Thiocapsa_marina	42.6	298	249
GCA_003232385_1__dsrA__QIJE01000028.1_167	Q251E3|dsrB|reductive|Desulfitobacterium_hafniense	24.2	306	71.2
GCA_003232385_1__dsrA__QIJE01000028.1_167	B5YIF3|dsrB|reductive|Thermodesulfovibrio_yellowstonii	23.1	277	62.8
GCA_003232385_1__dsrA__QIJE01000028.1_167	A0ABT8QNA5|dsrB|reductive|Desulfosporosinus_nitroreducens	22.5	271	60.5
GCA_003232385_1__dsrA__QIJE01000028.1_167	Q8KE39|dsrB|oxidative|Chlorobaculum_tepidum	21.9	288	58.2
GCA_003232385_1__dsrA__QIJE01000028.1_167	A0A5C4RYG3|dsrB|oxidative|Chlorobaculum_thiosulfatiphilum	20.8	288	54.7
GCA_003232385_1__dsrA__QIJE01000028.1_167	Q59110|dsrB|reductive|Archaeoglobus_fulgidus	22.7	304	54.7
GCA_003232385_1__dsrA__QIJE01000028.1_167	A1BCS2|dsrB|oxidative|Chlorobium_phaeobacteroides	20.5	288	53.1
GCA_003232385_1__dsrA__QIJE01000028.1_167	N0BL33|dsrB|reductive|Archaeoglobus_sulfaticallidus_PM70-1	21.2	288	51.6
GCA_003232385_1__dsrA__QIJE01000028.1_167	A0L9L5|dsrB|oxidative|Magnetococcus_marinus	19.8	288	47.8
GCA_003232385_1__dsrA__QIJE01000028.1_167	Q9K5B4|dsrB|reductive|Desulfobacter_vibrioformis	19.9	311	44.3
GCA_003232385_1__dsrA__QIJE01000028.1_167	P45575|dsrB|reductive|Nitratidesulfovibrio_vulgaris	19.3	305	43.9
GCA_003232385_1__dsrA__QIJE01000028.1_167	Q9F4A2|dsrB|reductive|Desulfovibrio_desulfuricans	18.9	328	43.5
GCA_003232385_1__dsrA__QIJE01000028.1_167	L0DSF9|dsrB|oxidative|Thioalkalivibrio_nitratireducens	20.4	280	42.0
GCA_003232385_1__dsrA__QIJE01000028.1_167	T2G8V8|dsrB|reductive|Megalodesulfovibrio_gigas	20.3	256	42.0
GCA_003232385_1__dsrA__QIJE01000028.1_167	E1QFJ3|dsrB|reductive|Desulfarculus_baarsii	23.0	270	40.8
GCA_003232385_1__dsrA__QIJE01000028.1_167	A0ABS1E5W7|dsrB|oxidative|Halorhodospira_neutriphila	21.6	287	38.9
GCA_003232385_1__dsrA__QIJE01000028.1_167	Q9K5B8|dsrB|reductive|Desulfobulbus_rhabdoformis	23.3	189	38.5
GCA_003232385_1__dsrA__QIJE01000028.1_167	S0G5M9|dsrB|reductive|Desulfotignum_phosphitoxidans_DSM_13687	19.0	315	38.5
GCA_003232385_1__dsrB__QIJE01000028.1_168	A4J9D5|dsrB|reductive|Desulforamulus_reducens	59.4	342	454
GCA_003232385_1__dsrB__QIJE01000028.1_168	E1QFJ3|dsrB|reductive|Desulfarculus_baarsii	58.9	358	453
GCA_003232385_1__dsrB__QIJE01000028.1_168	Q9K5B8|dsrB|reductive|Desulfobulbus_rhabdoformis	55.5	371	438
GCA_003232385_1__dsrB__QIJE01000028.1_168	Q251E3|dsrB|reductive|Desulfitobacterium_hafniense	55.7	348	434
GCA_003232385_1__dsrB__QIJE01000028.1_168	B5YIF3|dsrB|reductive|Thermodesulfovibrio_yellowstonii	56.5	345	432
GCA_003232385_1__dsrB__QIJE01000028.1_168	N0BL33|dsrB|reductive|Archaeoglobus_sulfaticallidus_PM70-1	52.5	366	431
GCA_003232385_1__dsrB__QIJE01000028.1_168	P45575|dsrB|reductive|Nitratidesulfovibrio_vulgaris	54.3	357	422
GCA_003232385_1__dsrB__QIJE01000028.1_168	Q9F4A2|dsrB|reductive|Desulfovibrio_desulfuricans	53.5	357	419
GCA_003232385_1__dsrB__QIJE01000028.1_168	A0ABT8QNA5|dsrB|reductive|Desulfosporosinus_nitroreducens	54.6	348	417
GCA_003232385_1__dsrB__QIJE01000028.1_168	Q59110|dsrB|reductive|Archaeoglobus_fulgidus	54.6	346	417
GCA_003232385_1__dsrB__QIJE01000028.1_168	T2G8V8|dsrB|reductive|Megalodesulfovibrio_gigas	51.0	357	409
GCA_003232385_1__dsrB__QIJE01000028.1_168	Q9K5B4|dsrB|reductive|Desulfobacter_vibrioformis	49.7	372	407
GCA_003232385_1__dsrB__QIJE01000028.1_168	S0G5M9|dsrB|reductive|Desulfotignum_phosphitoxidans_DSM_13687	48.4	372	403
GCA_003232385_1__dsrB__QIJE01000028.1_168	A1BCS2|dsrB|oxidative|Chlorobium_phaeobacteroides	50.7	361	397
GCA_003232385_1__dsrB__QIJE01000028.1_168	A0A5C4RYG3|dsrB|oxidative|Chlorobaculum_thiosulfatiphilum	49.3	361	384
GCA_003232385_1__dsrB__QIJE01000028.1_168	Q8KE39|dsrB|oxidative|Chlorobaculum_tepidum	48.8	361	383
GCA_003232385_1__dsrB__QIJE01000028.1_168	A0L9L5|dsrB|oxidative|Magnetococcus_marinus	47.8	358	366
GCA_003232385_1__dsrB__QIJE01000028.1_168	O33999|dsrB|oxidative|Allochromatium_vinosum	47.9	357	358
GCA_003232385_1__dsrB__QIJE01000028.1_168	A0A9X0WG77|dsrB|oxidative|Thiocapsa_imhoffii	47.1	357	354
GCA_003232385_1__dsrB__QIJE01000028.1_168	A0ABY9MNZ8|dsrB|oxidative|Thiothrix_lacustris	46.6	350	350
GCA_003232385_1__dsrB__QIJE01000028.1_168	L0DSF9|dsrB|oxidative|Thioalkalivibrio_nitratireducens	44.6	361	346
GCA_003232385_1__dsrB__QIJE01000028.1_168	A0ABS1E5W7|dsrB|oxidative|Halorhodospira_neutriphila	44.7	356	343
GCA_003232385_1__dsrB__QIJE01000028.1_168	A0ABS1E8E7|dsrA|oxidative|Halorhodospira_neutriphila	25.2	314	100
GCA_003232385_1__dsrB__QIJE01000028.1_168	N0BK96|dsrA|reductive|Archaeoglobus_sulfaticallidus_PM70-1	28.0	293	99.0
GCA_003232385_1__dsrB__QIJE01000028.1_168	E0D1Z2|dsrA|oxidative|Thiocapsa_marina	28.0	289	97.4
GCA_003232385_1__dsrB__QIJE01000028.1_168	O33998|dsrA|oxidative|Allochromatium_vinosum	27.3	304	97.4
GCA_003232385_1__dsrB__QIJE01000028.1_168	A0ABY9MRG6|dsrA|oxidative|Thiothrix_lacustris	26.3	315	95.5
GCA_003232385_1__dsrB__QIJE01000028.1_168	A0L9L4|dsrA|oxidative|Magnetococcus_marinus	24.9	297	92.0
GCA_003232385_1__dsrB__QIJE01000028.1_168	B5YIF2|dsrA|reductive|Thermodesulfovibrio_yellowstonii	27.1	306	88.6
GCA_003232385_1__dsrB__QIJE01000028.1_168	Q9K5B9|dsrA|reductive|Desulfobulbus_rhabdoformis	25.3	324	84.7
GCA_003232385_1__dsrB__QIJE01000028.1_168	Q59109|dsrA|reductive|Archaeoglobus_fulgidus	26.1	352	80.5
GCA_003232385_1__dsrB__QIJE01000028.1_168	Q251E4|dsrA|reductive|Desulfitobacterium_hafniense	25.2	294	79.0
GCA_003232385_1__dsrB__QIJE01000028.1_168	A1BCS1|dsrA|oxidative|Chlorobium_phaeobacteroides	24.0	283	77.4
GCA_003232385_1__dsrB__QIJE01000028.1_168	A0ABT8QKK2|dsrA|reductive|Desulfosporosinus_nitroreducens	25.5	302	76.6
GCA_003232385_1__dsrB__QIJE01000028.1_168	Q9F4A3|dsrA|reductive|Desulfovibrio_desulfuricans	24.8	322	75.1
GCA_003232385_1__dsrB__QIJE01000028.1_168	T2G7Q3|dsrA|reductive|Megalodesulfovibrio_gigas	24.1	319	75.1
GCA_003232385_1__dsrB__QIJE01000028.1_168	Q5ZQS3|dsrA|reductive|Desulfomicrobium_baculatum	26.3	315	72.8
GCA_003232385_1__dsrB__QIJE01000028.1_168	Q8K5E9|dsrA|oxidative|Chlorobaculum_tepidum	24.7	287	72.8
GCA_003232385_1__dsrB__QIJE01000028.1_168	Q5ZQT9|dsrA|reductive|Archaeoglobus_veneficus	26.4	296	71.2
GCA_003232385_1__dsrB__QIJE01000028.1_168	S0FXQ9|dsrA|reductive|Desulfotignum_phosphitoxidans_DSM_13687	23.3	322	71.2
GCA_003232385_1__dsrB__QIJE01000028.1_168	Q9K5B5|dsrA|reductive|Desulfobacter_vibrioformis	23.8	323	70.5
GCA_003232385_1__dsrB__QIJE01000028.1_168	Q93EV7|dsrA|reductive|Thermodesulfobacterium_commune	25.2	301	68.2
GCA_003232385_1__dsrB__QIJE01000028.1_168	A0A5C4RXN4|dsrA|oxidative|Chlorobaculum_thiosulfatiphilum	22.5	285	64.7
GCA_003641645_1__dsrA__QNAZ01000160.1_1	Q93EV7|dsrA|reductive|Thermodesulfobacterium_commune	81.4	371	687
GCA_003641645_1__dsrA__QNAZ01000160.1_1	Q9F4A3|dsrA|reductive|Desulfovibrio_desulfuricans	60.7	438	573
GCA_003641645_1__dsrA__QNAZ01000160.1_1	P45574|dsrA|reductive|Nitratidesulfovibrio_vulgaris	61.2	438	571
GCA_003641645_1__dsrA__QNAZ01000160.1_1	Q9K5B9|dsrA|reductive|Desulfobulbus_rhabdoformis	59.2	431	561
GCA_003641645_1__dsrA__QNAZ01000160.1_1	T2G7Q3|dsrA|reductive|Megalodesulfovibrio_gigas	58.2	438	558
GCA_003641645_1__dsrA__QNAZ01000160.1_1	S0FXQ9|dsrA|reductive|Desulfotignum_phosphitoxidans_DSM_13687	58.0	443	553
GCA_003641645_1__dsrA__QNAZ01000160.1_1	Q9K5B5|dsrA|reductive|Desulfobacter_vibrioformis	57.2	442	544
GCA_003641645_1__dsrA__QNAZ01000160.1_1	Q5ZQS3|dsrA|reductive|Desulfomicrobium_baculatum	62.6	369	523
GCA_003641645_1__dsrA__QNAZ01000160.1_1	Q5ZQR5|dsrA|reductive|Desulfosudis_oleivorans	61.0	369	494
GCA_003641645_1__dsrA__QNAZ01000160.1_1	Q93EU9|dsrA|reductive|Desulfarculus_baarsii	58.0	374	455
GCA_003641645_1__dsrA__QNAZ01000160.1_1	N0BK96|dsrA|reductive|Archaeoglobus_sulfaticallidus_PM70-1	52.2	412	456
GCA_003641645_1__dsrA__QNAZ01000160.1_1	Q59109|dsrA|reductive|Archaeoglobus_fulgidus	50.8	431	447
GCA_003641645_1__dsrA__QNAZ01000160.1_1	B5YIF2|dsrA|reductive|Thermodesulfovibrio_yellowstonii	48.8	426	435
GCA_003641645_1__dsrA__QNAZ01000160.1_1	Q251E4|dsrA|reductive|Desulfitobacterium_hafniense	49.9	409	432
GCA_003641645_1__dsrA__QNAZ01000160.1_1	A0ABT8QKK2|dsrA|reductive|Desulfosporosinus_nitroreducens	45.7	409	401
GCA_003641645_1__dsrA__QNAZ01000160.1_1	Q5ZQT9|dsrA|reductive|Archaeoglobus_veneficus	51.1	356	364
GCA_003641645_1__dsrA__QNAZ01000160.1_1	O33998|dsrA|oxidative|Allochromatium_vinosum	43.3	411	341
GCA_003641645_1__dsrA__QNAZ01000160.1_1	A0L9L4|dsrA|oxidative|Magnetococcus_marinus	39.7	418	328
GCA_003641645_1__dsrA__QNAZ01000160.1_1	A0ABY9MRG6|dsrA|oxidative|Thiothrix_lacustris	41.5	410	325
GCA_003641645_1__dsrA__QNAZ01000160.1_1	Q8K5E9|dsrA|oxidative|Chlorobaculum_tepidum	39.9	404	323
GCA_003641645_1__dsrA__QNAZ01000160.1_1	A1BCS1|dsrA|oxidative|Chlorobium_phaeobacteroides	39.8	410	322
GCA_003641645_1__dsrA__QNAZ01000160.1_1	A0A5C4RXN4|dsrA|oxidative|Chlorobaculum_thiosulfatiphilum	40.1	404	320
GCA_003641645_1__dsrA__QNAZ01000160.1_1	A0ABS1E8E7|dsrA|oxidative|Halorhodospira_neutriphila	40.3	422	308
GCA_003641645_1__dsrA__QNAZ01000160.1_1	E0D1Z2|dsrA|oxidative|Thiocapsa_marina	40.7	327	244
GCA_003641645_1__dsrA__QNAZ01000160.1_1	B5YIF3|dsrB|reductive|Thermodesulfovibrio_yellowstonii	26.1	318	76.3
GCA_003641645_1__dsrA__QNAZ01000160.1_1	A0ABT8QNA5|dsrB|reductive|Desulfosporosinus_nitroreducens	24.5	261	72.4
GCA_003641645_1__dsrA__QNAZ01000160.1_1	Q251E3|dsrB|reductive|Desulfitobacterium_hafniense	24.1	261	72.0
GCA_003641645_1__dsrA__QNAZ01000160.1_1	N0BL33|dsrB|reductive|Archaeoglobus_sulfaticallidus_PM70-1	27.5	200	69.7
GCA_003641645_1__dsrA__QNAZ01000160.1_1	Q59110|dsrB|reductive|Archaeoglobus_fulgidus	23.7	317	63.9
GCA_003641645_1__dsrA__QNAZ01000160.1_1	P45575|dsrB|reductive|Nitratidesulfovibrio_vulgaris	22.3	332	63.2
GCA_003641645_1__dsrA__QNAZ01000160.1_1	E1QFJ3|dsrB|reductive|Desulfarculus_baarsii	21.9	302	57.4
GCA_003641645_1__dsrA__QNAZ01000160.1_1	Q9K5B4|dsrB|reductive|Desulfobacter_vibrioformis	20.9	321	52.8
GCA_003641645_1__dsrA__QNAZ01000160.1_1	A1BCS2|dsrB|oxidative|Chlorobium_phaeobacteroides	20.8	284	47.0
GCA_003641645_1__dsrA__QNAZ01000160.1_1	Q9K5B8|dsrB|reductive|Desulfobulbus_rhabdoformis	25.3	178	46.2
GCA_003641645_1__dsrA__QNAZ01000160.1_1	Q8KE39|dsrB|oxidative|Chlorobaculum_tepidum	20.5	292	45.8
GCA_003641645_1__dsrA__QNAZ01000160.1_1	A0A5C4RYG3|dsrB|oxidative|Chlorobaculum_thiosulfatiphilum	20.1	284	45.1
GCA_003641645_1__dsrA__QNAZ01000160.1_1	A0L9L5|dsrB|oxidative|Magnetococcus_marinus	20.2	242	43.1
GCA_003641645_1__dsrA__QNAZ01000160.1_1	O33999|dsrB|oxidative|Allochromatium_vinosum	19.1	298	41.2
GCA_003641645_1__dsrA__QNAZ01000160.1_1	A0ABS1E5W7|dsrB|oxidative|Halorhodospira_neutriphila	19.7	310	40.0
GCA_003641645_1__dsrA__QNAZ01000160.1_1	A0A9X0WG77|dsrB|oxidative|Thiocapsa_imhoffii	19.7	290	38.9
GCA_003641645_1__dsrB__QNAZ01000160.1_2	T2G8V8|dsrB|reductive|Megalodesulfovibrio_gigas	61.1	378	521
GCA_003641645_1__dsrB__QNAZ01000160.1_2	Q9K5B8|dsrB|reductive|Desulfobulbus_rhabdoformis	64.7	377	520
GCA_003641645_1__dsrB__QNAZ01000160.1_2	Q9F4A2|dsrB|reductive|Desulfovibrio_desulfuricans	62.6	374	515
GCA_003641645_1__dsrB__QNAZ01000160.1_2	P45575|dsrB|reductive|Nitratidesulfovibrio_vulgaris	63.1	374	513
GCA_003641645_1__dsrB__QNAZ01000160.1_2	S0G5M9|dsrB|reductive|Desulfotignum_phosphitoxidans_DSM_13687	61.3	375	497
GCA_003641645_1__dsrB__QNAZ01000160.1_2	Q9K5B4|dsrB|reductive|Desulfobacter_vibrioformis	60.5	375	491
GCA_003641645_1__dsrB__QNAZ01000160.1_2	E1QFJ3|dsrB|reductive|Desulfarculus_baarsii	60.0	365	467
GCA_003641645_1__dsrB__QNAZ01000160.1_2	Q59110|dsrB|reductive|Archaeoglobus_fulgidus	58.5	371	465
GCA_003641645_1__dsrB__QNAZ01000160.1_2	A4J9D5|dsrB|reductive|Desulforamulus_reducens	55.8	362	448
GCA_003641645_1__dsrB__QNAZ01000160.1_2	B5YIF3|dsrB|reductive|Thermodesulfovibrio_yellowstonii	52.6	369	434
GCA_003641645_1__dsrB__QNAZ01000160.1_2	N0BL33|dsrB|reductive|Archaeoglobus_sulfaticallidus_PM70-1	53.1	375	433
GCA_003641645_1__dsrB__QNAZ01000160.1_2	A0ABT8QNA5|dsrB|reductive|Desulfosporosinus_nitroreducens	53.7	363	426
GCA_003641645_1__dsrB__QNAZ01000160.1_2	Q251E3|dsrB|reductive|Desulfitobacterium_hafniense	54.5	363	422
GCA_003641645_1__dsrB__QNAZ01000160.1_2	A1BCS2|dsrB|oxidative|Chlorobium_phaeobacteroides	45.9	364	349
GCA_003641645_1__dsrB__QNAZ01000160.1_2	Q8KE39|dsrB|oxidative|Chlorobaculum_tepidum	44.2	364	341
GCA_003641645_1__dsrB__QNAZ01000160.1_2	A0A5C4RYG3|dsrB|oxidative|Chlorobaculum_thiosulfatiphilum	43.4	364	338
GCA_003641645_1__dsrB__QNAZ01000160.1_2	A0L9L5|dsrB|oxidative|Magnetococcus_marinus	43.4	366	330
GCA_003641645_1__dsrB__QNAZ01000160.1_2	A0ABS1E5W7|dsrB|oxidative|Halorhodospira_neutriphila	42.7	377	320
GCA_003641645_1__dsrB__QNAZ01000160.1_2	O33999|dsrB|oxidative|Allochromatium_vinosum	43.2	361	315
GCA_003641645_1__dsrB__QNAZ01000160.1_2	A0A9X0WG77|dsrB|oxidative|Thiocapsa_imhoffii	42.9	361	313
GCA_003641645_1__dsrB__QNAZ01000160.1_2	L0DSF9|dsrB|oxidative|Thioalkalivibrio_nitratireducens	43.5	361	313
GCA_003641645_1__dsrB__QNAZ01000160.1_2	A0ABY9MNZ8|dsrB|oxidative|Thiothrix_lacustris	41.8	361	304
GCA_003641645_1__dsrB__QNAZ01000160.1_2	A0ABS1E8E7|dsrA|oxidative|Halorhodospira_neutriphila	25.4	287	78.6
GCA_003641645_1__dsrB__QNAZ01000160.1_2	A0L9L4|dsrA|oxidative|Magnetococcus_marinus	21.9	283	68.2
GCA_003641645_1__dsrB__QNAZ01000160.1_2	Q8K5E9|dsrA|oxidative|Chlorobaculum_tepidum	22.8	289	64.7
GCA_003641645_1__dsrB__QNAZ01000160.1_2	A1BCS1|dsrA|oxidative|Chlorobium_phaeobacteroides	23.5	285	63.5
GCA_003641645_1__dsrB__QNAZ01000160.1_2	A0A5C4RXN4|dsrA|oxidative|Chlorobaculum_thiosulfatiphilum	22.3	291	58.9
GCA_003641645_1__dsrB__QNAZ01000160.1_2	Q93EV7|dsrA|reductive|Thermodesulfobacterium_commune	21.8	308	55.8
GCA_003641645_1__dsrB__QNAZ01000160.1_2	A0ABT8QKK2|dsrA|reductive|Desulfosporosinus_nitroreducens	22.0	282	55.1
GCA_003641645_1__dsrB__QNAZ01000160.1_2	T2G7Q3|dsrA|reductive|Megalodesulfovibrio_gigas	21.1	317	53.1
GCA_003641645_1__dsrB__QNAZ01000160.1_2	S0FXQ9|dsrA|reductive|Desulfotignum_phosphitoxidans_DSM_13687	21.2	325	52.4
GCA_003641645_1__dsrB__QNAZ01000160.1_2	Q5ZQR5|dsrA|reductive|Desulfosudis_oleivorans	19.7	304	51.6
GCA_003641645_1__dsrB__QNAZ01000160.1_2	Q9K5B5|dsrA|reductive|Desulfobacter_vibrioformis	20.6	316	50.1
GCA_003641645_1__dsrB__QNAZ01000160.1_2	Q9K5B9|dsrA|reductive|Desulfobulbus_rhabdoformis	19.6	337	47.8
GCA_003641645_1__dsrB__QNAZ01000160.1_2	P45574|dsrA|reductive|Nitratidesulfovibrio_vulgaris	19.6	317	47.8
GCA_003641645_1__dsrB__QNAZ01000160.1_2	Q9F4A3|dsrA|reductive|Desulfovibrio_desulfuricans	19.2	302	45.8
GCA_013151235_1__dsrA__JAADIO010000019.1_33	Q9K5B9|dsrA|reductive|Desulfobulbus_rhabdoformis	59.2	404	536
GCA_013151235_1__dsrA__JAADIO010000019.1_33	N0BK96|dsrA|reductive|Archaeoglobus_sulfaticallidus_PM70-1	60.1	388	521
GCA_013151235_1__dsrA__JAADIO010000019.1_33	Q251E4|dsrA|reductive|Desulfitobacterium_hafniense	58.4	389	519
GCA_013151235_1__dsrA__JAADIO010000019.1_33	A0ABT8QKK2|dsrA|reductive|Desulfosporosinus_nitroreducens	58.4	389	516
GCA_013151235_1__dsrA__JAADIO010000019.1_33	Q59109|dsrA|reductive|Archaeoglobus_fulgidus	58.2	402	508
GCA_013151235_1__dsrA__JAADIO010000019.1_33	S0FXQ9|dsrA|reductive|Desulfotignum_phosphitoxidans_DSM_13687	56.0	418	499
GCA_013151235_1__dsrA__JAADIO010000019.1_33	Q9K5B5|dsrA|reductive|Desulfobacter_vibrioformis	56.1	417	497
GCA_013151235_1__dsrA__JAADIO010000019.1_33	P45574|dsrA|reductive|Nitratidesulfovibrio_vulgaris	57.0	414	496
GCA_013151235_1__dsrA__JAADIO010000019.1_33	B5YIF2|dsrA|reductive|Thermodesulfovibrio_yellowstonii	57.6	389	483
GCA_013151235_1__dsrA__JAADIO010000019.1_33	T2G7Q3|dsrA|reductive|Megalodesulfovibrio_gigas	54.6	414	483
GCA_013151235_1__dsrA__JAADIO010000019.1_33	Q93EU9|dsrA|reductive|Desulfarculus_baarsii	63.0	349	477
GCA_013151235_1__dsrA__JAADIO010000019.1_33	Q9F4A3|dsrA|reductive|Desulfovibrio_desulfuricans	54.3	414	477
GCA_013151235_1__dsrA__JAADIO010000019.1_33	Q5ZQS3|dsrA|reductive|Desulfomicrobium_baculatum	58.6	350	436
GCA_013151235_1__dsrA__JAADIO010000019.1_33	Q5ZQT9|dsrA|reductive|Archaeoglobus_veneficus	57.7	336	433
GCA_013151235_1__dsrA__JAADIO010000019.1_33	Q5ZQR5|dsrA|reductive|Desulfosudis_oleivorans	56.3	350	423
GCA_013151235_1__dsrA__JAADIO010000019.1_33	Q93EV7|dsrA|reductive|Thermodesulfobacterium_commune	56.7	360	421
GCA_013151235_1__dsrA__JAADIO010000019.1_33	O33998|dsrA|oxidative|Allochromatium_vinosum	48.4	407	411
GCA_013151235_1__dsrA__JAADIO010000019.1_33	A0L9L4|dsrA|oxidative|Magnetococcus_marinus	47.3	395	394
GCA_013151235_1__dsrA__JAADIO010000019.1_33	Q8K5E9|dsrA|oxidative|Chlorobaculum_tepidum	48.5	388	393
GCA_013151235_1__dsrA__JAADIO010000019.1_33	A0ABS1E8E7|dsrA|oxidative|Halorhodospira_neutriphila	46.9	403	392
GCA_013151235_1__dsrA__JAADIO010000019.1_33	A1BCS1|dsrA|oxidative|Chlorobium_phaeobacteroides	48.2	388	391
GCA_013151235_1__dsrA__JAADIO010000019.1_33	A0A5C4RXN4|dsrA|oxidative|Chlorobaculum_thiosulfatiphilum	48.2	388	387
GCA_013151235_1__dsrA__JAADIO010000019.1_33	A0ABY9MRG6|dsrA|oxidative|Thiothrix_lacustris	46.3	402	379
GCA_013151235_1__dsrA__JAADIO010000019.1_33	E0D1Z2|dsrA|oxidative|Thiocapsa_marina	46.9	294	292
GCA_013151235_1__dsrA__JAADIO010000019.1_33	Q251E3|dsrB|reductive|Desulfitobacterium_hafniense	25.7	334	90.1
GCA_013151235_1__dsrA__JAADIO010000019.1_33	A0ABT8QNA5|dsrB|reductive|Desulfosporosinus_nitroreducens	24.0	292	87.4
GCA_013151235_1__dsrA__JAADIO010000019.1_33	B5YIF3|dsrB|reductive|Thermodesulfovibrio_yellowstonii	24.4	283	80.1
GCA_013151235_1__dsrA__JAADIO010000019.1_33	N0BL33|dsrB|reductive|Archaeoglobus_sulfaticallidus_PM70-1	24.0	292	79.0
GCA_013151235_1__dsrA__JAADIO010000019.1_33	S0G5M9|dsrB|reductive|Desulfotignum_phosphitoxidans_DSM_13687	24.4	353	77.4
GCA_013151235_1__dsrA__JAADIO010000019.1_33	Q9K5B4|dsrB|reductive|Desulfobacter_vibrioformis	21.9	374	74.3
GCA_013151235_1__dsrA__JAADIO010000019.1_33	Q59110|dsrB|reductive|Archaeoglobus_fulgidus	21.7	378	67.8
GCA_013151235_1__dsrA__JAADIO010000019.1_33	A0A5C4RYG3|dsrB|oxidative|Chlorobaculum_thiosulfatiphilum	24.2	306	67.0
GCA_013151235_1__dsrA__JAADIO010000019.1_33	Q8KE39|dsrB|oxidative|Chlorobaculum_tepidum	24.2	306	66.2
GCA_013151235_1__dsrA__JAADIO010000019.1_33	P45575|dsrB|reductive|Nitratidesulfovibrio_vulgaris	23.1	299	64.3
GCA_013151235_1__dsrA__JAADIO010000019.1_33	Q9F4A2|dsrB|reductive|Desulfovibrio_desulfuricans	21.9	315	59.7
GCA_013151235_1__dsrA__JAADIO010000019.1_33	Q9K5B8|dsrB|reductive|Desulfobulbus_rhabdoformis	24.0	334	59.3
GCA_013151235_1__dsrA__JAADIO010000019.1_33	A1BCS2|dsrB|oxidative|Chlorobium_phaeobacteroides	22.7	308	57.8
GCA_013151235_1__dsrA__JAADIO010000019.1_33	E1QFJ3|dsrB|reductive|Desulfarculus_baarsii	21.6	287	57.8
GCA_013151235_1__dsrA__JAADIO010000019.1_33	O33999|dsrB|oxidative|Allochromatium_vinosum	20.6	281	57.0
GCA_013151235_1__dsrA__JAADIO010000019.1_33	A0ABS1E5W7|dsrB|oxidative|Halorhodospira_neutriphila	20.5	293	55.5
GCA_013151235_1__dsrA__JAADIO010000019.1_33	A0A9X0WG77|dsrB|oxidative|Thiocapsa_imhoffii	20.3	281	55.1
GCA_013151235_1__dsrA__JAADIO010000019.1_33	A0L9L5|dsrB|oxidative|Magnetococcus_marinus	23.2	271	53.9
GCA_013151235_1__dsrA__JAADIO010000019.1_33	L0DSF9|dsrB|oxidative|Thioalkalivibrio_nitratireducens	21.1	270	53.5
GCA_013151235_1__dsrA__JAADIO010000019.1_33	A0ABY9MNZ8|dsrB|oxidative|Thiothrix_lacustris	21.9	270	50.1
GCA_013151235_1__dsrB__JAADIO010000019.1_34	A4J9D5|dsrB|reductive|Desulforamulus_reducens	62.8	355	487
GCA_013151235_1__dsrB__JAADIO010000019.1_34	E1QFJ3|dsrB|reductive|Desulfarculus_baarsii	58.4	361	472
GCA_013151235_1__dsrB__JAADIO010000019.1_34	Q251E3|dsrB|reductive|Desulfitobacterium_hafniense	61.7	350	464
GCA_013151235_1__dsrB__JAADIO010000019.1_34	B5YIF3|dsrB|reductive|Thermodesulfovibrio_yellowstonii	57.5	353	464
GCA_013151235_1__dsrB__JAADIO010000019.1_34	N0BL33|dsrB|reductive|Archaeoglobus_sulfaticallidus_PM70-1	57.3	365	459
GCA_013151235_1__dsrB__JAADIO010000019.1_34	Q9K5B8|dsrB|reductive|Desulfobulbus_rhabdoformis	57.1	364	447
GCA_013151235_1__dsrB__JAADIO010000019.1_34	A0ABT8QNA5|dsrB|reductive|Desulfosporosinus_nitroreducens	58.3	350	445
GCA_013151235_1__dsrB__JAADIO010000019.1_34	P45575|dsrB|reductive|Nitratidesulfovibrio_vulgaris	55.9	370	444
GCA_013151235_1__dsrB__JAADIO010000019.1_34	Q9F4A2|dsrB|reductive|Desulfovibrio_desulfuricans	56.3	371	444
GCA_013151235_1__dsrB__JAADIO010000019.1_34	Q59110|dsrB|reductive|Archaeoglobus_fulgidus	55.5	362	433
GCA_013151235_1__dsrB__JAADIO010000019.1_34	T2G8V8|dsrB|reductive|Megalodesulfovibrio_gigas	52.8	371	432
GCA_013151235_1__dsrB__JAADIO010000019.1_34	S0G5M9|dsrB|reductive|Desulfotignum_phosphitoxidans_DSM_13687	54.2	371	431
GCA_013151235_1__dsrB__JAADIO010000019.1_34	Q9K5B4|dsrB|reductive|Desulfobacter_vibrioformis	54.2	371	430
GCA_013151235_1__dsrB__JAADIO010000019.1_34	A1BCS2|dsrB|oxidative|Chlorobium_phaeobacteroides	51.8	361	411
GCA_013151235_1__dsrB__JAADIO010000019.1_34	Q8KE39|dsrB|oxidative|Chlorobaculum_tepidum	51.7	350	399
GCA_013151235_1__dsrB__JAADIO010000019.1_34	A0A5C4RYG3|dsrB|oxidative|Chlorobaculum_thiosulfatiphilum	51.1	350	397
GCA_013151235_1__dsrB__JAADIO010000019.1_34	A0L9L5|dsrB|oxidative|Magnetococcus_marinus	49.4	350	380
GCA_013151235_1__dsrB__JAADIO010000019.1_34	A0ABY9MNZ8|dsrB|oxidative|Thiothrix_lacustris	47.8	360	370
GCA_013151235_1__dsrB__JAADIO010000019.1_34	L0DSF9|dsrB|oxidative|Thioalkalivibrio_nitratireducens	46.7	360	363
GCA_013151235_1__dsrB__JAADIO010000019.1_34	A0ABS1E5W7|dsrB|oxidative|Halorhodospira_neutriphila	47.0	364	362
GCA_013151235_1__dsrB__JAADIO010000019.1_34	O33999|dsrB|oxidative|Allochromatium_vinosum	46.9	360	358
GCA_013151235_1__dsrB__JAADIO010000019.1_34	A0A9X0WG77|dsrB|oxidative|Thiocapsa_imhoffii	46.4	360	357
GCA_013151235_1__dsrB__JAADIO010000019.1_34	A0ABY9MRG6|dsrA|oxidative|Thiothrix_lacustris	25.1	327	95.9
GCA_013151235_1__dsrB__JAADIO010000019.1_34	E0D1Z2|dsrA|oxidative|Thiocapsa_marina	26.6	289	92.8
GCA_013151235_1__dsrB__JAADIO010000019.1_34	O33998|dsrA|oxidative|Allochromatium_vinosum	25.4	315	91.7
GCA_013151235_1__dsrB__JAADIO010000019.1_34	A0ABS1E8E7|dsrA|oxidative|Halorhodospira_neutriphila	23.8	282	90.5
GCA_013151235_1__dsrB__JAADIO010000019.1_34	N0BK96|dsrA|reductive|Archaeoglobus_sulfaticallidus_PM70-1	26.8	295	85.5
GCA_013151235_1__dsrB__JAADIO010000019.1_34	A0L9L4|dsrA|oxidative|Magnetococcus_marinus	25.2	286	85.1
GCA_013151235_1__dsrB__JAADIO010000019.1_34	B5YIF2|dsrA|reductive|Thermodesulfovibrio_yellowstonii	24.0	312	80.1
GCA_013151235_1__dsrB__JAADIO010000019.1_34	Q9K5B9|dsrA|reductive|Desulfobulbus_rhabdoformis	23.4	355	78.6
GCA_013151235_1__dsrB__JAADIO010000019.1_34	Q59109|dsrA|reductive|Archaeoglobus_fulgidus	24.9	365	72.0
GCA_013151235_1__dsrB__JAADIO010000019.1_34	Q8K5E9|dsrA|oxidative|Chlorobaculum_tepidum	25.5	290	71.2
GCA_013151235_1__dsrB__JAADIO010000019.1_34	A0A5C4RXN4|dsrA|oxidative|Chlorobaculum_thiosulfatiphilum	25.3	289	70.1
GCA_013151235_1__dsrB__JAADIO010000019.1_34	Q5ZQT9|dsrA|reductive|Archaeoglobus_veneficus	24.9	313	65.9
GCA_013151235_1__dsrB__JAADIO010000019.1_34	A1BCS1|dsrA|oxidative|Chlorobium_phaeobacteroides	25.6	285	65.9
GCA_013151235_1__dsrB__JAADIO010000019.1_34	Q251E4|dsrA|reductive|Desulfitobacterium_hafniense	24.7	291	64.7
GCA_013151235_1__dsrB__JAADIO010000019.1_34	T2G7Q3|dsrA|reductive|Megalodesulfovibrio_gigas	23.1	334	64.3
GCA_013151235_1__dsrB__JAADIO010000019.1_34	Q9K5B5|dsrA|reductive|Desulfobacter_vibrioformis	23.5	324	64.3
GCA_013151235_1__dsrB__JAADIO010000019.1_34	S0FXQ9|dsrA|reductive|Desulfotignum_phosphitoxidans_DSM_13687	23.0	322	60.1
GCA_013151235_1__dsrB__JAADIO010000019.1_34	Q93EU9|dsrA|reductive|Desulfarculus_baarsii	20.6	315	54.3
GCA_013151235_1__dsrB__JAADIO010000019.1_34	Q93EV7|dsrA|reductive|Thermodesulfobacterium_commune	23.6	288	54.3
GCA_013151235_1__dsrB__JAADIO010000019.1_34	P45574|dsrA|reductive|Nitratidesulfovibrio_vulgaris	21.0	334	54.3
GCA_013151235_1__dsrB__JAADIO010000019.1_34	Q9F4A3|dsrA|reductive|Desulfovibrio_desulfuricans	24.5	265	53.1
GCA_013151235_1__dsrB__JAADIO010000019.1_34	Q5ZQR5|dsrA|reductive|Desulfosudis_oleivorans	20.1	293	52.4
GCA_013201405_1__dsrA__JABMJC010000002.1_43	Q9K5B9|dsrA|reductive|Desulfobulbus_rhabdoformis	86.0	429	818
GCA_013201405_1__dsrA__JABMJC010000002.1_43	Q9K5B5|dsrA|reductive|Desulfobacter_vibrioformis	67.3	440	638
GCA_013201405_1__dsrA__JABMJC010000002.1_43	S0FXQ9|dsrA|reductive|Desulfotignum_phosphitoxidans_DSM_13687	65.8	441	627
GCA_013201405_1__dsrA__JABMJC010000002.1_43	P45574|dsrA|reductive|Nitratidesulfovibrio_vulgaris	63.6	440	606
GCA_013201405_1__dsrA__JABMJC010000002.1_43	T2G7Q3|dsrA|reductive|Megalodesulfovibrio_gigas	62.3	440	597
GCA_013201405_1__dsrA__JABMJC010000002.1_43	Q9F4A3|dsrA|reductive|Desulfovibrio_desulfuricans	61.1	440	582
GCA_013201405_1__dsrA__JABMJC010000002.1_43	Q5ZQS3|dsrA|reductive|Desulfomicrobium_baculatum	62.4	370	531
GCA_013201405_1__dsrA__JABMJC010000002.1_43	Q5ZQR5|dsrA|reductive|Desulfosudis_oleivorans	63.2	370	514
GCA_013201405_1__dsrA__JABMJC010000002.1_43	Q93EV7|dsrA|reductive|Thermodesulfobacterium_commune	61.4	376	496
GCA_013201405_1__dsrA__JABMJC010000002.1_43	N0BK96|dsrA|reductive|Archaeoglobus_sulfaticallidus_PM70-1	54.8	407	479
GCA_013201405_1__dsrA__JABMJC010000002.1_43	Q93EU9|dsrA|reductive|Desulfarculus_baarsii	59.3	376	476
GCA_013201405_1__dsrA__JABMJC010000002.1_43	Q59109|dsrA|reductive|Archaeoglobus_fulgidus	54.4	421	478
GCA_013201405_1__dsrA__JABMJC010000002.1_43	B5YIF2|dsrA|reductive|Thermodesulfovibrio_yellowstonii	53.2	412	467
GCA_013201405_1__dsrA__JABMJC010000002.1_43	Q251E4|dsrA|reductive|Desulfitobacterium_hafniense	51.1	411	464
GCA_013201405_1__dsrA__JABMJC010000002.1_43	A0ABT8QKK2|dsrA|reductive|Desulfosporosinus_nitroreducens	51.1	411	462
GCA_013201405_1__dsrA__JABMJC010000002.1_43	Q5ZQT9|dsrA|reductive|Archaeoglobus_veneficus	52.1	357	385
GCA_013201405_1__dsrA__JABMJC010000002.1_43	O33998|dsrA|oxidative|Allochromatium_vinosum	43.8	432	379
GCA_013201405_1__dsrA__JABMJC010000002.1_43	A0ABS1E8E7|dsrA|oxidative|Halorhodospira_neutriphila	44.1	417	371
GCA_013201405_1__dsrA__JABMJC010000002.1_43	Q8K5E9|dsrA|oxidative|Chlorobaculum_tepidum	44.5	402	366
GCA_013201405_1__dsrA__JABMJC010000002.1_43	A0L9L4|dsrA|oxidative|Magnetococcus_marinus	43.3	406	365
GCA_013201405_1__dsrA__JABMJC010000002.1_43	A0A5C4RXN4|dsrA|oxidative|Chlorobaculum_thiosulfatiphilum	44.0	402	360
GCA_013201405_1__dsrA__JABMJC010000002.1_43	A1BCS1|dsrA|oxidative|Chlorobium_phaeobacteroides	43.5	400	360
GCA_013201405_1__dsrA__JABMJC010000002.1_43	A0ABY9MRG6|dsrA|oxidative|Thiothrix_lacustris	42.9	410	357
GCA_013201405_1__dsrA__JABMJC010000002.1_43	E0D1Z2|dsrA|oxidative|Thiocapsa_marina	42.9	312	275
GCA_013201405_1__dsrA__JABMJC010000002.1_43	B5YIF3|dsrB|reductive|Thermodesulfovibrio_yellowstonii	25.5	314	77.8
GCA_013201405_1__dsrA__JABMJC010000002.1_43	A0ABT8QNA5|dsrB|reductive|Desulfosporosinus_nitroreducens	24.0	334	71.6
GCA_013201405_1__dsrA__JABMJC010000002.1_43	Q251E3|dsrB|reductive|Desulfitobacterium_hafniense	22.9	314	67.0
GCA_013201405_1__dsrA__JABMJC010000002.1_43	Q9K5B4|dsrB|reductive|Desulfobacter_vibrioformis	20.1	324	60.8
GCA_013201405_1__dsrA__JABMJC010000002.1_43	E1QFJ3|dsrB|reductive|Desulfarculus_baarsii	23.8	273	57.4
GCA_013201405_1__dsrA__JABMJC010000002.1_43	Q8KE39|dsrB|oxidative|Chlorobaculum_tepidum	22.7	330	57.0
GCA_013201405_1__dsrA__JABMJC010000002.1_43	S0G5M9|dsrB|reductive|Desulfotignum_phosphitoxidans_DSM_13687	20.0	340	56.6
GCA_013201405_1__dsrA__JABMJC010000002.1_43	A1BCS2|dsrB|oxidative|Chlorobium_phaeobacteroides	22.3	323	54.3
GCA_013201405_1__dsrA__JABMJC010000002.1_43	A0A5C4RYG3|dsrB|oxidative|Chlorobaculum_thiosulfatiphilum	22.0	323	52.0
GCA_013201405_1__dsrA__JABMJC010000002.1_43	T2G8V8|dsrB|reductive|Megalodesulfovibrio_gigas	20.4	323	52.0
GCA_013201405_1__dsrA__JABMJC010000002.1_43	P45575|dsrB|reductive|Nitratidesulfovibrio_vulgaris	20.2	332	49.7
GCA_013201405_1__dsrA__JABMJC010000002.1_43	A0L9L5|dsrB|oxidative|Magnetococcus_marinus	22.2	325	43.9
GCA_013201405_1__dsrA__JABMJC010000002.1_43	A0ABS1E5W7|dsrB|oxidative|Halorhodospira_neutriphila	19.8	324	43.9
GCA_013201405_1__dsrA__JABMJC010000002.1_43	O33999|dsrB|oxidative|Allochromatium_vinosum	19.3	296	42.0
GCA_013201405_1__dsrA__JABMJC010000002.1_43	Q9F4A2|dsrB|reductive|Desulfovibrio_desulfuricans	18.9	333	42.0
GCA_013201405_1__dsrA__JABMJC010000002.1_43	A0A9X0WG77|dsrB|oxidative|Thiocapsa_imhoffii	18.9	296	40.8
GCA_013201405_1__dsrA__JABMJC010000002.1_43	A0ABY9MNZ8|dsrB|oxidative|Thiothrix_lacustris	19.9	296	38.5
GCA_013201405_1__dsrB__JABMJC010000002.1_44	Q9K5B8|dsrB|reductive|Desulfobulbus_rhabdoformis	83.7	380	683
GCA_013201405_1__dsrB__JABMJC010000002.1_44	T2G8V8|dsrB|reductive|Megalodesulfovibrio_gigas	63.4	380	528
GCA_013201405_1__dsrB__JABMJC010000002.1_44	Q9K5B4|dsrB|reductive|Desulfobacter_vibrioformis	63.8	376	522
GCA_013201405_1__dsrB__JABMJC010000002.1_44	Q9F4A2|dsrB|reductive|Desulfovibrio_desulfuricans	62.7	375	520
GCA_013201405_1__dsrB__JABMJC010000002.1_44	S0G5M9|dsrB|reductive|Desulfotignum_phosphitoxidans_DSM_13687	64.1	376	518
GCA_013201405_1__dsrB__JABMJC010000002.1_44	P45575|dsrB|reductive|Nitratidesulfovibrio_vulgaris	62.7	375	517
GCA_013201405_1__dsrB__JABMJC010000002.1_44	E1QFJ3|dsrB|reductive|Desulfarculus_baarsii	65.5	359	515
GCA_013201405_1__dsrB__JABMJC010000002.1_44	A4J9D5|dsrB|reductive|Desulforamulus_reducens	59.1	357	473
GCA_013201405_1__dsrB__JABMJC010000002.1_44	N0BL33|dsrB|reductive|Archaeoglobus_sulfaticallidus_PM70-1	57.7	369	468
GCA_013201405_1__dsrB__JABMJC010000002.1_44	A0ABT8QNA5|dsrB|reductive|Desulfosporosinus_nitroreducens	58.1	358	462
GCA_013201405_1__dsrB__JABMJC010000002.1_44	Q251E3|dsrB|reductive|Desulfitobacterium_hafniense	57.5	358	456
GCA_013201405_1__dsrB__JABMJC010000002.1_44	B5YIF3|dsrB|reductive|Thermodesulfovibrio_yellowstonii	55.6	360	444
GCA_013201405_1__dsrB__JABMJC010000002.1_44	Q59110|dsrB|reductive|Archaeoglobus_fulgidus	55.3	371	430
GCA_013201405_1__dsrB__JABMJC010000002.1_44	A1BCS2|dsrB|oxidative|Chlorobium_phaeobacteroides	48.9	354	372
GCA_013201405_1__dsrB__JABMJC010000002.1_44	Q8KE39|dsrB|oxidative|Chlorobaculum_tepidum	47.6	359	363
GCA_013201405_1__dsrB__JABMJC010000002.1_44	A0A5C4RYG3|dsrB|oxidative|Chlorobaculum_thiosulfatiphilum	47.4	359	362
GCA_013201405_1__dsrB__JABMJC010000002.1_44	A0L9L5|dsrB|oxidative|Magnetococcus_marinus	46.7	349	344
GCA_013201405_1__dsrB__JABMJC010000002.1_44	L0DSF9|dsrB|oxidative|Thioalkalivibrio_nitratireducens	46.7	347	332
GCA_013201405_1__dsrB__JABMJC010000002.1_44	A0ABS1E5W7|dsrB|oxidative|Halorhodospira_neutriphila	47.2	352	329
GCA_013201405_1__dsrB__JABMJC010000002.1_44	O33999|dsrB|oxidative|Allochromatium_vinosum	45.8	347	325
GCA_013201405_1__dsrB__JABMJC010000002.1_44	A0A9X0WG77|dsrB|oxidative|Thiocapsa_imhoffii	45.8	347	325
GCA_013201405_1__dsrB__JABMJC010000002.1_44	A0ABY9MNZ8|dsrB|oxidative|Thiothrix_lacustris	45.2	347	319
GCA_013201405_1__dsrB__JABMJC010000002.1_44	A0ABS1E8E7|dsrA|oxidative|Halorhodospira_neutriphila	25.1	283	91.3
GCA_013201405_1__dsrB__JABMJC010000002.1_44	A0L9L4|dsrA|oxidative|Magnetococcus_marinus	25.4	283	87.4
GCA_013201405_1__dsrB__JABMJC010000002.1_44	E0D1Z2|dsrA|oxidative|Thiocapsa_marina	25.5	274	84.0
GCA_013201405_1__dsrB__JABMJC010000002.1_44	A0ABY9MRG6|dsrA|oxidative|Thiothrix_lacustris	23.6	322	81.6
GCA_013201405_1__dsrB__JABMJC010000002.1_44	A0A5C4RXN4|dsrA|oxidative|Chlorobaculum_thiosulfatiphilum	25.9	293	80.1
GCA_013201405_1__dsrB__JABMJC010000002.1_44	Q8K5E9|dsrA|oxidative|Chlorobaculum_tepidum	25.3	293	78.6
GCA_013201405_1__dsrB__JABMJC010000002.1_44	A0ABT8QKK2|dsrA|reductive|Desulfosporosinus_nitroreducens	23.9	309	75.9
GCA_013201405_1__dsrB__JABMJC010000002.1_44	A1BCS1|dsrA|oxidative|Chlorobium_phaeobacteroides	25.0	288	73.9
GCA_013201405_1__dsrB__JABMJC010000002.1_44	N0BK96|dsrA|reductive|Archaeoglobus_sulfaticallidus_PM70-1	23.5	306	70.5
GCA_013201405_1__dsrB__JABMJC010000002.1_44	T2G7Q3|dsrA|reductive|Megalodesulfovibrio_gigas	23.5	328	69.7
GCA_013201405_1__dsrB__JABMJC010000002.1_44	Q9F4A3|dsrA|reductive|Desulfovibrio_desulfuricans	22.9	327	64.3
GCA_013201405_1__dsrB__JABMJC010000002.1_44	P45574|dsrA|reductive|Nitratidesulfovibrio_vulgaris	21.6	333	57.0
GCA_013201405_1__dsrB__JABMJC010000002.1_44	S0FXQ9|dsrA|reductive|Desulfotignum_phosphitoxidans_DSM_13687	21.1	322	56.6
GCA_013201405_1__dsrB__JABMJC010000002.1_44	Q9K5B5|dsrA|reductive|Desulfobacter_vibrioformis	20.3	315	56.2
GCA_013201405_1__dsrB__JABMJC010000002.1_44	Q93EV7|dsrA|reductive|Thermodesulfobacterium_commune	22.4	290	55.8
GCA_013201405_1__dsrB__JABMJC010000002.1_44	Q5ZQR5|dsrA|reductive|Desulfosudis_oleivorans	18.1	326	53.1
GCA_013201405_1__dsrB__JABMJC010000002.1_44	Q9K5B9|dsrA|reductive|Desulfobulbus_rhabdoformis	21.0	310	52.0
GCA_013201405_1__dsrB__JABMJC010000002.1_44	Q93EU9|dsrA|reductive|Desulfarculus_baarsii	19.2	312	46.6
GCA_014730175_1__dsrA__WJIR01000250.1_1	Q251E4|dsrA|reductive|Desulfitobacterium_hafniense	62.5	304	418
GCA_014730175_1__dsrA__WJIR01000250.1_1	N0BK96|dsrA|reductive|Archaeoglobus_sulfaticallidus_PM70-1	63.9	296	414
GCA_014730175_1__dsrA__WJIR01000250.1_1	B5YIF2|dsrA|reductive|Thermodesulfovibrio_yellowstonii	60.9	299	397
GCA_014730175_1__dsrA__WJIR01000250.1_1	Q59109|dsrA|reductive|Archaeoglobus_fulgidus	60.8	311	396
GCA_014730175_1__dsrA__WJIR01000250.1_1	Q9K5B9|dsrA|reductive|Desulfobulbus_rhabdoformis	59.2	316	396
GCA_014730175_1__dsrA__WJIR01000250.1_1	A0ABT8QKK2|dsrA|reductive|Desulfosporosinus_nitroreducens	58.6	304	386
GCA_014730175_1__dsrA__WJIR01000250.1_1	P45574|dsrA|reductive|Nitratidesulfovibrio_vulgaris	58.9	326	385
GCA_014730175_1__dsrA__WJIR01000250.1_1	Q9F4A3|dsrA|reductive|Desulfovibrio_desulfuricans	56.3	327	377
GCA_014730175_1__dsrA__WJIR01000250.1_1	T2G7Q3|dsrA|reductive|Megalodesulfovibrio_gigas	56.6	327	373
GCA_014730175_1__dsrA__WJIR01000250.1_1	S0FXQ9|dsrA|reductive|Desulfotignum_phosphitoxidans_DSM_13687	55.6	329	366
GCA_014730175_1__dsrA__WJIR01000250.1_1	Q9K5B5|dsrA|reductive|Desulfobacter_vibrioformis	56.4	328	365
GCA_014730175_1__dsrA__WJIR01000250.1_1	Q93EU9|dsrA|reductive|Desulfarculus_baarsii	57.9	259	327
GCA_014730175_1__dsrA__WJIR01000250.1_1	Q5ZQT9|dsrA|reductive|Archaeoglobus_veneficus	60.7	247	325
GCA_014730175_1__dsrA__WJIR01000250.1_1	Q5ZQS3|dsrA|reductive|Desulfomicrobium_baculatum	57.3	260	312
GCA_014730175_1__dsrA__WJIR01000250.1_1	A0ABS1E8E7|dsrA|oxidative|Halorhodospira_neutriphila	48.7	310	312
GCA_014730175_1__dsrA__WJIR01000250.1_1	O33998|dsrA|oxidative|Allochromatium_vinosum	48.2	311	310
GCA_014730175_1__dsrA__WJIR01000250.1_1	Q93EV7|dsrA|reductive|Thermodesulfobacterium_commune	57.2	264	300
GCA_014730175_1__dsrA__WJIR01000250.1_1	A0L9L4|dsrA|oxidative|Magnetococcus_marinus	47.6	309	300
GCA_014730175_1__dsrA__WJIR01000250.1_1	Q5ZQR5|dsrA|reductive|Desulfosudis_oleivorans	54.8	259	298
GCA_014730175_1__dsrA__WJIR01000250.1_1	A1BCS1|dsrA|oxidative|Chlorobium_phaeobacteroides	48.8	299	294
GCA_014730175_1__dsrA__WJIR01000250.1_1	Q8K5E9|dsrA|oxidative|Chlorobaculum_tepidum	46.7	300	292
GCA_014730175_1__dsrA__WJIR01000250.1_1	A0A5C4RXN4|dsrA|oxidative|Chlorobaculum_thiosulfatiphilum	46.7	300	290
GCA_014730175_1__dsrA__WJIR01000250.1_1	A0ABY9MRG6|dsrA|oxidative|Thiothrix_lacustris	44.9	323	288
GCA_014730175_1__dsrA__WJIR01000250.1_1	E0D1Z2|dsrA|oxidative|Thiocapsa_marina	47.7	220	223
GCA_014730175_1__dsrA__WJIR01000250.1_1	A4J9D5|dsrB|reductive|Desulforamulus_reducens	23.4	184	44.7
GCA_014730175_1__dsrA__WJIR01000250.1_1	A0ABY9MNZ8|dsrB|oxidative|Thiothrix_lacustris	27.7	188	39.3
GCA_014730175_1__dsrB__WJIR01000195.1_9	A4J9D5|dsrB|reductive|Desulforamulus_reducens	66.7	354	500
GCA_014730175_1__dsrB__WJIR01000195.1_9	Q251E3|dsrB|reductive|Desulfitobacterium_hafniense	62.6	348	471
GCA_014730175_1__dsrB__WJIR01000195.1_9	E1QFJ3|dsrB|reductive|Desulfarculus_baarsii	59.7	355	470
GCA_014730175_1__dsrB__WJIR01000195.1_9	N0BL33|dsrB|reductive|Archaeoglobus_sulfaticallidus_PM70-1	57.5	360	460
GCA_014730175_1__dsrB__WJIR01000195.1_9	B5YIF3|dsrB|reductive|Thermodesulfovibrio_yellowstonii	56.8	354	459
GCA_014730175_1__dsrB__WJIR01000195.1_9	A0ABT8QNA5|dsrB|reductive|Desulfosporosinus_nitroreducens	59.7	350	455
GCA_014730175_1__dsrB__WJIR01000195.1_9	P45575|dsrB|reductive|Nitratidesulfovibrio_vulgaris	52.7	366	434
GCA_014730175_1__dsrB__WJIR01000195.1_9	Q9K5B8|dsrB|reductive|Desulfobulbus_rhabdoformis	56.2	361	426
GCA_014730175_1__dsrB__WJIR01000195.1_9	Q9F4A2|dsrB|reductive|Desulfovibrio_desulfuricans	53.0	366	422
GCA_014730175_1__dsrB__WJIR01000195.1_9	T2G8V8|dsrB|reductive|Megalodesulfovibrio_gigas	51.6	366	421
GCA_014730175_1__dsrB__WJIR01000195.1_9	Q59110|dsrB|reductive|Archaeoglobus_fulgidus	55.5	344	417
GCA_014730175_1__dsrB__WJIR01000195.1_9	Q9K5B4|dsrB|reductive|Desulfobacter_vibrioformis	50.7	367	414
GCA_014730175_1__dsrB__WJIR01000195.1_9	S0G5M9|dsrB|reductive|Desulfotignum_phosphitoxidans_DSM_13687	49.9	367	412
GCA_014730175_1__dsrB__WJIR01000195.1_9	A1BCS2|dsrB|oxidative|Chlorobium_phaeobacteroides	49.6	351	390
GCA_014730175_1__dsrB__WJIR01000195.1_9	A0A5C4RYG3|dsrB|oxidative|Chlorobaculum_thiosulfatiphilum	49.6	351	387
GCA_014730175_1__dsrB__WJIR01000195.1_9	Q8KE39|dsrB|oxidative|Chlorobaculum_tepidum	49.0	351	384
GCA_014730175_1__dsrB__WJIR01000195.1_9	A0ABS1E5W7|dsrB|oxidative|Halorhodospira_neutriphila	46.0	348	353
GCA_014730175_1__dsrB__WJIR01000195.1_9	A0L9L5|dsrB|oxidative|Magnetococcus_marinus	45.1	357	348
GCA_014730175_1__dsrB__WJIR01000195.1_9	A0ABY9MNZ8|dsrB|oxidative|Thiothrix_lacustris	45.7	348	343
GCA_014730175_1__dsrB__WJIR01000195.1_9	O33999|dsrB|oxidative|Allochromatium_vinosum	44.7	356	338
GCA_014730175_1__dsrB__WJIR01000195.1_9	A0A9X0WG77|dsrB|oxidative|Thiocapsa_imhoffii	43.8	356	336
GCA_014730175_1__dsrB__WJIR01000195.1_9	L0DSF9|dsrB|oxidative|Thioalkalivibrio_nitratireducens	44.3	348	335
GCA_014730175_1__dsrB__WJIR01000195.1_9	O33998|dsrA|oxidative|Allochromatium_vinosum	27.9	319	100
GCA_014730175_1__dsrB__WJIR01000195.1_9	E0D1Z2|dsrA|oxidative|Thiocapsa_marina	27.1	292	98.2
GCA_014730175_1__dsrB__WJIR01000195.1_9	A0ABS1E8E7|dsrA|oxidative|Halorhodospira_neutriphila	25.5	302	93.2
GCA_014730175_1__dsrB__WJIR01000195.1_9	A0ABY9MRG6|dsrA|oxidative|Thiothrix_lacustris	24.6	325	92.4
GCA_014730175_1__dsrB__WJIR01000195.1_9	A0L9L4|dsrA|oxidative|Magnetococcus_marinus	24.8	282	91.3
GCA_014730175_1__dsrB__WJIR01000195.1_9	Q9K5B9|dsrA|reductive|Desulfobulbus_rhabdoformis	24.9	338	80.5
GCA_014730175_1__dsrB__WJIR01000195.1_9	Q8K5E9|dsrA|oxidative|Chlorobaculum_tepidum	25.1	287	78.2
GCA_014730175_1__dsrB__WJIR01000195.1_9	A0A5C4RXN4|dsrA|oxidative|Chlorobaculum_thiosulfatiphilum	24.7	287	73.9
GCA_014730175_1__dsrB__WJIR01000195.1_9	A1BCS1|dsrA|oxidative|Chlorobium_phaeobacteroides	24.6	281	68.6
GCA_014730175_1__dsrB__WJIR01000195.1_9	T2G7Q3|dsrA|reductive|Megalodesulfovibrio_gigas	22.7	339	65.1
GCA_014730175_1__dsrB__WJIR01000195.1_9	Q93EU9|dsrA|reductive|Desulfarculus_baarsii	23.2	315	62.4
GCA_014730175_1__dsrB__WJIR01000195.1_9	Q9F4A3|dsrA|reductive|Desulfovibrio_desulfuricans	21.6	334	62.0
GCA_014730175_1__dsrB__WJIR01000195.1_9	Q93EV7|dsrA|reductive|Thermodesulfobacterium_commune	24.5	302	61.6
GCA_014730175_1__dsrB__WJIR01000195.1_9	P45574|dsrA|reductive|Nitratidesulfovibrio_vulgaris	22.7	321	61.6
GCA_014804905_1__dsrA__JAAUYX010000092.1_5	Q9F4A3|dsrA|reductive|Desulfovibrio_desulfuricans	79.6	437	740
GCA_014804905_1__dsrA__JAAUYX010000092.1_5	P45574|dsrA|reductive|Nitratidesulfovibrio_vulgaris	74.8	437	704
GCA_014804905_1__dsrA__JAAUYX010000092.1_5	T2G7Q3|dsrA|reductive|Megalodesulfovibrio_gigas	72.1	437	681
GCA_014804905_1__dsrA__JAAUYX010000092.1_5	Q9K5B5|dsrA|reductive|Desulfobacter_vibrioformis	62.8	441	592
GCA_014804905_1__dsrA__JAAUYX010000092.1_5	S0FXQ9|dsrA|reductive|Desulfotignum_phosphitoxidans_DSM_13687	62.4	442	585
GCA_014804905_1__dsrA__JAAUYX010000092.1_5	Q9K5B9|dsrA|reductive|Desulfobulbus_rhabdoformis	55.4	439	527
GCA_014804905_1__dsrA__JAAUYX010000092.1_5	Q5ZQS3|dsrA|reductive|Desulfomicrobium_baculatum	64.1	368	522
GCA_014804905_1__dsrA__JAAUYX010000092.1_5	Q5ZQR5|dsrA|reductive|Desulfosudis_oleivorans	61.4	368	491
GCA_014804905_1__dsrA__JAAUYX010000092.1_5	Q93EV7|dsrA|reductive|Thermodesulfobacterium_commune	55.9	370	447
GCA_014804905_1__dsrA__JAAUYX010000092.1_5	Q59109|dsrA|reductive|Archaeoglobus_fulgidus	52.6	426	447
GCA_014804905_1__dsrA__JAAUYX010000092.1_5	Q93EU9|dsrA|reductive|Desulfarculus_baarsii	52.8	373	406
GCA_014804905_1__dsrA__JAAUYX010000092.1_5	N0BK96|dsrA|reductive|Archaeoglobus_sulfaticallidus_PM70-1	49.5	416	406
GCA_014804905_1__dsrA__JAAUYX010000092.1_5	Q251E4|dsrA|reductive|Desulfitobacterium_hafniense	48.8	424	403
GCA_014804905_1__dsrA__JAAUYX010000092.1_5	B5YIF2|dsrA|reductive|Thermodesulfovibrio_yellowstonii	46.9	418	382
GCA_014804905_1__dsrA__JAAUYX010000092.1_5	A0ABT8QKK2|dsrA|reductive|Desulfosporosinus_nitroreducens	44.8	424	379
GCA_014804905_1__dsrA__JAAUYX010000092.1_5	Q5ZQT9|dsrA|reductive|Archaeoglobus_veneficus	49.3	353	343
GCA_014804905_1__dsrA__JAAUYX010000092.1_5	O33998|dsrA|oxidative|Allochromatium_vinosum	40.8	414	310
GCA_014804905_1__dsrA__JAAUYX010000092.1_5	A0L9L4|dsrA|oxidative|Magnetococcus_marinus	41.1	414	301
GCA_014804905_1__dsrA__JAAUYX010000092.1_5	A0ABY9MRG6|dsrA|oxidative|Thiothrix_lacustris	39.6	437	301
GCA_014804905_1__dsrA__JAAUYX010000092.1_5	Q8K5E9|dsrA|oxidative|Chlorobaculum_tepidum	39.9	409	294
GCA_014804905_1__dsrA__JAAUYX010000092.1_5	A1BCS1|dsrA|oxidative|Chlorobium_phaeobacteroides	39.9	411	292
GCA_014804905_1__dsrA__JAAUYX010000092.1_5	A0A5C4RXN4|dsrA|oxidative|Chlorobaculum_thiosulfatiphilum	39.6	409	288
GCA_014804905_1__dsrA__JAAUYX010000092.1_5	A0ABS1E8E7|dsrA|oxidative|Halorhodospira_neutriphila	38.0	442	287
GCA_014804905_1__dsrA__JAAUYX010000092.1_5	E0D1Z2|dsrA|oxidative|Thiocapsa_marina	40.6	308	229
GCA_014804905_1__dsrA__JAAUYX010000092.1_5	A0ABT8QNA5|dsrB|reductive|Desulfosporosinus_nitroreducens	21.4	309	50.8
GCA_014804905_1__dsrA__JAAUYX010000092.1_5	N0BL33|dsrB|reductive|Archaeoglobus_sulfaticallidus_PM70-1	27.0	122	45.1
GCA_014804905_1__dsrA__JAAUYX010000092.1_5	B5YIF3|dsrB|reductive|Thermodesulfovibrio_yellowstonii	21.9	306	44.7
GCA_014804905_1__dsrA__JAAUYX010000092.1_5	A4J9D5|dsrB|reductive|Desulforamulus_reducens	19.5	307	40.8
GCA_014804905_1__dsrB__JAAUYX010000085.1_7	Q9F4A2|dsrB|reductive|Desulfovibrio_desulfuricans	79.0	381	654
GCA_014804905_1__dsrB__JAAUYX010000085.1_7	P45575|dsrB|reductive|Nitratidesulfovibrio_vulgaris	73.5	381	617
GCA_014804905_1__dsrB__JAAUYX010000085.1_7	T2G8V8|dsrB|reductive|Megalodesulfovibrio_gigas	68.2	381	563
GCA_014804905_1__dsrB__JAAUYX010000085.1_7	Q9K5B4|dsrB|reductive|Desulfobacter_vibrioformis	65.4	382	546
GCA_014804905_1__dsrB__JAAUYX010000085.1_7	S0G5M9|dsrB|reductive|Desulfotignum_phosphitoxidans_DSM_13687	64.4	382	543
GCA_014804905_1__dsrB__JAAUYX010000085.1_7	Q9K5B8|dsrB|reductive|Desulfobulbus_rhabdoformis	57.4	376	466
GCA_014804905_1__dsrB__JAAUYX010000085.1_7	E1QFJ3|dsrB|reductive|Desulfarculus_baarsii	54.7	364	442
GCA_014804905_1__dsrB__JAAUYX010000085.1_7	A4J9D5|dsrB|reductive|Desulforamulus_reducens	51.5	361	402
GCA_014804905_1__dsrB__JAAUYX010000085.1_7	N0BL33|dsrB|reductive|Archaeoglobus_sulfaticallidus_PM70-1	50.5	376	402
GCA_014804905_1__dsrB__JAAUYX010000085.1_7	Q59110|dsrB|reductive|Archaeoglobus_fulgidus	52.2	372	400
GCA_014804905_1__dsrB__JAAUYX010000085.1_7	Q251E3|dsrB|reductive|Desulfitobacterium_hafniense	50.3	360	390
GCA_014804905_1__dsrB__JAAUYX010000085.1_7	B5YIF3|dsrB|reductive|Thermodesulfovibrio_yellowstonii	51.0	361	384
GCA_014804905_1__dsrB__JAAUYX010000085.1_7	A0ABT8QNA5|dsrB|reductive|Desulfosporosinus_nitroreducens	50.3	360	379
GCA_014804905_1__dsrB__JAAUYX010000085.1_7	A0A5C4RYG3|dsrB|oxidative|Chlorobaculum_thiosulfatiphilum	42.8	360	307
GCA_014804905_1__dsrB__JAAUYX010000085.1_7	A1BCS2|dsrB|oxidative|Chlorobium_phaeobacteroides	42.8	360	306
GCA_014804905_1__dsrB__JAAUYX010000085.1_7	Q8KE39|dsrB|oxidative|Chlorobaculum_tepidum	41.9	360	305
GCA_014804905_1__dsrB__JAAUYX010000085.1_7	A0ABS1E5W7|dsrB|oxidative|Halorhodospira_neutriphila	43.0	370	299
GCA_014804905_1__dsrB__JAAUYX010000085.1_7	L0DSF9|dsrB|oxidative|Thioalkalivibrio_nitratireducens	44.4	354	297
GCA_014804905_1__dsrB__JAAUYX010000085.1_7	O33999|dsrB|oxidative|Allochromatium_vinosum	44.1	354	293
GCA_014804905_1__dsrB__JAAUYX010000085.1_7	A0L9L5|dsrB|oxidative|Magnetococcus_marinus	41.4	360	291
GCA_014804905_1__dsrB__JAAUYX010000085.1_7	A0A9X0WG77|dsrB|oxidative|Thiocapsa_imhoffii	43.8	354	291
GCA_014804905_1__dsrB__JAAUYX010000085.1_7	A0ABY9MNZ8|dsrB|oxidative|Thiothrix_lacustris	42.5	358	284
GCA_014804905_1__dsrB__JAAUYX010000085.1_7	A0ABS1E8E7|dsrA|oxidative|Halorhodospira_neutriphila	24.2	310	85.5
GCA_014804905_1__dsrB__JAAUYX010000085.1_7	A0L9L4|dsrA|oxidative|Magnetococcus_marinus	24.0	312	77.8
GCA_014804905_1__dsrB__JAAUYX010000085.1_7	O33998|dsrA|oxidative|Allochromatium_vinosum	22.1	303	75.5
GCA_014804905_1__dsrB__JAAUYX010000085.1_7	Q8K5E9|dsrA|oxidative|Chlorobaculum_tepidum	23.9	310	73.6
GCA_014804905_1__dsrB__JAAUYX010000085.1_7	E0D1Z2|dsrA|oxidative|Thiocapsa_marina	22.2	279	70.1
GCA_014804905_1__dsrB__JAAUYX010000085.1_7	A1BCS1|dsrA|oxidative|Chlorobium_phaeobacteroides	22.5	311	69.3
GCA_014804905_1__dsrB__JAAUYX010000085.1_7	B5YIF2|dsrA|reductive|Thermodesulfovibrio_yellowstonii	21.1	308	68.9
GCA_014804905_1__dsrB__JAAUYX010000085.1_7	A0A5C4RXN4|dsrA|oxidative|Chlorobaculum_thiosulfatiphilum	23.1	308	67.8
GCA_014804905_1__dsrB__JAAUYX010000085.1_7	A0ABY9MRG6|dsrA|oxidative|Thiothrix_lacustris	20.6	316	65.1
GCA_014804905_1__dsrB__JAAUYX010000085.1_7	Q251E4|dsrA|reductive|Desulfitobacterium_hafniense	21.9	301	60.5
GCA_014804905_1__dsrB__JAAUYX010000085.1_7	S0FXQ9|dsrA|reductive|Desulfotignum_phosphitoxidans_DSM_13687	21.7	322	56.6
GCA_014804905_1__dsrB__JAAUYX010000085.1_7	Q59109|dsrA|reductive|Archaeoglobus_fulgidus	21.2	302	55.8
GCA_014804905_1__dsrB__JAAUYX010000085.1_7	Q9K5B5|dsrA|reductive|Desulfobacter_vibrioformis	22.1	263	53.1
GCA_014804905_1__dsrB__JAAUYX010000085.1_7	Q93EV7|dsrA|reductive|Thermodesulfobacterium_commune	21.6	315	52.8
GCA_014804905_1__dsrB__JAAUYX010000085.1_7	Q93EU9|dsrA|reductive|Desulfarculus_baarsii	22.0	268	49.3
GCA_014804905_1__dsrB__JAAUYX010000085.1_7	Q9F4A3|dsrA|reductive|Desulfovibrio_desulfuricans	25.0	148	47.8
GCA_014804905_1__dsrB__JAAUYX010000085.1_7	T2G7Q3|dsrA|reductive|Megalodesulfovibrio_gigas	26.1	119	45.8
GCA_014804905_1__dsrB__JAAUYX010000085.1_7	Q5ZQR5|dsrA|reductive|Desulfosudis_oleivorans	19.2	265	45.1
GCA_014804905_1__dsrB__JAAUYX010000085.1_7	Q9K5B9|dsrA|reductive|Desulfobulbus_rhabdoformis	20.0	260	43.9
GCA_014804905_1__dsrB__JAAUYX010000085.1_7	P45574|dsrA|reductive|Nitratidesulfovibrio_vulgaris	21.1	332	43.1
GCA_016193065_1__dsrA__JACPSX010000025.1_8	Q251E4|dsrA|reductive|Desulfitobacterium_hafniense	61.1	388	522
GCA_016193065_1__dsrA__JACPSX010000025.1_8	N0BK96|dsrA|reductive|Archaeoglobus_sulfaticallidus_PM70-1	61.2	384	517
GCA_016193065_1__dsrA__JACPSX010000025.1_8	A0ABT8QKK2|dsrA|reductive|Desulfosporosinus_nitroreducens	60.8	388	509
GCA_016193065_1__dsrA__JACPSX010000025.1_8	B5YIF2|dsrA|reductive|Thermodesulfovibrio_yellowstonii	60.9	394	507
GCA_016193065_1__dsrA__JACPSX010000025.1_8	Q59109|dsrA|reductive|Archaeoglobus_fulgidus	60.4	399	506
GCA_016193065_1__dsrA__JACPSX010000025.1_8	Q9K5B9|dsrA|reductive|Desulfobulbus_rhabdoformis	57.7	404	497
GCA_016193065_1__dsrA__JACPSX010000025.1_8	P45574|dsrA|reductive|Nitratidesulfovibrio_vulgaris	56.6	412	481
GCA_016193065_1__dsrA__JACPSX010000025.1_8	Q9F4A3|dsrA|reductive|Desulfovibrio_desulfuricans	55.3	412	477
GCA_016193065_1__dsrA__JACPSX010000025.1_8	T2G7Q3|dsrA|reductive|Megalodesulfovibrio_gigas	53.9	412	461
GCA_016193065_1__dsrA__JACPSX010000025.1_8	S0FXQ9|dsrA|reductive|Desulfotignum_phosphitoxidans_DSM_13687	54.1	418	461
GCA_016193065_1__dsrA__JACPSX010000025.1_8	Q9K5B5|dsrA|reductive|Desulfobacter_vibrioformis	53.5	417	451
GCA_016193065_1__dsrA__JACPSX010000025.1_8	Q93EU9|dsrA|reductive|Desulfarculus_baarsii	60.5	347	446
GCA_016193065_1__dsrA__JACPSX010000025.1_8	Q5ZQT9|dsrA|reductive|Archaeoglobus_veneficus	59.3	334	428
GCA_016193065_1__dsrA__JACPSX010000025.1_8	Q93EV7|dsrA|reductive|Thermodesulfobacterium_commune	57.4	352	422
GCA_016193065_1__dsrA__JACPSX010000025.1_8	Q5ZQS3|dsrA|reductive|Desulfomicrobium_baculatum	56.0	348	420
GCA_016193065_1__dsrA__JACPSX010000025.1_8	Q5ZQR5|dsrA|reductive|Desulfosudis_oleivorans	53.4	348	395
GCA_016193065_1__dsrA__JACPSX010000025.1_8	A0L9L4|dsrA|oxidative|Magnetococcus_marinus	49.5	392	396
GCA_016193065_1__dsrA__JACPSX010000025.1_8	O33998|dsrA|oxidative|Allochromatium_vinosum	47.9	409	386
GCA_016193065_1__dsrA__JACPSX010000025.1_8	A1BCS1|dsrA|oxidative|Chlorobium_phaeobacteroides	49.0	384	385
GCA_016193065_1__dsrA__JACPSX010000025.1_8	Q8K5E9|dsrA|oxidative|Chlorobaculum_tepidum	47.2	386	382
GCA_016193065_1__dsrA__JACPSX010000025.1_8	A0ABS1E8E7|dsrA|oxidative|Halorhodospira_neutriphila	47.2	405	379
GCA_016193065_1__dsrA__JACPSX010000025.1_8	A0A5C4RXN4|dsrA|oxidative|Chlorobaculum_thiosulfatiphilum	46.6	386	371
GCA_016193065_1__dsrA__JACPSX010000025.1_8	A0ABY9MRG6|dsrA|oxidative|Thiothrix_lacustris	45.1	412	355
GCA_016193065_1__dsrA__JACPSX010000025.1_8	E0D1Z2|dsrA|oxidative|Thiocapsa_marina	46.2	279	266
GCA_016193065_1__dsrA__JACPSX010000025.1_8	Q251E3|dsrB|reductive|Desulfitobacterium_hafniense	24.1	315	91.7
GCA_016193065_1__dsrA__JACPSX010000025.1_8	N0BL33|dsrB|reductive|Archaeoglobus_sulfaticallidus_PM70-1	23.7	312	91.3
GCA_016193065_1__dsrA__JACPSX010000025.1_8	B5YIF3|dsrB|reductive|Thermodesulfovibrio_yellowstonii	25.3	288	85.1
GCA_016193065_1__dsrA__JACPSX010000025.1_8	A4J9D5|dsrB|reductive|Desulforamulus_reducens	23.4	329	81.6
GCA_016193065_1__dsrA__JACPSX010000025.1_8	A0ABT8QNA5|dsrB|reductive|Desulfosporosinus_nitroreducens	23.1	334	81.3
GCA_016193065_1__dsrA__JACPSX010000025.1_8	Q8KE39|dsrB|oxidative|Chlorobaculum_tepidum	24.4	283	80.5
GCA_016193065_1__dsrA__JACPSX010000025.1_8	T2G8V8|dsrB|reductive|Megalodesulfovibrio_gigas	24.8	290	80.1
GCA_016193065_1__dsrA__JACPSX010000025.1_8	Q59110|dsrB|reductive|Archaeoglobus_fulgidus	24.5	371	78.6
GCA_016193065_1__dsrA__JACPSX010000025.1_8	A0A5C4RYG3|dsrB|oxidative|Chlorobaculum_thiosulfatiphilum	24.0	283	77.8
GCA_016193065_1__dsrA__JACPSX010000025.1_8	P45575|dsrB|reductive|Nitratidesulfovibrio_vulgaris	23.9	285	77.0
GCA_016193065_1__dsrA__JACPSX010000025.1_8	A1BCS2|dsrB|oxidative|Chlorobium_phaeobacteroides	23.1	325	76.6
GCA_016193065_1__dsrA__JACPSX010000025.1_8	Q9K5B4|dsrB|reductive|Desulfobacter_vibrioformis	23.2	306	75.1
GCA_016193065_1__dsrA__JACPSX010000025.1_8	S0G5M9|dsrB|reductive|Desulfotignum_phosphitoxidans_DSM_13687	22.3	309	70.5
GCA_016193065_1__dsrA__JACPSX010000025.1_8	A0L9L5|dsrB|oxidative|Magnetococcus_marinus	25.4	280	69.7
GCA_016193065_1__dsrA__JACPSX010000025.1_8	E1QFJ3|dsrB|reductive|Desulfarculus_baarsii	24.7	255	67.0
GCA_016193065_1__dsrA__JACPSX010000025.1_8	Q9F4A2|dsrB|reductive|Desulfovibrio_desulfuricans	22.6	287	67.0
GCA_016193065_1__dsrA__JACPSX010000025.1_8	Q9K5B8|dsrB|reductive|Desulfobulbus_rhabdoformis	24.0	283	65.9
GCA_016193065_1__dsrA__JACPSX010000025.1_8	A0ABS1E5W7|dsrB|oxidative|Halorhodospira_neutriphila	23.9	280	64.3
GCA_016193065_1__dsrA__JACPSX010000025.1_8	L0DSF9|dsrB|oxidative|Thioalkalivibrio_nitratireducens	23.0	282	59.3
GCA_016193065_1__dsrA__JACPSX010000025.1_8	O33999|dsrB|oxidative|Allochromatium_vinosum	23.2	280	57.8
GCA_016193065_1__dsrA__JACPSX010000025.1_8	A0A9X0WG77|dsrB|oxidative|Thiocapsa_imhoffii	23.2	280	57.4
GCA_016193065_1__dsrA__JACPSX010000025.1_8	A0ABY9MNZ8|dsrB|oxidative|Thiothrix_lacustris	22.5	276	52.8
GCA_016193065_1__dsrB__JACPSX010000025.1_7	A4J9D5|dsrB|reductive|Desulforamulus_reducens	67.7	356	517
GCA_016193065_1__dsrB__JACPSX010000025.1_7	N0BL33|dsrB|reductive|Archaeoglobus_sulfaticallidus_PM70-1	61.3	364	480
GCA_016193065_1__dsrB__JACPSX010000025.1_7	E1QFJ3|dsrB|reductive|Desulfarculus_baarsii	57.8	360	467
GCA_016193065_1__dsrB__JACPSX010000025.1_7	B5YIF3|dsrB|reductive|Thermodesulfovibrio_yellowstonii	56.3	355	460
GCA_016193065_1__dsrB__JACPSX010000025.1_7	Q251E3|dsrB|reductive|Desulfitobacterium_hafniense	59.7	350	457
GCA_016193065_1__dsrB__JACPSX010000025.1_7	A0ABT8QNA5|dsrB|reductive|Desulfosporosinus_nitroreducens	57.0	349	446
GCA_016193065_1__dsrB__JACPSX010000025.1_7	Q9K5B8|dsrB|reductive|Desulfobulbus_rhabdoformis	56.8	359	444
GCA_016193065_1__dsrB__JACPSX010000025.1_7	P45575|dsrB|reductive|Nitratidesulfovibrio_vulgaris	54.6	370	439
GCA_016193065_1__dsrB__JACPSX010000025.1_7	Q59110|dsrB|reductive|Archaeoglobus_fulgidus	58.7	351	438
GCA_016193065_1__dsrB__JACPSX010000025.1_7	Q9F4A2|dsrB|reductive|Desulfovibrio_desulfuricans	55.8	364	435
GCA_016193065_1__dsrB__JACPSX010000025.1_7	T2G8V8|dsrB|reductive|Megalodesulfovibrio_gigas	53.0	370	431
GCA_016193065_1__dsrB__JACPSX010000025.1_7	Q9K5B4|dsrB|reductive|Desulfobacter_vibrioformis	55.1	365	426
GCA_016193065_1__dsrB__JACPSX010000025.1_7	S0G5M9|dsrB|reductive|Desulfotignum_phosphitoxidans_DSM_13687	54.0	365	424
GCA_016193065_1__dsrB__JACPSX010000025.1_7	A1BCS2|dsrB|oxidative|Chlorobium_phaeobacteroides	53.4	352	400
GCA_016193065_1__dsrB__JACPSX010000025.1_7	Q8KE39|dsrB|oxidative|Chlorobaculum_tepidum	52.1	349	393
GCA_016193065_1__dsrB__JACPSX010000025.1_7	A0A5C4RYG3|dsrB|oxidative|Chlorobaculum_thiosulfatiphilum	52.1	349	391
GCA_016193065_1__dsrB__JACPSX010000025.1_7	L0DSF9|dsrB|oxidative|Thioalkalivibrio_nitratireducens	47.9	359	379
GCA_016193065_1__dsrB__JACPSX010000025.1_7	O33999|dsrB|oxidative|Allochromatium_vinosum	49.3	357	375
GCA_016193065_1__dsrB__JACPSX010000025.1_7	A0ABY9MNZ8|dsrB|oxidative|Thiothrix_lacustris	49.0	349	375
GCA_016193065_1__dsrB__JACPSX010000025.1_7	A0A9X0WG77|dsrB|oxidative|Thiocapsa_imhoffii	48.5	357	373
GCA_016193065_1__dsrB__JACPSX010000025.1_7	A0L9L5|dsrB|oxidative|Magnetococcus_marinus	47.3	349	360
GCA_016193065_1__dsrB__JACPSX010000025.1_7	A0ABS1E5W7|dsrB|oxidative|Halorhodospira_neutriphila	46.0	363	354
GCA_016193065_1__dsrB__JACPSX010000025.1_7	O33998|dsrA|oxidative|Allochromatium_vinosum	26.2	302	101
GCA_016193065_1__dsrB__JACPSX010000025.1_7	A0ABS1E8E7|dsrA|oxidative|Halorhodospira_neutriphila	25.3	296	100
GCA_016193065_1__dsrB__JACPSX010000025.1_7	E0D1Z2|dsrA|oxidative|Thiocapsa_marina	25.3	288	96.3
GCA_016193065_1__dsrB__JACPSX010000025.1_7	A0ABY9MRG6|dsrA|oxidative|Thiothrix_lacustris	23.8	315	90.5
GCA_016193065_1__dsrB__JACPSX010000025.1_7	N0BK96|dsrA|reductive|Archaeoglobus_sulfaticallidus_PM70-1	24.9	317	89.7
GCA_016193065_1__dsrB__JACPSX010000025.1_7	A1BCS1|dsrA|oxidative|Chlorobium_phaeobacteroides	26.0	277	88.2
GCA_016193065_1__dsrB__JACPSX010000025.1_7	B5YIF2|dsrA|reductive|Thermodesulfovibrio_yellowstonii	25.3	340	87.8
GCA_016193065_1__dsrB__JACPSX010000025.1_7	A0L9L4|dsrA|oxidative|Magnetococcus_marinus	24.0	296	84.0
GCA_016193065_1__dsrB__JACPSX010000025.1_7	Q8K5E9|dsrA|oxidative|Chlorobaculum_tepidum	24.3	284	83.2
GCA_016193065_1__dsrB__JACPSX010000025.1_7	A0A5C4RXN4|dsrA|oxidative|Chlorobaculum_thiosulfatiphilum	24.6	284	82.0
GCA_016193065_1__dsrB__JACPSX010000025.1_7	A0ABT8QKK2|dsrA|reductive|Desulfosporosinus_nitroreducens	22.9	327	79.3
GCA_016193065_1__dsrB__JACPSX010000025.1_7	Q5ZQR5|dsrA|reductive|Desulfosudis_oleivorans	23.3	318	79.0
GCA_016193065_1__dsrB__JACPSX010000025.1_7	S0FXQ9|dsrA|reductive|Desulfotignum_phosphitoxidans_DSM_13687	25.2	321	79.3
GCA_016193065_1__dsrB__JACPSX010000025.1_7	T2G7Q3|dsrA|reductive|Megalodesulfovibrio_gigas	24.3	321	78.6
GCA_016193065_1__dsrB__JACPSX010000025.1_7	Q9K5B9|dsrA|reductive|Desulfobulbus_rhabdoformis	24.3	354	77.0
GCA_016193065_1__dsrB__JACPSX010000025.1_7	Q5ZQS3|dsrA|reductive|Desulfomicrobium_baculatum	24.8	335	76.3
GCA_016193065_1__dsrB__JACPSX010000025.1_7	Q9K5B5|dsrA|reductive|Desulfobacter_vibrioformis	23.8	320	75.9
GCA_016193065_1__dsrB__JACPSX010000025.1_7	Q93EV7|dsrA|reductive|Thermodesulfobacterium_commune	23.6	296	69.3
GCA_016193065_1__dsrB__JACPSX010000025.1_7	Q9F4A3|dsrA|reductive|Desulfovibrio_desulfuricans	24.1	319	68.2
GCA_016193065_1__dsrB__JACPSX010000025.1_7	Q93EU9|dsrA|reductive|Desulfarculus_baarsii	22.5	320	67.4
GCA_016193065_1__dsrB__JACPSX010000025.1_7	P45574|dsrA|reductive|Nitratidesulfovibrio_vulgaris	23.1	320	67.0
GCA_016756835_1__dsrA__JAESPE010000016.1_4	O33998|dsrA|oxidative|Allochromatium_vinosum	78.2	403	680
GCA_016756835_1__dsrA__JAESPE010000016.1_4	A0ABY9MRG6|dsrA|oxidative|Thiothrix_lacustris	71.3	421	638
GCA_016756835_1__dsrA__JAESPE010000016.1_4	A0ABS1E8E7|dsrA|oxidative|Halorhodospira_neutriphila	63.9	413	569
GCA_016756835_1__dsrA__JAESPE010000016.1_4	E0D1Z2|dsrA|oxidative|Thiocapsa_marina	77.7	282	468
GCA_016756835_1__dsrA__JAESPE010000016.1_4	A0L9L4|dsrA|oxidative|Magnetococcus_marinus	52.2	395	461
GCA_016756835_1__dsrA__JAESPE010000016.1_4	Q8K5E9|dsrA|oxidative|Chlorobaculum_tepidum	52.2	393	444
GCA_016756835_1__dsrA__JAESPE010000016.1_4	A1BCS1|dsrA|oxidative|Chlorobium_phaeobacteroides	52.2	393	442
GCA_016756835_1__dsrA__JAESPE010000016.1_4	A0A5C4RXN4|dsrA|oxidative|Chlorobaculum_thiosulfatiphilum	51.4	393	436
GCA_016756835_1__dsrA__JAESPE010000016.1_4	N0BK96|dsrA|reductive|Archaeoglobus_sulfaticallidus_PM70-1	48.0	404	381
GCA_016756835_1__dsrA__JAESPE010000016.1_4	A0ABT8QKK2|dsrA|reductive|Desulfosporosinus_nitroreducens	46.9	399	374
GCA_016756835_1__dsrA__JAESPE010000016.1_4	Q251E4|dsrA|reductive|Desulfitobacterium_hafniense	47.3	393	373
GCA_016756835_1__dsrA__JAESPE010000016.1_4	Q9K5B9|dsrA|reductive|Desulfobulbus_rhabdoformis	44.9	419	365
GCA_016756835_1__dsrA__JAESPE010000016.1_4	Q59109|dsrA|reductive|Archaeoglobus_fulgidus	45.5	402	354
GCA_016756835_1__dsrA__JAESPE010000016.1_4	Q9K5B5|dsrA|reductive|Desulfobacter_vibrioformis	41.9	418	345
GCA_016756835_1__dsrA__JAESPE010000016.1_4	S0FXQ9|dsrA|reductive|Desulfotignum_phosphitoxidans_DSM_13687	41.5	419	343
GCA_016756835_1__dsrA__JAESPE010000016.1_4	T2G7Q3|dsrA|reductive|Megalodesulfovibrio_gigas	43.3	416	340
GCA_016756835_1__dsrA__JAESPE010000016.1_4	Q9F4A3|dsrA|reductive|Desulfovibrio_desulfuricans	41.8	416	330
GCA_016756835_1__dsrA__JAESPE010000016.1_4	P45574|dsrA|reductive|Nitratidesulfovibrio_vulgaris	41.3	416	325
GCA_016756835_1__dsrA__JAESPE010000016.1_4	B5YIF2|dsrA|reductive|Thermodesulfovibrio_yellowstonii	41.4	408	321
GCA_016756835_1__dsrA__JAESPE010000016.1_4	Q93EU9|dsrA|reductive|Desulfarculus_baarsii	45.2	345	311
GCA_016756835_1__dsrA__JAESPE010000016.1_4	Q5ZQS3|dsrA|reductive|Desulfomicrobium_baculatum	42.4	354	297
GCA_016756835_1__dsrA__JAESPE010000016.1_4	Q5ZQT9|dsrA|reductive|Archaeoglobus_veneficus	43.8	336	291
GCA_016756835_1__dsrA__JAESPE010000016.1_4	Q5ZQR5|dsrA|reductive|Desulfosudis_oleivorans	42.5	346	285
GCA_016756835_1__dsrA__JAESPE010000016.1_4	Q93EV7|dsrA|reductive|Thermodesulfobacterium_commune	41.6	358	278
GCA_016756835_1__dsrA__JAESPE010000016.1_4	B5YIF3|dsrB|reductive|Thermodesulfovibrio_yellowstonii	25.8	291	95.1
GCA_016756835_1__dsrA__JAESPE010000016.1_4	Q251E3|dsrB|reductive|Desulfitobacterium_hafniense	22.9	319	91.3
GCA_016756835_1__dsrA__JAESPE010000016.1_4	A0ABT8QNA5|dsrB|reductive|Desulfosporosinus_nitroreducens	25.6	262	85.9
GCA_016756835_1__dsrA__JAESPE010000016.1_4	N0BL33|dsrB|reductive|Archaeoglobus_sulfaticallidus_PM70-1	25.2	325	84.7
GCA_016756835_1__dsrA__JAESPE010000016.1_4	Q8KE39|dsrB|oxidative|Chlorobaculum_tepidum	23.4	321	82.4
GCA_016756835_1__dsrA__JAESPE010000016.1_4	P45575|dsrB|reductive|Nitratidesulfovibrio_vulgaris	23.3	339	80.9
GCA_016756835_1__dsrA__JAESPE010000016.1_4	Q59110|dsrB|reductive|Archaeoglobus_fulgidus	25.2	326	80.5
GCA_016756835_1__dsrA__JAESPE010000016.1_4	Q9K5B4|dsrB|reductive|Desulfobacter_vibrioformis	23.9	343	80.1
GCA_016756835_1__dsrA__JAESPE010000016.1_4	S0G5M9|dsrB|reductive|Desulfotignum_phosphitoxidans_DSM_13687	24.1	344	79.3
GCA_016756835_1__dsrA__JAESPE010000016.1_4	T2G8V8|dsrB|reductive|Megalodesulfovibrio_gigas	22.8	312	77.8
GCA_016756835_1__dsrA__JAESPE010000016.1_4	A1BCS2|dsrB|oxidative|Chlorobium_phaeobacteroides	22.4	321	77.4
GCA_016756835_1__dsrA__JAESPE010000016.1_4	A0A5C4RYG3|dsrB|oxidative|Chlorobaculum_thiosulfatiphilum	22.2	320	76.6
GCA_016756835_1__dsrA__JAESPE010000016.1_4	Q9F4A2|dsrB|reductive|Desulfovibrio_desulfuricans	23.9	322	74.7
GCA_016756835_1__dsrA__JAESPE010000016.1_4	Q9K5B8|dsrB|reductive|Desulfobulbus_rhabdoformis	23.0	261	70.5
GCA_016756835_1__dsrA__JAESPE010000016.1_4	E1QFJ3|dsrB|reductive|Desulfarculus_baarsii	22.4	317	67.0
GCA_016756835_1__dsrA__JAESPE010000016.1_4	L0DSF9|dsrB|oxidative|Thioalkalivibrio_nitratireducens	22.5	276	66.2
GCA_016756835_1__dsrA__JAESPE010000016.1_4	A0ABS1E5W7|dsrB|oxidative|Halorhodospira_neutriphila	23.4	274	65.5
GCA_016756835_1__dsrA__JAESPE010000016.1_4	O33999|dsrB|oxidative|Allochromatium_vinosum	22.1	276	63.9
GCA_016756835_1__dsrA__JAESPE010000016.1_4	A0A9X0WG77|dsrB|oxidative|Thiocapsa_imhoffii	22.5	276	63.2
GCA_016756835_1__dsrA__JAESPE010000016.1_4	A0ABY9MNZ8|dsrB|oxidative|Thiothrix_lacustris	22.1	276	58.9
GCA_016756835_1__dsrA__JAESPE010000016.1_4	A0L9L5|dsrB|oxidative|Magnetococcus_marinus	20.9	302	57.8
GCA_016756835_1__dsrB__JAESPE010000005.1_48	O33999|dsrB|oxidative|Allochromatium_vinosum	72.5	357	571
GCA_016756835_1__dsrB__JAESPE010000005.1_48	A0A9X0WG77|dsrB|oxidative|Thiocapsa_imhoffii	72.0	357	571
GCA_016756835_1__dsrB__JAESPE010000005.1_48	L0DSF9|dsrB|oxidative|Thioalkalivibrio_nitratireducens	71.5	354	568
GCA_016756835_1__dsrB__JAESPE010000005.1_48	A0ABY9MNZ8|dsrB|oxidative|Thiothrix_lacustris	71.1	356	560
GCA_016756835_1__dsrB__JAESPE010000005.1_48	A0ABS1E5W7|dsrB|oxidative|Halorhodospira_neutriphila	69.1	362	557
GCA_016756835_1__dsrB__JAESPE010000005.1_48	A0L9L5|dsrB|oxidative|Magnetococcus_marinus	61.1	357	491
GCA_016756835_1__dsrB__JAESPE010000005.1_48	A0A5C4RYG3|dsrB|oxidative|Chlorobaculum_thiosulfatiphilum	60.6	348	469
GCA_016756835_1__dsrB__JAESPE010000005.1_48	Q8KE39|dsrB|oxidative|Chlorobaculum_tepidum	60.3	348	469
GCA_016756835_1__dsrB__JAESPE010000005.1_48	A1BCS2|dsrB|oxidative|Chlorobium_phaeobacteroides	59.5	348	463
GCA_016756835_1__dsrB__JAESPE010000005.1_48	B5YIF3|dsrB|reductive|Thermodesulfovibrio_yellowstonii	50.4	335	351
GCA_016756835_1__dsrB__JAESPE010000005.1_48	A4J9D5|dsrB|reductive|Desulforamulus_reducens	46.4	351	340
GCA_016756835_1__dsrB__JAESPE010000005.1_48	N0BL33|dsrB|reductive|Archaeoglobus_sulfaticallidus_PM70-1	45.8	356	337
GCA_016756835_1__dsrB__JAESPE010000005.1_48	Q251E3|dsrB|reductive|Desulfitobacterium_hafniense	44.7	351	334
GCA_016756835_1__dsrB__JAESPE010000005.1_48	E1QFJ3|dsrB|reductive|Desulfarculus_baarsii	45.9	351	333
GCA_016756835_1__dsrB__JAESPE010000005.1_48	T2G8V8|dsrB|reductive|Megalodesulfovibrio_gigas	46.4	347	328
GCA_016756835_1__dsrB__JAESPE010000005.1_48	A0ABT8QNA5|dsrB|reductive|Desulfosporosinus_nitroreducens	43.7	350	326
GCA_016756835_1__dsrB__JAESPE010000005.1_48	P45575|dsrB|reductive|Nitratidesulfovibrio_vulgaris	46.1	347	326
GCA_016756835_1__dsrB__JAESPE010000005.1_48	Q9K5B8|dsrB|reductive|Desulfobulbus_rhabdoformis	45.8	343	321
GCA_016756835_1__dsrB__JAESPE010000005.1_48	Q9F4A2|dsrB|reductive|Desulfovibrio_desulfuricans	46.1	347	320
GCA_016756835_1__dsrB__JAESPE010000005.1_48	Q59110|dsrB|reductive|Archaeoglobus_fulgidus	46.1	343	320
GCA_016756835_1__dsrB__JAESPE010000005.1_48	Q9K5B4|dsrB|reductive|Desulfobacter_vibrioformis	45.7	348	317
GCA_016756835_1__dsrB__JAESPE010000005.1_48	S0G5M9|dsrB|reductive|Desulfotignum_phosphitoxidans_DSM_13687	44.8	348	312
GCA_016756835_1__dsrB__JAESPE010000005.1_48	E0D1Z2|dsrA|oxidative|Thiocapsa_marina	21.9	269	72.8
GCA_016756835_1__dsrB__JAESPE010000005.1_48	A0ABS1E8E7|dsrA|oxidative|Halorhodospira_neutriphila	24.3	243	72.4
GCA_016756835_1__dsrB__JAESPE010000005.1_48	A0L9L4|dsrA|oxidative|Magnetococcus_marinus	21.4	276	62.0
GCA_016756835_1__dsrB__JAESPE010000005.1_48	Q8K5E9|dsrA|oxidative|Chlorobaculum_tepidum	22.0	359	56.6
GCA_016756835_1__dsrB__JAESPE010000005.1_48	P45574|dsrA|reductive|Nitratidesulfovibrio_vulgaris	22.2	338	53.1
GCA_016756835_1__dsrB__JAESPE010000005.1_48	Q9F4A3|dsrA|reductive|Desulfovibrio_desulfuricans	21.1	341	50.1
GCA_016756835_1__dsrB__JAESPE010000005.1_48	A1BCS1|dsrA|oxidative|Chlorobium_phaeobacteroides	21.2	359	49.7
GCA_016756835_1__dsrB__JAESPE010000005.1_48	T2G7Q3|dsrA|reductive|Megalodesulfovibrio_gigas	20.6	345	49.7
GCA_016756835_1__dsrB__JAESPE010000005.1_48	A0A5C4RXN4|dsrA|oxidative|Chlorobaculum_thiosulfatiphilum	20.5	293	48.9
GCA_016756835_1__dsrB__JAESPE010000005.1_48	Q9K5B9|dsrA|reductive|Desulfobulbus_rhabdoformis	22.1	340	48.5
GCA_016756835_1__dsrB__JAESPE010000005.1_48	Q9K5B5|dsrA|reductive|Desulfobacter_vibrioformis	19.2	338	43.5
GCA_016756835_1__dsrB__JAESPE010000005.1_48	S0FXQ9|dsrA|reductive|Desulfotignum_phosphitoxidans_DSM_13687	20.4	255	42.7
GCA_016756835_1__dsrB__JAESPE010000005.1_48	Q93EU9|dsrA|reductive|Desulfarculus_baarsii	21.0	334	39.3
GCA_016931495_1__dsrA__JAFGER010000058.1_4	Q8K5E9|dsrA|oxidative|Chlorobaculum_tepidum	87.7	415	778
GCA_016931495_1__dsrA__JAFGER010000058.1_4	A0A5C4RXN4|dsrA|oxidative|Chlorobaculum_thiosulfatiphilum	87.1	418	775
GCA_016931495_1__dsrA__JAFGER010000058.1_4	A1BCS1|dsrA|oxidative|Chlorobium_phaeobacteroides	86.2	405	753
GCA_016931495_1__dsrA__JAFGER010000058.1_4	A0L9L4|dsrA|oxidative|Magnetococcus_marinus	65.9	393	559
GCA_016931495_1__dsrA__JAFGER010000058.1_4	O33998|dsrA|oxidative|Allochromatium_vinosum	54.1	390	464
GCA_016931495_1__dsrA__JAFGER010000058.1_4	A0ABS1E8E7|dsrA|oxidative|Halorhodospira_neutriphila	53.3	392	461
GCA_016931495_1__dsrA__JAFGER010000058.1_4	A0ABY9MRG6|dsrA|oxidative|Thiothrix_lacustris	51.0	404	432
GCA_016931495_1__dsrA__JAFGER010000058.1_4	A0ABT8QKK2|dsrA|reductive|Desulfosporosinus_nitroreducens	49.5	390	400
GCA_016931495_1__dsrA__JAFGER010000058.1_4	Q251E4|dsrA|reductive|Desulfitobacterium_hafniense	49.0	386	396
GCA_016931495_1__dsrA__JAFGER010000058.1_4	N0BK96|dsrA|reductive|Archaeoglobus_sulfaticallidus_PM70-1	47.4	386	377
GCA_016931495_1__dsrA__JAFGER010000058.1_4	Q59109|dsrA|reductive|Archaeoglobus_fulgidus	45.5	404	370
GCA_016931495_1__dsrA__JAFGER010000058.1_4	Q9K5B9|dsrA|reductive|Desulfobulbus_rhabdoformis	43.2	403	353
GCA_016931495_1__dsrA__JAFGER010000058.1_4	E0D1Z2|dsrA|oxidative|Thiocapsa_marina	53.6	280	337
GCA_016931495_1__dsrA__JAFGER010000058.1_4	Q9F4A3|dsrA|reductive|Desulfovibrio_desulfuricans	42.4	413	336
GCA_016931495_1__dsrA__JAFGER010000058.1_4	S0FXQ9|dsrA|reductive|Desulfotignum_phosphitoxidans_DSM_13687	41.6	413	336
GCA_016931495_1__dsrA__JAFGER010000058.1_4	T2G7Q3|dsrA|reductive|Megalodesulfovibrio_gigas	41.5	417	330
GCA_016931495_1__dsrA__JAFGER010000058.1_4	Q9K5B5|dsrA|reductive|Desulfobacter_vibrioformis	41.9	415	330
GCA_016931495_1__dsrA__JAFGER010000058.1_4	B5YIF2|dsrA|reductive|Thermodesulfovibrio_yellowstonii	41.8	385	327
GCA_016931495_1__dsrA__JAFGER010000058.1_4	P45574|dsrA|reductive|Nitratidesulfovibrio_vulgaris	41.9	413	327
GCA_016931495_1__dsrA__JAFGER010000058.1_4	Q5ZQT9|dsrA|reductive|Archaeoglobus_veneficus	43.6	342	306
GCA_016931495_1__dsrA__JAFGER010000058.1_4	Q93EU9|dsrA|reductive|Desulfarculus_baarsii	43.5	345	303
GCA_016931495_1__dsrA__JAFGER010000058.1_4	Q5ZQR5|dsrA|reductive|Desulfosudis_oleivorans	43.6	346	301
GCA_016931495_1__dsrA__JAFGER010000058.1_4	Q5ZQS3|dsrA|reductive|Desulfomicrobium_baculatum	41.9	346	296
GCA_016931495_1__dsrA__JAFGER010000058.1_4	Q93EV7|dsrA|reductive|Thermodesulfobacterium_commune	40.3	350	270
GCA_016931495_1__dsrA__JAFGER010000058.1_4	B5YIF3|dsrB|reductive|Thermodesulfovibrio_yellowstonii	25.2	286	87.4
GCA_016931495_1__dsrA__JAFGER010000058.1_4	Q251E3|dsrB|reductive|Desulfitobacterium_hafniense	24.4	311	80.9
GCA_016931495_1__dsrA__JAFGER010000058.1_4	N0BL33|dsrB|reductive|Archaeoglobus_sulfaticallidus_PM70-1	22.9	327	80.9
GCA_016931495_1__dsrA__JAFGER010000058.1_4	A0ABT8QNA5|dsrB|reductive|Desulfosporosinus_nitroreducens	25.2	310	79.7
GCA_016931495_1__dsrA__JAFGER010000058.1_4	Q59110|dsrB|reductive|Archaeoglobus_fulgidus	20.3	306	76.3
GCA_016931495_1__dsrA__JAFGER010000058.1_4	Q9K5B4|dsrB|reductive|Desulfobacter_vibrioformis	22.4	312	74.7
GCA_016931495_1__dsrA__JAFGER010000058.1_4	P45575|dsrB|reductive|Nitratidesulfovibrio_vulgaris	22.9	310	73.6
GCA_016931495_1__dsrA__JAFGER010000058.1_4	Q9F4A2|dsrB|reductive|Desulfovibrio_desulfuricans	21.8	308	69.3
GCA_016931495_1__dsrA__JAFGER010000058.1_4	S0G5M9|dsrB|reductive|Desulfotignum_phosphitoxidans_DSM_13687	20.7	324	65.5
GCA_016931495_1__dsrA__JAFGER010000058.1_4	A0L9L5|dsrB|oxidative|Magnetococcus_marinus	23.3	288	63.9
GCA_016931495_1__dsrA__JAFGER010000058.1_4	E1QFJ3|dsrB|reductive|Desulfarculus_baarsii	24.9	289	63.9
GCA_016931495_1__dsrA__JAFGER010000058.1_4	A1BCS2|dsrB|oxidative|Chlorobium_phaeobacteroides	22.2	288	63.5
GCA_016931495_1__dsrA__JAFGER010000058.1_4	Q9K5B8|dsrB|reductive|Desulfobulbus_rhabdoformis	23.9	306	63.5
GCA_016931495_1__dsrA__JAFGER010000058.1_4	T2G8V8|dsrB|reductive|Megalodesulfovibrio_gigas	23.0	309	62.8
GCA_016931495_1__dsrA__JAFGER010000058.1_4	Q8KE39|dsrB|oxidative|Chlorobaculum_tepidum	21.2	288	62.4
GCA_016931495_1__dsrA__JAFGER010000058.1_4	A0A5C4RYG3|dsrB|oxidative|Chlorobaculum_thiosulfatiphilum	20.9	287	61.2
GCA_016931495_1__dsrA__JAFGER010000058.1_4	A0ABS1E5W7|dsrB|oxidative|Halorhodospira_neutriphila	22.3	292	60.1
GCA_016931495_1__dsrA__JAFGER010000058.1_4	A0A9X0WG77|dsrB|oxidative|Thiocapsa_imhoffii	22.5	275	50.8
GCA_016931495_1__dsrA__JAFGER010000058.1_4	L0DSF9|dsrB|oxidative|Thioalkalivibrio_nitratireducens	22.4	281	49.3
GCA_016931495_1__dsrA__JAFGER010000058.1_4	O33999|dsrB|oxidative|Allochromatium_vinosum	22.5	275	48.5
GCA_016931495_1__dsrA__JAFGER010000058.1_4	A0ABY9MNZ8|dsrB|oxidative|Thiothrix_lacustris	20.2	282	43.9
GCA_016931495_1__dsrB__JAFGER010000058.1_3	Q8KE39|dsrB|oxidative|Chlorobaculum_tepidum	93.3	359	722
GCA_016931495_1__dsrB__JAFGER010000058.1_3	A0A5C4RYG3|dsrB|oxidative|Chlorobaculum_thiosulfatiphilum	92.2	359	716
GCA_016931495_1__dsrB__JAFGER010000058.1_3	A1BCS2|dsrB|oxidative|Chlorobium_phaeobacteroides	88.6	359	693
GCA_016931495_1__dsrB__JAFGER010000058.1_3	A0L9L5|dsrB|oxidative|Magnetococcus_marinus	70.6	354	560
GCA_016931495_1__dsrB__JAFGER010000058.1_3	O33999|dsrB|oxidative|Allochromatium_vinosum	60.7	349	468
GCA_016931495_1__dsrB__JAFGER010000058.1_3	A0A9X0WG77|dsrB|oxidative|Thiocapsa_imhoffii	60.2	349	464
GCA_016931495_1__dsrB__JAFGER010000058.1_3	L0DSF9|dsrB|oxidative|Thioalkalivibrio_nitratireducens	59.6	349	463
GCA_016931495_1__dsrB__JAFGER010000058.1_3	A0ABY9MNZ8|dsrB|oxidative|Thiothrix_lacustris	58.2	349	447
GCA_016931495_1__dsrB__JAFGER010000058.1_3	A0ABS1E5W7|dsrB|oxidative|Halorhodospira_neutriphila	56.4	349	440
GCA_016931495_1__dsrB__JAFGER010000058.1_3	Q251E3|dsrB|reductive|Desulfitobacterium_hafniense	49.0	351	371
GCA_016931495_1__dsrB__JAFGER010000058.1_3	N0BL33|dsrB|reductive|Archaeoglobus_sulfaticallidus_PM70-1	49.7	354	370
GCA_016931495_1__dsrB__JAFGER010000058.1_3	A0ABT8QNA5|dsrB|reductive|Desulfosporosinus_nitroreducens	49.4	352	366
GCA_016931495_1__dsrB__JAFGER010000058.1_3	A4J9D5|dsrB|reductive|Desulforamulus_reducens	48.0	348	356
GCA_016931495_1__dsrB__JAFGER010000058.1_3	Q59110|dsrB|reductive|Archaeoglobus_fulgidus	49.3	341	340
GCA_016931495_1__dsrB__JAFGER010000058.1_3	Q9F4A2|dsrB|reductive|Desulfovibrio_desulfuricans	45.6	360	340
GCA_016931495_1__dsrB__JAFGER010000058.1_3	P45575|dsrB|reductive|Nitratidesulfovibrio_vulgaris	45.8	360	339
GCA_016931495_1__dsrB__JAFGER010000058.1_3	B5YIF3|dsrB|reductive|Thermodesulfovibrio_yellowstonii	47.1	348	337
GCA_016931495_1__dsrB__JAFGER010000058.1_3	E1QFJ3|dsrB|reductive|Desulfarculus_baarsii	45.0	349	335
GCA_016931495_1__dsrB__JAFGER010000058.1_3	Q9K5B8|dsrB|reductive|Desulfobulbus_rhabdoformis	45.6	355	333
GCA_016931495_1__dsrB__JAFGER010000058.1_3	S0G5M9|dsrB|reductive|Desulfotignum_phosphitoxidans_DSM_13687	43.2	361	329
GCA_016931495_1__dsrB__JAFGER010000058.1_3	T2G8V8|dsrB|reductive|Megalodesulfovibrio_gigas	43.3	360	328
GCA_016931495_1__dsrB__JAFGER010000058.1_3	Q9K5B4|dsrB|reductive|Desulfobacter_vibrioformis	42.4	361	322
GCA_016931495_1__dsrB__JAFGER010000058.1_3	A0ABY9MRG6|dsrA|oxidative|Thiothrix_lacustris	22.7	335	83.6
GCA_016931495_1__dsrB__JAFGER010000058.1_3	O33998|dsrA|oxidative|Allochromatium_vinosum	23.6	335	82.0
GCA_016931495_1__dsrB__JAFGER010000058.1_3	N0BK96|dsrA|reductive|Archaeoglobus_sulfaticallidus_PM70-1	23.2	289	73.9
GCA_016931495_1__dsrB__JAFGER010000058.1_3	E0D1Z2|dsrA|oxidative|Thiocapsa_marina	22.3	269	70.9
GCA_016931495_1__dsrB__JAFGER010000058.1_3	B5YIF2|dsrA|reductive|Thermodesulfovibrio_yellowstonii	23.3	288	68.6
GCA_016931495_1__dsrB__JAFGER010000058.1_3	Q8K5E9|dsrA|oxidative|Chlorobaculum_tepidum	24.3	292	67.0
GCA_016931495_1__dsrB__JAFGER010000058.1_3	Q59109|dsrA|reductive|Archaeoglobus_fulgidus	22.0	287	63.2
GCA_016931495_1__dsrB__JAFGER010000058.1_3	A1BCS1|dsrA|oxidative|Chlorobium_phaeobacteroides	22.8	289	62.8
GCA_016931495_1__dsrB__JAFGER010000058.1_3	Q251E4|dsrA|reductive|Desulfitobacterium_hafniense	23.0	282	62.0
GCA_016931495_1__dsrB__JAFGER010000058.1_3	A0L9L4|dsrA|oxidative|Magnetococcus_marinus	20.2	287	60.5
GCA_016931495_1__dsrB__JAFGER010000058.1_3	A0ABT8QKK2|dsrA|reductive|Desulfosporosinus_nitroreducens	21.1	270	57.8
GCA_016931495_1__dsrB__JAFGER010000058.1_3	Q93EV7|dsrA|reductive|Thermodesulfobacterium_commune	22.4	290	45.8
GCA_016931495_1__dsrB__JAFGER010000058.1_3	S0FXQ9|dsrA|reductive|Desulfotignum_phosphitoxidans_DSM_13687	21.1	299	43.1
GCA_016931495_1__dsrB__JAFGER010000058.1_3	P45574|dsrA|reductive|Nitratidesulfovibrio_vulgaris	21.5	298	42.7
GCA_016931495_1__dsrB__JAFGER010000058.1_3	T2G7Q3|dsrA|reductive|Megalodesulfovibrio_gigas	20.9	306	42.4
GCA_016931495_1__dsrB__JAFGER010000058.1_3	Q5ZQS3|dsrA|reductive|Desulfomicrobium_baculatum	21.2	307	38.5
GCA_016931495_1__dsrB__JAFGER010000058.1_3	Q9K5B9|dsrA|reductive|Desulfobulbus_rhabdoformis	21.3	291	38.5
GCA_016931495_1__dsrB__JAFGER010000058.1_3	Q93EU9|dsrA|reductive|Desulfarculus_baarsii	20.0	270	38.1
GCA_017454855_1__dsrA__JAFTCE010000166.1_29	Q9F4A3|dsrA|reductive|Desulfovibrio_desulfuricans	89.5	437	848
GCA_017454855_1__dsrA__JAFTCE010000166.1_29	P45574|dsrA|reductive|Nitratidesulfovibrio_vulgaris	83.5	437	802
GCA_017454855_1__dsrA__JAFTCE010000166.1_29	T2G7Q3|dsrA|reductive|Megalodesulfovibrio_gigas	79.6	437	771
GCA_017454855_1__dsrA__JAFTCE010000166.1_29	Q9K5B5|dsrA|reductive|Desulfobacter_vibrioformis	68.7	441	659
GCA_017454855_1__dsrA__JAFTCE010000166.1_29	S0FXQ9|dsrA|reductive|Desulfotignum_phosphitoxidans_DSM_13687	68.3	442	652
GCA_017454855_1__dsrA__JAFTCE010000166.1_29	Q9K5B9|dsrA|reductive|Desulfobulbus_rhabdoformis	63.5	441	606
GCA_017454855_1__dsrA__JAFTCE010000166.1_29	Q5ZQS3|dsrA|reductive|Desulfomicrobium_baculatum	70.9	368	594
GCA_017454855_1__dsrA__JAFTCE010000166.1_29	Q5ZQR5|dsrA|reductive|Desulfosudis_oleivorans	69.6	368	575
GCA_017454855_1__dsrA__JAFTCE010000166.1_29	Q93EV7|dsrA|reductive|Thermodesulfobacterium_commune	62.2	370	502
GCA_017454855_1__dsrA__JAFTCE010000166.1_29	Q59109|dsrA|reductive|Archaeoglobus_fulgidus	56.3	426	499
GCA_017454855_1__dsrA__JAFTCE010000166.1_29	Q93EU9|dsrA|reductive|Desulfarculus_baarsii	59.0	373	465
GCA_017454855_1__dsrA__JAFTCE010000166.1_29	Q251E4|dsrA|reductive|Desulfitobacterium_hafniense	52.1	424	456
GCA_017454855_1__dsrA__JAFTCE010000166.1_29	N0BK96|dsrA|reductive|Archaeoglobus_sulfaticallidus_PM70-1	52.4	424	446
GCA_017454855_1__dsrA__JAFTCE010000166.1_29	A0ABT8QKK2|dsrA|reductive|Desulfosporosinus_nitroreducens	48.5	429	437
GCA_017454855_1__dsrA__JAFTCE010000166.1_29	B5YIF2|dsrA|reductive|Thermodesulfovibrio_yellowstonii	49.3	418	422
GCA_017454855_1__dsrA__JAFTCE010000166.1_29	Q5ZQT9|dsrA|reductive|Archaeoglobus_veneficus	53.7	354	391
GCA_017454855_1__dsrA__JAFTCE010000166.1_29	O33998|dsrA|oxidative|Allochromatium_vinosum	43.4	417	345
GCA_017454855_1__dsrA__JAFTCE010000166.1_29	Q8K5E9|dsrA|oxidative|Chlorobaculum_tepidum	41.0	410	332
GCA_017454855_1__dsrA__JAFTCE010000166.1_29	A0A5C4RXN4|dsrA|oxidative|Chlorobaculum_thiosulfatiphilum	41.2	410	330
GCA_017454855_1__dsrA__JAFTCE010000166.1_29	A0L9L4|dsrA|oxidative|Magnetococcus_marinus	41.6	413	327
GCA_017454855_1__dsrA__JAFTCE010000166.1_29	A1BCS1|dsrA|oxidative|Chlorobium_phaeobacteroides	41.4	411	327
GCA_017454855_1__dsrA__JAFTCE010000166.1_29	A0ABS1E8E7|dsrA|oxidative|Halorhodospira_neutriphila	40.5	430	320
GCA_017454855_1__dsrA__JAFTCE010000166.1_29	A0ABY9MRG6|dsrA|oxidative|Thiothrix_lacustris	38.9	434	319
GCA_017454855_1__dsrA__JAFTCE010000166.1_29	E0D1Z2|dsrA|oxidative|Thiocapsa_marina	41.6	293	248
GCA_017454855_1__dsrA__JAFTCE010000166.1_29	A0ABT8QNA5|dsrB|reductive|Desulfosporosinus_nitroreducens	24.6	349	81.3
GCA_017454855_1__dsrA__JAFTCE010000166.1_29	B5YIF3|dsrB|reductive|Thermodesulfovibrio_yellowstonii	26.4	314	79.7
GCA_017454855_1__dsrA__JAFTCE010000166.1_29	A4J9D5|dsrB|reductive|Desulforamulus_reducens	22.6	318	67.8
GCA_017454855_1__dsrA__JAFTCE010000166.1_29	N0BL33|dsrB|reductive|Archaeoglobus_sulfaticallidus_PM70-1	21.3	328	61.2
GCA_017454855_1__dsrA__JAFTCE010000166.1_29	Q59110|dsrB|reductive|Archaeoglobus_fulgidus	20.4	378	57.0
GCA_017454855_1__dsrA__JAFTCE010000166.1_29	E1QFJ3|dsrB|reductive|Desulfarculus_baarsii	21.3	334	53.5
GCA_017454855_1__dsrA__JAFTCE010000166.1_29	Q9K5B8|dsrB|reductive|Desulfobulbus_rhabdoformis	21.1	327	52.0
GCA_017454855_1__dsrA__JAFTCE010000166.1_29	S0G5M9|dsrB|reductive|Desulfotignum_phosphitoxidans_DSM_13687	18.0	338	48.1
GCA_017454855_1__dsrA__JAFTCE010000166.1_29	A0L9L5|dsrB|oxidative|Magnetococcus_marinus	21.2	330	45.8
GCA_017454855_1__dsrA__JAFTCE010000166.1_29	A0ABS1E5W7|dsrB|oxidative|Halorhodospira_neutriphila	20.2	346	43.5
GCA_017454855_1__dsrA__JAFTCE010000166.1_29	T2G8V8|dsrB|reductive|Megalodesulfovibrio_gigas	20.8	307	42.0
GCA_017454855_1__dsrB__JAFTCE010000166.1_28	Q9F4A2|dsrB|reductive|Desulfovibrio_desulfuricans	88.2	381	730
GCA_017454855_1__dsrB__JAFTCE010000166.1_28	P45575|dsrB|reductive|Nitratidesulfovibrio_vulgaris	82.4	381	693
GCA_017454855_1__dsrB__JAFTCE010000166.1_28	T2G8V8|dsrB|reductive|Megalodesulfovibrio_gigas	76.1	381	630
GCA_017454855_1__dsrB__JAFTCE010000166.1_28	Q9K5B4|dsrB|reductive|Desulfobacter_vibrioformis	69.6	382	598
GCA_017454855_1__dsrB__JAFTCE010000166.1_28	S0G5M9|dsrB|reductive|Desulfotignum_phosphitoxidans_DSM_13687	69.1	382	596
GCA_017454855_1__dsrB__JAFTCE010000166.1_28	Q9K5B8|dsrB|reductive|Desulfobulbus_rhabdoformis	61.9	378	505
GCA_017454855_1__dsrB__JAFTCE010000166.1_28	E1QFJ3|dsrB|reductive|Desulfarculus_baarsii	61.2	366	494
GCA_017454855_1__dsrB__JAFTCE010000166.1_28	N0BL33|dsrB|reductive|Archaeoglobus_sulfaticallidus_PM70-1	55.3	376	450
GCA_017454855_1__dsrB__JAFTCE010000166.1_28	A4J9D5|dsrB|reductive|Desulforamulus_reducens	56.3	368	442
GCA_017454855_1__dsrB__JAFTCE010000166.1_28	Q59110|dsrB|reductive|Archaeoglobus_fulgidus	56.6	371	433
GCA_017454855_1__dsrB__JAFTCE010000166.1_28	Q251E3|dsrB|reductive|Desulfitobacterium_hafniense	54.9	364	425
GCA_017454855_1__dsrB__JAFTCE010000166.1_28	B5YIF3|dsrB|reductive|Thermodesulfovibrio_yellowstonii	53.0	368	422
GCA_017454855_1__dsrB__JAFTCE010000166.1_28	A0ABT8QNA5|dsrB|reductive|Desulfosporosinus_nitroreducens	53.0	364	415
GCA_017454855_1__dsrB__JAFTCE010000166.1_28	A1BCS2|dsrB|oxidative|Chlorobium_phaeobacteroides	46.6	365	348
GCA_017454855_1__dsrB__JAFTCE010000166.1_28	A0A5C4RYG3|dsrB|oxidative|Chlorobaculum_thiosulfatiphilum	45.8	365	342
GCA_017454855_1__dsrB__JAFTCE010000166.1_28	Q8KE39|dsrB|oxidative|Chlorobaculum_tepidum	45.5	365	341
GCA_017454855_1__dsrB__JAFTCE010000166.1_28	A0ABS1E5W7|dsrB|oxidative|Halorhodospira_neutriphila	44.1	370	318
GCA_017454855_1__dsrB__JAFTCE010000166.1_28	A0L9L5|dsrB|oxidative|Magnetococcus_marinus	41.7	367	314
GCA_017454855_1__dsrB__JAFTCE010000166.1_28	L0DSF9|dsrB|oxidative|Thioalkalivibrio_nitratireducens	44.5	353	310
GCA_017454855_1__dsrB__JAFTCE010000166.1_28	O33999|dsrB|oxidative|Allochromatium_vinosum	44.2	353	303
GCA_017454855_1__dsrB__JAFTCE010000166.1_28	A0ABY9MNZ8|dsrB|oxidative|Thiothrix_lacustris	42.4	368	303
GCA_017454855_1__dsrB__JAFTCE010000166.1_28	A0A9X0WG77|dsrB|oxidative|Thiocapsa_imhoffii	43.9	353	301
GCA_017454855_1__dsrB__JAFTCE010000166.1_28	A0ABS1E8E7|dsrA|oxidative|Halorhodospira_neutriphila	22.7	304	79.0
GCA_017454855_1__dsrB__JAFTCE010000166.1_28	E0D1Z2|dsrA|oxidative|Thiocapsa_marina	22.8	281	71.6
GCA_017454855_1__dsrB__JAFTCE010000166.1_28	A0L9L4|dsrA|oxidative|Magnetococcus_marinus	22.1	303	71.6
GCA_017454855_1__dsrB__JAFTCE010000166.1_28	Q8K5E9|dsrA|oxidative|Chlorobaculum_tepidum	22.6	310	69.3
GCA_017454855_1__dsrB__JAFTCE010000166.1_28	A0A5C4RXN4|dsrA|oxidative|Chlorobaculum_thiosulfatiphilum	22.3	310	67.4
GCA_017454855_1__dsrB__JAFTCE010000166.1_28	A1BCS1|dsrA|oxidative|Chlorobium_phaeobacteroides	20.6	311	63.5
GCA_017454855_1__dsrB__JAFTCE010000166.1_28	Q93EV7|dsrA|reductive|Thermodesulfobacterium_commune	20.5	332	49.7
GCA_017454855_1__dsrB__JAFTCE010000166.1_28	Q5ZQR5|dsrA|reductive|Desulfosudis_oleivorans	18.6	354	48.1
GCA_017454855_1__dsrB__JAFTCE010000166.1_28	Q9F4A3|dsrA|reductive|Desulfovibrio_desulfuricans	20.4	368	46.6
GCA_017454855_1__dsrB__JAFTCE010000166.1_28	Q9K5B5|dsrA|reductive|Desulfobacter_vibrioformis	19.7	269	46.6
GCA_017454855_1__dsrB__JAFTCE010000166.1_28	S0FXQ9|dsrA|reductive|Desulfotignum_phosphitoxidans_DSM_13687	21.2	264	46.6
GCA_017454855_1__dsrB__JAFTCE010000166.1_28	P45574|dsrA|reductive|Nitratidesulfovibrio_vulgaris	20.8	346	46.2
GCA_017454855_1__dsrB__JAFTCE010000166.1_28	T2G7Q3|dsrA|reductive|Megalodesulfovibrio_gigas	19.6	372	44.7
GCA_017454855_1__dsrB__JAFTCE010000166.1_28	Q9K5B9|dsrA|reductive|Desulfobulbus_rhabdoformis	19.9	342	42.0
GCA_017454855_1__dsrB__JAFTCE010000166.1_28	Q93EU9|dsrA|reductive|Desulfarculus_baarsii	20.3	340	41.2
GCA_017613715_1__dsrA__JAGADH010000003.1_10	Q9F4A3|dsrA|reductive|Desulfovibrio_desulfuricans	85.4	437	810
GCA_017613715_1__dsrA__JAGADH010000003.1_10	P45574|dsrA|reductive|Nitratidesulfovibrio_vulgaris	80.8	437	783
GCA_017613715_1__dsrA__JAGADH010000003.1_10	T2G7Q3|dsrA|reductive|Megalodesulfovibrio_gigas	78.5	437	754
GCA_017613715_1__dsrA__JAGADH010000003.1_10	Q9K5B5|dsrA|reductive|Desulfobacter_vibrioformis	68.9	441	675
GCA_017613715_1__dsrA__JAGADH010000003.1_10	S0FXQ9|dsrA|reductive|Desulfotignum_phosphitoxidans_DSM_13687	68.8	442	669
GCA_017613715_1__dsrA__JAGADH010000003.1_10	Q9K5B9|dsrA|reductive|Desulfobulbus_rhabdoformis	62.8	441	609
GCA_017613715_1__dsrA__JAGADH010000003.1_10	Q5ZQS3|dsrA|reductive|Desulfomicrobium_baculatum	71.7	368	600
GCA_017613715_1__dsrA__JAGADH010000003.1_10	Q5ZQR5|dsrA|reductive|Desulfosudis_oleivorans	67.9	368	566
GCA_017613715_1__dsrA__JAGADH010000003.1_10	Q93EV7|dsrA|reductive|Thermodesulfobacterium_commune	61.9	370	505
GCA_017613715_1__dsrA__JAGADH010000003.1_10	Q59109|dsrA|reductive|Archaeoglobus_fulgidus	56.2	427	502
GCA_017613715_1__dsrA__JAGADH010000003.1_10	Q93EU9|dsrA|reductive|Desulfarculus_baarsii	59.5	373	470
GCA_017613715_1__dsrA__JAGADH010000003.1_10	Q251E4|dsrA|reductive|Desulfitobacterium_hafniense	52.6	424	461
GCA_017613715_1__dsrA__JAGADH010000003.1_10	N0BK96|dsrA|reductive|Archaeoglobus_sulfaticallidus_PM70-1	53.8	422	461
GCA_017613715_1__dsrA__JAGADH010000003.1_10	B5YIF2|dsrA|reductive|Thermodesulfovibrio_yellowstonii	50.8	419	439
GCA_017613715_1__dsrA__JAGADH010000003.1_10	A0ABT8QKK2|dsrA|reductive|Desulfosporosinus_nitroreducens	49.5	424	438
GCA_017613715_1__dsrA__JAGADH010000003.1_10	Q5ZQT9|dsrA|reductive|Archaeoglobus_veneficus	54.0	354	394
GCA_017613715_1__dsrA__JAGADH010000003.1_10	O33998|dsrA|oxidative|Allochromatium_vinosum	43.5	414	354
GCA_017613715_1__dsrA__JAGADH010000003.1_10	Q8K5E9|dsrA|oxidative|Chlorobaculum_tepidum	40.9	411	335
GCA_017613715_1__dsrA__JAGADH010000003.1_10	A0A5C4RXN4|dsrA|oxidative|Chlorobaculum_thiosulfatiphilum	41.4	411	333
GCA_017613715_1__dsrA__JAGADH010000003.1_10	A0ABY9MRG6|dsrA|oxidative|Thiothrix_lacustris	40.9	413	331
GCA_017613715_1__dsrA__JAGADH010000003.1_10	A0L9L4|dsrA|oxidative|Magnetococcus_marinus	40.9	413	327
GCA_017613715_1__dsrA__JAGADH010000003.1_10	A1BCS1|dsrA|oxidative|Chlorobium_phaeobacteroides	40.5	410	327
GCA_017613715_1__dsrA__JAGADH010000003.1_10	A0ABS1E8E7|dsrA|oxidative|Halorhodospira_neutriphila	39.4	432	318
GCA_017613715_1__dsrA__JAGADH010000003.1_10	E0D1Z2|dsrA|oxidative|Thiocapsa_marina	43.4	297	265
GCA_017613715_1__dsrA__JAGADH010000003.1_10	Q251E3|dsrB|reductive|Desulfitobacterium_hafniense	23.7	329	82.8
GCA_017613715_1__dsrA__JAGADH010000003.1_10	A0ABT8QNA5|dsrB|reductive|Desulfosporosinus_nitroreducens	24.8	310	82.8
GCA_017613715_1__dsrA__JAGADH010000003.1_10	B5YIF3|dsrB|reductive|Thermodesulfovibrio_yellowstonii	26.5	306	79.3
GCA_017613715_1__dsrA__JAGADH010000003.1_10	A4J9D5|dsrB|reductive|Desulforamulus_reducens	24.4	307	73.2
GCA_017613715_1__dsrA__JAGADH010000003.1_10	N0BL33|dsrB|reductive|Archaeoglobus_sulfaticallidus_PM70-1	23.0	326	65.5
GCA_017613715_1__dsrA__JAGADH010000003.1_10	Q9K5B8|dsrB|reductive|Desulfobulbus_rhabdoformis	22.1	317	60.5
GCA_017613715_1__dsrA__JAGADH010000003.1_10	Q59110|dsrB|reductive|Archaeoglobus_fulgidus	20.2	312	58.2
GCA_017613715_1__dsrA__JAGADH010000003.1_10	E1QFJ3|dsrB|reductive|Desulfarculus_baarsii	23.8	307	57.0
GCA_017613715_1__dsrA__JAGADH010000003.1_10	A0A5C4RYG3|dsrB|oxidative|Chlorobaculum_thiosulfatiphilum	22.0	305	54.3
GCA_017613715_1__dsrA__JAGADH010000003.1_10	A0L9L5|dsrB|oxidative|Magnetococcus_marinus	22.0	332	53.1
GCA_017613715_1__dsrA__JAGADH010000003.1_10	Q8KE39|dsrB|oxidative|Chlorobaculum_tepidum	21.0	305	52.4
GCA_017613715_1__dsrA__JAGADH010000003.1_10	T2G8V8|dsrB|reductive|Megalodesulfovibrio_gigas	20.8	307	51.2
GCA_017613715_1__dsrA__JAGADH010000003.1_10	A1BCS2|dsrB|oxidative|Chlorobium_phaeobacteroides	20.9	306	48.5
GCA_017613715_1__dsrA__JAGADH010000003.1_10	A0ABS1E5W7|dsrB|oxidative|Halorhodospira_neutriphila	21.6	333	46.2
GCA_017613715_1__dsrA__JAGADH010000003.1_10	Q9K5B4|dsrB|reductive|Desulfobacter_vibrioformis	18.2	318	46.2
GCA_017613715_1__dsrA__JAGADH010000003.1_10	S0G5M9|dsrB|reductive|Desulfotignum_phosphitoxidans_DSM_13687	18.1	337	43.5
GCA_017613715_1__dsrB__JAGADH010000003.1_9	Q9F4A2|dsrB|reductive|Desulfovibrio_desulfuricans	81.6	381	694
GCA_017613715_1__dsrB__JAGADH010000003.1_9	P45575|dsrB|reductive|Nitratidesulfovibrio_vulgaris	78.2	381	672
GCA_017613715_1__dsrB__JAGADH010000003.1_9	T2G8V8|dsrB|reductive|Megalodesulfovibrio_gigas	72.4	381	617
GCA_017613715_1__dsrB__JAGADH010000003.1_9	S0G5M9|dsrB|reductive|Desulfotignum_phosphitoxidans_DSM_13687	68.3	382	590
GCA_017613715_1__dsrB__JAGADH010000003.1_9	Q9K5B4|dsrB|reductive|Desulfobacter_vibrioformis	68.3	382	587
GCA_017613715_1__dsrB__JAGADH010000003.1_9	Q9K5B8|dsrB|reductive|Desulfobulbus_rhabdoformis	63.3	376	511
GCA_017613715_1__dsrB__JAGADH010000003.1_9	E1QFJ3|dsrB|reductive|Desulfarculus_baarsii	63.3	365	498
GCA_017613715_1__dsrB__JAGADH010000003.1_9	N0BL33|dsrB|reductive|Archaeoglobus_sulfaticallidus_PM70-1	55.6	376	446
GCA_017613715_1__dsrB__JAGADH010000003.1_9	A4J9D5|dsrB|reductive|Desulforamulus_reducens	54.8	363	440
GCA_017613715_1__dsrB__JAGADH010000003.1_9	Q59110|dsrB|reductive|Archaeoglobus_fulgidus	55.1	376	429
GCA_017613715_1__dsrB__JAGADH010000003.1_9	Q251E3|dsrB|reductive|Desulfitobacterium_hafniense	53.8	364	422
GCA_017613715_1__dsrB__JAGADH010000003.1_9	B5YIF3|dsrB|reductive|Thermodesulfovibrio_yellowstonii	52.3	365	413
GCA_017613715_1__dsrB__JAGADH010000003.1_9	A0ABT8QNA5|dsrB|reductive|Desulfosporosinus_nitroreducens	51.6	364	402
GCA_017613715_1__dsrB__JAGADH010000003.1_9	A1BCS2|dsrB|oxidative|Chlorobium_phaeobacteroides	46.7	362	343
GCA_017613715_1__dsrB__JAGADH010000003.1_9	A0A5C4RYG3|dsrB|oxidative|Chlorobaculum_thiosulfatiphilum	46.7	362	338
GCA_017613715_1__dsrB__JAGADH010000003.1_9	Q8KE39|dsrB|oxidative|Chlorobaculum_tepidum	46.7	362	338
GCA_017613715_1__dsrB__JAGADH010000003.1_9	A0L9L5|dsrB|oxidative|Magnetococcus_marinus	43.4	362	319
GCA_017613715_1__dsrB__JAGADH010000003.1_9	A0ABS1E5W7|dsrB|oxidative|Halorhodospira_neutriphila	44.3	370	311
GCA_017613715_1__dsrB__JAGADH010000003.1_9	L0DSF9|dsrB|oxidative|Thioalkalivibrio_nitratireducens	44.6	354	310
GCA_017613715_1__dsrB__JAGADH010000003.1_9	O33999|dsrB|oxidative|Allochromatium_vinosum	44.7	347	300
GCA_017613715_1__dsrB__JAGADH010000003.1_9	A0A9X0WG77|dsrB|oxidative|Thiocapsa_imhoffii	43.8	347	297
GCA_017613715_1__dsrB__JAGADH010000003.1_9	A0ABY9MNZ8|dsrB|oxidative|Thiothrix_lacustris	43.2	354	293
GCA_017613715_1__dsrB__JAGADH010000003.1_9	A0ABS1E8E7|dsrA|oxidative|Halorhodospira_neutriphila	24.4	303	89.7
GCA_017613715_1__dsrB__JAGADH010000003.1_9	O33998|dsrA|oxidative|Allochromatium_vinosum	25.2	330	88.2
GCA_017613715_1__dsrB__JAGADH010000003.1_9	A0L9L4|dsrA|oxidative|Magnetococcus_marinus	22.3	296	75.9
GCA_017613715_1__dsrB__JAGADH010000003.1_9	E0D1Z2|dsrA|oxidative|Thiocapsa_marina	24.4	283	74.7
GCA_017613715_1__dsrB__JAGADH010000003.1_9	Q8K5E9|dsrA|oxidative|Chlorobaculum_tepidum	22.9	323	73.6
GCA_017613715_1__dsrB__JAGADH010000003.1_9	A0A5C4RXN4|dsrA|oxidative|Chlorobaculum_thiosulfatiphilum	24.4	308	68.6
GCA_017613715_1__dsrB__JAGADH010000003.1_9	A1BCS1|dsrA|oxidative|Chlorobium_phaeobacteroides	23.8	307	67.0
GCA_017613715_1__dsrB__JAGADH010000003.1_9	Q9K5B5|dsrA|reductive|Desulfobacter_vibrioformis	20.5	268	54.3
GCA_017613715_1__dsrB__JAGADH010000003.1_9	T2G7Q3|dsrA|reductive|Megalodesulfovibrio_gigas	20.4	333	53.1
GCA_017613715_1__dsrB__JAGADH010000003.1_9	S0FXQ9|dsrA|reductive|Desulfotignum_phosphitoxidans_DSM_13687	20.8	269	53.1
GCA_017613715_1__dsrB__JAGADH010000003.1_9	Q9F4A3|dsrA|reductive|Desulfovibrio_desulfuricans	22.0	327	49.3
GCA_017613715_1__dsrB__JAGADH010000003.1_9	Q5ZQR5|dsrA|reductive|Desulfosudis_oleivorans	18.9	360	45.8
GCA_017613715_1__dsrB__JAGADH010000003.1_9	Q9K5B9|dsrA|reductive|Desulfobulbus_rhabdoformis	19.9	346	42.0
GCA_017613715_1__dsrB__JAGADH010000003.1_9	Q93EU9|dsrA|reductive|Desulfarculus_baarsii	19.8	333	39.7
GCA_018263585_1__dsrA__JAANWZ010000105.1_3	Q251E4|dsrA|reductive|Desulfitobacterium_hafniense	59.9	392	523
GCA_018263585_1__dsrA__JAANWZ010000105.1_3	N0BK96|dsrA|reductive|Archaeoglobus_sulfaticallidus_PM70-1	60.7	394	517
GCA_018263585_1__dsrA__JAANWZ010000105.1_3	A0ABT8QKK2|dsrA|reductive|Desulfosporosinus_nitroreducens	59.4	392	507
GCA_018263585_1__dsrA__JAANWZ010000105.1_3	Q9K5B9|dsrA|reductive|Desulfobulbus_rhabdoformis	55.3	409	495
GCA_018263585_1__dsrA__JAANWZ010000105.1_3	Q59109|dsrA|reductive|Archaeoglobus_fulgidus	57.2	404	479
GCA_018263585_1__dsrA__JAANWZ010000105.1_3	B5YIF2|dsrA|reductive|Thermodesulfovibrio_yellowstonii	57.5	400	470
GCA_018263585_1__dsrA__JAANWZ010000105.1_3	S0FXQ9|dsrA|reductive|Desulfotignum_phosphitoxidans_DSM_13687	53.9	423	471
GCA_018263585_1__dsrA__JAANWZ010000105.1_3	P45574|dsrA|reductive|Nitratidesulfovibrio_vulgaris	55.3	418	469
GCA_018263585_1__dsrA__JAANWZ010000105.1_3	Q9K5B5|dsrA|reductive|Desulfobacter_vibrioformis	53.3	422	462
GCA_018263585_1__dsrA__JAANWZ010000105.1_3	T2G7Q3|dsrA|reductive|Megalodesulfovibrio_gigas	52.6	418	453
GCA_018263585_1__dsrA__JAANWZ010000105.1_3	Q93EU9|dsrA|reductive|Desulfarculus_baarsii	58.9	353	445
GCA_018263585_1__dsrA__JAANWZ010000105.1_3	Q9F4A3|dsrA|reductive|Desulfovibrio_desulfuricans	51.0	418	440
GCA_018263585_1__dsrA__JAANWZ010000105.1_3	Q93EV7|dsrA|reductive|Thermodesulfobacterium_commune	55.0	358	419
GCA_018263585_1__dsrA__JAANWZ010000105.1_3	Q5ZQS3|dsrA|reductive|Desulfomicrobium_baculatum	54.5	356	412
GCA_018263585_1__dsrA__JAANWZ010000105.1_3	Q5ZQT9|dsrA|reductive|Archaeoglobus_veneficus	54.8	341	401
GCA_018263585_1__dsrA__JAANWZ010000105.1_3	A0L9L4|dsrA|oxidative|Magnetococcus_marinus	48.6	387	402
GCA_018263585_1__dsrA__JAANWZ010000105.1_3	O33998|dsrA|oxidative|Allochromatium_vinosum	48.3	391	394
GCA_018263585_1__dsrA__JAANWZ010000105.1_3	Q5ZQR5|dsrA|reductive|Desulfosudis_oleivorans	52.0	354	387
GCA_018263585_1__dsrA__JAANWZ010000105.1_3	A0ABS1E8E7|dsrA|oxidative|Halorhodospira_neutriphila	46.7	394	378
GCA_018263585_1__dsrA__JAANWZ010000105.1_3	A1BCS1|dsrA|oxidative|Chlorobium_phaeobacteroides	47.4	388	377
GCA_018263585_1__dsrA__JAANWZ010000105.1_3	Q8K5E9|dsrA|oxidative|Chlorobaculum_tepidum	45.7	387	376
GCA_018263585_1__dsrA__JAANWZ010000105.1_3	A0A5C4RXN4|dsrA|oxidative|Chlorobaculum_thiosulfatiphilum	45.5	387	370
GCA_018263585_1__dsrA__JAANWZ010000105.1_3	A0ABY9MRG6|dsrA|oxidative|Thiothrix_lacustris	43.5	407	364
GCA_018263585_1__dsrA__JAANWZ010000105.1_3	E0D1Z2|dsrA|oxidative|Thiocapsa_marina	45.4	295	276
GCA_018263585_1__dsrA__JAANWZ010000105.1_3	N0BL33|dsrB|reductive|Archaeoglobus_sulfaticallidus_PM70-1	26.6	319	104
GCA_018263585_1__dsrA__JAANWZ010000105.1_3	Q251E3|dsrB|reductive|Desulfitobacterium_hafniense	22.9	297	96.3
GCA_018263585_1__dsrA__JAANWZ010000105.1_3	B5YIF3|dsrB|reductive|Thermodesulfovibrio_yellowstonii	24.9	289	89.0
GCA_018263585_1__dsrA__JAANWZ010000105.1_3	A0ABT8QNA5|dsrB|reductive|Desulfosporosinus_nitroreducens	23.6	331	87.4
GCA_018263585_1__dsrA__JAANWZ010000105.1_3	Q59110|dsrB|reductive|Archaeoglobus_fulgidus	24.9	357	85.1
GCA_018263585_1__dsrA__JAANWZ010000105.1_3	A4J9D5|dsrB|reductive|Desulforamulus_reducens	22.3	332	83.2
GCA_018263585_1__dsrA__JAANWZ010000105.1_3	Q8KE39|dsrB|oxidative|Chlorobaculum_tepidum	24.6	281	77.4
GCA_018263585_1__dsrA__JAANWZ010000105.1_3	A1BCS2|dsrB|oxidative|Chlorobium_phaeobacteroides	23.9	293	76.3
GCA_018263585_1__dsrA__JAANWZ010000105.1_3	S0G5M9|dsrB|reductive|Desulfotignum_phosphitoxidans_DSM_13687	22.5	360	72.4
GCA_018263585_1__dsrA__JAANWZ010000105.1_3	T2G8V8|dsrB|reductive|Megalodesulfovibrio_gigas	23.7	287	71.6
GCA_018263585_1__dsrA__JAANWZ010000105.1_3	A0A5C4RYG3|dsrB|oxidative|Chlorobaculum_thiosulfatiphilum	23.1	281	70.9
GCA_018263585_1__dsrA__JAANWZ010000105.1_3	A0L9L5|dsrB|oxidative|Magnetococcus_marinus	22.9	279	67.0
GCA_018263585_1__dsrA__JAANWZ010000105.1_3	P45575|dsrB|reductive|Nitratidesulfovibrio_vulgaris	21.9	301	66.2
GCA_018263585_1__dsrA__JAANWZ010000105.1_3	Q9K5B4|dsrB|reductive|Desulfobacter_vibrioformis	21.8	308	65.9
GCA_018263585_1__dsrA__JAANWZ010000105.1_3	Q9K5B8|dsrB|reductive|Desulfobulbus_rhabdoformis	23.2	302	64.3
GCA_018263585_1__dsrA__JAANWZ010000105.1_3	E1QFJ3|dsrB|reductive|Desulfarculus_baarsii	21.3	357	62.0
GCA_018263585_1__dsrA__JAANWZ010000105.1_3	L0DSF9|dsrB|oxidative|Thioalkalivibrio_nitratireducens	22.6	274	60.5
GCA_018263585_1__dsrA__JAANWZ010000105.1_3	Q9F4A2|dsrB|reductive|Desulfovibrio_desulfuricans	21.4	304	59.7
GCA_018263585_1__dsrA__JAANWZ010000105.1_3	A0A9X0WG77|dsrB|oxidative|Thiocapsa_imhoffii	22.6	274	57.0
GCA_018263585_1__dsrA__JAANWZ010000105.1_3	A0ABS1E5W7|dsrB|oxidative|Halorhodospira_neutriphila	21.8	275	56.2
GCA_018263585_1__dsrA__JAANWZ010000105.1_3	O33999|dsrB|oxidative|Allochromatium_vinosum	22.3	274	55.8
GCA_018263585_1__dsrA__JAANWZ010000105.1_3	A0ABY9MNZ8|dsrB|oxidative|Thiothrix_lacustris	23.6	280	52.8
GCA_018263585_1__dsrB__JAANWZ010000105.1_4	A4J9D5|dsrB|reductive|Desulforamulus_reducens	62.2	349	473
GCA_018263585_1__dsrB__JAANWZ010000105.1_4	B5YIF3|dsrB|reductive|Thermodesulfovibrio_yellowstonii	57.7	357	459
GCA_018263585_1__dsrB__JAANWZ010000105.1_4	E1QFJ3|dsrB|reductive|Desulfarculus_baarsii	58.2	352	455
GCA_018263585_1__dsrB__JAANWZ010000105.1_4	P45575|dsrB|reductive|Nitratidesulfovibrio_vulgaris	58.2	349	437
GCA_018263585_1__dsrB__JAANWZ010000105.1_4	N0BL33|dsrB|reductive|Archaeoglobus_sulfaticallidus_PM70-1	55.3	356	432
GCA_018263585_1__dsrB__JAANWZ010000105.1_4	Q9K5B8|dsrB|reductive|Desulfobulbus_rhabdoformis	55.7	361	433
GCA_018263585_1__dsrB__JAANWZ010000105.1_4	Q251E3|dsrB|reductive|Desulfitobacterium_hafniense	56.6	348	429
GCA_018263585_1__dsrB__JAANWZ010000105.1_4	Q9F4A2|dsrB|reductive|Desulfovibrio_desulfuricans	57.3	349	426
GCA_018263585_1__dsrB__JAANWZ010000105.1_4	T2G8V8|dsrB|reductive|Megalodesulfovibrio_gigas	53.5	370	422
GCA_018263585_1__dsrB__JAANWZ010000105.1_4	A0ABT8QNA5|dsrB|reductive|Desulfosporosinus_nitroreducens	54.0	350	417
GCA_018263585_1__dsrB__JAANWZ010000105.1_4	Q9K5B4|dsrB|reductive|Desulfobacter_vibrioformis	53.3	364	416
GCA_018263585_1__dsrB__JAANWZ010000105.1_4	S0G5M9|dsrB|reductive|Desulfotignum_phosphitoxidans_DSM_13687	51.9	364	409
GCA_018263585_1__dsrB__JAANWZ010000105.1_4	Q59110|dsrB|reductive|Archaeoglobus_fulgidus	51.5	361	397
GCA_018263585_1__dsrB__JAANWZ010000105.1_4	A1BCS2|dsrB|oxidative|Chlorobium_phaeobacteroides	49.6	355	372
GCA_018263585_1__dsrB__JAANWZ010000105.1_4	Q8KE39|dsrB|oxidative|Chlorobaculum_tepidum	49.1	348	358
GCA_018263585_1__dsrB__JAANWZ010000105.1_4	A0A5C4RYG3|dsrB|oxidative|Chlorobaculum_thiosulfatiphilum	48.3	348	354
GCA_018263585_1__dsrB__JAANWZ010000105.1_4	A0L9L5|dsrB|oxidative|Magnetococcus_marinus	46.5	357	344
GCA_018263585_1__dsrB__JAANWZ010000105.1_4	L0DSF9|dsrB|oxidative|Thioalkalivibrio_nitratireducens	45.7	348	339
GCA_018263585_1__dsrB__JAANWZ010000105.1_4	A0A9X0WG77|dsrB|oxidative|Thiocapsa_imhoffii	45.7	357	337
GCA_018263585_1__dsrB__JAANWZ010000105.1_4	O33999|dsrB|oxidative|Allochromatium_vinosum	45.1	357	333
GCA_018263585_1__dsrB__JAANWZ010000105.1_4	A0ABY9MNZ8|dsrB|oxidative|Thiothrix_lacustris	44.8	348	332
GCA_018263585_1__dsrB__JAANWZ010000105.1_4	A0ABS1E5W7|dsrB|oxidative|Halorhodospira_neutriphila	44.0	357	321
GCA_018263585_1__dsrB__JAANWZ010000105.1_4	O33998|dsrA|oxidative|Allochromatium_vinosum	26.1	295	94.4
GCA_018263585_1__dsrB__JAANWZ010000105.1_4	E0D1Z2|dsrA|oxidative|Thiocapsa_marina	25.2	286	90.1
GCA_018263585_1__dsrB__JAANWZ010000105.1_4	A0ABY9MRG6|dsrA|oxidative|Thiothrix_lacustris	24.6	317	87.4
GCA_018263585_1__dsrB__JAANWZ010000105.1_4	A0ABS1E8E7|dsrA|oxidative|Halorhodospira_neutriphila	22.3	323	86.7
GCA_018263585_1__dsrB__JAANWZ010000105.1_4	B5YIF2|dsrA|reductive|Thermodesulfovibrio_yellowstonii	23.8	320	82.4
GCA_018263585_1__dsrB__JAANWZ010000105.1_4	A0L9L4|dsrA|oxidative|Magnetococcus_marinus	22.6	301	82.0
GCA_018263585_1__dsrB__JAANWZ010000105.1_4	A0ABT8QKK2|dsrA|reductive|Desulfosporosinus_nitroreducens	24.0	346	82.0
GCA_018263585_1__dsrB__JAANWZ010000105.1_4	N0BK96|dsrA|reductive|Archaeoglobus_sulfaticallidus_PM70-1	23.7	295	79.0
GCA_018263585_1__dsrB__JAANWZ010000105.1_4	Q8K5E9|dsrA|oxidative|Chlorobaculum_tepidum	23.3	301	77.4
GCA_018263585_1__dsrB__JAANWZ010000105.1_4	A0A5C4RXN4|dsrA|oxidative|Chlorobaculum_thiosulfatiphilum	25.0	304	74.7
GCA_018263585_1__dsrB__JAANWZ010000105.1_4	T2G7Q3|dsrA|reductive|Megalodesulfovibrio_gigas	23.7	337	74.3
GCA_018263585_1__dsrB__JAANWZ010000105.1_4	Q9K5B5|dsrA|reductive|Desulfobacter_vibrioformis	24.2	252	73.9
GCA_018263585_1__dsrB__JAANWZ010000105.1_4	S0FXQ9|dsrA|reductive|Desulfotignum_phosphitoxidans_DSM_13687	23.7	325	72.4
GCA_018263585_1__dsrB__JAANWZ010000105.1_4	A1BCS1|dsrA|oxidative|Chlorobium_phaeobacteroides	23.2	298	68.2
GCA_018263585_1__dsrB__JAANWZ010000105.1_4	Q9K5B9|dsrA|reductive|Desulfobulbus_rhabdoformis	23.0	322	67.8
GCA_018263585_1__dsrB__JAANWZ010000105.1_4	Q5ZQR5|dsrA|reductive|Desulfosudis_oleivorans	20.5	317	62.8
GCA_018263585_1__dsrB__JAANWZ010000105.1_4	Q9F4A3|dsrA|reductive|Desulfovibrio_desulfuricans	21.8	344	61.2
GCA_018263585_1__dsrB__JAANWZ010000105.1_4	P45574|dsrA|reductive|Nitratidesulfovibrio_vulgaris	22.0	378	60.5
GCA_018263585_1__dsrB__JAANWZ010000105.1_4	Q5ZQS3|dsrA|reductive|Desulfomicrobium_baculatum	21.5	340	55.8
GCA_018263585_1__dsrB__JAANWZ010000105.1_4	Q93EU9|dsrA|reductive|Desulfarculus_baarsii	22.0	305	52.4
GCA_018263585_1__dsrB__JAANWZ010000105.1_4	Q93EV7|dsrA|reductive|Thermodesulfobacterium_commune	21.9	301	52.0
GCA_018902545_1__dsrA__JAHIQM010000001.1_80	Q5ZQS3|dsrA|reductive|Desulfomicrobium_baculatum	97.6	368	773
GCA_018902545_1__dsrA__JAHIQM010000001.1_80	T2G7Q3|dsrA|reductive|Megalodesulfovibrio_gigas	73.9	437	728
GCA_018902545_1__dsrA__JAHIQM010000001.1_80	P45574|dsrA|reductive|Nitratidesulfovibrio_vulgaris	73.5	437	716
GCA_018902545_1__dsrA__JAHIQM010000001.1_80	Q9F4A3|dsrA|reductive|Desulfovibrio_desulfuricans	71.4	437	698
GCA_018902545_1__dsrA__JAHIQM010000001.1_80	Q9K5B5|dsrA|reductive|Desulfobacter_vibrioformis	71.9	441	691
GCA_018902545_1__dsrA__JAHIQM010000001.1_80	S0FXQ9|dsrA|reductive|Desulfotignum_phosphitoxidans_DSM_13687	72.2	442	691
GCA_018902545_1__dsrA__JAHIQM010000001.1_80	Q9K5B9|dsrA|reductive|Desulfobulbus_rhabdoformis	63.1	439	615
GCA_018902545_1__dsrA__JAHIQM010000001.1_80	Q5ZQR5|dsrA|reductive|Desulfosudis_oleivorans	71.2	368	588
GCA_018902545_1__dsrA__JAHIQM010000001.1_80	Q93EV7|dsrA|reductive|Thermodesulfobacterium_commune	65.9	370	533
GCA_018902545_1__dsrA__JAHIQM010000001.1_80	Q93EU9|dsrA|reductive|Desulfarculus_baarsii	62.5	373	488
GCA_018902545_1__dsrA__JAHIQM010000001.1_80	Q59109|dsrA|reductive|Archaeoglobus_fulgidus	52.3	417	457
GCA_018902545_1__dsrA__JAHIQM010000001.1_80	N0BK96|dsrA|reductive|Archaeoglobus_sulfaticallidus_PM70-1	52.8	422	457
GCA_018902545_1__dsrA__JAHIQM010000001.1_80	Q251E4|dsrA|reductive|Desulfitobacterium_hafniense	50.9	424	439
GCA_018902545_1__dsrA__JAHIQM010000001.1_80	A0ABT8QKK2|dsrA|reductive|Desulfosporosinus_nitroreducens	48.9	425	438
GCA_018902545_1__dsrA__JAHIQM010000001.1_80	B5YIF2|dsrA|reductive|Thermodesulfovibrio_yellowstonii	50.0	420	431
GCA_018902545_1__dsrA__JAHIQM010000001.1_80	Q5ZQT9|dsrA|reductive|Archaeoglobus_veneficus	48.6	354	366
GCA_018902545_1__dsrA__JAHIQM010000001.1_80	O33998|dsrA|oxidative|Allochromatium_vinosum	44.2	414	359
GCA_018902545_1__dsrA__JAHIQM010000001.1_80	Q8K5E9|dsrA|oxidative|Chlorobaculum_tepidum	42.0	412	343
GCA_018902545_1__dsrA__JAHIQM010000001.1_80	A1BCS1|dsrA|oxidative|Chlorobium_phaeobacteroides	42.0	412	340
GCA_018902545_1__dsrA__JAHIQM010000001.1_80	A0ABY9MRG6|dsrA|oxidative|Thiothrix_lacustris	41.6	416	336
GCA_018902545_1__dsrA__JAHIQM010000001.1_80	A0A5C4RXN4|dsrA|oxidative|Chlorobaculum_thiosulfatiphilum	41.0	412	331
GCA_018902545_1__dsrA__JAHIQM010000001.1_80	A0L9L4|dsrA|oxidative|Magnetococcus_marinus	40.8	414	330
GCA_018902545_1__dsrA__JAHIQM010000001.1_80	A0ABS1E8E7|dsrA|oxidative|Halorhodospira_neutriphila	41.0	427	325
GCA_018902545_1__dsrA__JAHIQM010000001.1_80	E0D1Z2|dsrA|oxidative|Thiocapsa_marina	41.6	308	254
GCA_018902545_1__dsrA__JAHIQM010000001.1_80	B5YIF3|dsrB|reductive|Thermodesulfovibrio_yellowstonii	26.3	312	73.6
GCA_018902545_1__dsrA__JAHIQM010000001.1_80	Q251E3|dsrB|reductive|Desulfitobacterium_hafniense	23.0	309	69.7
GCA_018902545_1__dsrA__JAHIQM010000001.1_80	A0ABT8QNA5|dsrB|reductive|Desulfosporosinus_nitroreducens	23.6	330	65.1
GCA_018902545_1__dsrA__JAHIQM010000001.1_80	N0BL33|dsrB|reductive|Archaeoglobus_sulfaticallidus_PM70-1	22.0	327	57.0
GCA_018902545_1__dsrA__JAHIQM010000001.1_80	Q59110|dsrB|reductive|Archaeoglobus_fulgidus	20.2	347	52.0
GCA_018902545_1__dsrA__JAHIQM010000001.1_80	E1QFJ3|dsrB|reductive|Desulfarculus_baarsii	22.3	278	50.4
GCA_018902545_1__dsrA__JAHIQM010000001.1_80	A0L9L5|dsrB|oxidative|Magnetococcus_marinus	22.0	327	42.4
GCA_018902545_1__dsrA__JAHIQM010000001.1_80	A0A5C4RYG3|dsrB|oxidative|Chlorobaculum_thiosulfatiphilum	20.8	307	39.7
GCA_018902545_1__dsrA__JAHIQM010000001.1_80	A1BCS2|dsrB|oxidative|Chlorobium_phaeobacteroides	20.4	309	38.5
GCA_018902545_1__dsrB__JAHIQM010000001.1_79	P45575|dsrB|reductive|Nitratidesulfovibrio_vulgaris	74.1	386	628
GCA_018902545_1__dsrB__JAHIQM010000001.1_79	T2G8V8|dsrB|reductive|Megalodesulfovibrio_gigas	71.5	386	600
GCA_018902545_1__dsrB__JAHIQM010000001.1_79	S0G5M9|dsrB|reductive|Desulfotignum_phosphitoxidans_DSM_13687	69.7	386	598
GCA_018902545_1__dsrB__JAHIQM010000001.1_79	Q9F4A2|dsrB|reductive|Desulfovibrio_desulfuricans	69.9	386	597
GCA_018902545_1__dsrB__JAHIQM010000001.1_79	Q9K5B4|dsrB|reductive|Desulfobacter_vibrioformis	69.7	386	592
GCA_018902545_1__dsrB__JAHIQM010000001.1_79	Q9K5B8|dsrB|reductive|Desulfobulbus_rhabdoformis	62.4	380	504
GCA_018902545_1__dsrB__JAHIQM010000001.1_79	E1QFJ3|dsrB|reductive|Desulfarculus_baarsii	57.4	371	461
GCA_018902545_1__dsrB__JAHIQM010000001.1_79	A4J9D5|dsrB|reductive|Desulforamulus_reducens	52.5	373	409
GCA_018902545_1__dsrB__JAHIQM010000001.1_79	N0BL33|dsrB|reductive|Archaeoglobus_sulfaticallidus_PM70-1	49.9	381	409
GCA_018902545_1__dsrB__JAHIQM010000001.1_79	Q251E3|dsrB|reductive|Desulfitobacterium_hafniense	51.8	369	403
GCA_018902545_1__dsrB__JAHIQM010000001.1_79	Q59110|dsrB|reductive|Archaeoglobus_fulgidus	50.7	381	397
GCA_018902545_1__dsrB__JAHIQM010000001.1_79	A0ABT8QNA5|dsrB|reductive|Desulfosporosinus_nitroreducens	49.6	369	389
GCA_018902545_1__dsrB__JAHIQM010000001.1_79	B5YIF3|dsrB|reductive|Thermodesulfovibrio_yellowstonii	47.5	373	379
GCA_018902545_1__dsrB__JAHIQM010000001.1_79	Q8KE39|dsrB|oxidative|Chlorobaculum_tepidum	42.0	367	316
GCA_018902545_1__dsrB__JAHIQM010000001.1_79	A1BCS2|dsrB|oxidative|Chlorobium_phaeobacteroides	42.3	378	315
GCA_018902545_1__dsrB__JAHIQM010000001.1_79	A0A5C4RYG3|dsrB|oxidative|Chlorobaculum_thiosulfatiphilum	41.4	367	313
GCA_018902545_1__dsrB__JAHIQM010000001.1_79	A0ABS1E5W7|dsrB|oxidative|Halorhodospira_neutriphila	41.1	375	296
GCA_018902545_1__dsrB__JAHIQM010000001.1_79	A0A9X0WG77|dsrB|oxidative|Thiocapsa_imhoffii	43.7	343	293
GCA_018902545_1__dsrB__JAHIQM010000001.1_79	A0L9L5|dsrB|oxidative|Magnetococcus_marinus	41.1	372	292
GCA_018902545_1__dsrB__JAHIQM010000001.1_79	O33999|dsrB|oxidative|Allochromatium_vinosum	43.1	343	291
GCA_018902545_1__dsrB__JAHIQM010000001.1_79	L0DSF9|dsrB|oxidative|Thioalkalivibrio_nitratireducens	39.5	367	286
GCA_018902545_1__dsrB__JAHIQM010000001.1_79	A0ABY9MNZ8|dsrB|oxidative|Thiothrix_lacustris	39.0	367	281
GCA_018902545_1__dsrB__JAHIQM010000001.1_79	A0ABS1E8E7|dsrA|oxidative|Halorhodospira_neutriphila	23.1	312	85.5
GCA_018902545_1__dsrB__JAHIQM010000001.1_79	A0L9L4|dsrA|oxidative|Magnetococcus_marinus	23.1	303	70.1
GCA_018902545_1__dsrB__JAHIQM010000001.1_79	E0D1Z2|dsrA|oxidative|Thiocapsa_marina	22.1	289	69.7
GCA_018902545_1__dsrB__JAHIQM010000001.1_79	A0A5C4RXN4|dsrA|oxidative|Chlorobaculum_thiosulfatiphilum	23.5	311	68.9
GCA_018902545_1__dsrB__JAHIQM010000001.1_79	Q8K5E9|dsrA|oxidative|Chlorobaculum_tepidum	23.7	312	65.1
GCA_018902545_1__dsrB__JAHIQM010000001.1_79	A1BCS1|dsrA|oxidative|Chlorobium_phaeobacteroides	21.5	344	62.4
GCA_018902545_1__dsrB__JAHIQM010000001.1_79	A0ABT8QKK2|dsrA|reductive|Desulfosporosinus_nitroreducens	23.5	260	57.4
GCA_018902545_1__dsrB__JAHIQM010000001.1_79	Q9K5B5|dsrA|reductive|Desulfobacter_vibrioformis	19.4	278	52.4
GCA_018902545_1__dsrB__JAHIQM010000001.1_79	Q5ZQR5|dsrA|reductive|Desulfosudis_oleivorans	19.4	258	51.6
GCA_018902545_1__dsrB__JAHIQM010000001.1_79	S0FXQ9|dsrA|reductive|Desulfotignum_phosphitoxidans_DSM_13687	19.8	324	51.2
GCA_018902545_1__dsrB__JAHIQM010000001.1_79	T2G7Q3|dsrA|reductive|Megalodesulfovibrio_gigas	19.7	274	49.7
GCA_018902545_1__dsrB__JAHIQM010000001.1_79	Q9K5B9|dsrA|reductive|Desulfobulbus_rhabdoformis	20.7	261	44.7
GCA_020061125_1__dsrA__JAGUYV010000476.1_6	Q9K5B9|dsrA|reductive|Desulfobulbus_rhabdoformis	60.2	415	517
GCA_020061125_1__dsrA__JAGUYV010000476.1_6	Q251E4|dsrA|reductive|Desulfitobacterium_hafniense	58.3	412	507
GCA_020061125_1__dsrA__JAGUYV010000476.1_6	N0BK96|dsrA|reductive|Archaeoglobus_sulfaticallidus_PM70-1	56.5	414	505
GCA_020061125_1__dsrA__JAGUYV010000476.1_6	Q59109|dsrA|reductive|Archaeoglobus_fulgidus	58.0	419	496
GCA_020061125_1__dsrA__JAGUYV010000476.1_6	A0ABT8QKK2|dsrA|reductive|Desulfosporosinus_nitroreducens	56.7	409	494
GCA_020061125_1__dsrA__JAGUYV010000476.1_6	P45574|dsrA|reductive|Nitratidesulfovibrio_vulgaris	57.4	423	495
GCA_020061125_1__dsrA__JAGUYV010000476.1_6	T2G7Q3|dsrA|reductive|Megalodesulfovibrio_gigas	56.3	423	488
GCA_020061125_1__dsrA__JAGUYV010000476.1_6	Q9F4A3|dsrA|reductive|Desulfovibrio_desulfuricans	56.7	423	486
GCA_020061125_1__dsrA__JAGUYV010000476.1_6	S0FXQ9|dsrA|reductive|Desulfotignum_phosphitoxidans_DSM_13687	56.3	428	480
GCA_020061125_1__dsrA__JAGUYV010000476.1_6	Q9K5B5|dsrA|reductive|Desulfobacter_vibrioformis	56.1	437	477
GCA_020061125_1__dsrA__JAGUYV010000476.1_6	Q93EU9|dsrA|reductive|Desulfarculus_baarsii	62.6	353	467
GCA_020061125_1__dsrA__JAGUYV010000476.1_6	B5YIF2|dsrA|reductive|Thermodesulfovibrio_yellowstonii	54.5	402	465
GCA_020061125_1__dsrA__JAGUYV010000476.1_6	Q5ZQS3|dsrA|reductive|Desulfomicrobium_baculatum	59.0	354	445
GCA_020061125_1__dsrA__JAGUYV010000476.1_6	Q93EV7|dsrA|reductive|Thermodesulfobacterium_commune	59.8	358	435
GCA_020061125_1__dsrA__JAGUYV010000476.1_6	Q5ZQT9|dsrA|reductive|Archaeoglobus_veneficus	55.9	354	408
GCA_020061125_1__dsrA__JAGUYV010000476.1_6	Q5ZQR5|dsrA|reductive|Desulfosudis_oleivorans	53.7	354	393
GCA_020061125_1__dsrA__JAGUYV010000476.1_6	A1BCS1|dsrA|oxidative|Chlorobium_phaeobacteroides	47.1	397	372
GCA_020061125_1__dsrA__JAGUYV010000476.1_6	Q8K5E9|dsrA|oxidative|Chlorobaculum_tepidum	45.6	401	365
GCA_020061125_1__dsrA__JAGUYV010000476.1_6	A0ABS1E8E7|dsrA|oxidative|Halorhodospira_neutriphila	46.0	409	354
GCA_020061125_1__dsrA__JAGUYV010000476.1_6	A0L9L4|dsrA|oxidative|Magnetococcus_marinus	44.1	408	353
GCA_020061125_1__dsrA__JAGUYV010000476.1_6	A0A5C4RXN4|dsrA|oxidative|Chlorobaculum_thiosulfatiphilum	44.6	401	352
GCA_020061125_1__dsrA__JAGUYV010000476.1_6	O33998|dsrA|oxidative|Allochromatium_vinosum	44.5	402	347
GCA_020061125_1__dsrA__JAGUYV010000476.1_6	A0ABY9MRG6|dsrA|oxidative|Thiothrix_lacustris	42.0	402	323
GCA_020061125_1__dsrA__JAGUYV010000476.1_6	E0D1Z2|dsrA|oxidative|Thiocapsa_marina	44.4	293	254
GCA_020061125_1__dsrA__JAGUYV010000476.1_6	A0ABT8QNA5|dsrB|reductive|Desulfosporosinus_nitroreducens	27.3	297	81.6
GCA_020061125_1__dsrA__JAGUYV010000476.1_6	Q251E3|dsrB|reductive|Desulfitobacterium_hafniense	25.2	318	77.0
GCA_020061125_1__dsrA__JAGUYV010000476.1_6	N0BL33|dsrB|reductive|Archaeoglobus_sulfaticallidus_PM70-1	25.5	333	75.5
GCA_020061125_1__dsrA__JAGUYV010000476.1_6	B5YIF3|dsrB|reductive|Thermodesulfovibrio_yellowstonii	26.1	330	75.1
GCA_020061125_1__dsrA__JAGUYV010000476.1_6	Q9F4A2|dsrB|reductive|Desulfovibrio_desulfuricans	23.8	324	71.2
GCA_020061125_1__dsrA__JAGUYV010000476.1_6	P45575|dsrB|reductive|Nitratidesulfovibrio_vulgaris	24.0	342	68.9
GCA_020061125_1__dsrA__JAGUYV010000476.1_6	T2G8V8|dsrB|reductive|Megalodesulfovibrio_gigas	24.3	325	66.6
GCA_020061125_1__dsrA__JAGUYV010000476.1_6	Q9K5B4|dsrB|reductive|Desulfobacter_vibrioformis	23.2	349	65.1
GCA_020061125_1__dsrA__JAGUYV010000476.1_6	S0G5M9|dsrB|reductive|Desulfotignum_phosphitoxidans_DSM_13687	22.6	341	62.4
GCA_020061125_1__dsrA__JAGUYV010000476.1_6	A0A5C4RYG3|dsrB|oxidative|Chlorobaculum_thiosulfatiphilum	22.0	300	55.8
GCA_020061125_1__dsrA__JAGUYV010000476.1_6	A0ABS1E5W7|dsrB|oxidative|Halorhodospira_neutriphila	22.4	304	55.8
GCA_020061125_1__dsrA__JAGUYV010000476.1_6	Q8KE39|dsrB|oxidative|Chlorobaculum_tepidum	21.0	300	52.4
GCA_020061125_1__dsrA__JAGUYV010000476.1_6	Q9K5B8|dsrB|reductive|Desulfobulbus_rhabdoformis	25.3	308	51.6
GCA_020061125_1__dsrA__JAGUYV010000476.1_6	E1QFJ3|dsrB|reductive|Desulfarculus_baarsii	25.6	309	50.1
GCA_020061125_1__dsrA__JAGUYV010000476.1_6	A1BCS2|dsrB|oxidative|Chlorobium_phaeobacteroides	19.7	320	43.9
GCA_020061125_1__dsrA__JAGUYV010000476.1_6	O33999|dsrB|oxidative|Allochromatium_vinosum	22.6	279	41.6
GCA_020061125_1__dsrA__JAGUYV010000476.1_6	A0A9X0WG77|dsrB|oxidative|Thiocapsa_imhoffii	21.9	279	39.3
GCA_020061125_1__dsrB__JAGUYV010000476.1_5	A4J9D5|dsrB|reductive|Desulforamulus_reducens	65.4	355	518
GCA_020061125_1__dsrB__JAGUYV010000476.1_5	E1QFJ3|dsrB|reductive|Desulfarculus_baarsii	65.7	356	507
GCA_020061125_1__dsrB__JAGUYV010000476.1_5	Q251E3|dsrB|reductive|Desulfitobacterium_hafniense	60.8	355	483
GCA_020061125_1__dsrB__JAGUYV010000476.1_5	B5YIF3|dsrB|reductive|Thermodesulfovibrio_yellowstonii	58.3	355	482
GCA_020061125_1__dsrB__JAGUYV010000476.1_5	Q9K5B8|dsrB|reductive|Desulfobulbus_rhabdoformis	60.8	365	473
GCA_020061125_1__dsrB__JAGUYV010000476.1_5	A0ABT8QNA5|dsrB|reductive|Desulfosporosinus_nitroreducens	59.4	355	470
GCA_020061125_1__dsrB__JAGUYV010000476.1_5	N0BL33|dsrB|reductive|Archaeoglobus_sulfaticallidus_PM70-1	56.5	359	461
GCA_020061125_1__dsrB__JAGUYV010000476.1_5	P45575|dsrB|reductive|Nitratidesulfovibrio_vulgaris	54.9	366	458
GCA_020061125_1__dsrB__JAGUYV010000476.1_5	T2G8V8|dsrB|reductive|Megalodesulfovibrio_gigas	55.1	370	455
GCA_020061125_1__dsrB__JAGUYV010000476.1_5	Q9F4A2|dsrB|reductive|Desulfovibrio_desulfuricans	53.6	366	446
GCA_020061125_1__dsrB__JAGUYV010000476.1_5	S0G5M9|dsrB|reductive|Desulfotignum_phosphitoxidans_DSM_13687	56.4	367	444
GCA_020061125_1__dsrB__JAGUYV010000476.1_5	Q9K5B4|dsrB|reductive|Desulfobacter_vibrioformis	55.9	367	441
GCA_020061125_1__dsrB__JAGUYV010000476.1_5	Q59110|dsrB|reductive|Archaeoglobus_fulgidus	54.7	362	439
GCA_020061125_1__dsrB__JAGUYV010000476.1_5	A0A5C4RYG3|dsrB|oxidative|Chlorobaculum_thiosulfatiphilum	45.1	355	347
GCA_020061125_1__dsrB__JAGUYV010000476.1_5	A1BCS2|dsrB|oxidative|Chlorobium_phaeobacteroides	44.6	354	347
GCA_020061125_1__dsrB__JAGUYV010000476.1_5	Q8KE39|dsrB|oxidative|Chlorobaculum_tepidum	44.1	354	344
GCA_020061125_1__dsrB__JAGUYV010000476.1_5	O33999|dsrB|oxidative|Allochromatium_vinosum	45.6	349	337
GCA_020061125_1__dsrB__JAGUYV010000476.1_5	A0A9X0WG77|dsrB|oxidative|Thiocapsa_imhoffii	45.3	349	335
GCA_020061125_1__dsrB__JAGUYV010000476.1_5	A0ABS1E5W7|dsrB|oxidative|Halorhodospira_neutriphila	48.9	321	334
GCA_020061125_1__dsrB__JAGUYV010000476.1_5	A0L9L5|dsrB|oxidative|Magnetococcus_marinus	44.2	344	329
GCA_020061125_1__dsrB__JAGUYV010000476.1_5	L0DSF9|dsrB|oxidative|Thioalkalivibrio_nitratireducens	42.4	354	324
GCA_020061125_1__dsrB__JAGUYV010000476.1_5	A0ABY9MNZ8|dsrB|oxidative|Thiothrix_lacustris	43.4	355	324
GCA_020061125_1__dsrB__JAGUYV010000476.1_5	A0L9L4|dsrA|oxidative|Magnetococcus_marinus	27.3	245	97.4
GCA_020061125_1__dsrB__JAGUYV010000476.1_5	A0ABS1E8E7|dsrA|oxidative|Halorhodospira_neutriphila	24.4	279	92.4
GCA_020061125_1__dsrB__JAGUYV010000476.1_5	N0BK96|dsrA|reductive|Archaeoglobus_sulfaticallidus_PM70-1	24.4	279	90.5
GCA_020061125_1__dsrB__JAGUYV010000476.1_5	O33998|dsrA|oxidative|Allochromatium_vinosum	24.4	279	89.0
GCA_020061125_1__dsrB__JAGUYV010000476.1_5	E0D1Z2|dsrA|oxidative|Thiocapsa_marina	24.7	243	84.3
GCA_020061125_1__dsrB__JAGUYV010000476.1_5	A1BCS1|dsrA|oxidative|Chlorobium_phaeobacteroides	24.4	279	84.0
GCA_020061125_1__dsrB__JAGUYV010000476.1_5	Q8K5E9|dsrA|oxidative|Chlorobaculum_tepidum	25.0	284	83.6
GCA_020061125_1__dsrB__JAGUYV010000476.1_5	A0A5C4RXN4|dsrA|oxidative|Chlorobaculum_thiosulfatiphilum	25.7	284	83.2
GCA_020061125_1__dsrB__JAGUYV010000476.1_5	A0ABY9MRG6|dsrA|oxidative|Thiothrix_lacustris	22.9	292	83.2
GCA_020061125_1__dsrB__JAGUYV010000476.1_5	Q251E4|dsrA|reductive|Desulfitobacterium_hafniense	24.6	276	82.0
GCA_020061125_1__dsrB__JAGUYV010000476.1_5	A0ABT8QKK2|dsrA|reductive|Desulfosporosinus_nitroreducens	23.9	280	79.7
GCA_020061125_1__dsrB__JAGUYV010000476.1_5	Q9K5B5|dsrA|reductive|Desulfobacter_vibrioformis	24.9	249	77.4
GCA_020061125_1__dsrB__JAGUYV010000476.1_5	S0FXQ9|dsrA|reductive|Desulfotignum_phosphitoxidans_DSM_13687	24.9	305	75.5
GCA_020061125_1__dsrB__JAGUYV010000476.1_5	T2G7Q3|dsrA|reductive|Megalodesulfovibrio_gigas	25.7	249	74.3
GCA_020061125_1__dsrB__JAGUYV010000476.1_5	Q93EV7|dsrA|reductive|Thermodesulfobacterium_commune	23.4	299	70.1
GCA_020061125_1__dsrB__JAGUYV010000476.1_5	Q9F4A3|dsrA|reductive|Desulfovibrio_desulfuricans	23.9	301	67.4
GCA_020061125_1__dsrB__JAGUYV010000476.1_5	Q93EU9|dsrA|reductive|Desulfarculus_baarsii	21.5	260	64.7
GCA_020061125_1__dsrB__JAGUYV010000476.1_5	Q9K5B9|dsrA|reductive|Desulfobulbus_rhabdoformis	21.6	306	64.3
GCA_020061125_1__dsrB__JAGUYV010000476.1_5	Q5ZQR5|dsrA|reductive|Desulfosudis_oleivorans	21.8	303	63.5
GCA_020061125_1__dsrB__JAGUYV010000476.1_5	P45574|dsrA|reductive|Nitratidesulfovibrio_vulgaris	23.6	335	62.8
GCA_020061125_1__dsrB__JAGUYV010000476.1_5	Q5ZQS3|dsrA|reductive|Desulfomicrobium_baculatum	23.8	302	60.1
GCA_020217265_1__dsrA__JAIWOS010000023.1_9	A0ABS1E8E7|dsrA|oxidative|Halorhodospira_neutriphila	58.4	433	546
GCA_020217265_1__dsrA__JAIWOS010000023.1_9	O33998|dsrA|oxidative|Allochromatium_vinosum	58.2	431	521
GCA_020217265_1__dsrA__JAIWOS010000023.1_9	A0ABY9MRG6|dsrA|oxidative|Thiothrix_lacustris	55.8	455	497
GCA_020217265_1__dsrA__JAIWOS010000023.1_9	A1BCS1|dsrA|oxidative|Chlorobium_phaeobacteroides	51.3	415	447
GCA_020217265_1__dsrA__JAIWOS010000023.1_9	A0L9L4|dsrA|oxidative|Magnetococcus_marinus	49.5	414	440
GCA_020217265_1__dsrA__JAIWOS010000023.1_9	Q8K5E9|dsrA|oxidative|Chlorobaculum_tepidum	50.0	416	440
GCA_020217265_1__dsrA__JAIWOS010000023.1_9	A0A5C4RXN4|dsrA|oxidative|Chlorobaculum_thiosulfatiphilum	50.5	416	439
GCA_020217265_1__dsrA__JAIWOS010000023.1_9	N0BK96|dsrA|reductive|Archaeoglobus_sulfaticallidus_PM70-1	45.8	428	373
GCA_020217265_1__dsrA__JAIWOS010000023.1_9	Q251E4|dsrA|reductive|Desulfitobacterium_hafniense	45.2	407	367
GCA_020217265_1__dsrA__JAIWOS010000023.1_9	E0D1Z2|dsrA|oxidative|Thiocapsa_marina	58.1	298	367
GCA_020217265_1__dsrA__JAIWOS010000023.1_9	A0ABT8QKK2|dsrA|reductive|Desulfosporosinus_nitroreducens	44.6	408	362
GCA_020217265_1__dsrA__JAIWOS010000023.1_9	Q9K5B9|dsrA|reductive|Desulfobulbus_rhabdoformis	41.7	429	355
GCA_020217265_1__dsrA__JAIWOS010000023.1_9	S0FXQ9|dsrA|reductive|Desulfotignum_phosphitoxidans_DSM_13687	40.2	465	336
GCA_020217265_1__dsrA__JAIWOS010000023.1_9	B5YIF2|dsrA|reductive|Thermodesulfovibrio_yellowstonii	40.8	424	330
GCA_020217265_1__dsrA__JAIWOS010000023.1_9	Q9K5B5|dsrA|reductive|Desulfobacter_vibrioformis	39.6	467	329
GCA_020217265_1__dsrA__JAIWOS010000023.1_9	Q59109|dsrA|reductive|Archaeoglobus_fulgidus	40.9	425	327
GCA_020217265_1__dsrA__JAIWOS010000023.1_9	P45574|dsrA|reductive|Nitratidesulfovibrio_vulgaris	39.2	459	325
GCA_020217265_1__dsrA__JAIWOS010000023.1_9	T2G7Q3|dsrA|reductive|Megalodesulfovibrio_gigas	41.0	441	325
GCA_020217265_1__dsrA__JAIWOS010000023.1_9	Q9F4A3|dsrA|reductive|Desulfovibrio_desulfuricans	39.2	441	313
GCA_020217265_1__dsrA__JAIWOS010000023.1_9	Q5ZQS3|dsrA|reductive|Desulfomicrobium_baculatum	40.7	393	294
GCA_020217265_1__dsrA__JAIWOS010000023.1_9	Q93EU9|dsrA|reductive|Desulfarculus_baarsii	40.9	369	281
GCA_020217265_1__dsrA__JAIWOS010000023.1_9	Q5ZQT9|dsrA|reductive|Archaeoglobus_veneficus	39.8	359	273
GCA_020217265_1__dsrA__JAIWOS010000023.1_9	Q93EV7|dsrA|reductive|Thermodesulfobacterium_commune	39.5	372	271
GCA_020217265_1__dsrA__JAIWOS010000023.1_9	Q5ZQR5|dsrA|reductive|Desulfosudis_oleivorans	38.5	369	266
GCA_020217265_1__dsrA__JAIWOS010000023.1_9	A0ABT8QNA5|dsrB|reductive|Desulfosporosinus_nitroreducens	23.8	320	82.8
GCA_020217265_1__dsrA__JAIWOS010000023.1_9	P45575|dsrB|reductive|Nitratidesulfovibrio_vulgaris	23.2	336	82.8
GCA_020217265_1__dsrA__JAIWOS010000023.1_9	Q9F4A2|dsrB|reductive|Desulfovibrio_desulfuricans	25.1	339	80.9
GCA_020217265_1__dsrA__JAIWOS010000023.1_9	Q251E3|dsrB|reductive|Desulfitobacterium_hafniense	23.4	320	79.0
GCA_020217265_1__dsrA__JAIWOS010000023.1_9	B5YIF3|dsrB|reductive|Thermodesulfovibrio_yellowstonii	24.5	310	76.3
GCA_020217265_1__dsrA__JAIWOS010000023.1_9	N0BL33|dsrB|reductive|Archaeoglobus_sulfaticallidus_PM70-1	24.1	332	73.9
GCA_020217265_1__dsrA__JAIWOS010000023.1_9	T2G8V8|dsrB|reductive|Megalodesulfovibrio_gigas	22.2	261	73.6
GCA_020217265_1__dsrA__JAIWOS010000023.1_9	Q9K5B4|dsrB|reductive|Desulfobacter_vibrioformis	21.8	335	72.8
GCA_020217265_1__dsrA__JAIWOS010000023.1_9	Q59110|dsrB|reductive|Archaeoglobus_fulgidus	23.5	319	72.0
GCA_020217265_1__dsrA__JAIWOS010000023.1_9	S0G5M9|dsrB|reductive|Desulfotignum_phosphitoxidans_DSM_13687	24.3	267	70.5
GCA_020217265_1__dsrA__JAIWOS010000023.1_9	A4J9D5|dsrB|reductive|Desulforamulus_reducens	24.3	313	67.8
GCA_020217265_1__dsrA__JAIWOS010000023.1_9	Q8KE39|dsrB|oxidative|Chlorobaculum_tepidum	21.4	308	67.8
GCA_020217265_1__dsrA__JAIWOS010000023.1_9	A1BCS2|dsrB|oxidative|Chlorobium_phaeobacteroides	22.1	321	67.4
GCA_020217265_1__dsrA__JAIWOS010000023.1_9	E1QFJ3|dsrB|reductive|Desulfarculus_baarsii	24.6	260	67.4
GCA_020217265_1__dsrA__JAIWOS010000023.1_9	Q9K5B8|dsrB|reductive|Desulfobulbus_rhabdoformis	23.2	254	67.0
GCA_020217265_1__dsrA__JAIWOS010000023.1_9	A0A5C4RYG3|dsrB|oxidative|Chlorobaculum_thiosulfatiphilum	21.9	310	65.5
GCA_020217265_1__dsrA__JAIWOS010000023.1_9	A0L9L5|dsrB|oxidative|Magnetococcus_marinus	21.0	314	63.5
GCA_020217265_1__dsrA__JAIWOS010000023.1_9	A0ABS1E5W7|dsrB|oxidative|Halorhodospira_neutriphila	21.7	277	55.8
GCA_020217265_1__dsrA__JAIWOS010000023.1_9	A0A9X0WG77|dsrB|oxidative|Thiocapsa_imhoffii	20.7	294	53.9
GCA_020217265_1__dsrA__JAIWOS010000023.1_9	O33999|dsrB|oxidative|Allochromatium_vinosum	20.2	292	52.0
GCA_020217265_1__dsrA__JAIWOS010000023.1_9	A0ABY9MNZ8|dsrB|oxidative|Thiothrix_lacustris	20.2	297	48.5
GCA_020217265_1__dsrB__JAIWOS010000168.1_1	L0DSF9|dsrB|oxidative|Thioalkalivibrio_nitratireducens	75.6	353	597
GCA_020217265_1__dsrB__JAIWOS010000168.1_1	O33999|dsrB|oxidative|Allochromatium_vinosum	72.8	356	580
GCA_020217265_1__dsrB__JAIWOS010000168.1_1	A0A9X0WG77|dsrB|oxidative|Thiocapsa_imhoffii	72.2	356	577
GCA_020217265_1__dsrB__JAIWOS010000168.1_1	A0ABY9MNZ8|dsrB|oxidative|Thiothrix_lacustris	70.9	354	570
GCA_020217265_1__dsrB__JAIWOS010000168.1_1	A0ABS1E5W7|dsrB|oxidative|Halorhodospira_neutriphila	69.6	352	553
GCA_020217265_1__dsrB__JAIWOS010000168.1_1	A0L9L5|dsrB|oxidative|Magnetococcus_marinus	64.1	351	493
GCA_020217265_1__dsrB__JAIWOS010000168.1_1	A0A5C4RYG3|dsrB|oxidative|Chlorobaculum_thiosulfatiphilum	62.5	349	481
GCA_020217265_1__dsrB__JAIWOS010000168.1_1	Q8KE39|dsrB|oxidative|Chlorobaculum_tepidum	62.2	349	480
GCA_020217265_1__dsrB__JAIWOS010000168.1_1	A1BCS2|dsrB|oxidative|Chlorobium_phaeobacteroides	62.2	349	474
GCA_020217265_1__dsrB__JAIWOS010000168.1_1	N0BL33|dsrB|reductive|Archaeoglobus_sulfaticallidus_PM70-1	47.0	364	354
GCA_020217265_1__dsrB__JAIWOS010000168.1_1	A4J9D5|dsrB|reductive|Desulforamulus_reducens	46.8	359	353
GCA_020217265_1__dsrB__JAIWOS010000168.1_1	Q251E3|dsrB|reductive|Desulfitobacterium_hafniense	48.4	339	343
GCA_020217265_1__dsrB__JAIWOS010000168.1_1	A0ABT8QNA5|dsrB|reductive|Desulfosporosinus_nitroreducens	45.3	351	336
GCA_020217265_1__dsrB__JAIWOS010000168.1_1	B5YIF3|dsrB|reductive|Thermodesulfovibrio_yellowstonii	48.3	333	332
GCA_020217265_1__dsrB__JAIWOS010000168.1_1	Q59110|dsrB|reductive|Archaeoglobus_fulgidus	47.7	333	330
GCA_020217265_1__dsrB__JAIWOS010000168.1_1	Q9K5B4|dsrB|reductive|Desulfobacter_vibrioformis	45.6	351	312
GCA_020217265_1__dsrB__JAIWOS010000168.1_1	S0G5M9|dsrB|reductive|Desulfotignum_phosphitoxidans_DSM_13687	43.4	371	311
GCA_020217265_1__dsrB__JAIWOS010000168.1_1	T2G8V8|dsrB|reductive|Megalodesulfovibrio_gigas	44.2	342	309
GCA_020217265_1__dsrB__JAIWOS010000168.1_1	E1QFJ3|dsrB|reductive|Desulfarculus_baarsii	43.9	342	308
GCA_020217265_1__dsrB__JAIWOS010000168.1_1	P45575|dsrB|reductive|Nitratidesulfovibrio_vulgaris	42.6	359	307
GCA_020217265_1__dsrB__JAIWOS010000168.1_1	Q9F4A2|dsrB|reductive|Desulfovibrio_desulfuricans	42.8	353	301
GCA_020217265_1__dsrB__JAIWOS010000168.1_1	Q9K5B8|dsrB|reductive|Desulfobulbus_rhabdoformis	43.1	334	295
GCA_020217265_1__dsrB__JAIWOS010000168.1_1	A0ABY9MRG6|dsrA|oxidative|Thiothrix_lacustris	22.8	289	79.0
GCA_020217265_1__dsrB__JAIWOS010000168.1_1	O33998|dsrA|oxidative|Allochromatium_vinosum	22.0	282	78.2
GCA_020217265_1__dsrB__JAIWOS010000168.1_1	A0ABS1E8E7|dsrA|oxidative|Halorhodospira_neutriphila	23.2	285	75.9
GCA_020217265_1__dsrB__JAIWOS010000168.1_1	E0D1Z2|dsrA|oxidative|Thiocapsa_marina	22.5	275	75.1
GCA_020217265_1__dsrB__JAIWOS010000168.1_1	N0BK96|dsrA|reductive|Archaeoglobus_sulfaticallidus_PM70-1	22.5	351	69.3
GCA_020217265_1__dsrB__JAIWOS010000168.1_1	B5YIF2|dsrA|reductive|Thermodesulfovibrio_yellowstonii	23.0	282	68.2
GCA_020217265_1__dsrB__JAIWOS010000168.1_1	Q8K5E9|dsrA|oxidative|Chlorobaculum_tepidum	23.2	298	66.2
GCA_020217265_1__dsrB__JAIWOS010000168.1_1	A0A5C4RXN4|dsrA|oxidative|Chlorobaculum_thiosulfatiphilum	23.3	301	60.1
GCA_020217265_1__dsrB__JAIWOS010000168.1_1	Q251E4|dsrA|reductive|Desulfitobacterium_hafniense	21.7	276	58.2
GCA_020217265_1__dsrB__JAIWOS010000168.1_1	A0L9L4|dsrA|oxidative|Magnetococcus_marinus	20.2	282	58.2
GCA_020217265_1__dsrB__JAIWOS010000168.1_1	A1BCS1|dsrA|oxidative|Chlorobium_phaeobacteroides	21.9	283	54.7
GCA_020217265_1__dsrB__JAIWOS010000168.1_1	Q9F4A3|dsrA|reductive|Desulfovibrio_desulfuricans	20.3	306	52.0
GCA_020217265_1__dsrB__JAIWOS010000168.1_1	Q5ZQR5|dsrA|reductive|Desulfosudis_oleivorans	19.4	310	49.3
GCA_020217265_1__dsrB__JAIWOS010000168.1_1	A0ABT8QKK2|dsrA|reductive|Desulfosporosinus_nitroreducens	19.2	271	48.5
GCA_020217265_1__dsrB__JAIWOS010000168.1_1	Q9K5B9|dsrA|reductive|Desulfobulbus_rhabdoformis	20.8	308	48.5
GCA_020217265_1__dsrB__JAIWOS010000168.1_1	P45574|dsrA|reductive|Nitratidesulfovibrio_vulgaris	21.7	309	47.0
GCA_020217265_1__dsrB__JAIWOS010000168.1_1	Q9K5B5|dsrA|reductive|Desulfobacter_vibrioformis	20.4	299	46.2
GCA_020217265_1__dsrB__JAIWOS010000168.1_1	S0FXQ9|dsrA|reductive|Desulfotignum_phosphitoxidans_DSM_13687	19.7	300	44.7
GCA_020217265_1__dsrB__JAIWOS010000168.1_1	Q93EU9|dsrA|reductive|Desulfarculus_baarsii	20.5	293	44.3
GCA_020217265_1__dsrB__JAIWOS010000168.1_1	T2G7Q3|dsrA|reductive|Megalodesulfovibrio_gigas	21.5	260	44.3
GCA_020217265_1__dsrB__JAIWOS010000168.1_1	Q93EV7|dsrA|reductive|Thermodesulfobacterium_commune	20.1	338	43.5
GCA_020445225_1__dsrA__JAGRGZ010000263.1_6	O33998|dsrA|oxidative|Allochromatium_vinosum	86.0	415	774
GCA_020445225_1__dsrA__JAGRGZ010000263.1_6	A0ABY9MRG6|dsrA|oxidative|Thiothrix_lacustris	75.6	426	694
GCA_020445225_1__dsrA__JAGRGZ010000263.1_6	A0ABS1E8E7|dsrA|oxidative|Halorhodospira_neutriphila	62.9	421	580
GCA_020445225_1__dsrA__JAGRGZ010000263.1_6	E0D1Z2|dsrA|oxidative|Thiocapsa_marina	88.3	282	536
GCA_020445225_1__dsrA__JAGRGZ010000263.1_6	A0L9L4|dsrA|oxidative|Magnetococcus_marinus	53.8	392	469
GCA_020445225_1__dsrA__JAGRGZ010000263.1_6	Q8K5E9|dsrA|oxidative|Chlorobaculum_tepidum	54.1	390	464
GCA_020445225_1__dsrA__JAGRGZ010000263.1_6	A1BCS1|dsrA|oxidative|Chlorobium_phaeobacteroides	53.2	391	459
GCA_020445225_1__dsrA__JAGRGZ010000263.1_6	A0A5C4RXN4|dsrA|oxidative|Chlorobaculum_thiosulfatiphilum	53.8	392	457
GCA_020445225_1__dsrA__JAGRGZ010000263.1_6	N0BK96|dsrA|reductive|Archaeoglobus_sulfaticallidus_PM70-1	46.9	403	386
GCA_020445225_1__dsrA__JAGRGZ010000263.1_6	Q251E4|dsrA|reductive|Desulfitobacterium_hafniense	45.8	402	370
GCA_020445225_1__dsrA__JAGRGZ010000263.1_6	A0ABT8QKK2|dsrA|reductive|Desulfosporosinus_nitroreducens	45.7	394	362
GCA_020445225_1__dsrA__JAGRGZ010000263.1_6	Q9K5B9|dsrA|reductive|Desulfobulbus_rhabdoformis	41.2	432	360
GCA_020445225_1__dsrA__JAGRGZ010000263.1_6	Q59109|dsrA|reductive|Archaeoglobus_fulgidus	44.8	400	356
GCA_020445225_1__dsrA__JAGRGZ010000263.1_6	P45574|dsrA|reductive|Nitratidesulfovibrio_vulgaris	41.4	435	338
GCA_020445225_1__dsrA__JAGRGZ010000263.1_6	T2G7Q3|dsrA|reductive|Megalodesulfovibrio_gigas	40.6	414	332
GCA_020445225_1__dsrA__JAGRGZ010000263.1_6	Q9F4A3|dsrA|reductive|Desulfovibrio_desulfuricans	41.3	426	332
GCA_020445225_1__dsrA__JAGRGZ010000263.1_6	S0FXQ9|dsrA|reductive|Desulfotignum_phosphitoxidans_DSM_13687	39.6	417	331
GCA_020445225_1__dsrA__JAGRGZ010000263.1_6	Q9K5B5|dsrA|reductive|Desulfobacter_vibrioformis	38.5	434	327
GCA_020445225_1__dsrA__JAGRGZ010000263.1_6	B5YIF2|dsrA|reductive|Thermodesulfovibrio_yellowstonii	41.0	388	312
GCA_020445225_1__dsrA__JAGRGZ010000263.1_6	Q93EU9|dsrA|reductive|Desulfarculus_baarsii	42.9	364	310
GCA_020445225_1__dsrA__JAGRGZ010000263.1_6	Q5ZQS3|dsrA|reductive|Desulfomicrobium_baculatum	41.7	357	298
GCA_020445225_1__dsrA__JAGRGZ010000263.1_6	Q5ZQT9|dsrA|reductive|Archaeoglobus_veneficus	42.7	337	291
GCA_020445225_1__dsrA__JAGRGZ010000263.1_6	Q93EV7|dsrA|reductive|Thermodesulfobacterium_commune	41.3	361	287
GCA_020445225_1__dsrA__JAGRGZ010000263.1_6	Q5ZQR5|dsrA|reductive|Desulfosudis_oleivorans	40.8	346	278
GCA_020445225_1__dsrA__JAGRGZ010000263.1_6	A0ABT8QNA5|dsrB|reductive|Desulfosporosinus_nitroreducens	25.9	305	103
GCA_020445225_1__dsrA__JAGRGZ010000263.1_6	B5YIF3|dsrB|reductive|Thermodesulfovibrio_yellowstonii	25.7	307	103
GCA_020445225_1__dsrA__JAGRGZ010000263.1_6	Q251E3|dsrB|reductive|Desulfitobacterium_hafniense	23.4	320	102
GCA_020445225_1__dsrA__JAGRGZ010000263.1_6	Q8KE39|dsrB|oxidative|Chlorobaculum_tepidum	22.5	306	91.7
GCA_020445225_1__dsrA__JAGRGZ010000263.1_6	N0BL33|dsrB|reductive|Archaeoglobus_sulfaticallidus_PM70-1	24.6	313	91.3
GCA_020445225_1__dsrA__JAGRGZ010000263.1_6	A0A5C4RYG3|dsrB|oxidative|Chlorobaculum_thiosulfatiphilum	23.4	290	90.9
GCA_020445225_1__dsrA__JAGRGZ010000263.1_6	Q9F4A2|dsrB|reductive|Desulfovibrio_desulfuricans	23.5	307	90.5
GCA_020445225_1__dsrA__JAGRGZ010000263.1_6	S0G5M9|dsrB|reductive|Desulfotignum_phosphitoxidans_DSM_13687	22.5	324	89.4
GCA_020445225_1__dsrA__JAGRGZ010000263.1_6	A1BCS2|dsrB|oxidative|Chlorobium_phaeobacteroides	22.7	326	89.0
GCA_020445225_1__dsrA__JAGRGZ010000263.1_6	P45575|dsrB|reductive|Nitratidesulfovibrio_vulgaris	23.4	320	88.6
GCA_020445225_1__dsrA__JAGRGZ010000263.1_6	Q59110|dsrB|reductive|Archaeoglobus_fulgidus	23.1	347	88.2
GCA_020445225_1__dsrA__JAGRGZ010000263.1_6	Q9K5B4|dsrB|reductive|Desulfobacter_vibrioformis	22.7	309	85.9
GCA_020445225_1__dsrA__JAGRGZ010000263.1_6	T2G8V8|dsrB|reductive|Megalodesulfovibrio_gigas	22.2	316	85.1
GCA_020445225_1__dsrA__JAGRGZ010000263.1_6	Q9K5B8|dsrB|reductive|Desulfobulbus_rhabdoformis	24.3	284	80.1
GCA_020445225_1__dsrA__JAGRGZ010000263.1_6	E1QFJ3|dsrB|reductive|Desulfarculus_baarsii	25.0	256	79.3
GCA_020445225_1__dsrA__JAGRGZ010000263.1_6	A0ABS1E5W7|dsrB|oxidative|Halorhodospira_neutriphila	22.2	333	74.3
GCA_020445225_1__dsrA__JAGRGZ010000263.1_6	L0DSF9|dsrB|oxidative|Thioalkalivibrio_nitratireducens	20.7	276	65.5
GCA_020445225_1__dsrA__JAGRGZ010000263.1_6	A0ABY9MNZ8|dsrB|oxidative|Thiothrix_lacustris	22.5	276	64.7
GCA_020445225_1__dsrB__JAGRGZ010000263.1_5	A0A9X0WG77|dsrB|oxidative|Thiocapsa_imhoffii	91.5	354	710
GCA_020445225_1__dsrB__JAGRGZ010000263.1_5	O33999|dsrB|oxidative|Allochromatium_vinosum	91.2	354	708
GCA_020445225_1__dsrB__JAGRGZ010000263.1_5	L0DSF9|dsrB|oxidative|Thioalkalivibrio_nitratireducens	86.4	353	675
GCA_020445225_1__dsrB__JAGRGZ010000263.1_5	A0ABY9MNZ8|dsrB|oxidative|Thiothrix_lacustris	83.1	356	654
GCA_020445225_1__dsrB__JAGRGZ010000263.1_5	A0ABS1E5W7|dsrB|oxidative|Halorhodospira_neutriphila	71.9	356	575
GCA_020445225_1__dsrB__JAGRGZ010000263.1_5	A0L9L5|dsrB|oxidative|Magnetococcus_marinus	60.8	357	478
GCA_020445225_1__dsrB__JAGRGZ010000263.1_5	Q8KE39|dsrB|oxidative|Chlorobaculum_tepidum	59.0	349	457
GCA_020445225_1__dsrB__JAGRGZ010000263.1_5	A1BCS2|dsrB|oxidative|Chlorobium_phaeobacteroides	59.3	349	456
GCA_020445225_1__dsrB__JAGRGZ010000263.1_5	A0A5C4RYG3|dsrB|oxidative|Chlorobaculum_thiosulfatiphilum	58.5	349	454
GCA_020445225_1__dsrB__JAGRGZ010000263.1_5	N0BL33|dsrB|reductive|Archaeoglobus_sulfaticallidus_PM70-1	45.1	364	338
GCA_020445225_1__dsrB__JAGRGZ010000263.1_5	A0ABT8QNA5|dsrB|reductive|Desulfosporosinus_nitroreducens	43.3	351	326
GCA_020445225_1__dsrB__JAGRGZ010000263.1_5	A4J9D5|dsrB|reductive|Desulforamulus_reducens	44.2	351	326
GCA_020445225_1__dsrB__JAGRGZ010000263.1_5	B5YIF3|dsrB|reductive|Thermodesulfovibrio_yellowstonii	43.4	350	322
GCA_020445225_1__dsrB__JAGRGZ010000263.1_5	E1QFJ3|dsrB|reductive|Desulfarculus_baarsii	43.5	361	310
GCA_020445225_1__dsrB__JAGRGZ010000263.1_5	Q59110|dsrB|reductive|Archaeoglobus_fulgidus	44.0	348	310
GCA_020445225_1__dsrB__JAGRGZ010000263.1_5	Q251E3|dsrB|reductive|Desulfitobacterium_hafniense	42.0	352	309
GCA_020445225_1__dsrB__JAGRGZ010000263.1_5	Q9K5B4|dsrB|reductive|Desulfobacter_vibrioformis	42.4	363	303
GCA_020445225_1__dsrB__JAGRGZ010000263.1_5	S0G5M9|dsrB|reductive|Desulfotignum_phosphitoxidans_DSM_13687	41.6	363	301
GCA_020445225_1__dsrB__JAGRGZ010000263.1_5	P45575|dsrB|reductive|Nitratidesulfovibrio_vulgaris	41.6	370	301
GCA_020445225_1__dsrB__JAGRGZ010000263.1_5	T2G8V8|dsrB|reductive|Megalodesulfovibrio_gigas	42.7	356	300
GCA_020445225_1__dsrB__JAGRGZ010000263.1_5	Q9F4A2|dsrB|reductive|Desulfovibrio_desulfuricans	41.8	371	295
GCA_020445225_1__dsrB__JAGRGZ010000263.1_5	Q9K5B8|dsrB|reductive|Desulfobulbus_rhabdoformis	41.7	348	294
GCA_020445225_1__dsrB__JAGRGZ010000263.1_5	A0ABS1E8E7|dsrA|oxidative|Halorhodospira_neutriphila	22.7	278	67.8
GCA_020445225_1__dsrB__JAGRGZ010000263.1_5	N0BK96|dsrA|reductive|Archaeoglobus_sulfaticallidus_PM70-1	24.3	272	67.0
GCA_020445225_1__dsrB__JAGRGZ010000263.1_5	E0D1Z2|dsrA|oxidative|Thiocapsa_marina	22.4	268	65.5
GCA_020445225_1__dsrB__JAGRGZ010000263.1_5	B5YIF2|dsrA|reductive|Thermodesulfovibrio_yellowstonii	22.3	282	59.3
GCA_020445225_1__dsrB__JAGRGZ010000263.1_5	A0L9L4|dsrA|oxidative|Magnetococcus_marinus	21.7	276	59.3
GCA_020445225_1__dsrB__JAGRGZ010000263.1_5	Q251E4|dsrA|reductive|Desulfitobacterium_hafniense	23.6	276	56.6
GCA_020445225_1__dsrB__JAGRGZ010000263.1_5	Q8K5E9|dsrA|oxidative|Chlorobaculum_tepidum	22.2	279	55.1
GCA_020445225_1__dsrB__JAGRGZ010000263.1_5	A0ABT8QKK2|dsrA|reductive|Desulfosporosinus_nitroreducens	21.1	275	54.7
GCA_020445225_1__dsrB__JAGRGZ010000263.1_5	A1BCS1|dsrA|oxidative|Chlorobium_phaeobacteroides	20.3	276	49.3
GCA_020445225_1__dsrB__JAGRGZ010000263.1_5	A0A5C4RXN4|dsrA|oxidative|Chlorobaculum_thiosulfatiphilum	21.5	279	48.9
GCA_020445225_1__dsrB__JAGRGZ010000263.1_5	Q93EV7|dsrA|reductive|Thermodesulfobacterium_commune	20.4	289	40.0
GCA_020721255_1__dsrA__DYND01000001.1_111	A1BCS1|dsrA|oxidative|Chlorobium_phaeobacteroides	84.2	417	752
GCA_020721255_1__dsrA__DYND01000001.1_111	Q8K5E9|dsrA|oxidative|Chlorobaculum_tepidum	80.7	415	720
GCA_020721255_1__dsrA__DYND01000001.1_111	A0A5C4RXN4|dsrA|oxidative|Chlorobaculum_thiosulfatiphilum	80.3	417	719
GCA_020721255_1__dsrA__DYND01000001.1_111	A0L9L4|dsrA|oxidative|Magnetococcus_marinus	63.4	396	543
GCA_020721255_1__dsrA__DYND01000001.1_111	O33998|dsrA|oxidative|Allochromatium_vinosum	54.1	392	468
GCA_020721255_1__dsrA__DYND01000001.1_111	A0ABS1E8E7|dsrA|oxidative|Halorhodospira_neutriphila	50.3	394	448
GCA_020721255_1__dsrA__DYND01000001.1_111	A0ABY9MRG6|dsrA|oxidative|Thiothrix_lacustris	51.6	405	444
GCA_020721255_1__dsrA__DYND01000001.1_111	Q251E4|dsrA|reductive|Desulfitobacterium_hafniense	50.3	386	404
GCA_020721255_1__dsrA__DYND01000001.1_111	N0BK96|dsrA|reductive|Archaeoglobus_sulfaticallidus_PM70-1	48.7	394	392
GCA_020721255_1__dsrA__DYND01000001.1_111	A0ABT8QKK2|dsrA|reductive|Desulfosporosinus_nitroreducens	48.2	386	388
GCA_020721255_1__dsrA__DYND01000001.1_111	Q59109|dsrA|reductive|Archaeoglobus_fulgidus	46.1	401	379
GCA_020721255_1__dsrA__DYND01000001.1_111	Q9K5B9|dsrA|reductive|Desulfobulbus_rhabdoformis	44.3	402	366
GCA_020721255_1__dsrA__DYND01000001.1_111	E0D1Z2|dsrA|oxidative|Thiocapsa_marina	55.0	280	345
GCA_020721255_1__dsrA__DYND01000001.1_111	B5YIF2|dsrA|reductive|Thermodesulfovibrio_yellowstonii	42.4	387	338
GCA_020721255_1__dsrA__DYND01000001.1_111	Q9F4A3|dsrA|reductive|Desulfovibrio_desulfuricans	42.4	415	338
GCA_020721255_1__dsrA__DYND01000001.1_111	T2G7Q3|dsrA|reductive|Megalodesulfovibrio_gigas	43.1	418	337
GCA_020721255_1__dsrA__DYND01000001.1_111	P45574|dsrA|reductive|Nitratidesulfovibrio_vulgaris	42.7	415	335
GCA_020721255_1__dsrA__DYND01000001.1_111	Q9K5B5|dsrA|reductive|Desulfobacter_vibrioformis	42.3	416	333
GCA_020721255_1__dsrA__DYND01000001.1_111	S0FXQ9|dsrA|reductive|Desulfotignum_phosphitoxidans_DSM_13687	41.7	415	331
GCA_020721255_1__dsrA__DYND01000001.1_111	Q5ZQT9|dsrA|reductive|Archaeoglobus_veneficus	45.4	335	317
GCA_020721255_1__dsrA__DYND01000001.1_111	Q93EU9|dsrA|reductive|Desulfarculus_baarsii	43.8	345	309
GCA_020721255_1__dsrA__DYND01000001.1_111	Q5ZQS3|dsrA|reductive|Desulfomicrobium_baculatum	43.4	346	300
GCA_020721255_1__dsrA__DYND01000001.1_111	Q5ZQR5|dsrA|reductive|Desulfosudis_oleivorans	41.0	346	284
GCA_020721255_1__dsrA__DYND01000001.1_111	Q93EV7|dsrA|reductive|Thermodesulfobacterium_commune	41.4	350	279
GCA_020721255_1__dsrA__DYND01000001.1_111	A0ABT8QNA5|dsrB|reductive|Desulfosporosinus_nitroreducens	25.0	276	82.8
GCA_020721255_1__dsrA__DYND01000001.1_111	B5YIF3|dsrB|reductive|Thermodesulfovibrio_yellowstonii	25.6	281	81.6
GCA_020721255_1__dsrA__DYND01000001.1_111	Q251E3|dsrB|reductive|Desulfitobacterium_hafniense	23.0	317	80.1
GCA_020721255_1__dsrA__DYND01000001.1_111	Q59110|dsrB|reductive|Archaeoglobus_fulgidus	21.4	308	72.0
GCA_020721255_1__dsrA__DYND01000001.1_111	N0BL33|dsrB|reductive|Archaeoglobus_sulfaticallidus_PM70-1	21.1	308	71.6
GCA_020721255_1__dsrA__DYND01000001.1_111	Q9F4A2|dsrB|reductive|Desulfovibrio_desulfuricans	22.0	309	71.6
GCA_020721255_1__dsrA__DYND01000001.1_111	P45575|dsrB|reductive|Nitratidesulfovibrio_vulgaris	22.5	306	70.9
GCA_020721255_1__dsrA__DYND01000001.1_111	A0A5C4RYG3|dsrB|oxidative|Chlorobaculum_thiosulfatiphilum	24.0	292	65.1
GCA_020721255_1__dsrA__DYND01000001.1_111	A1BCS2|dsrB|oxidative|Chlorobium_phaeobacteroides	23.2	289	65.1
GCA_020721255_1__dsrA__DYND01000001.1_111	T2G8V8|dsrB|reductive|Megalodesulfovibrio_gigas	22.5	249	63.9
GCA_020721255_1__dsrA__DYND01000001.1_111	Q8KE39|dsrB|oxidative|Chlorobaculum_tepidum	23.1	290	63.2
GCA_020721255_1__dsrA__DYND01000001.1_111	Q9K5B8|dsrB|reductive|Desulfobulbus_rhabdoformis	24.6	232	63.2
GCA_020721255_1__dsrA__DYND01000001.1_111	Q9K5B4|dsrB|reductive|Desulfobacter_vibrioformis	20.6	325	62.4
GCA_020721255_1__dsrA__DYND01000001.1_111	A0ABS1E5W7|dsrB|oxidative|Halorhodospira_neutriphila	24.2	281	60.1
GCA_020721255_1__dsrA__DYND01000001.1_111	S0G5M9|dsrB|reductive|Desulfotignum_phosphitoxidans_DSM_13687	19.8	328	59.7
GCA_020721255_1__dsrA__DYND01000001.1_111	A0L9L5|dsrB|oxidative|Magnetococcus_marinus	24.0	287	58.2
GCA_020721255_1__dsrA__DYND01000001.1_111	E1QFJ3|dsrB|reductive|Desulfarculus_baarsii	25.6	234	58.2
GCA_020721255_1__dsrA__DYND01000001.1_111	L0DSF9|dsrB|oxidative|Thioalkalivibrio_nitratireducens	21.9	278	46.6
GCA_020721255_1__dsrA__DYND01000001.1_111	O33999|dsrB|oxidative|Allochromatium_vinosum	21.6	278	45.1
GCA_020721255_1__dsrA__DYND01000001.1_111	A0A9X0WG77|dsrB|oxidative|Thiocapsa_imhoffii	21.2	278	44.7
GCA_020721255_1__dsrA__DYND01000001.1_111	A0ABY9MNZ8|dsrB|oxidative|Thiothrix_lacustris	22.3	282	43.5
GCA_020721255_1__dsrB__DYND01000001.1_112	Q8KE39|dsrB|oxidative|Chlorobaculum_tepidum	90.8	359	706
GCA_020721255_1__dsrB__DYND01000001.1_112	A0A5C4RYG3|dsrB|oxidative|Chlorobaculum_thiosulfatiphilum	89.7	359	699
GCA_020721255_1__dsrB__DYND01000001.1_112	A1BCS2|dsrB|oxidative|Chlorobium_phaeobacteroides	88.6	359	699
GCA_020721255_1__dsrB__DYND01000001.1_112	A0L9L5|dsrB|oxidative|Magnetococcus_marinus	69.4	353	555
GCA_020721255_1__dsrB__DYND01000001.1_112	O33999|dsrB|oxidative|Allochromatium_vinosum	59.6	349	468
GCA_020721255_1__dsrB__DYND01000001.1_112	A0A9X0WG77|dsrB|oxidative|Thiocapsa_imhoffii	59.0	349	464
GCA_020721255_1__dsrB__DYND01000001.1_112	L0DSF9|dsrB|oxidative|Thioalkalivibrio_nitratireducens	58.2	349	459
GCA_020721255_1__dsrB__DYND01000001.1_112	A0ABY9MNZ8|dsrB|oxidative|Thiothrix_lacustris	55.7	359	442
GCA_020721255_1__dsrB__DYND01000001.1_112	A0ABS1E5W7|dsrB|oxidative|Halorhodospira_neutriphila	56.2	349	441
GCA_020721255_1__dsrB__DYND01000001.1_112	Q251E3|dsrB|reductive|Desulfitobacterium_hafniense	49.9	351	382
GCA_020721255_1__dsrB__DYND01000001.1_112	N0BL33|dsrB|reductive|Archaeoglobus_sulfaticallidus_PM70-1	50.3	354	378
GCA_020721255_1__dsrB__DYND01000001.1_112	A0ABT8QNA5|dsrB|reductive|Desulfosporosinus_nitroreducens	49.9	351	374
GCA_020721255_1__dsrB__DYND01000001.1_112	A4J9D5|dsrB|reductive|Desulforamulus_reducens	48.4	349	367
GCA_020721255_1__dsrB__DYND01000001.1_112	Q59110|dsrB|reductive|Archaeoglobus_fulgidus	50.4	341	348
GCA_020721255_1__dsrB__DYND01000001.1_112	P45575|dsrB|reductive|Nitratidesulfovibrio_vulgaris	46.9	360	348
GCA_020721255_1__dsrB__DYND01000001.1_112	B5YIF3|dsrB|reductive|Thermodesulfovibrio_yellowstonii	46.5	357	345
GCA_020721255_1__dsrB__DYND01000001.1_112	Q9F4A2|dsrB|reductive|Desulfovibrio_desulfuricans	45.8	360	345
GCA_020721255_1__dsrB__DYND01000001.1_112	E1QFJ3|dsrB|reductive|Desulfarculus_baarsii	45.0	349	338
GCA_020721255_1__dsrB__DYND01000001.1_112	T2G8V8|dsrB|reductive|Megalodesulfovibrio_gigas	43.3	360	337
GCA_020721255_1__dsrB__DYND01000001.1_112	S0G5M9|dsrB|reductive|Desulfotignum_phosphitoxidans_DSM_13687	44.0	361	337
GCA_020721255_1__dsrB__DYND01000001.1_112	Q9K5B8|dsrB|reductive|Desulfobulbus_rhabdoformis	44.5	355	334
GCA_020721255_1__dsrB__DYND01000001.1_112	Q9K5B4|dsrB|reductive|Desulfobacter_vibrioformis	43.2	361	328
GCA_020721255_1__dsrB__DYND01000001.1_112	A0ABY9MRG6|dsrA|oxidative|Thiothrix_lacustris	22.0	336	89.7
GCA_020721255_1__dsrB__DYND01000001.1_112	O33998|dsrA|oxidative|Allochromatium_vinosum	22.7	335	85.9
GCA_020721255_1__dsrB__DYND01000001.1_112	N0BK96|dsrA|reductive|Archaeoglobus_sulfaticallidus_PM70-1	24.2	289	79.0
GCA_020721255_1__dsrB__DYND01000001.1_112	E0D1Z2|dsrA|oxidative|Thiocapsa_marina	21.1	285	70.9
GCA_020721255_1__dsrB__DYND01000001.1_112	B5YIF2|dsrA|reductive|Thermodesulfovibrio_yellowstonii	22.4	303	67.8
GCA_020721255_1__dsrB__DYND01000001.1_112	A0ABS1E8E7|dsrA|oxidative|Halorhodospira_neutriphila	21.7	290	67.0
GCA_020721255_1__dsrB__DYND01000001.1_112	Q59109|dsrA|reductive|Archaeoglobus_fulgidus	21.4	299	65.9
GCA_020721255_1__dsrB__DYND01000001.1_112	Q251E4|dsrA|reductive|Desulfitobacterium_hafniense	22.9	306	65.5
GCA_020721255_1__dsrB__DYND01000001.1_112	A0L9L4|dsrA|oxidative|Magnetococcus_marinus	20.8	288	63.5
GCA_020721255_1__dsrB__DYND01000001.1_112	Q8K5E9|dsrA|oxidative|Chlorobaculum_tepidum	22.6	292	60.8
GCA_020721255_1__dsrB__DYND01000001.1_112	A0ABT8QKK2|dsrA|reductive|Desulfosporosinus_nitroreducens	21.0	310	59.7
GCA_020721255_1__dsrB__DYND01000001.1_112	A0A5C4RXN4|dsrA|oxidative|Chlorobaculum_thiosulfatiphilum	22.1	289	58.9
GCA_020721255_1__dsrB__DYND01000001.1_112	A1BCS1|dsrA|oxidative|Chlorobium_phaeobacteroides	20.8	288	56.6
GCA_020721255_1__dsrB__DYND01000001.1_112	T2G7Q3|dsrA|reductive|Megalodesulfovibrio_gigas	20.9	330	50.1
GCA_020721255_1__dsrB__DYND01000001.1_112	S0FXQ9|dsrA|reductive|Desulfotignum_phosphitoxidans_DSM_13687	21.1	332	50.1
GCA_020721255_1__dsrB__DYND01000001.1_112	Q5ZQR5|dsrA|reductive|Desulfosudis_oleivorans	20.1	308	45.1
GCA_020721255_1__dsrB__DYND01000001.1_112	Q93EV7|dsrA|reductive|Thermodesulfobacterium_commune	21.1	285	44.7
GCA_020721255_1__dsrB__DYND01000001.1_112	P45574|dsrA|reductive|Nitratidesulfovibrio_vulgaris	20.9	311	44.7
GCA_020721255_1__dsrB__DYND01000001.1_112	Q93EU9|dsrA|reductive|Desulfarculus_baarsii	19.5	344	43.9
GCA_020721255_1__dsrB__DYND01000001.1_112	Q9K5B9|dsrA|reductive|Desulfobulbus_rhabdoformis	21.1	327	42.4
GCA_020721255_1__dsrB__DYND01000001.1_112	Q9F4A3|dsrA|reductive|Desulfovibrio_desulfuricans	21.5	293	40.4
GCA_020721255_1__dsrB__DYND01000001.1_112	Q9K5B5|dsrA|reductive|Desulfobacter_vibrioformis	19.4	248	38.9
GCA_020721255_1__dsrB__DYND01000001.1_112	Q5ZQS3|dsrA|reductive|Desulfomicrobium_baculatum	20.5	331	38.5
GCA_021163085_1__dsrA__JAGGXL010000186.1_3	Q93EV7|dsrA|reductive|Thermodesulfobacterium_commune	81.5	372	693
GCA_021163085_1__dsrA__JAGGXL010000186.1_3	P45574|dsrA|reductive|Nitratidesulfovibrio_vulgaris	60.0	443	565
GCA_021163085_1__dsrA__JAGGXL010000186.1_3	Q9K5B9|dsrA|reductive|Desulfobulbus_rhabdoformis	59.2	429	564
GCA_021163085_1__dsrA__JAGGXL010000186.1_3	Q9F4A3|dsrA|reductive|Desulfovibrio_desulfuricans	59.2	436	559
GCA_021163085_1__dsrA__JAGGXL010000186.1_3	T2G7Q3|dsrA|reductive|Megalodesulfovibrio_gigas	58.5	436	555
GCA_021163085_1__dsrA__JAGGXL010000186.1_3	S0FXQ9|dsrA|reductive|Desulfotignum_phosphitoxidans_DSM_13687	57.4	441	549
GCA_021163085_1__dsrA__JAGGXL010000186.1_3	Q9K5B5|dsrA|reductive|Desulfobacter_vibrioformis	57.3	440	543
GCA_021163085_1__dsrA__JAGGXL010000186.1_3	Q5ZQS3|dsrA|reductive|Desulfomicrobium_baculatum	62.6	369	523
GCA_021163085_1__dsrA__JAGGXL010000186.1_3	Q5ZQR5|dsrA|reductive|Desulfosudis_oleivorans	59.1	369	486
GCA_021163085_1__dsrA__JAGGXL010000186.1_3	Q93EU9|dsrA|reductive|Desulfarculus_baarsii	57.8	374	451
GCA_021163085_1__dsrA__JAGGXL010000186.1_3	N0BK96|dsrA|reductive|Archaeoglobus_sulfaticallidus_PM70-1	52.6	405	452
GCA_021163085_1__dsrA__JAGGXL010000186.1_3	Q59109|dsrA|reductive|Archaeoglobus_fulgidus	50.3	431	444
GCA_021163085_1__dsrA__JAGGXL010000186.1_3	B5YIF2|dsrA|reductive|Thermodesulfovibrio_yellowstonii	51.6	411	441
GCA_021163085_1__dsrA__JAGGXL010000186.1_3	Q251E4|dsrA|reductive|Desulfitobacterium_hafniense	49.9	409	429
GCA_021163085_1__dsrA__JAGGXL010000186.1_3	A0ABT8QKK2|dsrA|reductive|Desulfosporosinus_nitroreducens	46.7	409	404
GCA_021163085_1__dsrA__JAGGXL010000186.1_3	Q5ZQT9|dsrA|reductive|Archaeoglobus_veneficus	50.0	356	359
GCA_021163085_1__dsrA__JAGGXL010000186.1_3	O33998|dsrA|oxidative|Allochromatium_vinosum	42.1	411	339
GCA_021163085_1__dsrA__JAGGXL010000186.1_3	Q8K5E9|dsrA|oxidative|Chlorobaculum_tepidum	41.3	404	328
GCA_021163085_1__dsrA__JAGGXL010000186.1_3	A0ABY9MRG6|dsrA|oxidative|Thiothrix_lacustris	41.7	410	328
GCA_021163085_1__dsrA__JAGGXL010000186.1_3	A1BCS1|dsrA|oxidative|Chlorobium_phaeobacteroides	41.0	410	327
GCA_021163085_1__dsrA__JAGGXL010000186.1_3	A0L9L4|dsrA|oxidative|Magnetococcus_marinus	40.4	421	323
GCA_021163085_1__dsrA__JAGGXL010000186.1_3	A0A5C4RXN4|dsrA|oxidative|Chlorobaculum_thiosulfatiphilum	40.6	404	318
GCA_021163085_1__dsrA__JAGGXL010000186.1_3	A0ABS1E8E7|dsrA|oxidative|Halorhodospira_neutriphila	39.4	419	310
GCA_021163085_1__dsrA__JAGGXL010000186.1_3	E0D1Z2|dsrA|oxidative|Thiocapsa_marina	41.8	294	245
GCA_021163085_1__dsrA__JAGGXL010000186.1_3	B5YIF3|dsrB|reductive|Thermodesulfovibrio_yellowstonii	25.9	247	75.5
GCA_021163085_1__dsrA__JAGGXL010000186.1_3	A0ABT8QNA5|dsrB|reductive|Desulfosporosinus_nitroreducens	24.1	261	74.3
GCA_021163085_1__dsrA__JAGGXL010000186.1_3	Q251E3|dsrB|reductive|Desulfitobacterium_hafniense	24.1	261	73.9
GCA_021163085_1__dsrA__JAGGXL010000186.1_3	N0BL33|dsrB|reductive|Archaeoglobus_sulfaticallidus_PM70-1	27.2	184	69.3
GCA_021163085_1__dsrA__JAGGXL010000186.1_3	Q59110|dsrB|reductive|Archaeoglobus_fulgidus	22.4	317	60.8
GCA_021163085_1__dsrA__JAGGXL010000186.1_3	P45575|dsrB|reductive|Nitratidesulfovibrio_vulgaris	20.8	332	60.1
GCA_021163085_1__dsrA__JAGGXL010000186.1_3	E1QFJ3|dsrB|reductive|Desulfarculus_baarsii	22.2	311	59.3
GCA_021163085_1__dsrA__JAGGXL010000186.1_3	Q9K5B8|dsrB|reductive|Desulfobulbus_rhabdoformis	21.0	248	46.2
GCA_021163085_1__dsrA__JAGGXL010000186.1_3	A1BCS2|dsrB|oxidative|Chlorobium_phaeobacteroides	19.0	284	41.6
GCA_021163085_1__dsrA__JAGGXL010000186.1_3	Q8KE39|dsrB|oxidative|Chlorobaculum_tepidum	19.2	292	40.4
GCA_021163085_1__dsrA__JAGGXL010000186.1_3	A0L9L5|dsrB|oxidative|Magnetococcus_marinus	19.6	240	40.0
GCA_021163085_1__dsrA__JAGGXL010000186.1_3	O33999|dsrB|oxidative|Allochromatium_vinosum	18.8	298	39.7
GCA_021163085_1__dsrA__JAGGXL010000186.1_3	A0A5C4RYG3|dsrB|oxidative|Chlorobaculum_thiosulfatiphilum	18.7	284	39.7
GCA_021163085_1__dsrB__JAGGXL010000186.1_2	T2G8V8|dsrB|reductive|Megalodesulfovibrio_gigas	61.6	378	526
GCA_021163085_1__dsrB__JAGGXL010000186.1_2	Q9K5B8|dsrB|reductive|Desulfobulbus_rhabdoformis	63.7	377	521
GCA_021163085_1__dsrB__JAGGXL010000186.1_2	P45575|dsrB|reductive|Nitratidesulfovibrio_vulgaris	62.3	374	510
GCA_021163085_1__dsrB__JAGGXL010000186.1_2	Q9F4A2|dsrB|reductive|Desulfovibrio_desulfuricans	61.0	374	509
GCA_021163085_1__dsrB__JAGGXL010000186.1_2	S0G5M9|dsrB|reductive|Desulfotignum_phosphitoxidans_DSM_13687	60.5	375	492
GCA_021163085_1__dsrB__JAGGXL010000186.1_2	Q9K5B4|dsrB|reductive|Desulfobacter_vibrioformis	60.3	375	489
GCA_021163085_1__dsrB__JAGGXL010000186.1_2	E1QFJ3|dsrB|reductive|Desulfarculus_baarsii	58.6	365	463
GCA_021163085_1__dsrB__JAGGXL010000186.1_2	Q59110|dsrB|reductive|Archaeoglobus_fulgidus	58.2	371	461
GCA_021163085_1__dsrB__JAGGXL010000186.1_2	A4J9D5|dsrB|reductive|Desulforamulus_reducens	55.5	362	443
GCA_021163085_1__dsrB__JAGGXL010000186.1_2	B5YIF3|dsrB|reductive|Thermodesulfovibrio_yellowstonii	52.8	369	433
GCA_021163085_1__dsrB__JAGGXL010000186.1_2	N0BL33|dsrB|reductive|Archaeoglobus_sulfaticallidus_PM70-1	52.8	375	432
GCA_021163085_1__dsrB__JAGGXL010000186.1_2	A0ABT8QNA5|dsrB|reductive|Desulfosporosinus_nitroreducens	53.4	363	426
GCA_021163085_1__dsrB__JAGGXL010000186.1_2	Q251E3|dsrB|reductive|Desulfitobacterium_hafniense	53.4	363	418
GCA_021163085_1__dsrB__JAGGXL010000186.1_2	A1BCS2|dsrB|oxidative|Chlorobium_phaeobacteroides	45.3	364	348
GCA_021163085_1__dsrB__JAGGXL010000186.1_2	Q8KE39|dsrB|oxidative|Chlorobaculum_tepidum	43.4	364	339
GCA_021163085_1__dsrB__JAGGXL010000186.1_2	A0A5C4RYG3|dsrB|oxidative|Chlorobaculum_thiosulfatiphilum	42.6	364	336
GCA_021163085_1__dsrB__JAGGXL010000186.1_2	A0L9L5|dsrB|oxidative|Magnetococcus_marinus	42.9	366	331
GCA_021163085_1__dsrB__JAGGXL010000186.1_2	A0ABS1E5W7|dsrB|oxidative|Halorhodospira_neutriphila	43.0	377	321
GCA_021163085_1__dsrB__JAGGXL010000186.1_2	O33999|dsrB|oxidative|Allochromatium_vinosum	41.8	361	311
GCA_021163085_1__dsrB__JAGGXL010000186.1_2	L0DSF9|dsrB|oxidative|Thioalkalivibrio_nitratireducens	42.7	361	310
GCA_021163085_1__dsrB__JAGGXL010000186.1_2	A0A9X0WG77|dsrB|oxidative|Thiocapsa_imhoffii	41.8	361	310
GCA_021163085_1__dsrB__JAGGXL010000186.1_2	A0ABY9MNZ8|dsrB|oxidative|Thiothrix_lacustris	39.9	361	296
GCA_021163085_1__dsrB__JAGGXL010000186.1_2	A0ABS1E8E7|dsrA|oxidative|Halorhodospira_neutriphila	26.8	287	86.3
GCA_021163085_1__dsrB__JAGGXL010000186.1_2	O33998|dsrA|oxidative|Allochromatium_vinosum	23.8	319	74.7
GCA_021163085_1__dsrB__JAGGXL010000186.1_2	A0ABY9MRG6|dsrA|oxidative|Thiothrix_lacustris	22.5	351	70.1
GCA_021163085_1__dsrB__JAGGXL010000186.1_2	N0BK96|dsrA|reductive|Archaeoglobus_sulfaticallidus_PM70-1	23.9	280	69.3
GCA_021163085_1__dsrB__JAGGXL010000186.1_2	A0L9L4|dsrA|oxidative|Magnetococcus_marinus	21.2	283	68.9
GCA_021163085_1__dsrB__JAGGXL010000186.1_2	E0D1Z2|dsrA|oxidative|Thiocapsa_marina	22.3	278	68.2
GCA_021163085_1__dsrB__JAGGXL010000186.1_2	Q8K5E9|dsrA|oxidative|Chlorobaculum_tepidum	21.5	289	63.5
GCA_021163085_1__dsrB__JAGGXL010000186.1_2	A1BCS1|dsrA|oxidative|Chlorobium_phaeobacteroides	22.5	285	63.2
GCA_021163085_1__dsrB__JAGGXL010000186.1_2	A0ABT8QKK2|dsrA|reductive|Desulfosporosinus_nitroreducens	21.3	282	58.5
GCA_021163085_1__dsrB__JAGGXL010000186.1_2	A0A5C4RXN4|dsrA|oxidative|Chlorobaculum_thiosulfatiphilum	20.9	292	57.8
GCA_021163085_1__dsrB__JAGGXL010000186.1_2	Q93EV7|dsrA|reductive|Thermodesulfobacterium_commune	20.5	308	53.5
GCA_021163085_1__dsrB__JAGGXL010000186.1_2	T2G7Q3|dsrA|reductive|Megalodesulfovibrio_gigas	20.6	315	53.5
GCA_021163085_1__dsrB__JAGGXL010000186.1_2	S0FXQ9|dsrA|reductive|Desulfotignum_phosphitoxidans_DSM_13687	21.3	296	51.2
GCA_021163085_1__dsrB__JAGGXL010000186.1_2	P45574|dsrA|reductive|Nitratidesulfovibrio_vulgaris	19.9	317	49.7
GCA_021163085_1__dsrB__JAGGXL010000186.1_2	Q9F4A3|dsrA|reductive|Desulfovibrio_desulfuricans	19.2	302	48.5
GCA_021163085_1__dsrB__JAGGXL010000186.1_2	Q9K5B5|dsrA|reductive|Desulfobacter_vibrioformis	21.7	249	48.5
GCA_021163085_1__dsrB__JAGGXL010000186.1_2	Q5ZQR5|dsrA|reductive|Desulfosudis_oleivorans	18.8	304	47.4
GCA_021163085_1__dsrB__JAGGXL010000186.1_2	Q9K5B9|dsrA|reductive|Desulfobulbus_rhabdoformis	20.1	339	47.0
GCA_021783475_1__dsrA__JAJXTU010000021.1_16	Q251E4|dsrA|reductive|Desulfitobacterium_hafniense	61.9	394	536
GCA_021783475_1__dsrA__JAJXTU010000021.1_16	N0BK96|dsrA|reductive|Archaeoglobus_sulfaticallidus_PM70-1	62.7	389	525
GCA_021783475_1__dsrA__JAJXTU010000021.1_16	A0ABT8QKK2|dsrA|reductive|Desulfosporosinus_nitroreducens	58.6	394	506
GCA_021783475_1__dsrA__JAJXTU010000021.1_16	Q59109|dsrA|reductive|Archaeoglobus_fulgidus	58.6	406	486
GCA_021783475_1__dsrA__JAJXTU010000021.1_16	B5YIF2|dsrA|reductive|Thermodesulfovibrio_yellowstonii	56.7	390	475
GCA_021783475_1__dsrA__JAJXTU010000021.1_16	Q9K5B9|dsrA|reductive|Desulfobulbus_rhabdoformis	52.1	409	452
GCA_021783475_1__dsrA__JAJXTU010000021.1_16	S0FXQ9|dsrA|reductive|Desulfotignum_phosphitoxidans_DSM_13687	53.2	423	448
GCA_021783475_1__dsrA__JAJXTU010000021.1_16	Q9K5B5|dsrA|reductive|Desulfobacter_vibrioformis	52.8	422	441
GCA_021783475_1__dsrA__JAJXTU010000021.1_16	P45574|dsrA|reductive|Nitratidesulfovibrio_vulgaris	52.0	417	427
GCA_021783475_1__dsrA__JAJXTU010000021.1_16	Q9F4A3|dsrA|reductive|Desulfovibrio_desulfuricans	50.6	417	425
GCA_021783475_1__dsrA__JAJXTU010000021.1_16	T2G7Q3|dsrA|reductive|Megalodesulfovibrio_gigas	50.6	417	425
GCA_021783475_1__dsrA__JAJXTU010000021.1_16	Q93EU9|dsrA|reductive|Desulfarculus_baarsii	56.0	352	416
GCA_021783475_1__dsrA__JAJXTU010000021.1_16	Q5ZQT9|dsrA|reductive|Archaeoglobus_veneficus	55.8	342	400
GCA_021783475_1__dsrA__JAJXTU010000021.1_16	Q5ZQS3|dsrA|reductive|Desulfomicrobium_baculatum	52.1	353	380
GCA_021783475_1__dsrA__JAJXTU010000021.1_16	Q93EV7|dsrA|reductive|Thermodesulfobacterium_commune	52.7	355	380
GCA_021783475_1__dsrA__JAJXTU010000021.1_16	Q5ZQR5|dsrA|reductive|Desulfosudis_oleivorans	51.0	353	365
GCA_021783475_1__dsrA__JAJXTU010000021.1_16	A0L9L4|dsrA|oxidative|Magnetococcus_marinus	44.7	398	351
GCA_021783475_1__dsrA__JAJXTU010000021.1_16	O33998|dsrA|oxidative|Allochromatium_vinosum	45.7	394	349
GCA_021783475_1__dsrA__JAJXTU010000021.1_16	A1BCS1|dsrA|oxidative|Chlorobium_phaeobacteroides	44.9	390	341
GCA_021783475_1__dsrA__JAJXTU010000021.1_16	Q8K5E9|dsrA|oxidative|Chlorobaculum_tepidum	43.8	390	338
GCA_021783475_1__dsrA__JAJXTU010000021.1_16	A0ABY9MRG6|dsrA|oxidative|Thiothrix_lacustris	42.7	398	330
GCA_021783475_1__dsrA__JAJXTU010000021.1_16	A0A5C4RXN4|dsrA|oxidative|Chlorobaculum_thiosulfatiphilum	42.6	390	327
GCA_021783475_1__dsrA__JAJXTU010000021.1_16	A0ABS1E8E7|dsrA|oxidative|Halorhodospira_neutriphila	43.0	398	320
GCA_021783475_1__dsrA__JAJXTU010000021.1_16	E0D1Z2|dsrA|oxidative|Thiocapsa_marina	42.9	296	252
GCA_021783475_1__dsrA__JAJXTU010000021.1_16	A0ABT8QNA5|dsrB|reductive|Desulfosporosinus_nitroreducens	25.6	313	96.7
GCA_021783475_1__dsrA__JAJXTU010000021.1_16	Q251E3|dsrB|reductive|Desulfitobacterium_hafniense	24.7	291	94.4
GCA_021783475_1__dsrA__JAJXTU010000021.1_16	B5YIF3|dsrB|reductive|Thermodesulfovibrio_yellowstonii	25.6	289	93.6
GCA_021783475_1__dsrA__JAJXTU010000021.1_16	N0BL33|dsrB|reductive|Archaeoglobus_sulfaticallidus_PM70-1	26.5	310	81.3
GCA_021783475_1__dsrA__JAJXTU010000021.1_16	Q8KE39|dsrB|oxidative|Chlorobaculum_tepidum	22.7	291	78.6
GCA_021783475_1__dsrA__JAJXTU010000021.1_16	A0A5C4RYG3|dsrB|oxidative|Chlorobaculum_thiosulfatiphilum	22.7	291	78.2
GCA_021783475_1__dsrA__JAJXTU010000021.1_16	A1BCS2|dsrB|oxidative|Chlorobium_phaeobacteroides	23.1	329	76.3
GCA_021783475_1__dsrA__JAJXTU010000021.1_16	A4J9D5|dsrB|reductive|Desulforamulus_reducens	24.4	295	73.6
GCA_021783475_1__dsrA__JAJXTU010000021.1_16	Q59110|dsrB|reductive|Archaeoglobus_fulgidus	24.7	300	73.2
GCA_021783475_1__dsrA__JAJXTU010000021.1_16	A0ABS1E5W7|dsrB|oxidative|Halorhodospira_neutriphila	24.6	281	72.0
GCA_021783475_1__dsrA__JAJXTU010000021.1_16	T2G8V8|dsrB|reductive|Megalodesulfovibrio_gigas	22.3	314	70.9
GCA_021783475_1__dsrA__JAJXTU010000021.1_16	A0ABY9MNZ8|dsrB|oxidative|Thiothrix_lacustris	23.6	276	64.7
GCA_021783475_1__dsrA__JAJXTU010000021.1_16	Q9K5B8|dsrB|reductive|Desulfobulbus_rhabdoformis	23.2	284	61.6
GCA_021783475_1__dsrA__JAJXTU010000021.1_16	L0DSF9|dsrB|oxidative|Thioalkalivibrio_nitratireducens	21.7	281	60.5
GCA_021783475_1__dsrA__JAJXTU010000021.1_16	Q9F4A2|dsrB|reductive|Desulfovibrio_desulfuricans	21.1	303	59.7
GCA_021783475_1__dsrA__JAJXTU010000021.1_16	A0L9L5|dsrB|oxidative|Magnetococcus_marinus	21.8	289	58.9
GCA_021783475_1__dsrA__JAJXTU010000021.1_16	S0G5M9|dsrB|reductive|Desulfotignum_phosphitoxidans_DSM_13687	20.3	325	54.3
GCA_021783475_1__dsrB__JAJXTU010000021.1_15	A4J9D5|dsrB|reductive|Desulforamulus_reducens	61.0	351	487
GCA_021783475_1__dsrB__JAJXTU010000021.1_15	B5YIF3|dsrB|reductive|Thermodesulfovibrio_yellowstonii	57.4	350	467
GCA_021783475_1__dsrB__JAJXTU010000021.1_15	Q251E3|dsrB|reductive|Desulfitobacterium_hafniense	56.3	352	464
GCA_021783475_1__dsrB__JAJXTU010000021.1_15	A0ABT8QNA5|dsrB|reductive|Desulfosporosinus_nitroreducens	55.1	352	456
GCA_021783475_1__dsrB__JAJXTU010000021.1_15	E1QFJ3|dsrB|reductive|Desulfarculus_baarsii	56.5	352	452
GCA_021783475_1__dsrB__JAJXTU010000021.1_15	N0BL33|dsrB|reductive|Archaeoglobus_sulfaticallidus_PM70-1	56.6	355	450
GCA_021783475_1__dsrB__JAJXTU010000021.1_15	Q59110|dsrB|reductive|Archaeoglobus_fulgidus	56.0	361	444
GCA_021783475_1__dsrB__JAJXTU010000021.1_15	Q9K5B8|dsrB|reductive|Desulfobulbus_rhabdoformis	53.1	358	426
GCA_021783475_1__dsrB__JAJXTU010000021.1_15	T2G8V8|dsrB|reductive|Megalodesulfovibrio_gigas	51.8	365	407
GCA_021783475_1__dsrB__JAJXTU010000021.1_15	Q9F4A2|dsrB|reductive|Desulfovibrio_desulfuricans	52.5	362	406
GCA_021783475_1__dsrB__JAJXTU010000021.1_15	P45575|dsrB|reductive|Nitratidesulfovibrio_vulgaris	51.1	362	404
GCA_021783475_1__dsrB__JAJXTU010000021.1_15	S0G5M9|dsrB|reductive|Desulfotignum_phosphitoxidans_DSM_13687	47.4	363	377
GCA_021783475_1__dsrB__JAJXTU010000021.1_15	Q9K5B4|dsrB|reductive|Desulfobacter_vibrioformis	47.1	363	372
GCA_021783475_1__dsrB__JAJXTU010000021.1_15	A0A5C4RYG3|dsrB|oxidative|Chlorobaculum_thiosulfatiphilum	44.3	348	333
GCA_021783475_1__dsrB__JAJXTU010000021.1_15	A1BCS2|dsrB|oxidative|Chlorobium_phaeobacteroides	44.8	344	333
GCA_021783475_1__dsrB__JAJXTU010000021.1_15	Q8KE39|dsrB|oxidative|Chlorobaculum_tepidum	43.4	348	330
GCA_021783475_1__dsrB__JAJXTU010000021.1_15	A0L9L5|dsrB|oxidative|Magnetococcus_marinus	42.0	348	311
GCA_021783475_1__dsrB__JAJXTU010000021.1_15	L0DSF9|dsrB|oxidative|Thioalkalivibrio_nitratireducens	43.2	333	307
GCA_021783475_1__dsrB__JAJXTU010000021.1_15	O33999|dsrB|oxidative|Allochromatium_vinosum	41.4	348	302
GCA_021783475_1__dsrB__JAJXTU010000021.1_15	A0A9X0WG77|dsrB|oxidative|Thiocapsa_imhoffii	41.1	348	301
GCA_021783475_1__dsrB__JAJXTU010000021.1_15	A0ABS1E5W7|dsrB|oxidative|Halorhodospira_neutriphila	42.0	333	297
GCA_021783475_1__dsrB__JAJXTU010000021.1_15	A0ABY9MNZ8|dsrB|oxidative|Thiothrix_lacustris	42.6	333	295
GCA_021783475_1__dsrB__JAJXTU010000021.1_15	A0L9L4|dsrA|oxidative|Magnetococcus_marinus	26.4	295	101
GCA_021783475_1__dsrB__JAJXTU010000021.1_15	N0BK96|dsrA|reductive|Archaeoglobus_sulfaticallidus_PM70-1	28.7	275	95.9
GCA_021783475_1__dsrB__JAJXTU010000021.1_15	O33998|dsrA|oxidative|Allochromatium_vinosum	24.9	301	87.8
GCA_021783475_1__dsrB__JAJXTU010000021.1_15	E0D1Z2|dsrA|oxidative|Thiocapsa_marina	25.1	287	87.0
GCA_021783475_1__dsrB__JAJXTU010000021.1_15	B5YIF2|dsrA|reductive|Thermodesulfovibrio_yellowstonii	26.6	297	85.5
GCA_021783475_1__dsrB__JAJXTU010000021.1_15	A0ABY9MRG6|dsrA|oxidative|Thiothrix_lacustris	23.2	314	85.5
GCA_021783475_1__dsrB__JAJXTU010000021.1_15	A0ABS1E8E7|dsrA|oxidative|Halorhodospira_neutriphila	23.7	317	83.2
GCA_021783475_1__dsrB__JAJXTU010000021.1_15	A0ABT8QKK2|dsrA|reductive|Desulfosporosinus_nitroreducens	24.8	298	78.6
GCA_021783475_1__dsrB__JAJXTU010000021.1_15	Q9K5B9|dsrA|reductive|Desulfobulbus_rhabdoformis	25.0	320	76.6
GCA_021783475_1__dsrB__JAJXTU010000021.1_15	S0FXQ9|dsrA|reductive|Desulfotignum_phosphitoxidans_DSM_13687	24.1	320	75.5
GCA_021783475_1__dsrB__JAJXTU010000021.1_15	Q9F4A3|dsrA|reductive|Desulfovibrio_desulfuricans	25.9	317	74.3
GCA_021783475_1__dsrB__JAJXTU010000021.1_15	Q93EV7|dsrA|reductive|Thermodesulfobacterium_commune	25.2	301	73.9
GCA_021783475_1__dsrB__JAJXTU010000021.1_15	Q8K5E9|dsrA|oxidative|Chlorobaculum_tepidum	23.3	301	70.5
GCA_021783475_1__dsrB__JAJXTU010000021.1_15	P45574|dsrA|reductive|Nitratidesulfovibrio_vulgaris	23.5	315	69.3
GCA_021783475_1__dsrB__JAJXTU010000021.1_15	A1BCS1|dsrA|oxidative|Chlorobium_phaeobacteroides	21.7	295	68.2
GCA_021783475_1__dsrB__JAJXTU010000021.1_15	T2G7Q3|dsrA|reductive|Megalodesulfovibrio_gigas	23.5	315	68.2
GCA_021783475_1__dsrB__JAJXTU010000021.1_15	Q5ZQR5|dsrA|reductive|Desulfosudis_oleivorans	22.5	324	65.5
GCA_021783475_1__dsrB__JAJXTU010000021.1_15	A0A5C4RXN4|dsrA|oxidative|Chlorobaculum_thiosulfatiphilum	23.3	301	64.3
GCA_021783475_1__dsrB__JAJXTU010000021.1_15	Q9K5B5|dsrA|reductive|Desulfobacter_vibrioformis	22.3	256	63.2
GCA_021783475_1__dsrB__JAJXTU010000021.1_15	Q93EU9|dsrA|reductive|Desulfarculus_baarsii	23.3	305	61.2
GCA_021787655_1__dsrA__JAJYLM010000073.1_7	B5YIF2|dsrA|reductive|Thermodesulfovibrio_yellowstonii	66.5	388	546
GCA_021787655_1__dsrA__JAJYLM010000073.1_7	N0BK96|dsrA|reductive|Archaeoglobus_sulfaticallidus_PM70-1	63.5	384	537
GCA_021787655_1__dsrA__JAJYLM010000073.1_7	Q251E4|dsrA|reductive|Desulfitobacterium_hafniense	59.2	387	510
GCA_021787655_1__dsrA__JAJYLM010000073.1_7	Q9K5B9|dsrA|reductive|Desulfobulbus_rhabdoformis	57.4	406	510
GCA_021787655_1__dsrA__JAJYLM010000073.1_7	A0ABT8QKK2|dsrA|reductive|Desulfosporosinus_nitroreducens	58.7	387	507
GCA_021787655_1__dsrA__JAJYLM010000073.1_7	Q59109|dsrA|reductive|Archaeoglobus_fulgidus	61.2	399	506
GCA_021787655_1__dsrA__JAJYLM010000073.1_7	P45574|dsrA|reductive|Nitratidesulfovibrio_vulgaris	57.6	415	491
GCA_021787655_1__dsrA__JAJYLM010000073.1_7	Q9F4A3|dsrA|reductive|Desulfovibrio_desulfuricans	55.2	415	478
GCA_021787655_1__dsrA__JAJYLM010000073.1_7	S0FXQ9|dsrA|reductive|Desulfotignum_phosphitoxidans_DSM_13687	55.2	420	478
GCA_021787655_1__dsrA__JAJYLM010000073.1_7	T2G7Q3|dsrA|reductive|Megalodesulfovibrio_gigas	55.4	415	477
GCA_021787655_1__dsrA__JAJYLM010000073.1_7	Q9K5B5|dsrA|reductive|Desulfobacter_vibrioformis	54.7	419	465
GCA_021787655_1__dsrA__JAJYLM010000073.1_7	Q93EU9|dsrA|reductive|Desulfarculus_baarsii	60.5	347	451
GCA_021787655_1__dsrA__JAJYLM010000073.1_7	Q93EV7|dsrA|reductive|Thermodesulfobacterium_commune	57.7	352	431
GCA_021787655_1__dsrA__JAJYLM010000073.1_7	Q5ZQS3|dsrA|reductive|Desulfomicrobium_baculatum	56.6	348	427
GCA_021787655_1__dsrA__JAJYLM010000073.1_7	Q5ZQT9|dsrA|reductive|Archaeoglobus_veneficus	58.1	334	418
GCA_021787655_1__dsrA__JAJYLM010000073.1_7	Q5ZQR5|dsrA|reductive|Desulfosudis_oleivorans	56.3	348	411
GCA_021787655_1__dsrA__JAJYLM010000073.1_7	A0L9L4|dsrA|oxidative|Magnetococcus_marinus	47.6	393	383
GCA_021787655_1__dsrA__JAJYLM010000073.1_7	A1BCS1|dsrA|oxidative|Chlorobium_phaeobacteroides	47.3	385	379
GCA_021787655_1__dsrA__JAJYLM010000073.1_7	Q8K5E9|dsrA|oxidative|Chlorobaculum_tepidum	45.7	387	372
GCA_021787655_1__dsrA__JAJYLM010000073.1_7	A0A5C4RXN4|dsrA|oxidative|Chlorobaculum_thiosulfatiphilum	45.5	387	365
GCA_021787655_1__dsrA__JAJYLM010000073.1_7	O33998|dsrA|oxidative|Allochromatium_vinosum	44.5	393	364
GCA_021787655_1__dsrA__JAJYLM010000073.1_7	A0ABS1E8E7|dsrA|oxidative|Halorhodospira_neutriphila	43.6	397	356
GCA_021787655_1__dsrA__JAJYLM010000073.1_7	A0ABY9MRG6|dsrA|oxidative|Thiothrix_lacustris	39.8	407	330
GCA_021787655_1__dsrA__JAJYLM010000073.1_7	E0D1Z2|dsrA|oxidative|Thiocapsa_marina	43.0	279	255
GCA_021787655_1__dsrA__JAJYLM010000073.1_7	N0BL33|dsrB|reductive|Archaeoglobus_sulfaticallidus_PM70-1	24.5	331	89.4
GCA_021787655_1__dsrA__JAJYLM010000073.1_7	A0ABT8QNA5|dsrB|reductive|Desulfosporosinus_nitroreducens	23.9	318	88.6
GCA_021787655_1__dsrA__JAJYLM010000073.1_7	Q251E3|dsrB|reductive|Desulfitobacterium_hafniense	23.3	317	88.2
GCA_021787655_1__dsrA__JAJYLM010000073.1_7	B5YIF3|dsrB|reductive|Thermodesulfovibrio_yellowstonii	25.5	282	84.7
GCA_021787655_1__dsrA__JAJYLM010000073.1_7	Q59110|dsrB|reductive|Archaeoglobus_fulgidus	23.9	339	79.0
GCA_021787655_1__dsrA__JAJYLM010000073.1_7	Q9K5B4|dsrB|reductive|Desulfobacter_vibrioformis	23.4	303	75.9
GCA_021787655_1__dsrA__JAJYLM010000073.1_7	S0G5M9|dsrB|reductive|Desulfotignum_phosphitoxidans_DSM_13687	22.4	339	75.9
GCA_021787655_1__dsrA__JAJYLM010000073.1_7	Q8KE39|dsrB|oxidative|Chlorobaculum_tepidum	22.1	290	60.1
GCA_021787655_1__dsrA__JAJYLM010000073.1_7	E1QFJ3|dsrB|reductive|Desulfarculus_baarsii	22.7	308	60.1
GCA_021787655_1__dsrA__JAJYLM010000073.1_7	Q9K5B8|dsrB|reductive|Desulfobulbus_rhabdoformis	23.6	296	60.1
GCA_021787655_1__dsrA__JAJYLM010000073.1_7	A0A5C4RYG3|dsrB|oxidative|Chlorobaculum_thiosulfatiphilum	22.1	290	59.3
GCA_021787655_1__dsrA__JAJYLM010000073.1_7	A1BCS2|dsrB|oxidative|Chlorobium_phaeobacteroides	22.9	327	58.5
GCA_021787655_1__dsrA__JAJYLM010000073.1_7	P45575|dsrB|reductive|Nitratidesulfovibrio_vulgaris	20.8	317	57.4
GCA_021787655_1__dsrA__JAJYLM010000073.1_7	Q9F4A2|dsrB|reductive|Desulfovibrio_desulfuricans	21.0	290	57.4
GCA_021787655_1__dsrA__JAJYLM010000073.1_7	A0L9L5|dsrB|oxidative|Magnetococcus_marinus	21.2	325	54.3
GCA_021787655_1__dsrA__JAJYLM010000073.1_7	O33999|dsrB|oxidative|Allochromatium_vinosum	20.7	271	47.8
GCA_021787655_1__dsrA__JAJYLM010000073.1_7	A0A9X0WG77|dsrB|oxidative|Thiocapsa_imhoffii	19.9	271	47.0
GCA_021787655_1__dsrA__JAJYLM010000073.1_7	L0DSF9|dsrB|oxidative|Thioalkalivibrio_nitratireducens	20.7	276	45.4
GCA_021787655_1__dsrA__JAJYLM010000073.1_7	A0ABS1E5W7|dsrB|oxidative|Halorhodospira_neutriphila	19.1	267	43.9
GCA_021787655_1__dsrA__JAJYLM010000073.1_7	A0ABY9MNZ8|dsrB|oxidative|Thiothrix_lacustris	20.7	280	41.6
GCA_021787655_1__dsrB__JAJYLM010000073.1_6	A4J9D5|dsrB|reductive|Desulforamulus_reducens	71.0	352	527
GCA_021787655_1__dsrB__JAJYLM010000073.1_6	E1QFJ3|dsrB|reductive|Desulfarculus_baarsii	65.1	352	493
GCA_021787655_1__dsrB__JAJYLM010000073.1_6	N0BL33|dsrB|reductive|Archaeoglobus_sulfaticallidus_PM70-1	61.6	365	483
GCA_021787655_1__dsrB__JAJYLM010000073.1_6	Q251E3|dsrB|reductive|Desulfitobacterium_hafniense	64.4	348	480
GCA_021787655_1__dsrB__JAJYLM010000073.1_6	B5YIF3|dsrB|reductive|Thermodesulfovibrio_yellowstonii	59.8	356	473
GCA_021787655_1__dsrB__JAJYLM010000073.1_6	A0ABT8QNA5|dsrB|reductive|Desulfosporosinus_nitroreducens	61.8	348	470
GCA_021787655_1__dsrB__JAJYLM010000073.1_6	Q59110|dsrB|reductive|Archaeoglobus_fulgidus	59.7	362	458
GCA_021787655_1__dsrB__JAJYLM010000073.1_6	Q9K5B8|dsrB|reductive|Desulfobulbus_rhabdoformis	62.0	361	458
GCA_021787655_1__dsrB__JAJYLM010000073.1_6	P45575|dsrB|reductive|Nitratidesulfovibrio_vulgaris	55.6	363	440
GCA_021787655_1__dsrB__JAJYLM010000073.1_6	Q9F4A2|dsrB|reductive|Desulfovibrio_desulfuricans	56.4	365	438
GCA_021787655_1__dsrB__JAJYLM010000073.1_6	T2G8V8|dsrB|reductive|Megalodesulfovibrio_gigas	56.3	355	437
GCA_021787655_1__dsrB__JAJYLM010000073.1_6	Q9K5B4|dsrB|reductive|Desulfobacter_vibrioformis	56.7	356	430
GCA_021787655_1__dsrB__JAJYLM010000073.1_6	S0G5M9|dsrB|reductive|Desulfotignum_phosphitoxidans_DSM_13687	56.7	356	430
GCA_021787655_1__dsrB__JAJYLM010000073.1_6	A1BCS2|dsrB|oxidative|Chlorobium_phaeobacteroides	53.6	358	404
GCA_021787655_1__dsrB__JAJYLM010000073.1_6	Q8KE39|dsrB|oxidative|Chlorobaculum_tepidum	52.5	358	395
GCA_021787655_1__dsrB__JAJYLM010000073.1_6	A0A5C4RYG3|dsrB|oxidative|Chlorobaculum_thiosulfatiphilum	51.4	358	389
GCA_021787655_1__dsrB__JAJYLM010000073.1_6	O33999|dsrB|oxidative|Allochromatium_vinosum	51.0	347	379
GCA_021787655_1__dsrB__JAJYLM010000073.1_6	L0DSF9|dsrB|oxidative|Thioalkalivibrio_nitratireducens	49.6	347	376
GCA_021787655_1__dsrB__JAJYLM010000073.1_6	A0ABY9MNZ8|dsrB|oxidative|Thiothrix_lacustris	49.9	347	372
GCA_021787655_1__dsrB__JAJYLM010000073.1_6	A0A9X0WG77|dsrB|oxidative|Thiocapsa_imhoffii	49.3	347	371
GCA_021787655_1__dsrB__JAJYLM010000073.1_6	A0ABS1E5W7|dsrB|oxidative|Halorhodospira_neutriphila	49.3	361	369
GCA_021787655_1__dsrB__JAJYLM010000073.1_6	A0L9L5|dsrB|oxidative|Magnetococcus_marinus	49.4	352	368
GCA_021787655_1__dsrB__JAJYLM010000073.1_6	A0ABS1E8E7|dsrA|oxidative|Halorhodospira_neutriphila	24.5	298	99.0
GCA_021787655_1__dsrB__JAJYLM010000073.1_6	O33998|dsrA|oxidative|Allochromatium_vinosum	25.1	303	97.4
GCA_021787655_1__dsrB__JAJYLM010000073.1_6	E0D1Z2|dsrA|oxidative|Thiocapsa_marina	24.7	288	91.7
GCA_021787655_1__dsrB__JAJYLM010000073.1_6	A0ABY9MRG6|dsrA|oxidative|Thiothrix_lacustris	24.5	318	87.8
GCA_021787655_1__dsrB__JAJYLM010000073.1_6	B5YIF2|dsrA|reductive|Thermodesulfovibrio_yellowstonii	26.4	296	85.5
GCA_021787655_1__dsrB__JAJYLM010000073.1_6	A0L9L4|dsrA|oxidative|Magnetococcus_marinus	22.2	297	80.1
GCA_021787655_1__dsrB__JAJYLM010000073.1_6	A0ABT8QKK2|dsrA|reductive|Desulfosporosinus_nitroreducens	24.3	345	78.2
GCA_021787655_1__dsrB__JAJYLM010000073.1_6	N0BK96|dsrA|reductive|Archaeoglobus_sulfaticallidus_PM70-1	24.8	294	77.8
GCA_021787655_1__dsrB__JAJYLM010000073.1_6	Q251E4|dsrA|reductive|Desulfitobacterium_hafniense	24.3	342	74.7
GCA_021787655_1__dsrB__JAJYLM010000073.1_6	Q9K5B9|dsrA|reductive|Desulfobulbus_rhabdoformis	22.8	324	70.5
GCA_021787655_1__dsrB__JAJYLM010000073.1_6	T2G7Q3|dsrA|reductive|Megalodesulfovibrio_gigas	24.4	320	69.7
GCA_021787655_1__dsrB__JAJYLM010000073.1_6	Q8K5E9|dsrA|oxidative|Chlorobaculum_tepidum	22.6	288	68.2
GCA_021787655_1__dsrB__JAJYLM010000073.1_6	A0A5C4RXN4|dsrA|oxidative|Chlorobaculum_thiosulfatiphilum	24.4	287	67.0
GCA_021787655_1__dsrB__JAJYLM010000073.1_6	A1BCS1|dsrA|oxidative|Chlorobium_phaeobacteroides	23.1	286	65.9
GCA_021787655_1__dsrB__JAJYLM010000073.1_6	Q9K5B5|dsrA|reductive|Desulfobacter_vibrioformis	23.9	326	65.9
GCA_021787655_1__dsrB__JAJYLM010000073.1_6	S0FXQ9|dsrA|reductive|Desulfotignum_phosphitoxidans_DSM_13687	24.1	324	63.5
GCA_021787655_1__dsrB__JAJYLM010000073.1_6	Q5ZQR5|dsrA|reductive|Desulfosudis_oleivorans	20.4	318	58.2
GCA_021787655_1__dsrB__JAJYLM010000073.1_6	Q93EU9|dsrA|reductive|Desulfarculus_baarsii	21.8	308	57.8
GCA_021787655_1__dsrB__JAJYLM010000073.1_6	Q5ZQS3|dsrA|reductive|Desulfomicrobium_baculatum	23.2	327	56.2
GCA_021787655_1__dsrB__JAJYLM010000073.1_6	P45574|dsrA|reductive|Nitratidesulfovibrio_vulgaris	22.2	320	56.2
GCA_021787655_1__dsrB__JAJYLM010000073.1_6	Q93EV7|dsrA|reductive|Thermodesulfobacterium_commune	20.8	288	55.1
GCA_021787655_1__dsrB__JAJYLM010000073.1_6	Q9F4A3|dsrA|reductive|Desulfovibrio_desulfuricans	21.3	320	50.1
GCA_021806125_1__dsrA__JAJZYC010000068.1_8	N0BK96|dsrA|reductive|Archaeoglobus_sulfaticallidus_PM70-1	54.4	390	440
GCA_021806125_1__dsrA__JAJZYC010000068.1_8	A0ABT8QKK2|dsrA|reductive|Desulfosporosinus_nitroreducens	52.8	392	436
GCA_021806125_1__dsrA__JAJZYC010000068.1_8	Q251E4|dsrA|reductive|Desulfitobacterium_hafniense	51.5	392	432
GCA_021806125_1__dsrA__JAJZYC010000068.1_8	Q9K5B9|dsrA|reductive|Desulfobulbus_rhabdoformis	49.8	410	428
GCA_021806125_1__dsrA__JAJZYC010000068.1_8	S0FXQ9|dsrA|reductive|Desulfotignum_phosphitoxidans_DSM_13687	49.8	424	426
GCA_021806125_1__dsrA__JAJZYC010000068.1_8	B5YIF2|dsrA|reductive|Thermodesulfovibrio_yellowstonii	51.6	395	420
GCA_021806125_1__dsrA__JAJZYC010000068.1_8	Q9K5B5|dsrA|reductive|Desulfobacter_vibrioformis	49.2	423	416
GCA_021806125_1__dsrA__JAJZYC010000068.1_8	Q59109|dsrA|reductive|Archaeoglobus_fulgidus	50.2	404	407
GCA_021806125_1__dsrA__JAJZYC010000068.1_8	Q9F4A3|dsrA|reductive|Desulfovibrio_desulfuricans	48.2	421	399
GCA_021806125_1__dsrA__JAJZYC010000068.1_8	T2G7Q3|dsrA|reductive|Megalodesulfovibrio_gigas	47.0	421	397
GCA_021806125_1__dsrA__JAJZYC010000068.1_8	P45574|dsrA|reductive|Nitratidesulfovibrio_vulgaris	47.0	421	393
GCA_021806125_1__dsrA__JAJZYC010000068.1_8	Q5ZQS3|dsrA|reductive|Desulfomicrobium_baculatum	47.7	354	358
GCA_021806125_1__dsrA__JAJZYC010000068.1_8	Q93EU9|dsrA|reductive|Desulfarculus_baarsii	47.6	353	352
GCA_021806125_1__dsrA__JAJZYC010000068.1_8	O33998|dsrA|oxidative|Allochromatium_vinosum	44.1	397	342
GCA_021806125_1__dsrA__JAJZYC010000068.1_8	A1BCS1|dsrA|oxidative|Chlorobium_phaeobacteroides	43.6	388	337
GCA_021806125_1__dsrA__JAJZYC010000068.1_8	Q5ZQT9|dsrA|reductive|Archaeoglobus_veneficus	47.4	340	335
GCA_021806125_1__dsrA__JAJZYC010000068.1_8	Q93EV7|dsrA|reductive|Thermodesulfobacterium_commune	46.1	358	327
GCA_021806125_1__dsrA__JAJZYC010000068.1_8	Q8K5E9|dsrA|oxidative|Chlorobaculum_tepidum	42.1	390	328
GCA_021806125_1__dsrA__JAJZYC010000068.1_8	A0A5C4RXN4|dsrA|oxidative|Chlorobaculum_thiosulfatiphilum	42.3	390	328
GCA_021806125_1__dsrA__JAJZYC010000068.1_8	A0ABY9MRG6|dsrA|oxidative|Thiothrix_lacustris	42.1	409	328
GCA_021806125_1__dsrA__JAJZYC010000068.1_8	A0L9L4|dsrA|oxidative|Magnetococcus_marinus	41.1	394	323
GCA_021806125_1__dsrA__JAJZYC010000068.1_8	Q5ZQR5|dsrA|reductive|Desulfosudis_oleivorans	44.9	354	318
GCA_021806125_1__dsrA__JAJZYC010000068.1_8	A0ABS1E8E7|dsrA|oxidative|Halorhodospira_neutriphila	41.3	397	317
GCA_021806125_1__dsrA__JAJZYC010000068.1_8	E0D1Z2|dsrA|oxidative|Thiocapsa_marina	42.6	298	246
GCA_021806125_1__dsrA__JAJZYC010000068.1_8	Q251E3|dsrB|reductive|Desulfitobacterium_hafniense	24.2	285	84.0
GCA_021806125_1__dsrA__JAJZYC010000068.1_8	B5YIF3|dsrB|reductive|Thermodesulfovibrio_yellowstonii	26.4	280	80.9
GCA_021806125_1__dsrA__JAJZYC010000068.1_8	A0ABT8QNA5|dsrB|reductive|Desulfosporosinus_nitroreducens	23.6	271	77.0
GCA_021806125_1__dsrA__JAJZYC010000068.1_8	Q8KE39|dsrB|oxidative|Chlorobaculum_tepidum	23.8	290	70.9
GCA_021806125_1__dsrA__JAJZYC010000068.1_8	A1BCS2|dsrB|oxidative|Chlorobium_phaeobacteroides	23.8	290	69.7
GCA_021806125_1__dsrA__JAJZYC010000068.1_8	A0A5C4RYG3|dsrB|oxidative|Chlorobaculum_thiosulfatiphilum	23.4	290	68.2
GCA_021806125_1__dsrA__JAJZYC010000068.1_8	L0DSF9|dsrB|oxidative|Thioalkalivibrio_nitratireducens	23.5	277	65.1
GCA_021806125_1__dsrA__JAJZYC010000068.1_8	O33999|dsrB|oxidative|Allochromatium_vinosum	23.3	275	62.4
GCA_021806125_1__dsrA__JAJZYC010000068.1_8	A0A9X0WG77|dsrB|oxidative|Thiocapsa_imhoffii	22.5	275	58.5
GCA_021806125_1__dsrA__JAJZYC010000068.1_8	T2G8V8|dsrB|reductive|Megalodesulfovibrio_gigas	21.6	291	54.3
GCA_021806125_1__dsrA__JAJZYC010000068.1_8	Q9F4A2|dsrB|reductive|Desulfovibrio_desulfuricans	20.8	312	53.9
GCA_021806125_1__dsrA__JAJZYC010000068.1_8	A0ABY9MNZ8|dsrB|oxidative|Thiothrix_lacustris	22.1	276	48.1
GCA_021806125_1__dsrB__JAJZYC010000068.1_7	E1QFJ3|dsrB|reductive|Desulfarculus_baarsii	60.6	358	461
GCA_021806125_1__dsrB__JAJZYC010000068.1_7	A4J9D5|dsrB|reductive|Desulforamulus_reducens	61.1	342	459
GCA_021806125_1__dsrB__JAJZYC010000068.1_7	B5YIF3|dsrB|reductive|Thermodesulfovibrio_yellowstonii	58.7	346	447
GCA_021806125_1__dsrB__JAJZYC010000068.1_7	Q9K5B8|dsrB|reductive|Desulfobulbus_rhabdoformis	56.9	364	436
GCA_021806125_1__dsrB__JAJZYC010000068.1_7	N0BL33|dsrB|reductive|Archaeoglobus_sulfaticallidus_PM70-1	52.7	366	431
GCA_021806125_1__dsrB__JAJZYC010000068.1_7	Q251E3|dsrB|reductive|Desulfitobacterium_hafniense	56.6	348	427
GCA_021806125_1__dsrB__JAJZYC010000068.1_7	Q9F4A2|dsrB|reductive|Desulfovibrio_desulfuricans	54.9	350	423
GCA_021806125_1__dsrB__JAJZYC010000068.1_7	P45575|dsrB|reductive|Nitratidesulfovibrio_vulgaris	54.3	350	421
GCA_021806125_1__dsrB__JAJZYC010000068.1_7	A0ABT8QNA5|dsrB|reductive|Desulfosporosinus_nitroreducens	55.8	346	417
GCA_021806125_1__dsrB__JAJZYC010000068.1_7	Q9K5B4|dsrB|reductive|Desulfobacter_vibrioformis	52.7	351	414
GCA_021806125_1__dsrB__JAJZYC010000068.1_7	Q59110|dsrB|reductive|Archaeoglobus_fulgidus	54.0	346	409
GCA_021806125_1__dsrB__JAJZYC010000068.1_7	A1BCS2|dsrB|oxidative|Chlorobium_phaeobacteroides	52.5	360	407
GCA_021806125_1__dsrB__JAJZYC010000068.1_7	T2G8V8|dsrB|reductive|Megalodesulfovibrio_gigas	51.7	350	408
GCA_021806125_1__dsrB__JAJZYC010000068.1_7	S0G5M9|dsrB|reductive|Desulfotignum_phosphitoxidans_DSM_13687	51.3	351	405
GCA_021806125_1__dsrB__JAJZYC010000068.1_7	A0A5C4RYG3|dsrB|oxidative|Chlorobaculum_thiosulfatiphilum	50.3	360	389
GCA_021806125_1__dsrB__JAJZYC010000068.1_7	Q8KE39|dsrB|oxidative|Chlorobaculum_tepidum	50.0	360	388
GCA_021806125_1__dsrB__JAJZYC010000068.1_7	A0L9L5|dsrB|oxidative|Magnetococcus_marinus	49.6	349	377
GCA_021806125_1__dsrB__JAJZYC010000068.1_7	O33999|dsrB|oxidative|Allochromatium_vinosum	49.9	349	367
GCA_021806125_1__dsrB__JAJZYC010000068.1_7	A0A9X0WG77|dsrB|oxidative|Thiocapsa_imhoffii	49.3	349	365
GCA_021806125_1__dsrB__JAJZYC010000068.1_7	L0DSF9|dsrB|oxidative|Thioalkalivibrio_nitratireducens	46.7	349	358
GCA_021806125_1__dsrB__JAJZYC010000068.1_7	A0ABY9MNZ8|dsrB|oxidative|Thiothrix_lacustris	47.6	349	358
GCA_021806125_1__dsrB__JAJZYC010000068.1_7	A0ABS1E5W7|dsrB|oxidative|Halorhodospira_neutriphila	46.4	349	356
GCA_021806125_1__dsrB__JAJZYC010000068.1_7	A0L9L4|dsrA|oxidative|Magnetococcus_marinus	25.4	295	98.6
GCA_021806125_1__dsrB__JAJZYC010000068.1_7	A0ABS1E8E7|dsrA|oxidative|Halorhodospira_neutriphila	24.6	281	95.1
GCA_021806125_1__dsrB__JAJZYC010000068.1_7	E0D1Z2|dsrA|oxidative|Thiocapsa_marina	23.6	288	92.8
GCA_021806125_1__dsrB__JAJZYC010000068.1_7	O33998|dsrA|oxidative|Allochromatium_vinosum	24.3	304	92.4
GCA_021806125_1__dsrB__JAJZYC010000068.1_7	N0BK96|dsrA|reductive|Archaeoglobus_sulfaticallidus_PM70-1	25.0	292	89.0
GCA_021806125_1__dsrB__JAJZYC010000068.1_7	B5YIF2|dsrA|reductive|Thermodesulfovibrio_yellowstonii	25.6	293	85.1
GCA_021806125_1__dsrB__JAJZYC010000068.1_7	A0ABT8QKK2|dsrA|reductive|Desulfosporosinus_nitroreducens	24.4	312	84.0
GCA_021806125_1__dsrB__JAJZYC010000068.1_7	A0ABY9MRG6|dsrA|oxidative|Thiothrix_lacustris	22.9	314	83.6
GCA_021806125_1__dsrB__JAJZYC010000068.1_7	A1BCS1|dsrA|oxidative|Chlorobium_phaeobacteroides	24.4	279	82.8
GCA_021806125_1__dsrB__JAJZYC010000068.1_7	Q8K5E9|dsrA|oxidative|Chlorobaculum_tepidum	24.5	286	79.3
GCA_021806125_1__dsrB__JAJZYC010000068.1_7	Q9K5B9|dsrA|reductive|Desulfobulbus_rhabdoformis	23.7	325	79.3
GCA_021806125_1__dsrB__JAJZYC010000068.1_7	Q59109|dsrA|reductive|Archaeoglobus_fulgidus	25.8	298	76.6
GCA_021806125_1__dsrB__JAJZYC010000068.1_7	A0A5C4RXN4|dsrA|oxidative|Chlorobaculum_thiosulfatiphilum	24.5	286	73.9
GCA_021806125_1__dsrB__JAJZYC010000068.1_7	Q9F4A3|dsrA|reductive|Desulfovibrio_desulfuricans	23.9	318	72.0
GCA_021806125_1__dsrB__JAJZYC010000068.1_7	Q5ZQT9|dsrA|reductive|Archaeoglobus_veneficus	22.7	291	69.7
GCA_021806125_1__dsrB__JAJZYC010000068.1_7	Q5ZQS3|dsrA|reductive|Desulfomicrobium_baculatum	24.8	315	69.3
GCA_021806125_1__dsrB__JAJZYC010000068.1_7	S0FXQ9|dsrA|reductive|Desulfotignum_phosphitoxidans_DSM_13687	21.1	322	67.0
GCA_021806125_1__dsrB__JAJZYC010000068.1_7	Q93EV7|dsrA|reductive|Thermodesulfobacterium_commune	22.7	300	65.9
GCA_021806125_1__dsrB__JAJZYC010000068.1_7	T2G7Q3|dsrA|reductive|Megalodesulfovibrio_gigas	21.0	319	65.5
GCA_021806125_1__dsrB__JAJZYC010000068.1_7	Q5ZQR5|dsrA|reductive|Desulfosudis_oleivorans	19.5	318	64.7
GCA_021806125_1__dsrB__JAJZYC010000068.1_7	P45574|dsrA|reductive|Nitratidesulfovibrio_vulgaris	20.7	319	63.5
GCA_021806125_1__dsrB__JAJZYC010000068.1_7	Q9K5B5|dsrA|reductive|Desulfobacter_vibrioformis	21.8	252	63.2
GCA_021806125_1__dsrB__JAJZYC010000068.1_7	Q93EU9|dsrA|reductive|Desulfarculus_baarsii	21.7	314	62.4
GCA_022600395_1__dsrA__JAHZKM010000008.1_3	A0ABS1E8E7|dsrA|oxidative|Halorhodospira_neutriphila	58.9	433	535
GCA_022600395_1__dsrA__JAHZKM010000008.1_3	O33998|dsrA|oxidative|Allochromatium_vinosum	57.5	435	511
GCA_022600395_1__dsrA__JAHZKM010000008.1_3	A0ABY9MRG6|dsrA|oxidative|Thiothrix_lacustris	57.2	446	505
GCA_022600395_1__dsrA__JAHZKM010000008.1_3	A0L9L4|dsrA|oxidative|Magnetococcus_marinus	46.6	416	397
GCA_022600395_1__dsrA__JAHZKM010000008.1_3	Q8K5E9|dsrA|oxidative|Chlorobaculum_tepidum	47.2	413	390
GCA_022600395_1__dsrA__JAHZKM010000008.1_3	A1BCS1|dsrA|oxidative|Chlorobium_phaeobacteroides	46.4	412	386
GCA_022600395_1__dsrA__JAHZKM010000008.1_3	A0A5C4RXN4|dsrA|oxidative|Chlorobaculum_thiosulfatiphilum	46.7	413	383
GCA_022600395_1__dsrA__JAHZKM010000008.1_3	E0D1Z2|dsrA|oxidative|Thiocapsa_marina	57.8	294	357
GCA_022600395_1__dsrA__JAHZKM010000008.1_3	N0BK96|dsrA|reductive|Archaeoglobus_sulfaticallidus_PM70-1	43.0	421	312
GCA_022600395_1__dsrA__JAHZKM010000008.1_3	Q251E4|dsrA|reductive|Desulfitobacterium_hafniense	39.4	419	305
GCA_022600395_1__dsrA__JAHZKM010000008.1_3	A0ABT8QKK2|dsrA|reductive|Desulfosporosinus_nitroreducens	40.4	411	305
GCA_022600395_1__dsrA__JAHZKM010000008.1_3	S0FXQ9|dsrA|reductive|Desulfotignum_phosphitoxidans_DSM_13687	38.2	450	289
GCA_022600395_1__dsrA__JAHZKM010000008.1_3	Q9K5B9|dsrA|reductive|Desulfobulbus_rhabdoformis	37.7	440	288
GCA_022600395_1__dsrA__JAHZKM010000008.1_3	Q9K5B5|dsrA|reductive|Desulfobacter_vibrioformis	38.5	449	285
GCA_022600395_1__dsrA__JAHZKM010000008.1_3	P45574|dsrA|reductive|Nitratidesulfovibrio_vulgaris	37.8	437	279
GCA_022600395_1__dsrA__JAHZKM010000008.1_3	Q59109|dsrA|reductive|Archaeoglobus_fulgidus	38.5	421	275
GCA_022600395_1__dsrA__JAHZKM010000008.1_3	T2G7Q3|dsrA|reductive|Megalodesulfovibrio_gigas	37.1	437	273
GCA_022600395_1__dsrA__JAHZKM010000008.1_3	B5YIF2|dsrA|reductive|Thermodesulfovibrio_yellowstonii	38.6	428	269
GCA_022600395_1__dsrA__JAHZKM010000008.1_3	Q9F4A3|dsrA|reductive|Desulfovibrio_desulfuricans	36.8	437	268
GCA_022600395_1__dsrA__JAHZKM010000008.1_3	Q93EU9|dsrA|reductive|Desulfarculus_baarsii	35.4	367	232
GCA_022600395_1__dsrA__JAHZKM010000008.1_3	Q93EV7|dsrA|reductive|Thermodesulfobacterium_commune	36.5	389	231
GCA_022600395_1__dsrA__JAHZKM010000008.1_3	Q5ZQS3|dsrA|reductive|Desulfomicrobium_baculatum	35.4	376	230
GCA_022600395_1__dsrA__JAHZKM010000008.1_3	Q5ZQR5|dsrA|reductive|Desulfosudis_oleivorans	34.7	375	218
GCA_022600395_1__dsrA__JAHZKM010000008.1_3	Q5ZQT9|dsrA|reductive|Archaeoglobus_veneficus	37.2	355	217
GCA_022600395_1__dsrA__JAHZKM010000008.1_3	A0ABT8QNA5|dsrB|reductive|Desulfosporosinus_nitroreducens	25.1	283	82.4
GCA_022600395_1__dsrA__JAHZKM010000008.1_3	B5YIF3|dsrB|reductive|Thermodesulfovibrio_yellowstonii	24.7	304	77.0
GCA_022600395_1__dsrA__JAHZKM010000008.1_3	Q251E3|dsrB|reductive|Desulfitobacterium_hafniense	22.6	341	73.9
GCA_022600395_1__dsrA__JAHZKM010000008.1_3	Q9F4A2|dsrB|reductive|Desulfovibrio_desulfuricans	21.4	332	70.9
GCA_022600395_1__dsrA__JAHZKM010000008.1_3	P45575|dsrB|reductive|Nitratidesulfovibrio_vulgaris	21.6	333	70.1
GCA_022600395_1__dsrA__JAHZKM010000008.1_3	N0BL33|dsrB|reductive|Archaeoglobus_sulfaticallidus_PM70-1	22.2	325	68.9
GCA_022600395_1__dsrA__JAHZKM010000008.1_3	Q8KE39|dsrB|oxidative|Chlorobaculum_tepidum	20.7	304	67.4
GCA_022600395_1__dsrA__JAHZKM010000008.1_3	S0G5M9|dsrB|reductive|Desulfotignum_phosphitoxidans_DSM_13687	23.7	262	66.2
GCA_022600395_1__dsrA__JAHZKM010000008.1_3	A1BCS2|dsrB|oxidative|Chlorobium_phaeobacteroides	20.5	317	65.9
GCA_022600395_1__dsrA__JAHZKM010000008.1_3	Q9K5B4|dsrB|reductive|Desulfobacter_vibrioformis	21.3	267	65.5
GCA_022600395_1__dsrA__JAHZKM010000008.1_3	T2G8V8|dsrB|reductive|Megalodesulfovibrio_gigas	22.1	285	65.5
GCA_022600395_1__dsrA__JAHZKM010000008.1_3	A0ABS1E5W7|dsrB|oxidative|Halorhodospira_neutriphila	22.5	324	62.8
GCA_022600395_1__dsrA__JAHZKM010000008.1_3	A0A5C4RYG3|dsrB|oxidative|Chlorobaculum_thiosulfatiphilum	20.0	300	61.6
GCA_022600395_1__dsrA__JAHZKM010000008.1_3	E1QFJ3|dsrB|reductive|Desulfarculus_baarsii	21.8	252	61.2
GCA_022600395_1__dsrA__JAHZKM010000008.1_3	A0L9L5|dsrB|oxidative|Magnetococcus_marinus	22.3	314	60.8
GCA_022600395_1__dsrA__JAHZKM010000008.1_3	Q59110|dsrB|reductive|Archaeoglobus_fulgidus	21.9	311	60.8
GCA_022600395_1__dsrA__JAHZKM010000008.1_3	Q9K5B8|dsrB|reductive|Desulfobulbus_rhabdoformis	22.6	257	60.8
GCA_022600395_1__dsrA__JAHZKM010000008.1_3	L0DSF9|dsrB|oxidative|Thioalkalivibrio_nitratireducens	22.4	290	57.8
GCA_022600395_1__dsrA__JAHZKM010000008.1_3	A0ABY9MNZ8|dsrB|oxidative|Thiothrix_lacustris	21.8	293	48.5
GCA_022600395_1__dsrB__JAHZKM010000008.1_2	A0ABS1E5W7|dsrB|oxidative|Halorhodospira_neutriphila	72.4	362	579
GCA_022600395_1__dsrB__JAHZKM010000008.1_2	L0DSF9|dsrB|oxidative|Thioalkalivibrio_nitratireducens	72.0	354	573
GCA_022600395_1__dsrB__JAHZKM010000008.1_2	A0ABY9MNZ8|dsrB|oxidative|Thiothrix_lacustris	72.2	356	560
GCA_022600395_1__dsrB__JAHZKM010000008.1_2	O33999|dsrB|oxidative|Allochromatium_vinosum	70.3	357	558
GCA_022600395_1__dsrB__JAHZKM010000008.1_2	A0A9X0WG77|dsrB|oxidative|Thiocapsa_imhoffii	70.0	357	556
GCA_022600395_1__dsrB__JAHZKM010000008.1_2	A0L9L5|dsrB|oxidative|Magnetococcus_marinus	60.5	357	472
GCA_022600395_1__dsrB__JAHZKM010000008.1_2	Q8KE39|dsrB|oxidative|Chlorobaculum_tepidum	59.3	349	452
GCA_022600395_1__dsrB__JAHZKM010000008.1_2	A1BCS2|dsrB|oxidative|Chlorobium_phaeobacteroides	57.9	349	451
GCA_022600395_1__dsrB__JAHZKM010000008.1_2	A0A5C4RYG3|dsrB|oxidative|Chlorobaculum_thiosulfatiphilum	58.5	349	450
GCA_022600395_1__dsrB__JAHZKM010000008.1_2	A4J9D5|dsrB|reductive|Desulforamulus_reducens	47.5	343	343
GCA_022600395_1__dsrB__JAHZKM010000008.1_2	N0BL33|dsrB|reductive|Archaeoglobus_sulfaticallidus_PM70-1	43.8	354	325
GCA_022600395_1__dsrB__JAHZKM010000008.1_2	Q251E3|dsrB|reductive|Desulfitobacterium_hafniense	44.3	348	323
GCA_022600395_1__dsrB__JAHZKM010000008.1_2	A0ABT8QNA5|dsrB|reductive|Desulfosporosinus_nitroreducens	44.4	351	319
GCA_022600395_1__dsrB__JAHZKM010000008.1_2	T2G8V8|dsrB|reductive|Megalodesulfovibrio_gigas	43.1	357	309
GCA_022600395_1__dsrB__JAHZKM010000008.1_2	B5YIF3|dsrB|reductive|Thermodesulfovibrio_yellowstonii	42.8	348	305
GCA_022600395_1__dsrB__JAHZKM010000008.1_2	E1QFJ3|dsrB|reductive|Desulfarculus_baarsii	42.7	337	304
GCA_022600395_1__dsrB__JAHZKM010000008.1_2	Q59110|dsrB|reductive|Archaeoglobus_fulgidus	44.1	333	302
GCA_022600395_1__dsrB__JAHZKM010000008.1_2	Q9K5B8|dsrB|reductive|Desulfobulbus_rhabdoformis	41.8	371	301
GCA_022600395_1__dsrB__JAHZKM010000008.1_2	P45575|dsrB|reductive|Nitratidesulfovibrio_vulgaris	41.5	354	299
GCA_022600395_1__dsrB__JAHZKM010000008.1_2	Q9F4A2|dsrB|reductive|Desulfovibrio_desulfuricans	41.0	354	287
GCA_022600395_1__dsrB__JAHZKM010000008.1_2	Q9K5B4|dsrB|reductive|Desulfobacter_vibrioformis	41.3	358	285
GCA_022600395_1__dsrB__JAHZKM010000008.1_2	S0G5M9|dsrB|reductive|Desulfotignum_phosphitoxidans_DSM_13687	41.3	358	281
GCA_022600395_1__dsrB__JAHZKM010000008.1_2	A0ABY9MRG6|dsrA|oxidative|Thiothrix_lacustris	21.6	324	72.0
GCA_022600395_1__dsrB__JAHZKM010000008.1_2	O33998|dsrA|oxidative|Allochromatium_vinosum	20.4	309	70.5
GCA_022600395_1__dsrB__JAHZKM010000008.1_2	A0ABS1E8E7|dsrA|oxidative|Halorhodospira_neutriphila	22.4	277	69.3
GCA_022600395_1__dsrB__JAHZKM010000008.1_2	E0D1Z2|dsrA|oxidative|Thiocapsa_marina	20.9	268	66.2
GCA_022600395_1__dsrB__JAHZKM010000008.1_2	Q8K5E9|dsrA|oxidative|Chlorobaculum_tepidum	23.1	360	62.4
GCA_022600395_1__dsrB__JAHZKM010000008.1_2	B5YIF2|dsrA|reductive|Thermodesulfovibrio_yellowstonii	22.9	284	61.2
GCA_022600395_1__dsrB__JAHZKM010000008.1_2	A1BCS1|dsrA|oxidative|Chlorobium_phaeobacteroides	23.0	365	57.4
GCA_022600395_1__dsrB__JAHZKM010000008.1_2	A0A5C4RXN4|dsrA|oxidative|Chlorobaculum_thiosulfatiphilum	21.9	360	52.4
GCA_022600395_1__dsrB__JAHZKM010000008.1_2	A0L9L4|dsrA|oxidative|Magnetococcus_marinus	19.6	276	50.8
GCA_022600395_1__dsrB__JAHZKM010000008.1_2	N0BK96|dsrA|reductive|Archaeoglobus_sulfaticallidus_PM70-1	21.4	276	49.7
GCA_022600395_1__dsrB__JAHZKM010000008.1_2	T2G7Q3|dsrA|reductive|Megalodesulfovibrio_gigas	26.1	138	46.2
GCA_022600395_1__dsrB__JAHZKM010000008.1_2	Q5ZQR5|dsrA|reductive|Desulfosudis_oleivorans	18.8	250	44.7
GCA_022600395_1__dsrB__JAHZKM010000008.1_2	S0FXQ9|dsrA|reductive|Desulfotignum_phosphitoxidans_DSM_13687	19.6	301	40.4
GCA_022600395_1__dsrB__JAHZKM010000008.1_2	Q9K5B5|dsrA|reductive|Desulfobacter_vibrioformis	19.5	338	39.7
GCA_022600395_1__dsrB__JAHZKM010000008.1_2	A0ABT8QKK2|dsrA|reductive|Desulfosporosinus_nitroreducens	19.4	279	38.5
GCA_024275315_1__dsrA__JAJRZK010000027.1_33	O33998|dsrA|oxidative|Allochromatium_vinosum	51.3	396	448
GCA_024275315_1__dsrA__JAJRZK010000027.1_33	A0ABS1E8E7|dsrA|oxidative|Halorhodospira_neutriphila	51.8	398	445
GCA_024275315_1__dsrA__JAJRZK010000027.1_33	A0L9L4|dsrA|oxidative|Magnetococcus_marinus	51.0	394	433
GCA_024275315_1__dsrA__JAJRZK010000027.1_33	Q8K5E9|dsrA|oxidative|Chlorobaculum_tepidum	50.3	398	430
GCA_024275315_1__dsrA__JAJRZK010000027.1_33	A1BCS1|dsrA|oxidative|Chlorobium_phaeobacteroides	48.9	393	429
GCA_024275315_1__dsrA__JAJRZK010000027.1_33	A0A5C4RXN4|dsrA|oxidative|Chlorobaculum_thiosulfatiphilum	49.7	398	427
GCA_024275315_1__dsrA__JAJRZK010000027.1_33	A0ABY9MRG6|dsrA|oxidative|Thiothrix_lacustris	49.0	402	419
GCA_024275315_1__dsrA__JAJRZK010000027.1_33	N0BK96|dsrA|reductive|Archaeoglobus_sulfaticallidus_PM70-1	49.6	387	415
GCA_024275315_1__dsrA__JAJRZK010000027.1_33	A0ABT8QKK2|dsrA|reductive|Desulfosporosinus_nitroreducens	49.0	390	410
GCA_024275315_1__dsrA__JAJRZK010000027.1_33	Q251E4|dsrA|reductive|Desulfitobacterium_hafniense	49.0	390	399
GCA_024275315_1__dsrA__JAJRZK010000027.1_33	Q9K5B9|dsrA|reductive|Desulfobulbus_rhabdoformis	43.3	409	381
GCA_024275315_1__dsrA__JAJRZK010000027.1_33	B5YIF2|dsrA|reductive|Thermodesulfovibrio_yellowstonii	43.9	385	368
GCA_024275315_1__dsrA__JAJRZK010000027.1_33	S0FXQ9|dsrA|reductive|Desulfotignum_phosphitoxidans_DSM_13687	43.1	420	361
GCA_024275315_1__dsrA__JAJRZK010000027.1_33	Q59109|dsrA|reductive|Archaeoglobus_fulgidus	44.5	407	355
GCA_024275315_1__dsrA__JAJRZK010000027.1_33	Q9K5B5|dsrA|reductive|Desulfobacter_vibrioformis	42.2	419	349
GCA_024275315_1__dsrA__JAJRZK010000027.1_33	E0D1Z2|dsrA|oxidative|Thiocapsa_marina	54.3	280	337
GCA_024275315_1__dsrA__JAJRZK010000027.1_33	Q93EU9|dsrA|reductive|Desulfarculus_baarsii	45.2	354	332
GCA_024275315_1__dsrA__JAJRZK010000027.1_33	P45574|dsrA|reductive|Nitratidesulfovibrio_vulgaris	41.2	422	334
GCA_024275315_1__dsrA__JAJRZK010000027.1_33	T2G7Q3|dsrA|reductive|Megalodesulfovibrio_gigas	40.5	422	332
GCA_024275315_1__dsrA__JAJRZK010000027.1_33	Q9F4A3|dsrA|reductive|Desulfovibrio_desulfuricans	41.0	417	328
GCA_024275315_1__dsrA__JAJRZK010000027.1_33	Q5ZQS3|dsrA|reductive|Desulfomicrobium_baculatum	43.4	350	313
GCA_024275315_1__dsrA__JAJRZK010000027.1_33	Q93EV7|dsrA|reductive|Thermodesulfobacterium_commune	44.7	356	308
GCA_024275315_1__dsrA__JAJRZK010000027.1_33	Q5ZQR5|dsrA|reductive|Desulfosudis_oleivorans	41.1	358	303
GCA_024275315_1__dsrA__JAJRZK010000027.1_33	Q5ZQT9|dsrA|reductive|Archaeoglobus_veneficus	44.2	337	303
GCA_024275315_1__dsrA__JAJRZK010000027.1_33	N0BL33|dsrB|reductive|Archaeoglobus_sulfaticallidus_PM70-1	25.6	324	105
GCA_024275315_1__dsrA__JAJRZK010000027.1_33	Q59110|dsrB|reductive|Archaeoglobus_fulgidus	26.7	337	103
GCA_024275315_1__dsrA__JAJRZK010000027.1_33	Q251E3|dsrB|reductive|Desulfitobacterium_hafniense	25.1	319	102
GCA_024275315_1__dsrA__JAJRZK010000027.1_33	A0ABT8QNA5|dsrB|reductive|Desulfosporosinus_nitroreducens	25.5	294	99.4
GCA_024275315_1__dsrA__JAJRZK010000027.1_33	B5YIF3|dsrB|reductive|Thermodesulfovibrio_yellowstonii	25.4	291	95.1
GCA_024275315_1__dsrA__JAJRZK010000027.1_33	A4J9D5|dsrB|reductive|Desulforamulus_reducens	25.0	312	92.8
GCA_024275315_1__dsrA__JAJRZK010000027.1_33	P45575|dsrB|reductive|Nitratidesulfovibrio_vulgaris	23.4	342	92.8
GCA_024275315_1__dsrA__JAJRZK010000027.1_33	T2G8V8|dsrB|reductive|Megalodesulfovibrio_gigas	24.4	299	89.7
GCA_024275315_1__dsrA__JAJRZK010000027.1_33	Q9F4A2|dsrB|reductive|Desulfovibrio_desulfuricans	24.0	292	85.5
GCA_024275315_1__dsrA__JAJRZK010000027.1_33	Q9K5B4|dsrB|reductive|Desulfobacter_vibrioformis	22.6	310	84.0
GCA_024275315_1__dsrA__JAJRZK010000027.1_33	S0G5M9|dsrB|reductive|Desulfotignum_phosphitoxidans_DSM_13687	22.2	325	84.0
GCA_024275315_1__dsrA__JAJRZK010000027.1_33	Q8KE39|dsrB|oxidative|Chlorobaculum_tepidum	21.7	323	81.3
GCA_024275315_1__dsrA__JAJRZK010000027.1_33	A0A5C4RYG3|dsrB|oxidative|Chlorobaculum_thiosulfatiphilum	21.4	323	80.9
GCA_024275315_1__dsrA__JAJRZK010000027.1_33	A1BCS2|dsrB|oxidative|Chlorobium_phaeobacteroides	21.3	287	77.4
GCA_024275315_1__dsrA__JAJRZK010000027.1_33	E1QFJ3|dsrB|reductive|Desulfarculus_baarsii	22.9	340	76.6
GCA_024275315_1__dsrA__JAJRZK010000027.1_33	Q9K5B8|dsrB|reductive|Desulfobulbus_rhabdoformis	24.9	285	76.6
GCA_024275315_1__dsrA__JAJRZK010000027.1_33	L0DSF9|dsrB|oxidative|Thioalkalivibrio_nitratireducens	22.1	312	67.8
GCA_024275315_1__dsrA__JAJRZK010000027.1_33	A0ABS1E5W7|dsrB|oxidative|Halorhodospira_neutriphila	22.3	278	65.5
GCA_024275315_1__dsrA__JAJRZK010000027.1_33	O33999|dsrB|oxidative|Allochromatium_vinosum	23.1	277	64.3
GCA_024275315_1__dsrA__JAJRZK010000027.1_33	A0A9X0WG77|dsrB|oxidative|Thiocapsa_imhoffii	22.4	277	62.4
GCA_024275315_1__dsrA__JAJRZK010000027.1_33	A0ABY9MNZ8|dsrB|oxidative|Thiothrix_lacustris	22.4	312	62.4
GCA_024275315_1__dsrA__JAJRZK010000027.1_33	A0L9L5|dsrB|oxidative|Magnetococcus_marinus	22.5	276	60.5
GCA_024275315_1__dsrB__JAJRZK010000027.1_32	A1BCS2|dsrB|oxidative|Chlorobium_phaeobacteroides	56.1	351	417
GCA_024275315_1__dsrB__JAJRZK010000027.1_32	A0L9L5|dsrB|oxidative|Magnetococcus_marinus	54.7	351	410
GCA_024275315_1__dsrB__JAJRZK010000027.1_32	A0A5C4RYG3|dsrB|oxidative|Chlorobaculum_thiosulfatiphilum	55.8	351	410
GCA_024275315_1__dsrB__JAJRZK010000027.1_32	Q8KE39|dsrB|oxidative|Chlorobaculum_tepidum	55.8	351	409
GCA_024275315_1__dsrB__JAJRZK010000027.1_32	A0ABS1E5W7|dsrB|oxidative|Halorhodospira_neutriphila	52.5	360	400
GCA_024275315_1__dsrB__JAJRZK010000027.1_32	A0ABY9MNZ8|dsrB|oxidative|Thiothrix_lacustris	52.6	361	399
GCA_024275315_1__dsrB__JAJRZK010000027.1_32	A0A9X0WG77|dsrB|oxidative|Thiocapsa_imhoffii	52.7	353	397
GCA_024275315_1__dsrB__JAJRZK010000027.1_32	L0DSF9|dsrB|oxidative|Thioalkalivibrio_nitratireducens	51.8	353	395
GCA_024275315_1__dsrB__JAJRZK010000027.1_32	O33999|dsrB|oxidative|Allochromatium_vinosum	52.4	353	394
GCA_024275315_1__dsrB__JAJRZK010000027.1_32	A4J9D5|dsrB|reductive|Desulforamulus_reducens	52.8	352	383
GCA_024275315_1__dsrB__JAJRZK010000027.1_32	N0BL33|dsrB|reductive|Archaeoglobus_sulfaticallidus_PM70-1	50.8	358	360
GCA_024275315_1__dsrB__JAJRZK010000027.1_32	A0ABT8QNA5|dsrB|reductive|Desulfosporosinus_nitroreducens	50.8	356	357
GCA_024275315_1__dsrB__JAJRZK010000027.1_32	Q251E3|dsrB|reductive|Desulfitobacterium_hafniense	49.9	353	352
GCA_024275315_1__dsrB__JAJRZK010000027.1_32	Q59110|dsrB|reductive|Archaeoglobus_fulgidus	47.6	361	340
GCA_024275315_1__dsrB__JAJRZK010000027.1_32	B5YIF3|dsrB|reductive|Thermodesulfovibrio_yellowstonii	46.6	352	334
GCA_024275315_1__dsrB__JAJRZK010000027.1_32	P45575|dsrB|reductive|Nitratidesulfovibrio_vulgaris	46.5	346	335
GCA_024275315_1__dsrB__JAJRZK010000027.1_32	E1QFJ3|dsrB|reductive|Desulfarculus_baarsii	45.2	352	333
GCA_024275315_1__dsrB__JAJRZK010000027.1_32	Q9K5B8|dsrB|reductive|Desulfobulbus_rhabdoformis	46.8	357	332
GCA_024275315_1__dsrB__JAJRZK010000027.1_32	T2G8V8|dsrB|reductive|Megalodesulfovibrio_gigas	45.4	346	327
GCA_024275315_1__dsrB__JAJRZK010000027.1_32	Q9F4A2|dsrB|reductive|Desulfovibrio_desulfuricans	44.8	346	321
GCA_024275315_1__dsrB__JAJRZK010000027.1_32	S0G5M9|dsrB|reductive|Desulfotignum_phosphitoxidans_DSM_13687	43.5	347	318
GCA_024275315_1__dsrB__JAJRZK010000027.1_32	Q9K5B4|dsrB|reductive|Desulfobacter_vibrioformis	43.2	347	317
GCA_024275315_1__dsrB__JAJRZK010000027.1_32	A0ABY9MRG6|dsrA|oxidative|Thiothrix_lacustris	22.4	343	65.5
GCA_024275315_1__dsrB__JAJRZK010000027.1_32	N0BK96|dsrA|reductive|Archaeoglobus_sulfaticallidus_PM70-1	23.8	323	62.8
GCA_024275315_1__dsrB__JAJRZK010000027.1_32	O33998|dsrA|oxidative|Allochromatium_vinosum	22.3	323	62.0
GCA_024275315_1__dsrB__JAJRZK010000027.1_32	Q251E4|dsrA|reductive|Desulfitobacterium_hafniense	24.3	301	61.6
GCA_024275315_1__dsrB__JAJRZK010000027.1_32	Q9K5B9|dsrA|reductive|Desulfobulbus_rhabdoformis	22.2	324	59.3
GCA_024275315_1__dsrB__JAJRZK010000027.1_32	B5YIF2|dsrA|reductive|Thermodesulfovibrio_yellowstonii	23.7	317	57.8
GCA_024275315_1__dsrB__JAJRZK010000027.1_32	A0ABS1E8E7|dsrA|oxidative|Halorhodospira_neutriphila	22.7	299	57.8
GCA_024275315_1__dsrB__JAJRZK010000027.1_32	Q93EV7|dsrA|reductive|Thermodesulfobacterium_commune	21.7	300	55.8
GCA_024275315_1__dsrB__JAJRZK010000027.1_32	Q8K5E9|dsrA|oxidative|Chlorobaculum_tepidum	23.1	303	54.7
GCA_024275315_1__dsrB__JAJRZK010000027.1_32	Q59109|dsrA|reductive|Archaeoglobus_fulgidus	22.9	314	54.7
GCA_024275315_1__dsrB__JAJRZK010000027.1_32	E0D1Z2|dsrA|oxidative|Thiocapsa_marina	22.6	292	53.5
GCA_024275315_1__dsrB__JAJRZK010000027.1_32	P45574|dsrA|reductive|Nitratidesulfovibrio_vulgaris	21.0	319	53.1
GCA_024275315_1__dsrB__JAJRZK010000027.1_32	A0ABT8QKK2|dsrA|reductive|Desulfosporosinus_nitroreducens	23.0	304	52.0
GCA_024275315_1__dsrB__JAJRZK010000027.1_32	Q9F4A3|dsrA|reductive|Desulfovibrio_desulfuricans	21.5	344	51.2
GCA_024275315_1__dsrB__JAJRZK010000027.1_32	A0A5C4RXN4|dsrA|oxidative|Chlorobaculum_thiosulfatiphilum	22.4	303	49.3
GCA_024275315_1__dsrB__JAJRZK010000027.1_32	T2G7Q3|dsrA|reductive|Megalodesulfovibrio_gigas	20.4	343	49.3
GCA_024275315_1__dsrB__JAJRZK010000027.1_32	A0L9L4|dsrA|oxidative|Magnetococcus_marinus	20.5	298	48.1
GCA_024275315_1__dsrB__JAJRZK010000027.1_32	A1BCS1|dsrA|oxidative|Chlorobium_phaeobacteroides	23.9	284	47.8
GCA_024275315_1__dsrB__JAJRZK010000027.1_32	Q5ZQR5|dsrA|reductive|Desulfosudis_oleivorans	25.7	136	46.2
GCA_024275315_1__dsrB__JAJRZK010000027.1_32	Q9K5B5|dsrA|reductive|Desulfobacter_vibrioformis	21.4	346	44.7
GCA_024275315_1__dsrB__JAJRZK010000027.1_32	Q5ZQS3|dsrA|reductive|Desulfomicrobium_baculatum	20.6	340	43.9
GCA_024275315_1__dsrB__JAJRZK010000027.1_32	S0FXQ9|dsrA|reductive|Desulfotignum_phosphitoxidans_DSM_13687	19.6	322	43.9
GCA_024275315_1__dsrB__JAJRZK010000027.1_32	Q93EU9|dsrA|reductive|Desulfarculus_baarsii	22.4	331	42.7
GCA_024699605_1__dsrA__JAILPJ010000044.1_11	Q9F4A3|dsrA|reductive|Desulfovibrio_desulfuricans	85.4	437	810
GCA_024699605_1__dsrA__JAILPJ010000044.1_11	P45574|dsrA|reductive|Nitratidesulfovibrio_vulgaris	80.8	437	782
GCA_024699605_1__dsrA__JAILPJ010000044.1_11	T2G7Q3|dsrA|reductive|Megalodesulfovibrio_gigas	78.3	437	752
GCA_024699605_1__dsrA__JAILPJ010000044.1_11	Q9K5B5|dsrA|reductive|Desulfobacter_vibrioformis	68.9	441	674
GCA_024699605_1__dsrA__JAILPJ010000044.1_11	S0FXQ9|dsrA|reductive|Desulfotignum_phosphitoxidans_DSM_13687	68.8	442	668
GCA_024699605_1__dsrA__JAILPJ010000044.1_11	Q9K5B9|dsrA|reductive|Desulfobulbus_rhabdoformis	63.5	441	613
GCA_024699605_1__dsrA__JAILPJ010000044.1_11	Q5ZQS3|dsrA|reductive|Desulfomicrobium_baculatum	71.5	368	598
GCA_024699605_1__dsrA__JAILPJ010000044.1_11	Q5ZQR5|dsrA|reductive|Desulfosudis_oleivorans	67.9	368	565
GCA_024699605_1__dsrA__JAILPJ010000044.1_11	Q93EV7|dsrA|reductive|Thermodesulfobacterium_commune	62.7	370	509
GCA_024699605_1__dsrA__JAILPJ010000044.1_11	Q59109|dsrA|reductive|Archaeoglobus_fulgidus	55.7	429	501
GCA_024699605_1__dsrA__JAILPJ010000044.1_11	Q93EU9|dsrA|reductive|Desulfarculus_baarsii	59.5	373	471
GCA_024699605_1__dsrA__JAILPJ010000044.1_11	Q251E4|dsrA|reductive|Desulfitobacterium_hafniense	52.8	424	462
GCA_024699605_1__dsrA__JAILPJ010000044.1_11	N0BK96|dsrA|reductive|Archaeoglobus_sulfaticallidus_PM70-1	53.8	422	461
GCA_024699605_1__dsrA__JAILPJ010000044.1_11	B5YIF2|dsrA|reductive|Thermodesulfovibrio_yellowstonii	51.3	419	441
GCA_024699605_1__dsrA__JAILPJ010000044.1_11	A0ABT8QKK2|dsrA|reductive|Desulfosporosinus_nitroreducens	49.4	429	439
GCA_024699605_1__dsrA__JAILPJ010000044.1_11	Q5ZQT9|dsrA|reductive|Archaeoglobus_veneficus	53.7	354	392
GCA_024699605_1__dsrA__JAILPJ010000044.1_11	O33998|dsrA|oxidative|Allochromatium_vinosum	42.8	432	355
GCA_024699605_1__dsrA__JAILPJ010000044.1_11	Q8K5E9|dsrA|oxidative|Chlorobaculum_tepidum	40.9	411	335
GCA_024699605_1__dsrA__JAILPJ010000044.1_11	A0A5C4RXN4|dsrA|oxidative|Chlorobaculum_thiosulfatiphilum	41.4	411	333
GCA_024699605_1__dsrA__JAILPJ010000044.1_11	A0L9L4|dsrA|oxidative|Magnetococcus_marinus	41.4	413	329
GCA_024699605_1__dsrA__JAILPJ010000044.1_11	A0ABY9MRG6|dsrA|oxidative|Thiothrix_lacustris	40.0	438	330
GCA_024699605_1__dsrA__JAILPJ010000044.1_11	A1BCS1|dsrA|oxidative|Chlorobium_phaeobacteroides	40.5	410	326
GCA_024699605_1__dsrA__JAILPJ010000044.1_11	A0ABS1E8E7|dsrA|oxidative|Halorhodospira_neutriphila	38.5	441	319
GCA_024699605_1__dsrA__JAILPJ010000044.1_11	E0D1Z2|dsrA|oxidative|Thiocapsa_marina	43.1	297	264
GCA_024699605_1__dsrA__JAILPJ010000044.1_11	Q251E3|dsrB|reductive|Desulfitobacterium_hafniense	24.0	329	84.0
GCA_024699605_1__dsrA__JAILPJ010000044.1_11	A0ABT8QNA5|dsrB|reductive|Desulfosporosinus_nitroreducens	24.5	310	81.3
GCA_024699605_1__dsrA__JAILPJ010000044.1_11	B5YIF3|dsrB|reductive|Thermodesulfovibrio_yellowstonii	26.5	306	78.2
GCA_024699605_1__dsrA__JAILPJ010000044.1_11	A4J9D5|dsrB|reductive|Desulforamulus_reducens	24.4	307	73.2
GCA_024699605_1__dsrA__JAILPJ010000044.1_11	N0BL33|dsrB|reductive|Archaeoglobus_sulfaticallidus_PM70-1	23.3	326	66.6
GCA_024699605_1__dsrA__JAILPJ010000044.1_11	Q9K5B8|dsrB|reductive|Desulfobulbus_rhabdoformis	22.1	317	59.7
GCA_024699605_1__dsrA__JAILPJ010000044.1_11	Q59110|dsrB|reductive|Archaeoglobus_fulgidus	20.2	312	57.0
GCA_024699605_1__dsrA__JAILPJ010000044.1_11	E1QFJ3|dsrB|reductive|Desulfarculus_baarsii	23.8	307	55.8
GCA_024699605_1__dsrA__JAILPJ010000044.1_11	Q8KE39|dsrB|oxidative|Chlorobaculum_tepidum	21.3	305	53.5
GCA_024699605_1__dsrA__JAILPJ010000044.1_11	A0A5C4RYG3|dsrB|oxidative|Chlorobaculum_thiosulfatiphilum	21.6	305	52.8
GCA_024699605_1__dsrA__JAILPJ010000044.1_11	A0L9L5|dsrB|oxidative|Magnetococcus_marinus	21.7	332	51.6
GCA_024699605_1__dsrA__JAILPJ010000044.1_11	T2G8V8|dsrB|reductive|Megalodesulfovibrio_gigas	20.8	307	50.1
GCA_024699605_1__dsrA__JAILPJ010000044.1_11	A1BCS2|dsrB|oxidative|Chlorobium_phaeobacteroides	21.2	306	49.7
GCA_024699605_1__dsrA__JAILPJ010000044.1_11	A0ABS1E5W7|dsrB|oxidative|Halorhodospira_neutriphila	21.3	333	44.7
GCA_024699605_1__dsrA__JAILPJ010000044.1_11	Q9K5B4|dsrB|reductive|Desulfobacter_vibrioformis	17.9	318	44.7
GCA_024699605_1__dsrA__JAILPJ010000044.1_11	S0G5M9|dsrB|reductive|Desulfotignum_phosphitoxidans_DSM_13687	18.4	337	44.7
GCA_024699605_1__dsrB__JAILPJ010000044.1_10	Q9F4A2|dsrB|reductive|Desulfovibrio_desulfuricans	81.6	381	692
GCA_024699605_1__dsrB__JAILPJ010000044.1_10	P45575|dsrB|reductive|Nitratidesulfovibrio_vulgaris	78.5	381	672
GCA_024699605_1__dsrB__JAILPJ010000044.1_10	T2G8V8|dsrB|reductive|Megalodesulfovibrio_gigas	72.4	381	615
GCA_024699605_1__dsrB__JAILPJ010000044.1_10	S0G5M9|dsrB|reductive|Desulfotignum_phosphitoxidans_DSM_13687	68.1	382	590
GCA_024699605_1__dsrB__JAILPJ010000044.1_10	Q9K5B4|dsrB|reductive|Desulfobacter_vibrioformis	68.1	382	587
GCA_024699605_1__dsrB__JAILPJ010000044.1_10	Q9K5B8|dsrB|reductive|Desulfobulbus_rhabdoformis	63.0	376	511
GCA_024699605_1__dsrB__JAILPJ010000044.1_10	E1QFJ3|dsrB|reductive|Desulfarculus_baarsii	63.0	365	497
GCA_024699605_1__dsrB__JAILPJ010000044.1_10	N0BL33|dsrB|reductive|Archaeoglobus_sulfaticallidus_PM70-1	55.3	376	446
GCA_024699605_1__dsrB__JAILPJ010000044.1_10	A4J9D5|dsrB|reductive|Desulforamulus_reducens	55.1	363	441
GCA_024699605_1__dsrB__JAILPJ010000044.1_10	Q59110|dsrB|reductive|Archaeoglobus_fulgidus	54.8	376	428
GCA_024699605_1__dsrB__JAILPJ010000044.1_10	Q251E3|dsrB|reductive|Desulfitobacterium_hafniense	53.6	364	421
GCA_024699605_1__dsrB__JAILPJ010000044.1_10	B5YIF3|dsrB|reductive|Thermodesulfovibrio_yellowstonii	52.6	365	414
GCA_024699605_1__dsrB__JAILPJ010000044.1_10	A0ABT8QNA5|dsrB|reductive|Desulfosporosinus_nitroreducens	51.4	364	402
GCA_024699605_1__dsrB__JAILPJ010000044.1_10	A1BCS2|dsrB|oxidative|Chlorobium_phaeobacteroides	46.4	362	342
GCA_024699605_1__dsrB__JAILPJ010000044.1_10	A0A5C4RYG3|dsrB|oxidative|Chlorobaculum_thiosulfatiphilum	46.4	362	338
GCA_024699605_1__dsrB__JAILPJ010000044.1_10	Q8KE39|dsrB|oxidative|Chlorobaculum_tepidum	46.4	362	338
GCA_024699605_1__dsrB__JAILPJ010000044.1_10	A0L9L5|dsrB|oxidative|Magnetococcus_marinus	43.1	362	319
GCA_024699605_1__dsrB__JAILPJ010000044.1_10	A0ABS1E5W7|dsrB|oxidative|Halorhodospira_neutriphila	44.1	370	311
GCA_024699605_1__dsrB__JAILPJ010000044.1_10	L0DSF9|dsrB|oxidative|Thioalkalivibrio_nitratireducens	44.4	354	310
GCA_024699605_1__dsrB__JAILPJ010000044.1_10	O33999|dsrB|oxidative|Allochromatium_vinosum	44.4	347	300
GCA_024699605_1__dsrB__JAILPJ010000044.1_10	A0A9X0WG77|dsrB|oxidative|Thiocapsa_imhoffii	43.5	347	297
GCA_024699605_1__dsrB__JAILPJ010000044.1_10	A0ABY9MNZ8|dsrB|oxidative|Thiothrix_lacustris	42.9	354	293
GCA_024699605_1__dsrB__JAILPJ010000044.1_10	A0ABS1E8E7|dsrA|oxidative|Halorhodospira_neutriphila	24.4	303	90.1
GCA_024699605_1__dsrB__JAILPJ010000044.1_10	O33998|dsrA|oxidative|Allochromatium_vinosum	25.7	331	88.6
GCA_024699605_1__dsrB__JAILPJ010000044.1_10	A0L9L4|dsrA|oxidative|Magnetococcus_marinus	22.6	296	76.6
GCA_024699605_1__dsrB__JAILPJ010000044.1_10	Q8K5E9|dsrA|oxidative|Chlorobaculum_tepidum	22.9	323	73.9
GCA_024699605_1__dsrB__JAILPJ010000044.1_10	E0D1Z2|dsrA|oxidative|Thiocapsa_marina	23.8	281	72.8
GCA_024699605_1__dsrB__JAILPJ010000044.1_10	A0A5C4RXN4|dsrA|oxidative|Chlorobaculum_thiosulfatiphilum	24.4	308	68.9
GCA_024699605_1__dsrB__JAILPJ010000044.1_10	A1BCS1|dsrA|oxidative|Chlorobium_phaeobacteroides	23.8	307	67.4
GCA_024699605_1__dsrB__JAILPJ010000044.1_10	Q9K5B5|dsrA|reductive|Desulfobacter_vibrioformis	20.5	268	54.7
GCA_024699605_1__dsrB__JAILPJ010000044.1_10	T2G7Q3|dsrA|reductive|Megalodesulfovibrio_gigas	20.4	333	53.5
GCA_024699605_1__dsrB__JAILPJ010000044.1_10	S0FXQ9|dsrA|reductive|Desulfotignum_phosphitoxidans_DSM_13687	20.8	269	53.5
GCA_024699605_1__dsrB__JAILPJ010000044.1_10	Q9F4A3|dsrA|reductive|Desulfovibrio_desulfuricans	22.0	327	49.7
GCA_024699605_1__dsrB__JAILPJ010000044.1_10	Q5ZQR5|dsrA|reductive|Desulfosudis_oleivorans	18.9	354	46.2
GCA_024699605_1__dsrB__JAILPJ010000044.1_10	Q93EU9|dsrA|reductive|Desulfarculus_baarsii	20.4	333	41.2
GCA_024699605_1__dsrB__JAILPJ010000044.1_10	Q9K5B9|dsrA|reductive|Desulfobulbus_rhabdoformis	19.7	346	40.4
GCA_024860865_1__dsrA__JACRDV010000031.1_5	Q251E4|dsrA|reductive|Desulfitobacterium_hafniense	57.2	397	468
GCA_024860865_1__dsrA__JACRDV010000031.1_5	Q59109|dsrA|reductive|Archaeoglobus_fulgidus	52.9	403	452
GCA_024860865_1__dsrA__JACRDV010000031.1_5	N0BK96|dsrA|reductive|Archaeoglobus_sulfaticallidus_PM70-1	53.7	391	444
GCA_024860865_1__dsrA__JACRDV010000031.1_5	A0ABT8QKK2|dsrA|reductive|Desulfosporosinus_nitroreducens	51.7	391	437
GCA_024860865_1__dsrA__JACRDV010000031.1_5	B5YIF2|dsrA|reductive|Thermodesulfovibrio_yellowstonii	49.9	393	417
GCA_024860865_1__dsrA__JACRDV010000031.1_5	Q9K5B9|dsrA|reductive|Desulfobulbus_rhabdoformis	46.9	409	387
GCA_024860865_1__dsrA__JACRDV010000031.1_5	Q9F4A3|dsrA|reductive|Desulfovibrio_desulfuricans	42.8	418	377
GCA_024860865_1__dsrA__JACRDV010000031.1_5	Q5ZQT9|dsrA|reductive|Archaeoglobus_veneficus	50.7	337	366
GCA_024860865_1__dsrA__JACRDV010000031.1_5	T2G7Q3|dsrA|reductive|Megalodesulfovibrio_gigas	43.5	418	366
GCA_024860865_1__dsrA__JACRDV010000031.1_5	Q93EU9|dsrA|reductive|Desulfarculus_baarsii	50.6	350	362
GCA_024860865_1__dsrA__JACRDV010000031.1_5	P45574|dsrA|reductive|Nitratidesulfovibrio_vulgaris	41.9	418	362
GCA_024860865_1__dsrA__JACRDV010000031.1_5	S0FXQ9|dsrA|reductive|Desulfotignum_phosphitoxidans_DSM_13687	43.0	423	356
GCA_024860865_1__dsrA__JACRDV010000031.1_5	Q9K5B5|dsrA|reductive|Desulfobacter_vibrioformis	43.5	425	353
GCA_024860865_1__dsrA__JACRDV010000031.1_5	Q8K5E9|dsrA|oxidative|Chlorobaculum_tepidum	45.0	387	343
GCA_024860865_1__dsrA__JACRDV010000031.1_5	A0L9L4|dsrA|oxidative|Magnetococcus_marinus	43.9	387	340
GCA_024860865_1__dsrA__JACRDV010000031.1_5	A1BCS1|dsrA|oxidative|Chlorobium_phaeobacteroides	43.1	385	337
GCA_024860865_1__dsrA__JACRDV010000031.1_5	A0A5C4RXN4|dsrA|oxidative|Chlorobaculum_thiosulfatiphilum	44.2	387	334
GCA_024860865_1__dsrA__JACRDV010000031.1_5	O33998|dsrA|oxidative|Allochromatium_vinosum	43.5	393	331
GCA_024860865_1__dsrA__JACRDV010000031.1_5	Q93EV7|dsrA|reductive|Thermodesulfobacterium_commune	47.5	356	328
GCA_024860865_1__dsrA__JACRDV010000031.1_5	A0ABS1E8E7|dsrA|oxidative|Halorhodospira_neutriphila	43.9	392	330
GCA_024860865_1__dsrA__JACRDV010000031.1_5	Q5ZQS3|dsrA|reductive|Desulfomicrobium_baculatum	44.3	352	325
GCA_024860865_1__dsrA__JACRDV010000031.1_5	A0ABY9MRG6|dsrA|oxidative|Thiothrix_lacustris	41.1	397	310
GCA_024860865_1__dsrA__JACRDV010000031.1_5	Q5ZQR5|dsrA|reductive|Desulfosudis_oleivorans	42.5	351	301
GCA_024860865_1__dsrA__JACRDV010000031.1_5	E0D1Z2|dsrA|oxidative|Thiocapsa_marina	45.2	305	266
GCA_024860865_1__dsrA__JACRDV010000031.1_5	Q251E3|dsrB|reductive|Desulfitobacterium_hafniense	27.6	308	112
GCA_024860865_1__dsrA__JACRDV010000031.1_5	A0ABT8QNA5|dsrB|reductive|Desulfosporosinus_nitroreducens	25.8	275	94.4
GCA_024860865_1__dsrA__JACRDV010000031.1_5	N0BL33|dsrB|reductive|Archaeoglobus_sulfaticallidus_PM70-1	26.2	317	94.0
GCA_024860865_1__dsrA__JACRDV010000031.1_5	Q59110|dsrB|reductive|Archaeoglobus_fulgidus	26.2	328	90.9
GCA_024860865_1__dsrA__JACRDV010000031.1_5	B5YIF3|dsrB|reductive|Thermodesulfovibrio_yellowstonii	24.5	294	89.4
GCA_024860865_1__dsrA__JACRDV010000031.1_5	T2G8V8|dsrB|reductive|Megalodesulfovibrio_gigas	25.2	313	87.8
GCA_024860865_1__dsrA__JACRDV010000031.1_5	A1BCS2|dsrB|oxidative|Chlorobium_phaeobacteroides	23.2	306	84.3
GCA_024860865_1__dsrA__JACRDV010000031.1_5	Q8KE39|dsrB|oxidative|Chlorobaculum_tepidum	22.9	275	84.0
GCA_024860865_1__dsrA__JACRDV010000031.1_5	P45575|dsrB|reductive|Nitratidesulfovibrio_vulgaris	23.1	337	81.6
GCA_024860865_1__dsrA__JACRDV010000031.1_5	A0A5C4RYG3|dsrB|oxidative|Chlorobaculum_thiosulfatiphilum	22.3	273	81.3
GCA_024860865_1__dsrA__JACRDV010000031.1_5	Q9K5B4|dsrB|reductive|Desulfobacter_vibrioformis	22.5	383	80.9
GCA_024860865_1__dsrA__JACRDV010000031.1_5	A0ABS1E5W7|dsrB|oxidative|Halorhodospira_neutriphila	24.3	280	75.1
GCA_024860865_1__dsrA__JACRDV010000031.1_5	A0L9L5|dsrB|oxidative|Magnetococcus_marinus	23.7	274	72.8
GCA_024860865_1__dsrA__JACRDV010000031.1_5	L0DSF9|dsrB|oxidative|Thioalkalivibrio_nitratireducens	23.3	275	71.2
GCA_024860865_1__dsrA__JACRDV010000031.1_5	Q9K5B8|dsrB|reductive|Desulfobulbus_rhabdoformis	24.4	287	71.2
GCA_024860865_1__dsrA__JACRDV010000031.1_5	A0A9X0WG77|dsrB|oxidative|Thiocapsa_imhoffii	23.1	281	70.1
GCA_024860865_1__dsrA__JACRDV010000031.1_5	S0G5M9|dsrB|reductive|Desulfotignum_phosphitoxidans_DSM_13687	21.9	383	69.7
GCA_024860865_1__dsrA__JACRDV010000031.1_5	E1QFJ3|dsrB|reductive|Desulfarculus_baarsii	21.8	340	69.3
GCA_024860865_1__dsrA__JACRDV010000031.1_5	O33999|dsrB|oxidative|Allochromatium_vinosum	22.4	281	67.8
GCA_024860865_1__dsrA__JACRDV010000031.1_5	A0ABY9MNZ8|dsrB|oxidative|Thiothrix_lacustris	21.6	287	62.0
GCA_024860865_1__dsrB__JACRDV010000031.1_6	A4J9D5|dsrB|reductive|Desulforamulus_reducens	62.2	349	481
GCA_024860865_1__dsrB__JACRDV010000031.1_6	Q251E3|dsrB|reductive|Desulfitobacterium_hafniense	58.3	348	462
GCA_024860865_1__dsrB__JACRDV010000031.1_6	A0ABT8QNA5|dsrB|reductive|Desulfosporosinus_nitroreducens	55.2	348	445
GCA_024860865_1__dsrB__JACRDV010000031.1_6	N0BL33|dsrB|reductive|Archaeoglobus_sulfaticallidus_PM70-1	54.4	353	430
GCA_024860865_1__dsrB__JACRDV010000031.1_6	E1QFJ3|dsrB|reductive|Desulfarculus_baarsii	53.1	350	408
GCA_024860865_1__dsrB__JACRDV010000031.1_6	B5YIF3|dsrB|reductive|Thermodesulfovibrio_yellowstonii	49.3	349	405
GCA_024860865_1__dsrB__JACRDV010000031.1_6	Q59110|dsrB|reductive|Archaeoglobus_fulgidus	53.1	343	405
GCA_024860865_1__dsrB__JACRDV010000031.1_6	Q9K5B8|dsrB|reductive|Desulfobulbus_rhabdoformis	52.5	356	400
GCA_024860865_1__dsrB__JACRDV010000031.1_6	Q9F4A2|dsrB|reductive|Desulfovibrio_desulfuricans	50.0	346	373
GCA_024860865_1__dsrB__JACRDV010000031.1_6	Q9K5B4|dsrB|reductive|Desulfobacter_vibrioformis	48.4	347	372
GCA_024860865_1__dsrB__JACRDV010000031.1_6	P45575|dsrB|reductive|Nitratidesulfovibrio_vulgaris	47.7	346	371
GCA_024860865_1__dsrB__JACRDV010000031.1_6	T2G8V8|dsrB|reductive|Megalodesulfovibrio_gigas	47.7	346	369
GCA_024860865_1__dsrB__JACRDV010000031.1_6	S0G5M9|dsrB|reductive|Desulfotignum_phosphitoxidans_DSM_13687	46.4	347	363
GCA_024860865_1__dsrB__JACRDV010000031.1_6	A1BCS2|dsrB|oxidative|Chlorobium_phaeobacteroides	47.3	351	352
GCA_024860865_1__dsrB__JACRDV010000031.1_6	Q8KE39|dsrB|oxidative|Chlorobaculum_tepidum	45.4	361	343
GCA_024860865_1__dsrB__JACRDV010000031.1_6	A0A5C4RYG3|dsrB|oxidative|Chlorobaculum_thiosulfatiphilum	45.0	360	343
GCA_024860865_1__dsrB__JACRDV010000031.1_6	A0L9L5|dsrB|oxidative|Magnetococcus_marinus	42.9	359	322
GCA_024860865_1__dsrB__JACRDV010000031.1_6	A0ABS1E5W7|dsrB|oxidative|Halorhodospira_neutriphila	43.0	358	310
GCA_024860865_1__dsrB__JACRDV010000031.1_6	A0ABY9MNZ8|dsrB|oxidative|Thiothrix_lacustris	43.0	337	305
GCA_024860865_1__dsrB__JACRDV010000031.1_6	L0DSF9|dsrB|oxidative|Thioalkalivibrio_nitratireducens	42.6	338	303
GCA_024860865_1__dsrB__JACRDV010000031.1_6	O33999|dsrB|oxidative|Allochromatium_vinosum	43.5	338	303
GCA_024860865_1__dsrB__JACRDV010000031.1_6	A0A9X0WG77|dsrB|oxidative|Thiocapsa_imhoffii	42.0	338	299
GCA_024860865_1__dsrB__JACRDV010000031.1_6	A0ABY9MRG6|dsrA|oxidative|Thiothrix_lacustris	28.1	324	115
GCA_024860865_1__dsrB__JACRDV010000031.1_6	A0L9L4|dsrA|oxidative|Magnetococcus_marinus	27.5	309	114
GCA_024860865_1__dsrB__JACRDV010000031.1_6	N0BK96|dsrA|reductive|Archaeoglobus_sulfaticallidus_PM70-1	29.3	294	111
GCA_024860865_1__dsrB__JACRDV010000031.1_6	O33998|dsrA|oxidative|Allochromatium_vinosum	28.0	311	108
GCA_024860865_1__dsrB__JACRDV010000031.1_6	A0ABS1E8E7|dsrA|oxidative|Halorhodospira_neutriphila	26.1	295	108
GCA_024860865_1__dsrB__JACRDV010000031.1_6	E0D1Z2|dsrA|oxidative|Thiocapsa_marina	26.6	286	102
GCA_024860865_1__dsrB__JACRDV010000031.1_6	A0ABT8QKK2|dsrA|reductive|Desulfosporosinus_nitroreducens	25.1	335	102
GCA_024860865_1__dsrB__JACRDV010000031.1_6	B5YIF2|dsrA|reductive|Thermodesulfovibrio_yellowstonii	25.7	315	100
GCA_024860865_1__dsrB__JACRDV010000031.1_6	Q9K5B9|dsrA|reductive|Desulfobulbus_rhabdoformis	26.2	328	100
GCA_024860865_1__dsrB__JACRDV010000031.1_6	S0FXQ9|dsrA|reductive|Desulfotignum_phosphitoxidans_DSM_13687	26.3	319	97.4
GCA_024860865_1__dsrB__JACRDV010000031.1_6	Q8K5E9|dsrA|oxidative|Chlorobaculum_tepidum	25.8	314	94.0
GCA_024860865_1__dsrB__JACRDV010000031.1_6	A1BCS1|dsrA|oxidative|Chlorobium_phaeobacteroides	24.8	315	93.6
GCA_024860865_1__dsrB__JACRDV010000031.1_6	A0A5C4RXN4|dsrA|oxidative|Chlorobaculum_thiosulfatiphilum	26.6	320	93.2
GCA_024860865_1__dsrB__JACRDV010000031.1_6	Q93EV7|dsrA|reductive|Thermodesulfobacterium_commune	24.1	332	91.3
GCA_024860865_1__dsrB__JACRDV010000031.1_6	Q9K5B5|dsrA|reductive|Desulfobacter_vibrioformis	25.4	343	91.7
GCA_024860865_1__dsrB__JACRDV010000031.1_6	T2G7Q3|dsrA|reductive|Megalodesulfovibrio_gigas	22.8	316	82.8
GCA_024860865_1__dsrB__JACRDV010000031.1_6	P45574|dsrA|reductive|Nitratidesulfovibrio_vulgaris	24.8	319	82.4
GCA_024860865_1__dsrB__JACRDV010000031.1_6	Q9F4A3|dsrA|reductive|Desulfovibrio_desulfuricans	25.0	336	81.6
GCA_024860865_1__dsrB__JACRDV010000031.1_6	Q5ZQR5|dsrA|reductive|Desulfosudis_oleivorans	24.4	316	79.0
GCA_024860865_1__dsrB__JACRDV010000031.1_6	Q5ZQS3|dsrA|reductive|Desulfomicrobium_baculatum	24.7	316	76.6
GCA_024860865_1__dsrB__JACRDV010000031.1_6	Q93EU9|dsrA|reductive|Desulfarculus_baarsii	24.8	307	74.3
GCA_025363775_1__dsrA__JANYLG010000010.1_23	N0BK96|dsrA|reductive|Archaeoglobus_sulfaticallidus_PM70-1	60.9	304	413
GCA_025363775_1__dsrA__JANYLG010000010.1_23	Q59109|dsrA|reductive|Archaeoglobus_fulgidus	62.5	304	413
GCA_025363775_1__dsrA__JANYLG010000010.1_23	Q93EU9|dsrA|reductive|Desulfarculus_baarsii	61.3	315	407
GCA_025363775_1__dsrA__JANYLG010000010.1_23	Q251E4|dsrA|reductive|Desulfitobacterium_hafniense	59.2	306	402
GCA_025363775_1__dsrA__JANYLG010000010.1_23	A0ABT8QKK2|dsrA|reductive|Desulfosporosinus_nitroreducens	58.2	304	396
GCA_025363775_1__dsrA__JANYLG010000010.1_23	Q5ZQS3|dsrA|reductive|Desulfomicrobium_baculatum	56.3	318	380
GCA_025363775_1__dsrA__JANYLG010000010.1_23	Q9K5B9|dsrA|reductive|Desulfobulbus_rhabdoformis	54.2	323	382
GCA_025363775_1__dsrA__JANYLG010000010.1_23	P45574|dsrA|reductive|Nitratidesulfovibrio_vulgaris	56.6	318	379
GCA_025363775_1__dsrA__JANYLG010000010.1_23	Q5ZQT9|dsrA|reductive|Archaeoglobus_veneficus	55.6	304	369
GCA_025363775_1__dsrA__JANYLG010000010.1_23	B5YIF2|dsrA|reductive|Thermodesulfovibrio_yellowstonii	56.6	302	370
GCA_025363775_1__dsrA__JANYLG010000010.1_23	Q9F4A3|dsrA|reductive|Desulfovibrio_desulfuricans	55.0	318	368
GCA_025363775_1__dsrA__JANYLG010000010.1_23	S0FXQ9|dsrA|reductive|Desulfotignum_phosphitoxidans_DSM_13687	55.4	323	364
GCA_025363775_1__dsrA__JANYLG010000010.1_23	T2G7Q3|dsrA|reductive|Megalodesulfovibrio_gigas	53.8	316	362
GCA_025363775_1__dsrA__JANYLG010000010.1_23	Q5ZQR5|dsrA|reductive|Desulfosudis_oleivorans	54.4	318	353
GCA_025363775_1__dsrA__JANYLG010000010.1_23	Q93EV7|dsrA|reductive|Thermodesulfobacterium_commune	52.6	321	353
GCA_025363775_1__dsrA__JANYLG010000010.1_23	Q9K5B5|dsrA|reductive|Desulfobacter_vibrioformis	53.7	322	351
GCA_025363775_1__dsrA__JANYLG010000010.1_23	O33998|dsrA|oxidative|Allochromatium_vinosum	47.2	301	297
GCA_025363775_1__dsrA__JANYLG010000010.1_23	A0L9L4|dsrA|oxidative|Magnetococcus_marinus	46.0	302	294
GCA_025363775_1__dsrA__JANYLG010000010.1_23	A0ABS1E8E7|dsrA|oxidative|Halorhodospira_neutriphila	47.7	298	287
GCA_025363775_1__dsrA__JANYLG010000010.1_23	A0ABY9MRG6|dsrA|oxidative|Thiothrix_lacustris	44.4	313	281
GCA_025363775_1__dsrA__JANYLG010000010.1_23	Q8K5E9|dsrA|oxidative|Chlorobaculum_tepidum	43.8	299	275
GCA_025363775_1__dsrA__JANYLG010000010.1_23	A1BCS1|dsrA|oxidative|Chlorobium_phaeobacteroides	44.1	299	273
GCA_025363775_1__dsrA__JANYLG010000010.1_23	A0A5C4RXN4|dsrA|oxidative|Chlorobaculum_thiosulfatiphilum	43.5	299	268
GCA_025363775_1__dsrA__JANYLG010000010.1_23	E0D1Z2|dsrA|oxidative|Thiocapsa_marina	44.7	293	260
GCA_025363775_1__dsrA__JANYLG010000010.1_23	N0BL33|dsrB|reductive|Archaeoglobus_sulfaticallidus_PM70-1	24.4	299	82.8
GCA_025363775_1__dsrA__JANYLG010000010.1_23	Q59110|dsrB|reductive|Archaeoglobus_fulgidus	23.8	302	80.5
GCA_025363775_1__dsrA__JANYLG010000010.1_23	A0ABT8QNA5|dsrB|reductive|Desulfosporosinus_nitroreducens	24.4	295	78.6
GCA_025363775_1__dsrA__JANYLG010000010.1_23	A0A5C4RYG3|dsrB|oxidative|Chlorobaculum_thiosulfatiphilum	23.2	297	76.6
GCA_025363775_1__dsrA__JANYLG010000010.1_23	P45575|dsrB|reductive|Nitratidesulfovibrio_vulgaris	23.6	313	76.3
GCA_025363775_1__dsrA__JANYLG010000010.1_23	Q8KE39|dsrB|oxidative|Chlorobaculum_tepidum	22.6	297	75.5
GCA_025363775_1__dsrA__JANYLG010000010.1_23	A1BCS2|dsrB|oxidative|Chlorobium_phaeobacteroides	23.3	301	73.9
GCA_025363775_1__dsrA__JANYLG010000010.1_23	Q251E3|dsrB|reductive|Desulfitobacterium_hafniense	21.1	299	72.8
GCA_025363775_1__dsrA__JANYLG010000010.1_23	T2G8V8|dsrB|reductive|Megalodesulfovibrio_gigas	23.3	305	70.1
GCA_025363775_1__dsrA__JANYLG010000010.1_23	B5YIF3|dsrB|reductive|Thermodesulfovibrio_yellowstonii	22.2	284	68.9
GCA_025363775_1__dsrA__JANYLG010000010.1_23	Q9F4A2|dsrB|reductive|Desulfovibrio_desulfuricans	22.3	314	68.9
GCA_025363775_1__dsrA__JANYLG010000010.1_23	Q9K5B4|dsrB|reductive|Desulfobacter_vibrioformis	20.3	306	65.1
GCA_025363775_1__dsrA__JANYLG010000010.1_23	A4J9D5|dsrB|reductive|Desulforamulus_reducens	21.7	276	64.3
GCA_025363775_1__dsrA__JANYLG010000010.1_23	A0L9L5|dsrB|oxidative|Magnetococcus_marinus	22.9	280	62.8
GCA_025363775_1__dsrA__JANYLG010000010.1_23	S0G5M9|dsrB|reductive|Desulfotignum_phosphitoxidans_DSM_13687	20.6	310	60.1
GCA_025363775_1__dsrA__JANYLG010000010.1_23	E1QFJ3|dsrB|reductive|Desulfarculus_baarsii	21.8	280	59.7
GCA_025363775_1__dsrA__JANYLG010000010.1_23	Q9K5B8|dsrB|reductive|Desulfobulbus_rhabdoformis	22.1	290	58.5
GCA_025363775_1__dsrA__JANYLG010000010.1_23	A0ABS1E5W7|dsrB|oxidative|Halorhodospira_neutriphila	21.8	275	57.0
GCA_025363775_1__dsrA__JANYLG010000010.1_23	O33999|dsrB|oxidative|Allochromatium_vinosum	23.1	277	55.5
GCA_025363775_1__dsrA__JANYLG010000010.1_23	L0DSF9|dsrB|oxidative|Thioalkalivibrio_nitratireducens	21.9	279	54.7
GCA_025363775_1__dsrA__JANYLG010000010.1_23	A0ABY9MNZ8|dsrB|oxidative|Thiothrix_lacustris	22.7	277	54.3
GCA_025363775_1__dsrA__JANYLG010000010.1_23	A0A9X0WG77|dsrB|oxidative|Thiocapsa_imhoffii	22.0	277	53.9
GCA_025363775_1__dsrB__JANYLG010000010.1_22	A4J9D5|dsrB|reductive|Desulforamulus_reducens	65.3	352	489
GCA_025363775_1__dsrB__JANYLG010000010.1_22	N0BL33|dsrB|reductive|Archaeoglobus_sulfaticallidus_PM70-1	58.9	367	468
GCA_025363775_1__dsrB__JANYLG010000010.1_22	E1QFJ3|dsrB|reductive|Desulfarculus_baarsii	59.2	355	466
GCA_025363775_1__dsrB__JANYLG010000010.1_22	Q251E3|dsrB|reductive|Desulfitobacterium_hafniense	60.1	353	449
GCA_025363775_1__dsrB__JANYLG010000010.1_22	B5YIF3|dsrB|reductive|Thermodesulfovibrio_yellowstonii	56.1	353	448
GCA_025363775_1__dsrB__JANYLG010000010.1_22	A0ABT8QNA5|dsrB|reductive|Desulfosporosinus_nitroreducens	59.1	352	447
GCA_025363775_1__dsrB__JANYLG010000010.1_22	P45575|dsrB|reductive|Nitratidesulfovibrio_vulgaris	53.3	366	437
GCA_025363775_1__dsrB__JANYLG010000010.1_22	Q59110|dsrB|reductive|Archaeoglobus_fulgidus	57.5	351	432
GCA_025363775_1__dsrB__JANYLG010000010.1_22	Q9K5B4|dsrB|reductive|Desulfobacter_vibrioformis	53.7	367	430
GCA_025363775_1__dsrB__JANYLG010000010.1_22	Q9K5B8|dsrB|reductive|Desulfobulbus_rhabdoformis	56.7	360	429
GCA_025363775_1__dsrB__JANYLG010000010.1_22	S0G5M9|dsrB|reductive|Desulfotignum_phosphitoxidans_DSM_13687	53.4	367	427
GCA_025363775_1__dsrB__JANYLG010000010.1_22	Q9F4A2|dsrB|reductive|Desulfovibrio_desulfuricans	53.2	365	426
GCA_025363775_1__dsrB__JANYLG010000010.1_22	T2G8V8|dsrB|reductive|Megalodesulfovibrio_gigas	52.5	366	421
GCA_025363775_1__dsrB__JANYLG010000010.1_22	Q8KE39|dsrB|oxidative|Chlorobaculum_tepidum	52.0	348	388
GCA_025363775_1__dsrB__JANYLG010000010.1_22	A1BCS2|dsrB|oxidative|Chlorobium_phaeobacteroides	50.7	353	387
GCA_025363775_1__dsrB__JANYLG010000010.1_22	A0A5C4RYG3|dsrB|oxidative|Chlorobaculum_thiosulfatiphilum	51.4	348	385
GCA_025363775_1__dsrB__JANYLG010000010.1_22	L0DSF9|dsrB|oxidative|Thioalkalivibrio_nitratireducens	49.7	348	380
GCA_025363775_1__dsrB__JANYLG010000010.1_22	A0L9L5|dsrB|oxidative|Magnetococcus_marinus	49.1	348	378
GCA_025363775_1__dsrB__JANYLG010000010.1_22	A0A9X0WG77|dsrB|oxidative|Thiocapsa_imhoffii	49.7	348	377
GCA_025363775_1__dsrB__JANYLG010000010.1_22	A0ABY9MNZ8|dsrB|oxidative|Thiothrix_lacustris	48.6	348	376
GCA_025363775_1__dsrB__JANYLG010000010.1_22	O33999|dsrB|oxidative|Allochromatium_vinosum	49.7	348	375
GCA_025363775_1__dsrB__JANYLG010000010.1_22	A0ABS1E5W7|dsrB|oxidative|Halorhodospira_neutriphila	48.9	348	374
GCA_025363775_1__dsrB__JANYLG010000010.1_22	A0ABS1E8E7|dsrA|oxidative|Halorhodospira_neutriphila	25.3	281	92.4
GCA_025363775_1__dsrB__JANYLG010000010.1_22	O33998|dsrA|oxidative|Allochromatium_vinosum	25.8	302	92.0
GCA_025363775_1__dsrB__JANYLG010000010.1_22	A0ABY9MRG6|dsrA|oxidative|Thiothrix_lacustris	24.4	315	90.1
GCA_025363775_1__dsrB__JANYLG010000010.1_22	E0D1Z2|dsrA|oxidative|Thiocapsa_marina	25.3	273	88.2
GCA_025363775_1__dsrB__JANYLG010000010.1_22	N0BK96|dsrA|reductive|Archaeoglobus_sulfaticallidus_PM70-1	24.1	315	79.0
GCA_025363775_1__dsrB__JANYLG010000010.1_22	A0L9L4|dsrA|oxidative|Magnetococcus_marinus	23.8	294	77.8
GCA_025363775_1__dsrB__JANYLG010000010.1_22	A0ABT8QKK2|dsrA|reductive|Desulfosporosinus_nitroreducens	23.1	334	73.9
GCA_025363775_1__dsrB__JANYLG010000010.1_22	Q9K5B9|dsrA|reductive|Desulfobulbus_rhabdoformis	22.0	322	65.9
GCA_025363775_1__dsrB__JANYLG010000010.1_22	Q8K5E9|dsrA|oxidative|Chlorobaculum_tepidum	21.9	279	63.5
GCA_025363775_1__dsrB__JANYLG010000010.1_22	A0A5C4RXN4|dsrA|oxidative|Chlorobaculum_thiosulfatiphilum	21.9	279	62.0
GCA_025363775_1__dsrB__JANYLG010000010.1_22	Q9K5B5|dsrA|reductive|Desulfobacter_vibrioformis	21.9	320	61.2
GCA_025363775_1__dsrB__JANYLG010000010.1_22	A1BCS1|dsrA|oxidative|Chlorobium_phaeobacteroides	23.1	277	60.8
GCA_025363775_1__dsrB__JANYLG010000010.1_22	S0FXQ9|dsrA|reductive|Desulfotignum_phosphitoxidans_DSM_13687	22.9	327	60.8
GCA_025363775_1__dsrB__JANYLG010000010.1_22	T2G7Q3|dsrA|reductive|Megalodesulfovibrio_gigas	19.9	346	57.0
GCA_025363775_1__dsrB__JANYLG010000010.1_22	Q93EV7|dsrA|reductive|Thermodesulfobacterium_commune	21.7	295	56.2
GCA_025363775_1__dsrB__JANYLG010000010.1_22	Q93EU9|dsrA|reductive|Desulfarculus_baarsii	20.4	328	55.1
GCA_025363775_1__dsrB__JANYLG010000010.1_22	Q9F4A3|dsrA|reductive|Desulfovibrio_desulfuricans	19.6	332	52.0
GCA_025363775_1__dsrB__JANYLG010000010.1_22	Q5ZQR5|dsrA|reductive|Desulfosudis_oleivorans	19.6	250	51.2
GCA_025363775_1__dsrB__JANYLG010000010.1_22	P45574|dsrA|reductive|Nitratidesulfovibrio_vulgaris	19.6	332	47.8
GCA_025363775_1__dsrB__JANYLG010000010.1_22	Q5ZQS3|dsrA|reductive|Desulfomicrobium_baculatum	20.1	319	43.9
GCA_025774555_1__dsrA__JALGVT010000011.1_19	B5YIF2|dsrA|reductive|Thermodesulfovibrio_yellowstonii	61.9	383	526
GCA_025774555_1__dsrA__JALGVT010000011.1_19	Q251E4|dsrA|reductive|Desulfitobacterium_hafniense	60.8	388	522
GCA_025774555_1__dsrA__JALGVT010000011.1_19	Q59109|dsrA|reductive|Archaeoglobus_fulgidus	61.2	399	517
GCA_025774555_1__dsrA__JALGVT010000011.1_19	Q9K5B9|dsrA|reductive|Desulfobulbus_rhabdoformis	58.9	404	516
GCA_025774555_1__dsrA__JALGVT010000011.1_19	N0BK96|dsrA|reductive|Archaeoglobus_sulfaticallidus_PM70-1	59.2	392	514
GCA_025774555_1__dsrA__JALGVT010000011.1_19	A0ABT8QKK2|dsrA|reductive|Desulfosporosinus_nitroreducens	59.8	388	508
GCA_025774555_1__dsrA__JALGVT010000011.1_19	P45574|dsrA|reductive|Nitratidesulfovibrio_vulgaris	56.8	412	504
GCA_025774555_1__dsrA__JALGVT010000011.1_19	S0FXQ9|dsrA|reductive|Desulfotignum_phosphitoxidans_DSM_13687	55.3	418	493
GCA_025774555_1__dsrA__JALGVT010000011.1_19	Q9K5B5|dsrA|reductive|Desulfobacter_vibrioformis	55.9	417	492
GCA_025774555_1__dsrA__JALGVT010000011.1_19	Q9F4A3|dsrA|reductive|Desulfovibrio_desulfuricans	53.2	412	488
GCA_025774555_1__dsrA__JALGVT010000011.1_19	T2G7Q3|dsrA|reductive|Megalodesulfovibrio_gigas	53.2	412	479
GCA_025774555_1__dsrA__JALGVT010000011.1_19	Q93EU9|dsrA|reductive|Desulfarculus_baarsii	61.1	347	459
GCA_025774555_1__dsrA__JALGVT010000011.1_19	Q5ZQS3|dsrA|reductive|Desulfomicrobium_baculatum	57.2	348	442
GCA_025774555_1__dsrA__JALGVT010000011.1_19	Q5ZQT9|dsrA|reductive|Archaeoglobus_veneficus	58.7	334	439
GCA_025774555_1__dsrA__JALGVT010000011.1_19	Q93EV7|dsrA|reductive|Thermodesulfobacterium_commune	56.5	352	431
GCA_025774555_1__dsrA__JALGVT010000011.1_19	Q5ZQR5|dsrA|reductive|Desulfosudis_oleivorans	52.9	348	407
GCA_025774555_1__dsrA__JALGVT010000011.1_19	O33998|dsrA|oxidative|Allochromatium_vinosum	44.1	397	364
GCA_025774555_1__dsrA__JALGVT010000011.1_19	A0L9L4|dsrA|oxidative|Magnetococcus_marinus	45.3	386	359
GCA_025774555_1__dsrA__JALGVT010000011.1_19	A1BCS1|dsrA|oxidative|Chlorobium_phaeobacteroides	45.7	385	360
GCA_025774555_1__dsrA__JALGVT010000011.1_19	Q8K5E9|dsrA|oxidative|Chlorobaculum_tepidum	43.6	385	357
GCA_025774555_1__dsrA__JALGVT010000011.1_19	A0ABS1E8E7|dsrA|oxidative|Halorhodospira_neutriphila	44.4	401	357
GCA_025774555_1__dsrA__JALGVT010000011.1_19	A0A5C4RXN4|dsrA|oxidative|Chlorobaculum_thiosulfatiphilum	43.6	385	355
GCA_025774555_1__dsrA__JALGVT010000011.1_19	A0ABY9MRG6|dsrA|oxidative|Thiothrix_lacustris	39.9	409	332
GCA_025774555_1__dsrA__JALGVT010000011.1_19	E0D1Z2|dsrA|oxidative|Thiocapsa_marina	42.3	279	247
GCA_025774555_1__dsrA__JALGVT010000011.1_19	Q251E3|dsrB|reductive|Desulfitobacterium_hafniense	25.0	312	94.0
GCA_025774555_1__dsrA__JALGVT010000011.1_19	N0BL33|dsrB|reductive|Archaeoglobus_sulfaticallidus_PM70-1	24.4	312	92.8
GCA_025774555_1__dsrA__JALGVT010000011.1_19	B5YIF3|dsrB|reductive|Thermodesulfovibrio_yellowstonii	24.7	288	84.3
GCA_025774555_1__dsrA__JALGVT010000011.1_19	A0ABT8QNA5|dsrB|reductive|Desulfosporosinus_nitroreducens	23.1	333	83.6
GCA_025774555_1__dsrA__JALGVT010000011.1_19	T2G8V8|dsrB|reductive|Megalodesulfovibrio_gigas	24.4	291	76.3
GCA_025774555_1__dsrA__JALGVT010000011.1_19	Q59110|dsrB|reductive|Archaeoglobus_fulgidus	22.7	309	69.7
GCA_025774555_1__dsrA__JALGVT010000011.1_19	S0G5M9|dsrB|reductive|Desulfotignum_phosphitoxidans_DSM_13687	23.6	314	69.3
GCA_025774555_1__dsrA__JALGVT010000011.1_19	Q8KE39|dsrB|oxidative|Chlorobaculum_tepidum	22.9	279	66.6
GCA_025774555_1__dsrA__JALGVT010000011.1_19	A4J9D5|dsrB|reductive|Desulforamulus_reducens	21.0	290	65.9
GCA_025774555_1__dsrA__JALGVT010000011.1_19	A1BCS2|dsrB|oxidative|Chlorobium_phaeobacteroides	21.9	319	63.9
GCA_025774555_1__dsrA__JALGVT010000011.1_19	A0A5C4RYG3|dsrB|oxidative|Chlorobaculum_thiosulfatiphilum	22.4	277	63.2
GCA_025774555_1__dsrA__JALGVT010000011.1_19	P45575|dsrB|reductive|Nitratidesulfovibrio_vulgaris	20.7	305	63.2
GCA_025774555_1__dsrA__JALGVT010000011.1_19	Q9F4A2|dsrB|reductive|Desulfovibrio_desulfuricans	20.1	309	61.2
GCA_025774555_1__dsrA__JALGVT010000011.1_19	Q9K5B8|dsrB|reductive|Desulfobulbus_rhabdoformis	24.0	279	60.5
GCA_025774555_1__dsrA__JALGVT010000011.1_19	E1QFJ3|dsrB|reductive|Desulfarculus_baarsii	22.8	281	59.7
GCA_025774555_1__dsrA__JALGVT010000011.1_19	L0DSF9|dsrB|oxidative|Thioalkalivibrio_nitratireducens	22.3	310	57.4
GCA_025774555_1__dsrA__JALGVT010000011.1_19	O33999|dsrB|oxidative|Allochromatium_vinosum	22.8	272	55.5
GCA_025774555_1__dsrA__JALGVT010000011.1_19	A0A9X0WG77|dsrB|oxidative|Thiocapsa_imhoffii	22.1	272	53.5
GCA_025774555_1__dsrA__JALGVT010000011.1_19	A0ABS1E5W7|dsrB|oxidative|Halorhodospira_neutriphila	21.2	274	52.4
GCA_025774555_1__dsrA__JALGVT010000011.1_19	A0ABY9MNZ8|dsrB|oxidative|Thiothrix_lacustris	22.9	275	50.4
GCA_025774555_1__dsrA__JALGVT010000011.1_19	A0L9L5|dsrB|oxidative|Magnetococcus_marinus	20.3	315	49.3
GCA_025774555_1__dsrB__JALGVT010000011.1_20	A4J9D5|dsrB|reductive|Desulforamulus_reducens	63.3	354	481
GCA_025774555_1__dsrB__JALGVT010000011.1_20	E1QFJ3|dsrB|reductive|Desulfarculus_baarsii	59.4	355	462
GCA_025774555_1__dsrB__JALGVT010000011.1_20	Q251E3|dsrB|reductive|Desulfitobacterium_hafniense	58.2	352	453
GCA_025774555_1__dsrB__JALGVT010000011.1_20	N0BL33|dsrB|reductive|Archaeoglobus_sulfaticallidus_PM70-1	55.9	358	453
GCA_025774555_1__dsrB__JALGVT010000011.1_20	A0ABT8QNA5|dsrB|reductive|Desulfosporosinus_nitroreducens	55.4	352	437
GCA_025774555_1__dsrB__JALGVT010000011.1_20	P45575|dsrB|reductive|Nitratidesulfovibrio_vulgaris	54.6	368	438
GCA_025774555_1__dsrB__JALGVT010000011.1_20	B5YIF3|dsrB|reductive|Thermodesulfovibrio_yellowstonii	53.2	359	437
GCA_025774555_1__dsrB__JALGVT010000011.1_20	Q9K5B8|dsrB|reductive|Desulfobulbus_rhabdoformis	55.3	365	436
GCA_025774555_1__dsrB__JALGVT010000011.1_20	T2G8V8|dsrB|reductive|Megalodesulfovibrio_gigas	53.8	368	432
GCA_025774555_1__dsrB__JALGVT010000011.1_20	Q9F4A2|dsrB|reductive|Desulfovibrio_desulfuricans	54.1	368	432
GCA_025774555_1__dsrB__JALGVT010000011.1_20	Q9K5B4|dsrB|reductive|Desulfobacter_vibrioformis	54.5	369	429
GCA_025774555_1__dsrB__JALGVT010000011.1_20	S0G5M9|dsrB|reductive|Desulfotignum_phosphitoxidans_DSM_13687	52.3	369	420
GCA_025774555_1__dsrB__JALGVT010000011.1_20	Q59110|dsrB|reductive|Archaeoglobus_fulgidus	52.9	350	413
GCA_025774555_1__dsrB__JALGVT010000011.1_20	A0A5C4RYG3|dsrB|oxidative|Chlorobaculum_thiosulfatiphilum	49.1	348	382
GCA_025774555_1__dsrB__JALGVT010000011.1_20	Q8KE39|dsrB|oxidative|Chlorobaculum_tepidum	48.6	348	380
GCA_025774555_1__dsrB__JALGVT010000011.1_20	A1BCS2|dsrB|oxidative|Chlorobium_phaeobacteroides	47.3	355	378
GCA_025774555_1__dsrB__JALGVT010000011.1_20	A0L9L5|dsrB|oxidative|Magnetococcus_marinus	45.7	359	362
GCA_025774555_1__dsrB__JALGVT010000011.1_20	L0DSF9|dsrB|oxidative|Thioalkalivibrio_nitratireducens	46.3	348	357
GCA_025774555_1__dsrB__JALGVT010000011.1_20	A0ABS1E5W7|dsrB|oxidative|Halorhodospira_neutriphila	46.6	348	353
GCA_025774555_1__dsrB__JALGVT010000011.1_20	A0A9X0WG77|dsrB|oxidative|Thiocapsa_imhoffii	44.6	359	352
GCA_025774555_1__dsrB__JALGVT010000011.1_20	A0ABY9MNZ8|dsrB|oxidative|Thiothrix_lacustris	45.4	348	352
GCA_025774555_1__dsrB__JALGVT010000011.1_20	O33999|dsrB|oxidative|Allochromatium_vinosum	44.6	359	350
GCA_025774555_1__dsrB__JALGVT010000011.1_20	E0D1Z2|dsrA|oxidative|Thiocapsa_marina	26.2	275	99.0
GCA_025774555_1__dsrB__JALGVT010000011.1_20	O33998|dsrA|oxidative|Allochromatium_vinosum	24.2	314	99.0
GCA_025774555_1__dsrB__JALGVT010000011.1_20	A0A5C4RXN4|dsrA|oxidative|Chlorobaculum_thiosulfatiphilum	26.8	280	97.8
GCA_025774555_1__dsrB__JALGVT010000011.1_20	Q8K5E9|dsrA|oxidative|Chlorobaculum_tepidum	26.1	280	95.9
GCA_025774555_1__dsrB__JALGVT010000011.1_20	A0ABY9MRG6|dsrA|oxidative|Thiothrix_lacustris	24.5	326	95.5
GCA_025774555_1__dsrB__JALGVT010000011.1_20	A0ABS1E8E7|dsrA|oxidative|Halorhodospira_neutriphila	24.5	278	95.1
GCA_025774555_1__dsrB__JALGVT010000011.1_20	A0L9L4|dsrA|oxidative|Magnetococcus_marinus	26.2	282	94.4
GCA_025774555_1__dsrB__JALGVT010000011.1_20	A1BCS1|dsrA|oxidative|Chlorobium_phaeobacteroides	26.3	278	93.2
GCA_025774555_1__dsrB__JALGVT010000011.1_20	N0BK96|dsrA|reductive|Archaeoglobus_sulfaticallidus_PM70-1	27.0	278	92.4
GCA_025774555_1__dsrB__JALGVT010000011.1_20	Q9K5B9|dsrA|reductive|Desulfobulbus_rhabdoformis	25.9	309	89.0
GCA_025774555_1__dsrB__JALGVT010000011.1_20	S0FXQ9|dsrA|reductive|Desulfotignum_phosphitoxidans_DSM_13687	25.6	317	83.6
GCA_025774555_1__dsrB__JALGVT010000011.1_20	Q9K5B5|dsrA|reductive|Desulfobacter_vibrioformis	25.7	307	80.5
GCA_025774555_1__dsrB__JALGVT010000011.1_20	A0ABT8QKK2|dsrA|reductive|Desulfosporosinus_nitroreducens	23.6	313	78.2
GCA_025774555_1__dsrB__JALGVT010000011.1_20	T2G7Q3|dsrA|reductive|Megalodesulfovibrio_gigas	24.0	313	72.4
GCA_025774555_1__dsrB__JALGVT010000011.1_20	Q93EV7|dsrA|reductive|Thermodesulfobacterium_commune	25.4	284	72.0
GCA_025774555_1__dsrB__JALGVT010000011.1_20	Q5ZQR5|dsrA|reductive|Desulfosudis_oleivorans	23.3	296	71.2
GCA_025774555_1__dsrB__JALGVT010000011.1_20	Q93EU9|dsrA|reductive|Desulfarculus_baarsii	22.8	303	65.9
GCA_025774555_1__dsrB__JALGVT010000011.1_20	P45574|dsrA|reductive|Nitratidesulfovibrio_vulgaris	22.4	317	65.1
GCA_025774555_1__dsrB__JALGVT010000011.1_20	Q5ZQS3|dsrA|reductive|Desulfomicrobium_baculatum	24.8	306	64.7
GCA_025774555_1__dsrB__JALGVT010000011.1_20	Q9F4A3|dsrA|reductive|Desulfovibrio_desulfuricans	23.2	302	62.8
GCA_026991065_1__dsrA__JALXCG010000537.1_4	N0BK96|dsrA|reductive|Archaeoglobus_sulfaticallidus_PM70-1	60.0	395	514
GCA_026991065_1__dsrA__JALXCG010000537.1_4	P45574|dsrA|reductive|Nitratidesulfovibrio_vulgaris	58.5	417	506
GCA_026991065_1__dsrA__JALXCG010000537.1_4	Q251E4|dsrA|reductive|Desulfitobacterium_hafniense	57.9	397	500
GCA_026991065_1__dsrA__JALXCG010000537.1_4	A0ABT8QKK2|dsrA|reductive|Desulfosporosinus_nitroreducens	56.9	397	497
GCA_026991065_1__dsrA__JALXCG010000537.1_4	Q9K5B9|dsrA|reductive|Desulfobulbus_rhabdoformis	55.4	408	496
GCA_026991065_1__dsrA__JALXCG010000537.1_4	S0FXQ9|dsrA|reductive|Desulfotignum_phosphitoxidans_DSM_13687	56.4	422	495
GCA_026991065_1__dsrA__JALXCG010000537.1_4	B5YIF2|dsrA|reductive|Thermodesulfovibrio_yellowstonii	58.5	386	492
GCA_026991065_1__dsrA__JALXCG010000537.1_4	Q59109|dsrA|reductive|Archaeoglobus_fulgidus	57.0	402	490
GCA_026991065_1__dsrA__JALXCG010000537.1_4	Q9F4A3|dsrA|reductive|Desulfovibrio_desulfuricans	55.6	417	490
GCA_026991065_1__dsrA__JALXCG010000537.1_4	T2G7Q3|dsrA|reductive|Megalodesulfovibrio_gigas	54.9	417	486
GCA_026991065_1__dsrA__JALXCG010000537.1_4	Q9K5B5|dsrA|reductive|Desulfobacter_vibrioformis	55.3	421	482
GCA_026991065_1__dsrA__JALXCG010000537.1_4	Q93EU9|dsrA|reductive|Desulfarculus_baarsii	58.9	350	445
GCA_026991065_1__dsrA__JALXCG010000537.1_4	Q5ZQS3|dsrA|reductive|Desulfomicrobium_baculatum	57.4	352	436
GCA_026991065_1__dsrA__JALXCG010000537.1_4	Q93EV7|dsrA|reductive|Thermodesulfobacterium_commune	55.6	356	423
GCA_026991065_1__dsrA__JALXCG010000537.1_4	Q5ZQR5|dsrA|reductive|Desulfosudis_oleivorans	55.7	350	417
GCA_026991065_1__dsrA__JALXCG010000537.1_4	Q5ZQT9|dsrA|reductive|Archaeoglobus_veneficus	55.9	338	412
GCA_026991065_1__dsrA__JALXCG010000537.1_4	O33998|dsrA|oxidative|Allochromatium_vinosum	48.9	397	404
GCA_026991065_1__dsrA__JALXCG010000537.1_4	A0ABS1E8E7|dsrA|oxidative|Halorhodospira_neutriphila	48.0	404	394
GCA_026991065_1__dsrA__JALXCG010000537.1_4	A0L9L4|dsrA|oxidative|Magnetococcus_marinus	47.8	393	390
GCA_026991065_1__dsrA__JALXCG010000537.1_4	A0ABY9MRG6|dsrA|oxidative|Thiothrix_lacustris	47.3	410	389
GCA_026991065_1__dsrA__JALXCG010000537.1_4	Q8K5E9|dsrA|oxidative|Chlorobaculum_tepidum	45.9	386	372
GCA_026991065_1__dsrA__JALXCG010000537.1_4	A1BCS1|dsrA|oxidative|Chlorobium_phaeobacteroides	46.1	386	364
GCA_026991065_1__dsrA__JALXCG010000537.1_4	A0A5C4RXN4|dsrA|oxidative|Chlorobaculum_thiosulfatiphilum	44.8	386	363
GCA_026991065_1__dsrA__JALXCG010000537.1_4	E0D1Z2|dsrA|oxidative|Thiocapsa_marina	46.1	295	283
GCA_026991065_1__dsrA__JALXCG010000537.1_4	N0BL33|dsrB|reductive|Archaeoglobus_sulfaticallidus_PM70-1	23.8	315	99.4
GCA_026991065_1__dsrA__JALXCG010000537.1_4	Q251E3|dsrB|reductive|Desulfitobacterium_hafniense	24.3	296	98.6
GCA_026991065_1__dsrA__JALXCG010000537.1_4	B5YIF3|dsrB|reductive|Thermodesulfovibrio_yellowstonii	26.9	290	89.4
GCA_026991065_1__dsrA__JALXCG010000537.1_4	A0ABT8QNA5|dsrB|reductive|Desulfosporosinus_nitroreducens	24.8	331	89.0
GCA_026991065_1__dsrA__JALXCG010000537.1_4	Q59110|dsrB|reductive|Archaeoglobus_fulgidus	23.4	380	85.5
GCA_026991065_1__dsrA__JALXCG010000537.1_4	A4J9D5|dsrB|reductive|Desulforamulus_reducens	23.5	294	82.0
GCA_026991065_1__dsrA__JALXCG010000537.1_4	P45575|dsrB|reductive|Nitratidesulfovibrio_vulgaris	24.4	303	80.1
GCA_026991065_1__dsrA__JALXCG010000537.1_4	Q8KE39|dsrB|oxidative|Chlorobaculum_tepidum	23.4	333	79.7
GCA_026991065_1__dsrA__JALXCG010000537.1_4	A0A5C4RYG3|dsrB|oxidative|Chlorobaculum_thiosulfatiphilum	24.0	333	79.7
GCA_026991065_1__dsrA__JALXCG010000537.1_4	Q9F4A2|dsrB|reductive|Desulfovibrio_desulfuricans	22.4	335	77.8
GCA_026991065_1__dsrA__JALXCG010000537.1_4	T2G8V8|dsrB|reductive|Megalodesulfovibrio_gigas	23.3	287	76.6
GCA_026991065_1__dsrA__JALXCG010000537.1_4	A1BCS2|dsrB|oxidative|Chlorobium_phaeobacteroides	21.9	333	74.7
GCA_026991065_1__dsrA__JALXCG010000537.1_4	Q9K5B4|dsrB|reductive|Desulfobacter_vibrioformis	21.3	305	71.6
GCA_026991065_1__dsrA__JALXCG010000537.1_4	A0ABS1E5W7|dsrB|oxidative|Halorhodospira_neutriphila	24.5	282	71.2
GCA_026991065_1__dsrA__JALXCG010000537.1_4	S0G5M9|dsrB|reductive|Desulfotignum_phosphitoxidans_DSM_13687	21.3	328	70.5
GCA_026991065_1__dsrA__JALXCG010000537.1_4	L0DSF9|dsrB|oxidative|Thioalkalivibrio_nitratireducens	23.2	276	67.0
GCA_026991065_1__dsrA__JALXCG010000537.1_4	Q9K5B8|dsrB|reductive|Desulfobulbus_rhabdoformis	24.1	303	66.6
GCA_026991065_1__dsrA__JALXCG010000537.1_4	O33999|dsrB|oxidative|Allochromatium_vinosum	22.1	276	61.2
GCA_026991065_1__dsrA__JALXCG010000537.1_4	A0L9L5|dsrB|oxidative|Magnetococcus_marinus	22.9	280	61.2
GCA_026991065_1__dsrA__JALXCG010000537.1_4	A0A9X0WG77|dsrB|oxidative|Thiocapsa_imhoffii	23.1	277	60.1
GCA_026991065_1__dsrA__JALXCG010000537.1_4	E1QFJ3|dsrB|reductive|Desulfarculus_baarsii	20.1	283	59.7
GCA_026991065_1__dsrA__JALXCG010000537.1_4	A0ABY9MNZ8|dsrB|oxidative|Thiothrix_lacustris	21.4	281	58.2
GCA_026991065_1__dsrB__JALXCG010000537.1_3	A4J9D5|dsrB|reductive|Desulforamulus_reducens	63.5	353	493
GCA_026991065_1__dsrB__JALXCG010000537.1_3	Q251E3|dsrB|reductive|Desulfitobacterium_hafniense	60.4	346	469
GCA_026991065_1__dsrB__JALXCG010000537.1_3	B5YIF3|dsrB|reductive|Thermodesulfovibrio_yellowstonii	55.7	359	461
GCA_026991065_1__dsrB__JALXCG010000537.1_3	E1QFJ3|dsrB|reductive|Desulfarculus_baarsii	56.9	360	461
GCA_026991065_1__dsrB__JALXCG010000537.1_3	N0BL33|dsrB|reductive|Archaeoglobus_sulfaticallidus_PM70-1	58.5	364	455
GCA_026991065_1__dsrB__JALXCG010000537.1_3	A0ABT8QNA5|dsrB|reductive|Desulfosporosinus_nitroreducens	58.2	349	452
GCA_026991065_1__dsrB__JALXCG010000537.1_3	Q9K5B8|dsrB|reductive|Desulfobulbus_rhabdoformis	57.4	359	438
GCA_026991065_1__dsrB__JALXCG010000537.1_3	Q59110|dsrB|reductive|Archaeoglobus_fulgidus	59.6	344	436
GCA_026991065_1__dsrB__JALXCG010000537.1_3	P45575|dsrB|reductive|Nitratidesulfovibrio_vulgaris	56.7	349	429
GCA_026991065_1__dsrB__JALXCG010000537.1_3	Q9F4A2|dsrB|reductive|Desulfovibrio_desulfuricans	56.7	349	428
GCA_026991065_1__dsrB__JALXCG010000537.1_3	T2G8V8|dsrB|reductive|Megalodesulfovibrio_gigas	53.9	349	410
GCA_026991065_1__dsrB__JALXCG010000537.1_3	Q9K5B4|dsrB|reductive|Desulfobacter_vibrioformis	54.6	350	408
GCA_026991065_1__dsrB__JALXCG010000537.1_3	S0G5M9|dsrB|reductive|Desulfotignum_phosphitoxidans_DSM_13687	54.3	350	407
GCA_026991065_1__dsrB__JALXCG010000537.1_3	A1BCS2|dsrB|oxidative|Chlorobium_phaeobacteroides	50.1	357	389
GCA_026991065_1__dsrB__JALXCG010000537.1_3	Q8KE39|dsrB|oxidative|Chlorobaculum_tepidum	48.3	358	382
GCA_026991065_1__dsrB__JALXCG010000537.1_3	A0L9L5|dsrB|oxidative|Magnetococcus_marinus	49.9	349	381
GCA_026991065_1__dsrB__JALXCG010000537.1_3	A0A5C4RYG3|dsrB|oxidative|Chlorobaculum_thiosulfatiphilum	48.3	358	379
GCA_026991065_1__dsrB__JALXCG010000537.1_3	A0ABS1E5W7|dsrB|oxidative|Halorhodospira_neutriphila	49.2	354	379
GCA_026991065_1__dsrB__JALXCG010000537.1_3	A0ABY9MNZ8|dsrB|oxidative|Thiothrix_lacustris	48.4	349	375
GCA_026991065_1__dsrB__JALXCG010000537.1_3	O33999|dsrB|oxidative|Allochromatium_vinosum	50.1	349	375
GCA_026991065_1__dsrB__JALXCG010000537.1_3	A0A9X0WG77|dsrB|oxidative|Thiocapsa_imhoffii	49.9	349	375
GCA_026991065_1__dsrB__JALXCG010000537.1_3	L0DSF9|dsrB|oxidative|Thioalkalivibrio_nitratireducens	47.1	359	367
GCA_026991065_1__dsrB__JALXCG010000537.1_3	A0ABS1E8E7|dsrA|oxidative|Halorhodospira_neutriphila	25.8	244	97.1
GCA_026991065_1__dsrB__JALXCG010000537.1_3	O33998|dsrA|oxidative|Allochromatium_vinosum	23.1	303	91.3
GCA_026991065_1__dsrB__JALXCG010000537.1_3	E0D1Z2|dsrA|oxidative|Thiocapsa_marina	23.0	269	87.0
GCA_026991065_1__dsrB__JALXCG010000537.1_3	A0L9L4|dsrA|oxidative|Magnetococcus_marinus	22.7	282	85.9
GCA_026991065_1__dsrB__JALXCG010000537.1_3	A0ABY9MRG6|dsrA|oxidative|Thiothrix_lacustris	21.3	324	84.0
GCA_026991065_1__dsrB__JALXCG010000537.1_3	Q8K5E9|dsrA|oxidative|Chlorobaculum_tepidum	23.8	282	81.6
GCA_026991065_1__dsrB__JALXCG010000537.1_3	A0A5C4RXN4|dsrA|oxidative|Chlorobaculum_thiosulfatiphilum	25.4	252	79.7
GCA_026991065_1__dsrB__JALXCG010000537.1_3	A1BCS1|dsrA|oxidative|Chlorobium_phaeobacteroides	25.2	282	78.2
GCA_026991065_1__dsrB__JALXCG010000537.1_3	Q9K5B9|dsrA|reductive|Desulfobulbus_rhabdoformis	22.4	322	73.9
GCA_026991065_1__dsrB__JALXCG010000537.1_3	A0ABT8QKK2|dsrA|reductive|Desulfosporosinus_nitroreducens	23.9	309	73.6
GCA_026991065_1__dsrB__JALXCG010000537.1_3	N0BK96|dsrA|reductive|Archaeoglobus_sulfaticallidus_PM70-1	24.1	278	73.2
GCA_026991065_1__dsrB__JALXCG010000537.1_3	Q9K5B5|dsrA|reductive|Desulfobacter_vibrioformis	23.8	340	72.8
GCA_026991065_1__dsrB__JALXCG010000537.1_3	T2G7Q3|dsrA|reductive|Megalodesulfovibrio_gigas	23.7	329	72.4
GCA_026991065_1__dsrB__JALXCG010000537.1_3	B5YIF2|dsrA|reductive|Thermodesulfovibrio_yellowstonii	23.9	280	71.6
GCA_026991065_1__dsrB__JALXCG010000537.1_3	S0FXQ9|dsrA|reductive|Desulfotignum_phosphitoxidans_DSM_13687	23.6	259	64.7
GCA_026991065_1__dsrB__JALXCG010000537.1_3	Q5ZQR5|dsrA|reductive|Desulfosudis_oleivorans	21.5	279	63.5
GCA_026991065_1__dsrB__JALXCG010000537.1_3	Q93EU9|dsrA|reductive|Desulfarculus_baarsii	22.2	329	57.0
GCA_026991065_1__dsrB__JALXCG010000537.1_3	Q93EV7|dsrA|reductive|Thermodesulfobacterium_commune	22.2	302	54.7
GCA_026991065_1__dsrB__JALXCG010000537.1_3	P45574|dsrA|reductive|Nitratidesulfovibrio_vulgaris	20.8	317	54.3
GCA_026991065_1__dsrB__JALXCG010000537.1_3	Q9F4A3|dsrA|reductive|Desulfovibrio_desulfuricans	20.4	280	54.3
GCA_026991065_1__dsrB__JALXCG010000537.1_3	Q5ZQS3|dsrA|reductive|Desulfomicrobium_baculatum	23.5	272	53.1
GCA_027030425_1__dsrA__JALVEW010000172.1_1	O33998|dsrA|oxidative|Allochromatium_vinosum	72.6	351	550
GCA_027030425_1__dsrA__JALVEW010000172.1_1	A0ABS1E8E7|dsrA|oxidative|Halorhodospira_neutriphila	65.1	352	502
GCA_027030425_1__dsrA__JALVEW010000172.1_1	A0ABY9MRG6|dsrA|oxidative|Thiothrix_lacustris	65.5	362	500
GCA_027030425_1__dsrA__JALVEW010000172.1_1	Q8K5E9|dsrA|oxidative|Chlorobaculum_tepidum	55.0	347	410
GCA_027030425_1__dsrA__JALVEW010000172.1_1	A0L9L4|dsrA|oxidative|Magnetococcus_marinus	53.0	353	402
GCA_027030425_1__dsrA__JALVEW010000172.1_1	E0D1Z2|dsrA|oxidative|Thiocapsa_marina	71.4	259	400
GCA_027030425_1__dsrA__JALVEW010000172.1_1	A0A5C4RXN4|dsrA|oxidative|Chlorobaculum_thiosulfatiphilum	53.9	347	398
GCA_027030425_1__dsrA__JALVEW010000172.1_1	A1BCS1|dsrA|oxidative|Chlorobium_phaeobacteroides	53.2	346	395
GCA_027030425_1__dsrA__JALVEW010000172.1_1	A0ABT8QKK2|dsrA|reductive|Desulfosporosinus_nitroreducens	47.7	344	325
GCA_027030425_1__dsrA__JALVEW010000172.1_1	N0BK96|dsrA|reductive|Archaeoglobus_sulfaticallidus_PM70-1	45.1	348	321
GCA_027030425_1__dsrA__JALVEW010000172.1_1	Q251E4|dsrA|reductive|Desulfitobacterium_hafniense	45.4	346	313
GCA_027030425_1__dsrA__JALVEW010000172.1_1	Q9K5B9|dsrA|reductive|Desulfobulbus_rhabdoformis	40.9	364	304
GCA_027030425_1__dsrA__JALVEW010000172.1_1	Q59109|dsrA|reductive|Archaeoglobus_fulgidus	43.4	355	303
GCA_027030425_1__dsrA__JALVEW010000172.1_1	S0FXQ9|dsrA|reductive|Desulfotignum_phosphitoxidans_DSM_13687	40.3	372	296
GCA_027030425_1__dsrA__JALVEW010000172.1_1	Q9K5B5|dsrA|reductive|Desulfobacter_vibrioformis	40.6	372	295
GCA_027030425_1__dsrA__JALVEW010000172.1_1	T2G7Q3|dsrA|reductive|Megalodesulfovibrio_gigas	40.0	370	283
GCA_027030425_1__dsrA__JALVEW010000172.1_1	Q9F4A3|dsrA|reductive|Desulfovibrio_desulfuricans	40.2	361	281
GCA_027030425_1__dsrA__JALVEW010000172.1_1	P45574|dsrA|reductive|Nitratidesulfovibrio_vulgaris	40.0	370	280
GCA_027030425_1__dsrA__JALVEW010000172.1_1	B5YIF2|dsrA|reductive|Thermodesulfovibrio_yellowstonii	42.5	334	278
GCA_027030425_1__dsrA__JALVEW010000172.1_1	Q93EU9|dsrA|reductive|Desulfarculus_baarsii	43.7	300	253
GCA_027030425_1__dsrA__JALVEW010000172.1_1	Q5ZQS3|dsrA|reductive|Desulfomicrobium_baculatum	40.9	301	247
GCA_027030425_1__dsrA__JALVEW010000172.1_1	Q5ZQT9|dsrA|reductive|Archaeoglobus_veneficus	41.2	291	238
GCA_027030425_1__dsrA__JALVEW010000172.1_1	Q5ZQR5|dsrA|reductive|Desulfosudis_oleivorans	41.5	301	237
GCA_027030425_1__dsrA__JALVEW010000172.1_1	Q93EV7|dsrA|reductive|Thermodesulfobacterium_commune	40.3	295	229
GCA_027030425_1__dsrA__JALVEW010000172.1_1	B5YIF3|dsrB|reductive|Thermodesulfovibrio_yellowstonii	26.8	246	81.3
GCA_027030425_1__dsrA__JALVEW010000172.1_1	A0ABT8QNA5|dsrB|reductive|Desulfosporosinus_nitroreducens	24.5	249	77.8
GCA_027030425_1__dsrA__JALVEW010000172.1_1	Q251E3|dsrB|reductive|Desulfitobacterium_hafniense	22.4	245	74.3
GCA_027030425_1__dsrA__JALVEW010000172.1_1	Q8KE39|dsrB|oxidative|Chlorobaculum_tepidum	20.0	215	63.2
GCA_027030425_1__dsrA__JALVEW010000172.1_1	A4J9D5|dsrB|reductive|Desulforamulus_reducens	23.7	228	62.0
GCA_027030425_1__dsrA__JALVEW010000172.1_1	A1BCS2|dsrB|oxidative|Chlorobium_phaeobacteroides	20.8	231	61.6
GCA_027030425_1__dsrA__JALVEW010000172.1_1	A0ABS1E5W7|dsrB|oxidative|Halorhodospira_neutriphila	23.4	205	56.2
GCA_027030425_1__dsrA__JALVEW010000172.1_1	A0A5C4RYG3|dsrB|oxidative|Chlorobaculum_thiosulfatiphilum	18.1	215	55.1
GCA_027030425_1__dsrA__JALVEW010000172.1_1	P45575|dsrB|reductive|Nitratidesulfovibrio_vulgaris	22.0	241	53.9
GCA_027030425_1__dsrA__JALVEW010000172.1_1	Q9K5B8|dsrB|reductive|Desulfobulbus_rhabdoformis	23.8	185	53.5
GCA_027030425_1__dsrA__JALVEW010000172.1_1	Q9F4A2|dsrB|reductive|Desulfovibrio_desulfuricans	22.2	243	51.6
GCA_027030425_1__dsrA__JALVEW010000172.1_1	A0ABY9MNZ8|dsrB|oxidative|Thiothrix_lacustris	22.2	185	44.7
GCA_027030425_1__dsrA__JALVEW010000172.1_1	T2G8V8|dsrB|reductive|Megalodesulfovibrio_gigas	23.4	188	43.5
GCA_027344185_1__dsrA__DAHWJK010000268.1_2	A0ABS1E8E7|dsrA|oxidative|Halorhodospira_neutriphila	58.6	428	541
GCA_027344185_1__dsrA__DAHWJK010000268.1_2	O33998|dsrA|oxidative|Allochromatium_vinosum	59.4	426	523
GCA_027344185_1__dsrA__DAHWJK010000268.1_2	A0ABY9MRG6|dsrA|oxidative|Thiothrix_lacustris	54.7	444	493
GCA_027344185_1__dsrA__DAHWJK010000268.1_2	A0L9L4|dsrA|oxidative|Magnetococcus_marinus	49.8	412	438
GCA_027344185_1__dsrA__DAHWJK010000268.1_2	Q8K5E9|dsrA|oxidative|Chlorobaculum_tepidum	50.0	412	434
GCA_027344185_1__dsrA__DAHWJK010000268.1_2	A1BCS1|dsrA|oxidative|Chlorobium_phaeobacteroides	49.3	412	431
GCA_027344185_1__dsrA__DAHWJK010000268.1_2	A0A5C4RXN4|dsrA|oxidative|Chlorobaculum_thiosulfatiphilum	49.5	412	427
GCA_027344185_1__dsrA__DAHWJK010000268.1_2	N0BK96|dsrA|reductive|Archaeoglobus_sulfaticallidus_PM70-1	45.6	423	368
GCA_027344185_1__dsrA__DAHWJK010000268.1_2	E0D1Z2|dsrA|oxidative|Thiocapsa_marina	58.4	298	367
GCA_027344185_1__dsrA__DAHWJK010000268.1_2	Q9K5B9|dsrA|reductive|Desulfobulbus_rhabdoformis	41.6	452	359
GCA_027344185_1__dsrA__DAHWJK010000268.1_2	A0ABT8QKK2|dsrA|reductive|Desulfosporosinus_nitroreducens	43.4	410	358
GCA_027344185_1__dsrA__DAHWJK010000268.1_2	Q251E4|dsrA|reductive|Desulfitobacterium_hafniense	42.9	406	354
GCA_027344185_1__dsrA__DAHWJK010000268.1_2	S0FXQ9|dsrA|reductive|Desulfotignum_phosphitoxidans_DSM_13687	40.5	457	339
GCA_027344185_1__dsrA__DAHWJK010000268.1_2	B5YIF2|dsrA|reductive|Thermodesulfovibrio_yellowstonii	41.5	424	337
GCA_027344185_1__dsrA__DAHWJK010000268.1_2	P45574|dsrA|reductive|Nitratidesulfovibrio_vulgaris	40.1	454	333
GCA_027344185_1__dsrA__DAHWJK010000268.1_2	Q9K5B5|dsrA|reductive|Desulfobacter_vibrioformis	40.1	456	332
GCA_027344185_1__dsrA__DAHWJK010000268.1_2	Q59109|dsrA|reductive|Archaeoglobus_fulgidus	41.7	429	328
GCA_027344185_1__dsrA__DAHWJK010000268.1_2	Q9F4A3|dsrA|reductive|Desulfovibrio_desulfuricans	38.5	454	320
GCA_027344185_1__dsrA__DAHWJK010000268.1_2	T2G7Q3|dsrA|reductive|Megalodesulfovibrio_gigas	38.8	436	320
GCA_027344185_1__dsrA__DAHWJK010000268.1_2	Q5ZQS3|dsrA|reductive|Desulfomicrobium_baculatum	39.3	392	291
GCA_027344185_1__dsrA__DAHWJK010000268.1_2	Q93EU9|dsrA|reductive|Desulfarculus_baarsii	41.6	361	290
GCA_027344185_1__dsrA__DAHWJK010000268.1_2	Q93EV7|dsrA|reductive|Thermodesulfobacterium_commune	40.6	372	275
GCA_027344185_1__dsrA__DAHWJK010000268.1_2	Q5ZQT9|dsrA|reductive|Archaeoglobus_veneficus	40.4	359	274
GCA_027344185_1__dsrA__DAHWJK010000268.1_2	Q5ZQR5|dsrA|reductive|Desulfosudis_oleivorans	37.7	369	263
GCA_027344185_1__dsrA__DAHWJK010000268.1_2	A0ABT8QNA5|dsrB|reductive|Desulfosporosinus_nitroreducens	25.0	320	93.2
GCA_027344185_1__dsrA__DAHWJK010000268.1_2	Q251E3|dsrB|reductive|Desulfitobacterium_hafniense	23.8	320	88.2
GCA_027344185_1__dsrA__DAHWJK010000268.1_2	P45575|dsrB|reductive|Nitratidesulfovibrio_vulgaris	21.1	317	79.0
GCA_027344185_1__dsrA__DAHWJK010000268.1_2	B5YIF3|dsrB|reductive|Thermodesulfovibrio_yellowstonii	23.9	310	78.6
GCA_027344185_1__dsrA__DAHWJK010000268.1_2	Q59110|dsrB|reductive|Archaeoglobus_fulgidus	23.2	328	78.6
GCA_027344185_1__dsrA__DAHWJK010000268.1_2	Q9F4A2|dsrB|reductive|Desulfovibrio_desulfuricans	22.3	332	78.2
GCA_027344185_1__dsrA__DAHWJK010000268.1_2	N0BL33|dsrB|reductive|Archaeoglobus_sulfaticallidus_PM70-1	23.6	331	77.0
GCA_027344185_1__dsrA__DAHWJK010000268.1_2	T2G8V8|dsrB|reductive|Megalodesulfovibrio_gigas	23.0	261	76.3
GCA_027344185_1__dsrA__DAHWJK010000268.1_2	A4J9D5|dsrB|reductive|Desulforamulus_reducens	24.1	311	74.7
GCA_027344185_1__dsrA__DAHWJK010000268.1_2	Q9K5B4|dsrB|reductive|Desulfobacter_vibrioformis	21.5	339	72.4
GCA_027344185_1__dsrA__DAHWJK010000268.1_2	A0L9L5|dsrB|oxidative|Magnetococcus_marinus	22.6	310	71.6
GCA_027344185_1__dsrA__DAHWJK010000268.1_2	A1BCS2|dsrB|oxidative|Chlorobium_phaeobacteroides	22.5	302	70.5
GCA_027344185_1__dsrA__DAHWJK010000268.1_2	S0G5M9|dsrB|reductive|Desulfotignum_phosphitoxidans_DSM_13687	20.9	335	70.5
GCA_027344185_1__dsrA__DAHWJK010000268.1_2	Q8KE39|dsrB|oxidative|Chlorobaculum_tepidum	21.5	302	69.7
GCA_027344185_1__dsrA__DAHWJK010000268.1_2	A0A5C4RYG3|dsrB|oxidative|Chlorobaculum_thiosulfatiphilum	22.7	304	69.7
GCA_027344185_1__dsrA__DAHWJK010000268.1_2	Q9K5B8|dsrB|reductive|Desulfobulbus_rhabdoformis	24.3	255	69.3
GCA_027344185_1__dsrA__DAHWJK010000268.1_2	E1QFJ3|dsrB|reductive|Desulfarculus_baarsii	23.8	265	68.2
GCA_027344185_1__dsrA__DAHWJK010000268.1_2	A0ABS1E5W7|dsrB|oxidative|Halorhodospira_neutriphila	22.9	332	64.7
GCA_027344185_1__dsrA__DAHWJK010000268.1_2	A0A9X0WG77|dsrB|oxidative|Thiocapsa_imhoffii	23.7	300	61.6
GCA_027344185_1__dsrA__DAHWJK010000268.1_2	O33999|dsrB|oxidative|Allochromatium_vinosum	22.5	298	58.9
GCA_027344185_1__dsrA__DAHWJK010000268.1_2	A0ABY9MNZ8|dsrB|oxidative|Thiothrix_lacustris	23.8	294	58.2
GCA_027344185_1__dsrA__DAHWJK010000268.1_2	L0DSF9|dsrB|oxidative|Thioalkalivibrio_nitratireducens	23.0	300	57.8
GCA_028277725_1__dsrA__JANQFX010000105.1_51	O33998|dsrA|oxidative|Allochromatium_vinosum	88.4	414	787
GCA_028277725_1__dsrA__JANQFX010000105.1_51	A0ABY9MRG6|dsrA|oxidative|Thiothrix_lacustris	75.9	427	692
GCA_028277725_1__dsrA__JANQFX010000105.1_51	A0ABS1E8E7|dsrA|oxidative|Halorhodospira_neutriphila	64.3	417	583
GCA_028277725_1__dsrA__JANQFX010000105.1_51	E0D1Z2|dsrA|oxidative|Thiocapsa_marina	91.1	282	542
GCA_028277725_1__dsrA__JANQFX010000105.1_51	A0L9L4|dsrA|oxidative|Magnetococcus_marinus	54.0	391	475
GCA_028277725_1__dsrA__JANQFX010000105.1_51	Q8K5E9|dsrA|oxidative|Chlorobaculum_tepidum	55.6	392	474
GCA_028277725_1__dsrA__JANQFX010000105.1_51	A1BCS1|dsrA|oxidative|Chlorobium_phaeobacteroides	54.9	390	470
GCA_028277725_1__dsrA__JANQFX010000105.1_51	A0A5C4RXN4|dsrA|oxidative|Chlorobaculum_thiosulfatiphilum	54.6	392	464
GCA_028277725_1__dsrA__JANQFX010000105.1_51	A0ABT8QKK2|dsrA|reductive|Desulfosporosinus_nitroreducens	48.0	394	385
GCA_028277725_1__dsrA__JANQFX010000105.1_51	N0BK96|dsrA|reductive|Archaeoglobus_sulfaticallidus_PM70-1	46.8	389	381
GCA_028277725_1__dsrA__JANQFX010000105.1_51	Q251E4|dsrA|reductive|Desulfitobacterium_hafniense	46.9	392	378
GCA_028277725_1__dsrA__JANQFX010000105.1_51	Q9K5B9|dsrA|reductive|Desulfobulbus_rhabdoformis	41.2	432	363
GCA_028277725_1__dsrA__JANQFX010000105.1_51	Q59109|dsrA|reductive|Archaeoglobus_fulgidus	45.4	399	357
GCA_028277725_1__dsrA__JANQFX010000105.1_51	S0FXQ9|dsrA|reductive|Desulfotignum_phosphitoxidans_DSM_13687	40.5	435	347
GCA_028277725_1__dsrA__JANQFX010000105.1_51	P45574|dsrA|reductive|Nitratidesulfovibrio_vulgaris	42.0	426	344
GCA_028277725_1__dsrA__JANQFX010000105.1_51	Q9K5B5|dsrA|reductive|Desulfobacter_vibrioformis	40.1	434	342
GCA_028277725_1__dsrA__JANQFX010000105.1_51	Q9F4A3|dsrA|reductive|Desulfovibrio_desulfuricans	41.8	426	342
GCA_028277725_1__dsrA__JANQFX010000105.1_51	T2G7Q3|dsrA|reductive|Megalodesulfovibrio_gigas	40.8	414	337
GCA_028277725_1__dsrA__JANQFX010000105.1_51	B5YIF2|dsrA|reductive|Thermodesulfovibrio_yellowstonii	40.5	393	323
GCA_028277725_1__dsrA__JANQFX010000105.1_51	Q93EU9|dsrA|reductive|Desulfarculus_baarsii	46.0	346	322
GCA_028277725_1__dsrA__JANQFX010000105.1_51	Q5ZQS3|dsrA|reductive|Desulfomicrobium_baculatum	42.7	358	305
GCA_028277725_1__dsrA__JANQFX010000105.1_51	Q93EV7|dsrA|reductive|Thermodesulfobacterium_commune	42.3	350	290
GCA_028277725_1__dsrA__JANQFX010000105.1_51	Q5ZQT9|dsrA|reductive|Archaeoglobus_veneficus	42.9	336	289
GCA_028277725_1__dsrA__JANQFX010000105.1_51	Q5ZQR5|dsrA|reductive|Desulfosudis_oleivorans	41.6	346	282
GCA_028277725_1__dsrA__JANQFX010000105.1_51	Q251E3|dsrB|reductive|Desulfitobacterium_hafniense	24.3	313	105
GCA_028277725_1__dsrA__JANQFX010000105.1_51	B5YIF3|dsrB|reductive|Thermodesulfovibrio_yellowstonii	26.8	291	101
GCA_028277725_1__dsrA__JANQFX010000105.1_51	A0ABT8QNA5|dsrB|reductive|Desulfosporosinus_nitroreducens	24.2	306	98.2
GCA_028277725_1__dsrA__JANQFX010000105.1_51	N0BL33|dsrB|reductive|Archaeoglobus_sulfaticallidus_PM70-1	25.2	329	94.7
GCA_028277725_1__dsrA__JANQFX010000105.1_51	Q8KE39|dsrB|oxidative|Chlorobaculum_tepidum	23.2	379	90.9
GCA_028277725_1__dsrA__JANQFX010000105.1_51	A1BCS2|dsrB|oxidative|Chlorobium_phaeobacteroides	22.5	338	84.7
GCA_028277725_1__dsrA__JANQFX010000105.1_51	A0A5C4RYG3|dsrB|oxidative|Chlorobaculum_thiosulfatiphilum	22.8	302	83.2
GCA_028277725_1__dsrA__JANQFX010000105.1_51	Q59110|dsrB|reductive|Archaeoglobus_fulgidus	23.3	335	80.5
GCA_028277725_1__dsrA__JANQFX010000105.1_51	T2G8V8|dsrB|reductive|Megalodesulfovibrio_gigas	20.9	316	73.9
GCA_028277725_1__dsrA__JANQFX010000105.1_51	E1QFJ3|dsrB|reductive|Desulfarculus_baarsii	23.4	256	72.0
GCA_028277725_1__dsrA__JANQFX010000105.1_51	A0ABS1E5W7|dsrB|oxidative|Halorhodospira_neutriphila	22.1	299	69.7
GCA_028277725_1__dsrA__JANQFX010000105.1_51	L0DSF9|dsrB|oxidative|Thioalkalivibrio_nitratireducens	20.7	276	65.9
GCA_028277725_1__dsrA__JANQFX010000105.1_51	A0ABY9MNZ8|dsrB|oxidative|Thiothrix_lacustris	20.7	276	56.6
GCA_028277725_1__dsrB__JANQFX010000105.1_50	A0A9X0WG77|dsrB|oxidative|Thiocapsa_imhoffii	95.2	354	734
GCA_028277725_1__dsrB__JANQFX010000105.1_50	O33999|dsrB|oxidative|Allochromatium_vinosum	94.4	354	729
GCA_028277725_1__dsrB__JANQFX010000105.1_50	L0DSF9|dsrB|oxidative|Thioalkalivibrio_nitratireducens	85.3	353	669
GCA_028277725_1__dsrB__JANQFX010000105.1_50	A0ABY9MNZ8|dsrB|oxidative|Thiothrix_lacustris	79.5	356	634
GCA_028277725_1__dsrB__JANQFX010000105.1_50	A0ABS1E5W7|dsrB|oxidative|Halorhodospira_neutriphila	71.3	352	566
GCA_028277725_1__dsrB__JANQFX010000105.1_50	A0L9L5|dsrB|oxidative|Magnetococcus_marinus	62.7	357	494
GCA_028277725_1__dsrB__JANQFX010000105.1_50	Q8KE39|dsrB|oxidative|Chlorobaculum_tepidum	60.7	349	470
GCA_028277725_1__dsrB__JANQFX010000105.1_50	A1BCS2|dsrB|oxidative|Chlorobium_phaeobacteroides	60.7	349	468
GCA_028277725_1__dsrB__JANQFX010000105.1_50	A0A5C4RYG3|dsrB|oxidative|Chlorobaculum_thiosulfatiphilum	60.2	349	467
GCA_028277725_1__dsrB__JANQFX010000105.1_50	N0BL33|dsrB|reductive|Archaeoglobus_sulfaticallidus_PM70-1	44.2	364	333
GCA_028277725_1__dsrB__JANQFX010000105.1_50	A4J9D5|dsrB|reductive|Desulforamulus_reducens	44.7	349	330
GCA_028277725_1__dsrB__JANQFX010000105.1_50	A0ABT8QNA5|dsrB|reductive|Desulfosporosinus_nitroreducens	43.6	351	329
GCA_028277725_1__dsrB__JANQFX010000105.1_50	B5YIF3|dsrB|reductive|Thermodesulfovibrio_yellowstonii	43.4	348	318
GCA_028277725_1__dsrB__JANQFX010000105.1_50	Q251E3|dsrB|reductive|Desulfitobacterium_hafniense	42.0	352	313
GCA_028277725_1__dsrB__JANQFX010000105.1_50	E1QFJ3|dsrB|reductive|Desulfarculus_baarsii	43.2	361	312
GCA_028277725_1__dsrB__JANQFX010000105.1_50	Q59110|dsrB|reductive|Archaeoglobus_fulgidus	45.6	333	311
GCA_028277725_1__dsrB__JANQFX010000105.1_50	Q9K5B4|dsrB|reductive|Desulfobacter_vibrioformis	42.0	374	302
GCA_028277725_1__dsrB__JANQFX010000105.1_50	S0G5M9|dsrB|reductive|Desulfotignum_phosphitoxidans_DSM_13687	41.6	361	302
GCA_028277725_1__dsrB__JANQFX010000105.1_50	T2G8V8|dsrB|reductive|Megalodesulfovibrio_gigas	41.9	356	299
GCA_028277725_1__dsrB__JANQFX010000105.1_50	Q9K5B8|dsrB|reductive|Desulfobulbus_rhabdoformis	41.0	371	297
GCA_028277725_1__dsrB__JANQFX010000105.1_50	P45575|dsrB|reductive|Nitratidesulfovibrio_vulgaris	41.5	354	296
GCA_028277725_1__dsrB__JANQFX010000105.1_50	Q9F4A2|dsrB|reductive|Desulfovibrio_desulfuricans	41.2	371	291
GCA_028277725_1__dsrB__JANQFX010000105.1_50	A0ABS1E8E7|dsrA|oxidative|Halorhodospira_neutriphila	23.0	278	66.2
GCA_028277725_1__dsrB__JANQFX010000105.1_50	E0D1Z2|dsrA|oxidative|Thiocapsa_marina	20.5	268	59.3
GCA_028277725_1__dsrB__JANQFX010000105.1_50	N0BK96|dsrA|reductive|Archaeoglobus_sulfaticallidus_PM70-1	22.8	272	58.9
GCA_028277725_1__dsrB__JANQFX010000105.1_50	Q8K5E9|dsrA|oxidative|Chlorobaculum_tepidum	21.1	279	51.6
GCA_028277725_1__dsrB__JANQFX010000105.1_50	A0L9L4|dsrA|oxidative|Magnetococcus_marinus	20.3	276	50.1
GCA_028277725_1__dsrB__JANQFX010000105.1_50	A0ABT8QKK2|dsrA|reductive|Desulfosporosinus_nitroreducens	19.3	275	48.5
GCA_028277725_1__dsrB__JANQFX010000105.1_50	A1BCS1|dsrA|oxidative|Chlorobium_phaeobacteroides	19.2	276	45.4
GCA_028277725_1__dsrB__JANQFX010000105.1_50	A0A5C4RXN4|dsrA|oxidative|Chlorobaculum_thiosulfatiphilum	20.1	279	44.3
GCA_028277725_1__dsrB__JANQFX010000105.1_50	Q5ZQR5|dsrA|reductive|Desulfosudis_oleivorans	24.2	132	43.1
GCA_029937335_1__dsrA__JAPYQD010000024.1_7	A0ABS1E8E7|dsrA|oxidative|Halorhodospira_neutriphila	63.1	434	553
GCA_029937335_1__dsrA__JAPYQD010000024.1_7	O33998|dsrA|oxidative|Allochromatium_vinosum	59.2	436	523
GCA_029937335_1__dsrA__JAPYQD010000024.1_7	A0ABY9MRG6|dsrA|oxidative|Thiothrix_lacustris	58.4	447	515
GCA_029937335_1__dsrA__JAPYQD010000024.1_7	A0L9L4|dsrA|oxidative|Magnetococcus_marinus	47.7	413	394
GCA_029937335_1__dsrA__JAPYQD010000024.1_7	Q8K5E9|dsrA|oxidative|Chlorobaculum_tepidum	47.5	413	391
GCA_029937335_1__dsrA__JAPYQD010000024.1_7	A1BCS1|dsrA|oxidative|Chlorobium_phaeobacteroides	48.2	413	386
GCA_029937335_1__dsrA__JAPYQD010000024.1_7	A0A5C4RXN4|dsrA|oxidative|Chlorobaculum_thiosulfatiphilum	47.0	413	382
GCA_029937335_1__dsrA__JAPYQD010000024.1_7	E0D1Z2|dsrA|oxidative|Thiocapsa_marina	62.0	297	377
GCA_029937335_1__dsrA__JAPYQD010000024.1_7	Q251E4|dsrA|reductive|Desulfitobacterium_hafniense	42.4	420	322
GCA_029937335_1__dsrA__JAPYQD010000024.1_7	A0ABT8QKK2|dsrA|reductive|Desulfosporosinus_nitroreducens	43.9	415	317
GCA_029937335_1__dsrA__JAPYQD010000024.1_7	N0BK96|dsrA|reductive|Archaeoglobus_sulfaticallidus_PM70-1	44.1	422	315
GCA_029937335_1__dsrA__JAPYQD010000024.1_7	Q9K5B9|dsrA|reductive|Desulfobulbus_rhabdoformis	38.8	436	290
GCA_029937335_1__dsrA__JAPYQD010000024.1_7	Q9K5B5|dsrA|reductive|Desulfobacter_vibrioformis	39.1	445	285
GCA_029937335_1__dsrA__JAPYQD010000024.1_7	Q59109|dsrA|reductive|Archaeoglobus_fulgidus	39.9	426	283
GCA_029937335_1__dsrA__JAPYQD010000024.1_7	S0FXQ9|dsrA|reductive|Desulfotignum_phosphitoxidans_DSM_13687	38.3	446	283
GCA_029937335_1__dsrA__JAPYQD010000024.1_7	P45574|dsrA|reductive|Nitratidesulfovibrio_vulgaris	37.6	431	274
GCA_029937335_1__dsrA__JAPYQD010000024.1_7	B5YIF2|dsrA|reductive|Thermodesulfovibrio_yellowstonii	40.1	429	273
GCA_029937335_1__dsrA__JAPYQD010000024.1_7	T2G7Q3|dsrA|reductive|Megalodesulfovibrio_gigas	37.6	431	271
GCA_029937335_1__dsrA__JAPYQD010000024.1_7	Q9F4A3|dsrA|reductive|Desulfovibrio_desulfuricans	37.1	431	266
GCA_029937335_1__dsrA__JAPYQD010000024.1_7	Q93EU9|dsrA|reductive|Desulfarculus_baarsii	38.0	368	238
GCA_029937335_1__dsrA__JAPYQD010000024.1_7	Q5ZQS3|dsrA|reductive|Desulfomicrobium_baculatum	37.7	377	237
GCA_029937335_1__dsrA__JAPYQD010000024.1_7	Q93EV7|dsrA|reductive|Thermodesulfobacterium_commune	36.9	390	228
GCA_029937335_1__dsrA__JAPYQD010000024.1_7	Q5ZQT9|dsrA|reductive|Archaeoglobus_veneficus	38.7	351	223
GCA_029937335_1__dsrA__JAPYQD010000024.1_7	Q5ZQR5|dsrA|reductive|Desulfosudis_oleivorans	35.6	376	218
GCA_029937335_1__dsrA__JAPYQD010000024.1_7	Q9F4A2|dsrB|reductive|Desulfovibrio_desulfuricans	24.1	319	83.2
GCA_029937335_1__dsrA__JAPYQD010000024.1_7	A0ABT8QNA5|dsrB|reductive|Desulfosporosinus_nitroreducens	24.8	298	82.8
GCA_029937335_1__dsrA__JAPYQD010000024.1_7	B5YIF3|dsrB|reductive|Thermodesulfovibrio_yellowstonii	24.9	317	80.1
GCA_029937335_1__dsrA__JAPYQD010000024.1_7	P45575|dsrB|reductive|Nitratidesulfovibrio_vulgaris	22.9	340	78.6
GCA_029937335_1__dsrA__JAPYQD010000024.1_7	Q9K5B4|dsrB|reductive|Desulfobacter_vibrioformis	23.0	343	77.8
GCA_029937335_1__dsrA__JAPYQD010000024.1_7	Q251E3|dsrB|reductive|Desulfitobacterium_hafniense	21.6	320	76.3
GCA_029937335_1__dsrA__JAPYQD010000024.1_7	S0G5M9|dsrB|reductive|Desulfotignum_phosphitoxidans_DSM_13687	22.7	339	75.1
GCA_029937335_1__dsrA__JAPYQD010000024.1_7	Q8KE39|dsrB|oxidative|Chlorobaculum_tepidum	21.8	307	70.5
GCA_029937335_1__dsrA__JAPYQD010000024.1_7	N0BL33|dsrB|reductive|Archaeoglobus_sulfaticallidus_PM70-1	22.7	330	70.5
GCA_029937335_1__dsrA__JAPYQD010000024.1_7	T2G8V8|dsrB|reductive|Megalodesulfovibrio_gigas	22.6	292	70.1
GCA_029937335_1__dsrA__JAPYQD010000024.1_7	A0A5C4RYG3|dsrB|oxidative|Chlorobaculum_thiosulfatiphilum	21.8	303	68.9
GCA_029937335_1__dsrA__JAPYQD010000024.1_7	A1BCS2|dsrB|oxidative|Chlorobium_phaeobacteroides	21.2	325	68.6
GCA_029937335_1__dsrA__JAPYQD010000024.1_7	Q59110|dsrB|reductive|Archaeoglobus_fulgidus	23.1	325	67.0
GCA_029937335_1__dsrA__JAPYQD010000024.1_7	E1QFJ3|dsrB|reductive|Desulfarculus_baarsii	23.6	254	63.9
GCA_029937335_1__dsrA__JAPYQD010000024.1_7	Q9K5B8|dsrB|reductive|Desulfobulbus_rhabdoformis	23.5	310	62.4
GCA_029937335_1__dsrA__JAPYQD010000024.1_7	A0ABS1E5W7|dsrB|oxidative|Halorhodospira_neutriphila	23.4	325	61.2
GCA_029937335_1__dsrA__JAPYQD010000024.1_7	L0DSF9|dsrB|oxidative|Thioalkalivibrio_nitratireducens	22.8	290	59.3
GCA_029937335_1__dsrA__JAPYQD010000024.1_7	O33999|dsrB|oxidative|Allochromatium_vinosum	22.3	301	58.5
GCA_029937335_1__dsrA__JAPYQD010000024.1_7	A0L9L5|dsrB|oxidative|Magnetococcus_marinus	21.7	313	58.5
GCA_029937335_1__dsrA__JAPYQD010000024.1_7	A0ABY9MNZ8|dsrB|oxidative|Thiothrix_lacustris	22.7	304	55.5
GCA_029937335_1__dsrB__JAPYQD010000024.1_8	L0DSF9|dsrB|oxidative|Thioalkalivibrio_nitratireducens	74.9	354	607
GCA_029937335_1__dsrB__JAPYQD010000024.1_8	A0A9X0WG77|dsrB|oxidative|Thiocapsa_imhoffii	74.5	357	600
GCA_029937335_1__dsrB__JAPYQD010000024.1_8	O33999|dsrB|oxidative|Allochromatium_vinosum	74.2	357	598
GCA_029937335_1__dsrB__JAPYQD010000024.1_8	A0ABS1E5W7|dsrB|oxidative|Halorhodospira_neutriphila	73.2	362	596
GCA_029937335_1__dsrB__JAPYQD010000024.1_8	A0ABY9MNZ8|dsrB|oxidative|Thiothrix_lacustris	73.9	356	587
GCA_029937335_1__dsrB__JAPYQD010000024.1_8	A0L9L5|dsrB|oxidative|Magnetococcus_marinus	61.9	357	498
GCA_029937335_1__dsrB__JAPYQD010000024.1_8	Q8KE39|dsrB|oxidative|Chlorobaculum_tepidum	59.6	349	471
GCA_029937335_1__dsrB__JAPYQD010000024.1_8	A0A5C4RYG3|dsrB|oxidative|Chlorobaculum_thiosulfatiphilum	58.5	349	466
GCA_029937335_1__dsrB__JAPYQD010000024.1_8	A1BCS2|dsrB|oxidative|Chlorobium_phaeobacteroides	58.2	349	465
GCA_029937335_1__dsrB__JAPYQD010000024.1_8	N0BL33|dsrB|reductive|Archaeoglobus_sulfaticallidus_PM70-1	44.6	354	334
GCA_029937335_1__dsrB__JAPYQD010000024.1_8	A0ABT8QNA5|dsrB|reductive|Desulfosporosinus_nitroreducens	45.0	351	330
GCA_029937335_1__dsrB__JAPYQD010000024.1_8	Q251E3|dsrB|reductive|Desulfitobacterium_hafniense	44.3	348	327
GCA_029937335_1__dsrB__JAPYQD010000024.1_8	A4J9D5|dsrB|reductive|Desulforamulus_reducens	44.3	343	326
GCA_029937335_1__dsrB__JAPYQD010000024.1_8	T2G8V8|dsrB|reductive|Megalodesulfovibrio_gigas	44.2	339	311
GCA_029937335_1__dsrB__JAPYQD010000024.1_8	Q59110|dsrB|reductive|Archaeoglobus_fulgidus	44.5	335	310
GCA_029937335_1__dsrB__JAPYQD010000024.1_8	B5YIF3|dsrB|reductive|Thermodesulfovibrio_yellowstonii	44.4	333	309
GCA_029937335_1__dsrB__JAPYQD010000024.1_8	Q9K5B8|dsrB|reductive|Desulfobulbus_rhabdoformis	43.7	334	307
GCA_029937335_1__dsrB__JAPYQD010000024.1_8	E1QFJ3|dsrB|reductive|Desulfarculus_baarsii	41.8	337	300
GCA_029937335_1__dsrB__JAPYQD010000024.1_8	P45575|dsrB|reductive|Nitratidesulfovibrio_vulgaris	42.5	339	300
GCA_029937335_1__dsrB__JAPYQD010000024.1_8	Q9F4A2|dsrB|reductive|Desulfovibrio_desulfuricans	43.1	339	300
GCA_029937335_1__dsrB__JAPYQD010000024.1_8	S0G5M9|dsrB|reductive|Desulfotignum_phosphitoxidans_DSM_13687	42.2	358	296
GCA_029937335_1__dsrB__JAPYQD010000024.1_8	Q9K5B4|dsrB|reductive|Desulfobacter_vibrioformis	41.9	358	295
GCA_029937335_1__dsrB__JAPYQD010000024.1_8	A0ABY9MRG6|dsrA|oxidative|Thiothrix_lacustris	22.2	324	74.7
GCA_029937335_1__dsrB__JAPYQD010000024.1_8	A0ABS1E8E7|dsrA|oxidative|Halorhodospira_neutriphila	22.7	277	74.3
GCA_029937335_1__dsrB__JAPYQD010000024.1_8	O33998|dsrA|oxidative|Allochromatium_vinosum	20.9	282	68.9
GCA_029937335_1__dsrB__JAPYQD010000024.1_8	B5YIF2|dsrA|reductive|Thermodesulfovibrio_yellowstonii	22.2	342	67.8
GCA_029937335_1__dsrB__JAPYQD010000024.1_8	E0D1Z2|dsrA|oxidative|Thiocapsa_marina	21.3	268	66.6
GCA_029937335_1__dsrB__JAPYQD010000024.1_8	N0BK96|dsrA|reductive|Archaeoglobus_sulfaticallidus_PM70-1	21.7	314	58.9
GCA_029937335_1__dsrB__JAPYQD010000024.1_8	A0L9L4|dsrA|oxidative|Magnetococcus_marinus	19.6	276	55.8
GCA_029937335_1__dsrB__JAPYQD010000024.1_8	Q8K5E9|dsrA|oxidative|Chlorobaculum_tepidum	20.7	285	53.1
GCA_029937335_1__dsrB__JAPYQD010000024.1_8	T2G7Q3|dsrA|reductive|Megalodesulfovibrio_gigas	22.7	343	52.4
GCA_029937335_1__dsrB__JAPYQD010000024.1_8	S0FXQ9|dsrA|reductive|Desulfotignum_phosphitoxidans_DSM_13687	22.1	339	49.7
GCA_029937335_1__dsrB__JAPYQD010000024.1_8	A1BCS1|dsrA|oxidative|Chlorobium_phaeobacteroides	20.1	279	48.9
GCA_029937335_1__dsrB__JAPYQD010000024.1_8	Q5ZQR5|dsrA|reductive|Desulfosudis_oleivorans	21.7	345	48.5
GCA_029937335_1__dsrB__JAPYQD010000024.1_8	A0A5C4RXN4|dsrA|oxidative|Chlorobaculum_thiosulfatiphilum	19.6	285	45.4
GCA_029937335_1__dsrB__JAPYQD010000024.1_8	Q9K5B5|dsrA|reductive|Desulfobacter_vibrioformis	20.6	339	45.1
GCA_029937335_1__dsrB__JAPYQD010000024.1_8	A0ABT8QKK2|dsrA|reductive|Desulfosporosinus_nitroreducens	18.5	271	44.7
GCA_029937335_1__dsrB__JAPYQD010000024.1_8	P45574|dsrA|reductive|Nitratidesulfovibrio_vulgaris	21.6	347	41.6
GCA_029937335_1__dsrB__JAPYQD010000024.1_8	Q9F4A3|dsrA|reductive|Desulfovibrio_desulfuricans	20.5	341	41.6
GCA_029937335_1__dsrB__JAPYQD010000024.1_8	Q93EV7|dsrA|reductive|Thermodesulfobacterium_commune	20.1	299	38.9
GCA_029937335_1__dsrB__JAPYQD010000024.1_8	Q9K5B9|dsrA|reductive|Desulfobulbus_rhabdoformis	20.5	302	38.9
GCA_030145005_1__dsrA__JAQYWJ010000062.1_1	Q9K5B5|dsrA|reductive|Desulfobacter_vibrioformis	96.7	338	714
GCA_030145005_1__dsrA__JAQYWJ010000062.1_1	S0FXQ9|dsrA|reductive|Desulfotignum_phosphitoxidans_DSM_13687	89.7	339	657
GCA_030145005_1__dsrA__JAQYWJ010000062.1_1	T2G7Q3|dsrA|reductive|Megalodesulfovibrio_gigas	71.0	338	546
GCA_030145005_1__dsrA__JAQYWJ010000062.1_1	P45574|dsrA|reductive|Nitratidesulfovibrio_vulgaris	72.8	338	545
GCA_030145005_1__dsrA__JAQYWJ010000062.1_1	Q9F4A3|dsrA|reductive|Desulfovibrio_desulfuricans	69.8	338	525
GCA_030145005_1__dsrA__JAQYWJ010000062.1_1	Q9K5B9|dsrA|reductive|Desulfobulbus_rhabdoformis	67.8	338	490
GCA_030145005_1__dsrA__JAQYWJ010000062.1_1	Q5ZQR5|dsrA|reductive|Desulfosudis_oleivorans	75.8	269	450
GCA_030145005_1__dsrA__JAQYWJ010000062.1_1	Q5ZQS3|dsrA|reductive|Desulfomicrobium_baculatum	75.5	269	444
GCA_030145005_1__dsrA__JAQYWJ010000062.1_1	Q59109|dsrA|reductive|Archaeoglobus_fulgidus	56.0	336	382
GCA_030145005_1__dsrA__JAQYWJ010000062.1_1	Q93EV7|dsrA|reductive|Thermodesulfobacterium_commune	62.9	272	362
GCA_030145005_1__dsrA__JAQYWJ010000062.1_1	A0ABT8QKK2|dsrA|reductive|Desulfosporosinus_nitroreducens	51.3	343	359
GCA_030145005_1__dsrA__JAQYWJ010000062.1_1	Q251E4|dsrA|reductive|Desulfitobacterium_hafniense	52.1	340	355
GCA_030145005_1__dsrA__JAQYWJ010000062.1_1	N0BK96|dsrA|reductive|Archaeoglobus_sulfaticallidus_PM70-1	53.2	340	355
GCA_030145005_1__dsrA__JAQYWJ010000062.1_1	Q93EU9|dsrA|reductive|Desulfarculus_baarsii	63.1	274	348
GCA_030145005_1__dsrA__JAQYWJ010000062.1_1	B5YIF2|dsrA|reductive|Thermodesulfovibrio_yellowstonii	50.6	336	329
GCA_030145005_1__dsrA__JAQYWJ010000062.1_1	Q5ZQT9|dsrA|reductive|Archaeoglobus_veneficus	54.7	267	300
GCA_030145005_1__dsrA__JAQYWJ010000062.1_1	O33998|dsrA|oxidative|Allochromatium_vinosum	42.6	333	289
GCA_030145005_1__dsrA__JAQYWJ010000062.1_1	A0L9L4|dsrA|oxidative|Magnetococcus_marinus	42.9	331	273
GCA_030145005_1__dsrA__JAQYWJ010000062.1_1	A0ABS1E8E7|dsrA|oxidative|Halorhodospira_neutriphila	42.3	338	273
GCA_030145005_1__dsrA__JAQYWJ010000062.1_1	A0ABY9MRG6|dsrA|oxidative|Thiothrix_lacustris	40.5	336	273
GCA_030145005_1__dsrA__JAQYWJ010000062.1_1	Q8K5E9|dsrA|oxidative|Chlorobaculum_tepidum	41.7	331	265
GCA_030145005_1__dsrA__JAQYWJ010000062.1_1	A1BCS1|dsrA|oxidative|Chlorobium_phaeobacteroides	41.6	329	265
GCA_030145005_1__dsrA__JAQYWJ010000062.1_1	A0A5C4RXN4|dsrA|oxidative|Chlorobaculum_thiosulfatiphilum	41.7	331	260
GCA_030145005_1__dsrA__JAQYWJ010000062.1_1	E0D1Z2|dsrA|oxidative|Thiocapsa_marina	41.1	241	204
GCA_030145005_1__dsrA__JAQYWJ010000062.1_1	Q251E3|dsrB|reductive|Desulfitobacterium_hafniense	21.5	261	56.6
GCA_030145005_1__dsrB__JAQYWJ010000199.1_4	Q9K5B4|dsrB|reductive|Desulfobacter_vibrioformis	95.0	382	777
GCA_030145005_1__dsrB__JAQYWJ010000199.1_4	S0G5M9|dsrB|reductive|Desulfotignum_phosphitoxidans_DSM_13687	90.1	382	739
GCA_030145005_1__dsrB__JAQYWJ010000199.1_4	P45575|dsrB|reductive|Nitratidesulfovibrio_vulgaris	71.2	382	609
GCA_030145005_1__dsrB__JAQYWJ010000199.1_4	Q9F4A2|dsrB|reductive|Desulfovibrio_desulfuricans	69.1	382	600
GCA_030145005_1__dsrB__JAQYWJ010000199.1_4	T2G8V8|dsrB|reductive|Megalodesulfovibrio_gigas	67.0	382	573
GCA_030145005_1__dsrB__JAQYWJ010000199.1_4	Q9K5B8|dsrB|reductive|Desulfobulbus_rhabdoformis	63.0	376	510
GCA_030145005_1__dsrB__JAQYWJ010000199.1_4	E1QFJ3|dsrB|reductive|Desulfarculus_baarsii	62.7	367	489
GCA_030145005_1__dsrB__JAQYWJ010000199.1_4	N0BL33|dsrB|reductive|Archaeoglobus_sulfaticallidus_PM70-1	52.8	377	434
GCA_030145005_1__dsrB__JAQYWJ010000199.1_4	A4J9D5|dsrB|reductive|Desulforamulus_reducens	54.7	369	429
GCA_030145005_1__dsrB__JAQYWJ010000199.1_4	Q251E3|dsrB|reductive|Desulfitobacterium_hafniense	55.0	349	416
GCA_030145005_1__dsrB__JAQYWJ010000199.1_4	B5YIF3|dsrB|reductive|Thermodesulfovibrio_yellowstonii	51.5	369	408
GCA_030145005_1__dsrB__JAQYWJ010000199.1_4	Q59110|dsrB|reductive|Archaeoglobus_fulgidus	51.5	377	404
GCA_030145005_1__dsrB__JAQYWJ010000199.1_4	A0ABT8QNA5|dsrB|reductive|Desulfosporosinus_nitroreducens	51.2	367	402
GCA_030145005_1__dsrB__JAQYWJ010000199.1_4	A1BCS2|dsrB|oxidative|Chlorobium_phaeobacteroides	43.9	374	337
GCA_030145005_1__dsrB__JAQYWJ010000199.1_4	A0A5C4RYG3|dsrB|oxidative|Chlorobaculum_thiosulfatiphilum	42.6	366	327
GCA_030145005_1__dsrB__JAQYWJ010000199.1_4	Q8KE39|dsrB|oxidative|Chlorobaculum_tepidum	42.1	366	326
GCA_030145005_1__dsrB__JAQYWJ010000199.1_4	A0L9L5|dsrB|oxidative|Magnetococcus_marinus	40.2	368	304
GCA_030145005_1__dsrB__JAQYWJ010000199.1_4	A0ABS1E5W7|dsrB|oxidative|Halorhodospira_neutriphila	41.5	371	298
GCA_030145005_1__dsrB__JAQYWJ010000199.1_4	O33999|dsrB|oxidative|Allochromatium_vinosum	40.8	355	293
GCA_030145005_1__dsrB__JAQYWJ010000199.1_4	A0A9X0WG77|dsrB|oxidative|Thiocapsa_imhoffii	40.6	355	293
GCA_030145005_1__dsrB__JAQYWJ010000199.1_4	L0DSF9|dsrB|oxidative|Thioalkalivibrio_nitratireducens	40.6	355	291
GCA_030145005_1__dsrB__JAQYWJ010000199.1_4	A0ABY9MNZ8|dsrB|oxidative|Thiothrix_lacustris	40.3	355	288
GCA_030145005_1__dsrB__JAQYWJ010000199.1_4	A0ABS1E8E7|dsrA|oxidative|Halorhodospira_neutriphila	23.9	309	87.8
GCA_030145005_1__dsrB__JAQYWJ010000199.1_4	A0L9L4|dsrA|oxidative|Magnetococcus_marinus	23.8	307	80.5
GCA_030145005_1__dsrB__JAQYWJ010000199.1_4	A0ABT8QKK2|dsrA|reductive|Desulfosporosinus_nitroreducens	21.5	367	77.8
GCA_030145005_1__dsrB__JAQYWJ010000199.1_4	Q8K5E9|dsrA|oxidative|Chlorobaculum_tepidum	22.8	311	74.7
GCA_030145005_1__dsrB__JAQYWJ010000199.1_4	E0D1Z2|dsrA|oxidative|Thiocapsa_marina	23.6	292	73.6
GCA_030145005_1__dsrB__JAQYWJ010000199.1_4	A0A5C4RXN4|dsrA|oxidative|Chlorobaculum_thiosulfatiphilum	22.8	311	72.8
GCA_030145005_1__dsrB__JAQYWJ010000199.1_4	A1BCS1|dsrA|oxidative|Chlorobium_phaeobacteroides	22.2	315	70.9
GCA_030145005_1__dsrB__JAQYWJ010000199.1_4	Q9K5B9|dsrA|reductive|Desulfobulbus_rhabdoformis	20.1	344	59.7
GCA_030145005_1__dsrB__JAQYWJ010000199.1_4	Q93EV7|dsrA|reductive|Thermodesulfobacterium_commune	21.8	294	59.3
GCA_030145005_1__dsrB__JAQYWJ010000199.1_4	Q5ZQR5|dsrA|reductive|Desulfosudis_oleivorans	18.8	346	51.6
GCA_030145005_1__dsrB__JAQYWJ010000199.1_4	P45574|dsrA|reductive|Nitratidesulfovibrio_vulgaris	18.4	343	50.8
GCA_030145005_1__dsrB__JAQYWJ010000199.1_4	S0FXQ9|dsrA|reductive|Desulfotignum_phosphitoxidans_DSM_13687	19.1	346	50.1
GCA_030145005_1__dsrB__JAQYWJ010000199.1_4	Q9K5B5|dsrA|reductive|Desulfobacter_vibrioformis	19.0	269	49.7
GCA_030145005_1__dsrB__JAQYWJ010000199.1_4	Q9F4A3|dsrA|reductive|Desulfovibrio_desulfuricans	18.6	339	49.3
GCA_030145005_1__dsrB__JAQYWJ010000199.1_4	T2G7Q3|dsrA|reductive|Megalodesulfovibrio_gigas	18.7	342	47.8
GCA_031406795_1__dsrA__JANOHV010000208.1_34	N0BK96|dsrA|reductive|Archaeoglobus_sulfaticallidus_PM70-1	61.7	384	518
GCA_031406795_1__dsrA__JANOHV010000208.1_34	Q59109|dsrA|reductive|Archaeoglobus_fulgidus	59.8	398	499
GCA_031406795_1__dsrA__JANOHV010000208.1_34	B5YIF2|dsrA|reductive|Thermodesulfovibrio_yellowstonii	59.6	386	487
GCA_031406795_1__dsrA__JANOHV010000208.1_34	Q251E4|dsrA|reductive|Desulfitobacterium_hafniense	55.7	388	480
GCA_031406795_1__dsrA__JANOHV010000208.1_34	Q9K5B9|dsrA|reductive|Desulfobulbus_rhabdoformis	53.7	406	461
GCA_031406795_1__dsrA__JANOHV010000208.1_34	T2G7Q3|dsrA|reductive|Megalodesulfovibrio_gigas	53.5	415	460
GCA_031406795_1__dsrA__JANOHV010000208.1_34	P45574|dsrA|reductive|Nitratidesulfovibrio_vulgaris	54.5	415	459
GCA_031406795_1__dsrA__JANOHV010000208.1_34	A0ABT8QKK2|dsrA|reductive|Desulfosporosinus_nitroreducens	52.6	388	456
GCA_031406795_1__dsrA__JANOHV010000208.1_34	Q9F4A3|dsrA|reductive|Desulfovibrio_desulfuricans	52.0	415	445
GCA_031406795_1__dsrA__JANOHV010000208.1_34	S0FXQ9|dsrA|reductive|Desulfotignum_phosphitoxidans_DSM_13687	52.1	420	444
GCA_031406795_1__dsrA__JANOHV010000208.1_34	Q9K5B5|dsrA|reductive|Desulfobacter_vibrioformis	52.5	419	441
GCA_031406795_1__dsrA__JANOHV010000208.1_34	Q93EU9|dsrA|reductive|Desulfarculus_baarsii	57.3	349	425
GCA_031406795_1__dsrA__JANOHV010000208.1_34	Q5ZQT9|dsrA|reductive|Archaeoglobus_veneficus	57.2	334	412
GCA_031406795_1__dsrA__JANOHV010000208.1_34	Q93EV7|dsrA|reductive|Thermodesulfobacterium_commune	53.4	352	400
GCA_031406795_1__dsrA__JANOHV010000208.1_34	Q5ZQS3|dsrA|reductive|Desulfomicrobium_baculatum	52.6	348	391
GCA_031406795_1__dsrA__JANOHV010000208.1_34	Q5ZQR5|dsrA|reductive|Desulfosudis_oleivorans	51.7	348	370
GCA_031406795_1__dsrA__JANOHV010000208.1_34	A1BCS1|dsrA|oxidative|Chlorobium_phaeobacteroides	47.7	386	369
GCA_031406795_1__dsrA__JANOHV010000208.1_34	O33998|dsrA|oxidative|Allochromatium_vinosum	44.8	395	368
GCA_031406795_1__dsrA__JANOHV010000208.1_34	A0ABS1E8E7|dsrA|oxidative|Halorhodospira_neutriphila	44.9	399	368
GCA_031406795_1__dsrA__JANOHV010000208.1_34	A0L9L4|dsrA|oxidative|Magnetococcus_marinus	46.4	388	359
GCA_031406795_1__dsrA__JANOHV010000208.1_34	A0A5C4RXN4|dsrA|oxidative|Chlorobaculum_thiosulfatiphilum	45.6	386	357
GCA_031406795_1__dsrA__JANOHV010000208.1_34	Q8K5E9|dsrA|oxidative|Chlorobaculum_tepidum	45.1	386	356
GCA_031406795_1__dsrA__JANOHV010000208.1_34	A0ABY9MRG6|dsrA|oxidative|Thiothrix_lacustris	43.3	404	341
GCA_031406795_1__dsrA__JANOHV010000208.1_34	E0D1Z2|dsrA|oxidative|Thiocapsa_marina	41.9	279	249
GCA_031406795_1__dsrA__JANOHV010000208.1_34	A0ABT8QNA5|dsrB|reductive|Desulfosporosinus_nitroreducens	26.8	314	98.2
GCA_031406795_1__dsrA__JANOHV010000208.1_34	N0BL33|dsrB|reductive|Archaeoglobus_sulfaticallidus_PM70-1	25.5	294	91.3
GCA_031406795_1__dsrA__JANOHV010000208.1_34	Q251E3|dsrB|reductive|Desulfitobacterium_hafniense	23.3	331	86.3
GCA_031406795_1__dsrA__JANOHV010000208.1_34	Q59110|dsrB|reductive|Archaeoglobus_fulgidus	26.9	309	86.3
GCA_031406795_1__dsrA__JANOHV010000208.1_34	B5YIF3|dsrB|reductive|Thermodesulfovibrio_yellowstonii	25.4	287	82.4
GCA_031406795_1__dsrA__JANOHV010000208.1_34	A4J9D5|dsrB|reductive|Desulforamulus_reducens	23.4	291	78.6
GCA_031406795_1__dsrA__JANOHV010000208.1_34	P45575|dsrB|reductive|Nitratidesulfovibrio_vulgaris	24.0	300	72.0
GCA_031406795_1__dsrA__JANOHV010000208.1_34	A0A5C4RYG3|dsrB|oxidative|Chlorobaculum_thiosulfatiphilum	21.8	285	68.9
GCA_031406795_1__dsrA__JANOHV010000208.1_34	Q9K5B8|dsrB|reductive|Desulfobulbus_rhabdoformis	23.7	295	68.6
GCA_031406795_1__dsrA__JANOHV010000208.1_34	Q9F4A2|dsrB|reductive|Desulfovibrio_desulfuricans	23.0	283	68.6
GCA_031406795_1__dsrA__JANOHV010000208.1_34	Q8KE39|dsrB|oxidative|Chlorobaculum_tepidum	21.4	285	67.4
GCA_031406795_1__dsrA__JANOHV010000208.1_34	S0G5M9|dsrB|reductive|Desulfotignum_phosphitoxidans_DSM_13687	22.4	299	67.0
GCA_031406795_1__dsrA__JANOHV010000208.1_34	T2G8V8|dsrB|reductive|Megalodesulfovibrio_gigas	24.5	229	66.6
GCA_031406795_1__dsrA__JANOHV010000208.1_34	A1BCS2|dsrB|oxidative|Chlorobium_phaeobacteroides	22.0	300	66.2
GCA_031406795_1__dsrA__JANOHV010000208.1_34	Q9K5B4|dsrB|reductive|Desulfobacter_vibrioformis	20.8	283	66.2
GCA_031406795_1__dsrA__JANOHV010000208.1_34	E1QFJ3|dsrB|reductive|Desulfarculus_baarsii	22.3	278	60.8
GCA_031406795_1__dsrA__JANOHV010000208.1_34	A0ABS1E5W7|dsrB|oxidative|Halorhodospira_neutriphila	22.2	275	58.9
GCA_031406795_1__dsrA__JANOHV010000208.1_34	A0L9L5|dsrB|oxidative|Magnetococcus_marinus	23.1	273	55.5
GCA_031406795_1__dsrA__JANOHV010000208.1_34	L0DSF9|dsrB|oxidative|Thioalkalivibrio_nitratireducens	22.2	275	53.1
GCA_031406795_1__dsrA__JANOHV010000208.1_34	A0A9X0WG77|dsrB|oxidative|Thiocapsa_imhoffii	22.2	275	52.0
GCA_031406795_1__dsrA__JANOHV010000208.1_34	O33999|dsrB|oxidative|Allochromatium_vinosum	22.0	277	51.2
GCA_031406795_1__dsrA__JANOHV010000208.1_34	A0ABY9MNZ8|dsrB|oxidative|Thiothrix_lacustris	21.0	276	45.4
GCA_031406795_1__dsrB__JANOHV010000208.1_35	A4J9D5|dsrB|reductive|Desulforamulus_reducens	62.5	355	485
GCA_031406795_1__dsrB__JANOHV010000208.1_35	E1QFJ3|dsrB|reductive|Desulfarculus_baarsii	58.4	356	461
GCA_031406795_1__dsrB__JANOHV010000208.1_35	B5YIF3|dsrB|reductive|Thermodesulfovibrio_yellowstonii	57.9	354	459
GCA_031406795_1__dsrB__JANOHV010000208.1_35	N0BL33|dsrB|reductive|Archaeoglobus_sulfaticallidus_PM70-1	59.1	357	454
GCA_031406795_1__dsrB__JANOHV010000208.1_35	Q251E3|dsrB|reductive|Desulfitobacterium_hafniense	57.1	350	452
GCA_031406795_1__dsrB__JANOHV010000208.1_35	Q9K5B8|dsrB|reductive|Desulfobulbus_rhabdoformis	57.2	360	441
GCA_031406795_1__dsrB__JANOHV010000208.1_35	A0ABT8QNA5|dsrB|reductive|Desulfosporosinus_nitroreducens	57.3	351	438
GCA_031406795_1__dsrB__JANOHV010000208.1_35	P45575|dsrB|reductive|Nitratidesulfovibrio_vulgaris	55.6	367	438
GCA_031406795_1__dsrB__JANOHV010000208.1_35	T2G8V8|dsrB|reductive|Megalodesulfovibrio_gigas	54.8	365	430
GCA_031406795_1__dsrB__JANOHV010000208.1_35	Q59110|dsrB|reductive|Archaeoglobus_fulgidus	54.7	362	427
GCA_031406795_1__dsrB__JANOHV010000208.1_35	S0G5M9|dsrB|reductive|Desulfotignum_phosphitoxidans_DSM_13687	54.1	366	421
GCA_031406795_1__dsrB__JANOHV010000208.1_35	Q9F4A2|dsrB|reductive|Desulfovibrio_desulfuricans	54.2	365	420
GCA_031406795_1__dsrB__JANOHV010000208.1_35	Q9K5B4|dsrB|reductive|Desulfobacter_vibrioformis	54.1	366	417
GCA_031406795_1__dsrB__JANOHV010000208.1_35	A1BCS2|dsrB|oxidative|Chlorobium_phaeobacteroides	51.8	353	394
GCA_031406795_1__dsrB__JANOHV010000208.1_35	Q8KE39|dsrB|oxidative|Chlorobaculum_tepidum	51.7	350	386
GCA_031406795_1__dsrB__JANOHV010000208.1_35	A0A5C4RYG3|dsrB|oxidative|Chlorobaculum_thiosulfatiphilum	51.1	350	382
GCA_031406795_1__dsrB__JANOHV010000208.1_35	A0ABY9MNZ8|dsrB|oxidative|Thiothrix_lacustris	46.9	360	362
GCA_031406795_1__dsrB__JANOHV010000208.1_35	A0A9X0WG77|dsrB|oxidative|Thiocapsa_imhoffii	46.6	358	358
GCA_031406795_1__dsrB__JANOHV010000208.1_35	A0L9L5|dsrB|oxidative|Magnetococcus_marinus	46.9	358	356
GCA_031406795_1__dsrB__JANOHV010000208.1_35	O33999|dsrB|oxidative|Allochromatium_vinosum	46.1	358	355
GCA_031406795_1__dsrB__JANOHV010000208.1_35	L0DSF9|dsrB|oxidative|Thioalkalivibrio_nitratireducens	44.9	356	355
GCA_031406795_1__dsrB__JANOHV010000208.1_35	A0ABS1E5W7|dsrB|oxidative|Halorhodospira_neutriphila	44.6	350	348
GCA_031406795_1__dsrB__JANOHV010000208.1_35	A0ABS1E8E7|dsrA|oxidative|Halorhodospira_neutriphila	26.0	285	101
GCA_031406795_1__dsrB__JANOHV010000208.1_35	A0ABY9MRG6|dsrA|oxidative|Thiothrix_lacustris	25.2	318	94.7
GCA_031406795_1__dsrB__JANOHV010000208.1_35	A0L9L4|dsrA|oxidative|Magnetococcus_marinus	26.0	285	90.1
GCA_031406795_1__dsrB__JANOHV010000208.1_35	O33998|dsrA|oxidative|Allochromatium_vinosum	25.2	305	85.9
GCA_031406795_1__dsrB__JANOHV010000208.1_35	E0D1Z2|dsrA|oxidative|Thiocapsa_marina	25.5	275	84.3
GCA_031406795_1__dsrB__JANOHV010000208.1_35	N0BK96|dsrA|reductive|Archaeoglobus_sulfaticallidus_PM70-1	24.2	293	69.7
GCA_031406795_1__dsrB__JANOHV010000208.1_35	A1BCS1|dsrA|oxidative|Chlorobium_phaeobacteroides	25.6	285	69.7
GCA_031406795_1__dsrB__JANOHV010000208.1_35	Q8K5E9|dsrA|oxidative|Chlorobaculum_tepidum	23.7	287	63.2
GCA_031406795_1__dsrB__JANOHV010000208.1_35	Q9F4A3|dsrA|reductive|Desulfovibrio_desulfuricans	23.7	321	61.2
GCA_031406795_1__dsrB__JANOHV010000208.1_35	A0ABT8QKK2|dsrA|reductive|Desulfosporosinus_nitroreducens	22.8	311	60.8
GCA_031406795_1__dsrB__JANOHV010000208.1_35	A0A5C4RXN4|dsrA|oxidative|Chlorobaculum_thiosulfatiphilum	23.8	286	60.5
GCA_031406795_1__dsrB__JANOHV010000208.1_35	T2G7Q3|dsrA|reductive|Megalodesulfovibrio_gigas	22.8	320	58.5
GCA_031406795_1__dsrB__JANOHV010000208.1_35	S0FXQ9|dsrA|reductive|Desulfotignum_phosphitoxidans_DSM_13687	21.9	319	57.4
GCA_031406795_1__dsrB__JANOHV010000208.1_35	Q9K5B5|dsrA|reductive|Desulfobacter_vibrioformis	21.6	324	56.6
GCA_031406795_1__dsrB__JANOHV010000208.1_35	P45574|dsrA|reductive|Nitratidesulfovibrio_vulgaris	22.1	317	56.2
GCA_031406795_1__dsrB__JANOHV010000208.1_35	Q93EV7|dsrA|reductive|Thermodesulfobacterium_commune	21.5	302	47.0
GCA_031960865_1__dsrB__JAVRLZ010000070.1_9	E1QFJ3|dsrB|reductive|Desulfarculus_baarsii	58.8	313	412
GCA_031960865_1__dsrB__JAVRLZ010000070.1_9	B5YIF3|dsrB|reductive|Thermodesulfovibrio_yellowstonii	61.1	301	400
GCA_031960865_1__dsrB__JAVRLZ010000070.1_9	Q251E3|dsrB|reductive|Desulfitobacterium_hafniense	57.6	311	397
GCA_031960865_1__dsrB__JAVRLZ010000070.1_9	A4J9D5|dsrB|reductive|Desulforamulus_reducens	58.3	309	392
GCA_031960865_1__dsrB__JAVRLZ010000070.1_9	N0BL33|dsrB|reductive|Archaeoglobus_sulfaticallidus_PM70-1	55.9	322	385
GCA_031960865_1__dsrB__JAVRLZ010000070.1_9	A0ABT8QNA5|dsrB|reductive|Desulfosporosinus_nitroreducens	55.9	311	378
GCA_031960865_1__dsrB__JAVRLZ010000070.1_9	Q9K5B8|dsrB|reductive|Desulfobulbus_rhabdoformis	56.8	315	378
GCA_031960865_1__dsrB__JAVRLZ010000070.1_9	Q59110|dsrB|reductive|Archaeoglobus_fulgidus	54.0	309	366
GCA_031960865_1__dsrB__JAVRLZ010000070.1_9	Q9F4A2|dsrB|reductive|Desulfovibrio_desulfuricans	54.1	314	362
GCA_031960865_1__dsrB__JAVRLZ010000070.1_9	T2G8V8|dsrB|reductive|Megalodesulfovibrio_gigas	51.6	314	361
GCA_031960865_1__dsrB__JAVRLZ010000070.1_9	P45575|dsrB|reductive|Nitratidesulfovibrio_vulgaris	51.7	317	357
GCA_031960865_1__dsrB__JAVRLZ010000070.1_9	Q9K5B4|dsrB|reductive|Desulfobacter_vibrioformis	50.8	315	353
GCA_031960865_1__dsrB__JAVRLZ010000070.1_9	A1BCS2|dsrB|oxidative|Chlorobium_phaeobacteroides	50.8	317	348
GCA_031960865_1__dsrB__JAVRLZ010000070.1_9	S0G5M9|dsrB|reductive|Desulfotignum_phosphitoxidans_DSM_13687	49.2	315	348
GCA_031960865_1__dsrB__JAVRLZ010000070.1_9	A0L9L5|dsrB|oxidative|Magnetococcus_marinus	50.6	316	344
GCA_031960865_1__dsrB__JAVRLZ010000070.1_9	A0ABS1E5W7|dsrB|oxidative|Halorhodospira_neutriphila	51.3	316	343
GCA_031960865_1__dsrB__JAVRLZ010000070.1_9	Q8KE39|dsrB|oxidative|Chlorobaculum_tepidum	48.7	316	332
GCA_031960865_1__dsrB__JAVRLZ010000070.1_9	O33999|dsrB|oxidative|Allochromatium_vinosum	48.6	317	331
GCA_031960865_1__dsrB__JAVRLZ010000070.1_9	A0A9X0WG77|dsrB|oxidative|Thiocapsa_imhoffii	48.6	317	331
GCA_031960865_1__dsrB__JAVRLZ010000070.1_9	A0ABY9MNZ8|dsrB|oxidative|Thiothrix_lacustris	47.9	317	329
GCA_031960865_1__dsrB__JAVRLZ010000070.1_9	A0A5C4RYG3|dsrB|oxidative|Chlorobaculum_thiosulfatiphilum	48.4	316	328
GCA_031960865_1__dsrB__JAVRLZ010000070.1_9	L0DSF9|dsrB|oxidative|Thioalkalivibrio_nitratireducens	47.3	317	324
GCA_031960865_1__dsrB__JAVRLZ010000070.1_9	A0ABS1E8E7|dsrA|oxidative|Halorhodospira_neutriphila	26.1	283	94.7
GCA_031960865_1__dsrB__JAVRLZ010000070.1_9	B5YIF2|dsrA|reductive|Thermodesulfovibrio_yellowstonii	26.6	293	89.0
GCA_031960865_1__dsrB__JAVRLZ010000070.1_9	A0ABY9MRG6|dsrA|oxidative|Thiothrix_lacustris	22.4	317	84.7
GCA_031960865_1__dsrB__JAVRLZ010000070.1_9	N0BK96|dsrA|reductive|Archaeoglobus_sulfaticallidus_PM70-1	27.3	293	84.3
GCA_031960865_1__dsrB__JAVRLZ010000070.1_9	O33998|dsrA|oxidative|Allochromatium_vinosum	24.7	304	83.6
GCA_031960865_1__dsrB__JAVRLZ010000070.1_9	E0D1Z2|dsrA|oxidative|Thiocapsa_marina	24.5	274	81.3
GCA_031960865_1__dsrB__JAVRLZ010000070.1_9	A0L9L4|dsrA|oxidative|Magnetococcus_marinus	24.1	282	77.8
GCA_031960865_1__dsrB__JAVRLZ010000070.1_9	Q9K5B9|dsrA|reductive|Desulfobulbus_rhabdoformis	23.3	322	77.8
GCA_031960865_1__dsrB__JAVRLZ010000070.1_9	A1BCS1|dsrA|oxidative|Chlorobium_phaeobacteroides	23.3	279	70.9
GCA_031960865_1__dsrB__JAVRLZ010000070.1_9	Q9K5B5|dsrA|reductive|Desulfobacter_vibrioformis	24.1	324	69.3
GCA_031960865_1__dsrB__JAVRLZ010000070.1_9	Q8K5E9|dsrA|oxidative|Chlorobaculum_tepidum	22.7	286	68.2
GCA_031960865_1__dsrB__JAVRLZ010000070.1_9	A0A5C4RXN4|dsrA|oxidative|Chlorobaculum_thiosulfatiphilum	23.8	286	67.8
GCA_031960865_1__dsrB__JAVRLZ010000070.1_9	A0ABT8QKK2|dsrA|reductive|Desulfosporosinus_nitroreducens	24.9	297	66.6
GCA_031960865_1__dsrB__JAVRLZ010000070.1_9	P45574|dsrA|reductive|Nitratidesulfovibrio_vulgaris	24.3	313	66.2
GCA_031960865_1__dsrB__JAVRLZ010000070.1_9	Q5ZQR5|dsrA|reductive|Desulfosudis_oleivorans	23.2	250	62.8
GCA_031960865_1__dsrB__JAVRLZ010000070.1_9	T2G7Q3|dsrA|reductive|Megalodesulfovibrio_gigas	23.5	255	62.8
GCA_031960865_1__dsrB__JAVRLZ010000070.1_9	S0FXQ9|dsrA|reductive|Desulfotignum_phosphitoxidans_DSM_13687	25.7	257	62.0
GCA_031960865_1__dsrB__JAVRLZ010000070.1_9	Q9F4A3|dsrA|reductive|Desulfovibrio_desulfuricans	22.9	319	58.2
GCA_031960865_1__dsrB__JAVRLZ010000070.1_9	Q93EU9|dsrA|reductive|Desulfarculus_baarsii	23.0	304	56.2
GCA_031960865_1__dsrB__JAVRLZ010000070.1_9	Q5ZQS3|dsrA|reductive|Desulfomicrobium_baculatum	25.3	249	55.5
GCA_031960865_1__dsrB__JAVRLZ010000070.1_9	Q93EV7|dsrA|reductive|Thermodesulfobacterium_commune	22.1	299	50.8
GCA_036781525_1__dsrA__DAIQAS010000143.1_2	Q93EV7|dsrA|reductive|Thermodesulfobacterium_commune	82.0	372	692
GCA_036781525_1__dsrA__DAIQAS010000143.1_2	Q9K5B9|dsrA|reductive|Desulfobulbus_rhabdoformis	60.5	433	571
GCA_036781525_1__dsrA__DAIQAS010000143.1_2	P45574|dsrA|reductive|Nitratidesulfovibrio_vulgaris	59.8	438	565
GCA_036781525_1__dsrA__DAIQAS010000143.1_2	S0FXQ9|dsrA|reductive|Desulfotignum_phosphitoxidans_DSM_13687	58.2	443	561
GCA_036781525_1__dsrA__DAIQAS010000143.1_2	T2G7Q3|dsrA|reductive|Megalodesulfovibrio_gigas	57.8	438	557
GCA_036781525_1__dsrA__DAIQAS010000143.1_2	Q9K5B5|dsrA|reductive|Desulfobacter_vibrioformis	58.6	442	555
GCA_036781525_1__dsrA__DAIQAS010000143.1_2	Q9F4A3|dsrA|reductive|Desulfovibrio_desulfuricans	57.3	438	554
GCA_036781525_1__dsrA__DAIQAS010000143.1_2	Q5ZQS3|dsrA|reductive|Desulfomicrobium_baculatum	62.9	369	528
GCA_036781525_1__dsrA__DAIQAS010000143.1_2	Q5ZQR5|dsrA|reductive|Desulfosudis_oleivorans	59.9	369	488
GCA_036781525_1__dsrA__DAIQAS010000143.1_2	Q93EU9|dsrA|reductive|Desulfarculus_baarsii	60.2	374	468
GCA_036781525_1__dsrA__DAIQAS010000143.1_2	N0BK96|dsrA|reductive|Archaeoglobus_sulfaticallidus_PM70-1	51.7	406	450
GCA_036781525_1__dsrA__DAIQAS010000143.1_2	B5YIF2|dsrA|reductive|Thermodesulfovibrio_yellowstonii	51.5	412	444
GCA_036781525_1__dsrA__DAIQAS010000143.1_2	Q59109|dsrA|reductive|Archaeoglobus_fulgidus	49.9	435	440
GCA_036781525_1__dsrA__DAIQAS010000143.1_2	Q251E4|dsrA|reductive|Desulfitobacterium_hafniense	49.6	409	434
GCA_036781525_1__dsrA__DAIQAS010000143.1_2	A0ABT8QKK2|dsrA|reductive|Desulfosporosinus_nitroreducens	46.9	414	415
GCA_036781525_1__dsrA__DAIQAS010000143.1_2	Q5ZQT9|dsrA|reductive|Archaeoglobus_veneficus	51.1	356	359
GCA_036781525_1__dsrA__DAIQAS010000143.1_2	O33998|dsrA|oxidative|Allochromatium_vinosum	41.0	432	338
GCA_036781525_1__dsrA__DAIQAS010000143.1_2	A0L9L4|dsrA|oxidative|Magnetococcus_marinus	40.0	418	330
GCA_036781525_1__dsrA__DAIQAS010000143.1_2	A0ABY9MRG6|dsrA|oxidative|Thiothrix_lacustris	39.8	432	325
GCA_036781525_1__dsrA__DAIQAS010000143.1_2	Q8K5E9|dsrA|oxidative|Chlorobaculum_tepidum	39.7	403	319
GCA_036781525_1__dsrA__DAIQAS010000143.1_2	A1BCS1|dsrA|oxidative|Chlorobium_phaeobacteroides	38.7	408	318
GCA_036781525_1__dsrA__DAIQAS010000143.1_2	A0A5C4RXN4|dsrA|oxidative|Chlorobaculum_thiosulfatiphilum	39.2	403	312
GCA_036781525_1__dsrA__DAIQAS010000143.1_2	A0ABS1E8E7|dsrA|oxidative|Halorhodospira_neutriphila	39.4	432	312
GCA_036781525_1__dsrA__DAIQAS010000143.1_2	E0D1Z2|dsrA|oxidative|Thiocapsa_marina	40.8	294	241
GCA_036781525_1__dsrA__DAIQAS010000143.1_2	A0ABT8QNA5|dsrB|reductive|Desulfosporosinus_nitroreducens	23.7	329	82.0
GCA_036781525_1__dsrA__DAIQAS010000143.1_2	Q251E3|dsrB|reductive|Desulfitobacterium_hafniense	24.8	331	78.2
GCA_036781525_1__dsrA__DAIQAS010000143.1_2	B5YIF3|dsrB|reductive|Thermodesulfovibrio_yellowstonii	24.6	317	74.7
GCA_036781525_1__dsrA__DAIQAS010000143.1_2	N0BL33|dsrB|reductive|Archaeoglobus_sulfaticallidus_PM70-1	24.0	313	72.0
GCA_036781525_1__dsrA__DAIQAS010000143.1_2	Q59110|dsrB|reductive|Archaeoglobus_fulgidus	22.6	314	64.3
GCA_036781525_1__dsrA__DAIQAS010000143.1_2	P45575|dsrB|reductive|Nitratidesulfovibrio_vulgaris	23.2	336	63.2
GCA_036781525_1__dsrA__DAIQAS010000143.1_2	T2G8V8|dsrB|reductive|Megalodesulfovibrio_gigas	23.1	325	61.6
GCA_036781525_1__dsrA__DAIQAS010000143.1_2	E1QFJ3|dsrB|reductive|Desulfarculus_baarsii	22.3	354	59.3
GCA_036781525_1__dsrA__DAIQAS010000143.1_2	Q9F4A2|dsrB|reductive|Desulfovibrio_desulfuricans	22.5	320	53.9
GCA_036781525_1__dsrA__DAIQAS010000143.1_2	A1BCS2|dsrB|oxidative|Chlorobium_phaeobacteroides	20.6	301	47.8
GCA_036781525_1__dsrA__DAIQAS010000143.1_2	A0L9L5|dsrB|oxidative|Magnetococcus_marinus	21.3	240	45.1
GCA_036781525_1__dsrA__DAIQAS010000143.1_2	Q8KE39|dsrB|oxidative|Chlorobaculum_tepidum	19.8	318	45.1
GCA_036781525_1__dsrA__DAIQAS010000143.1_2	Q9K5B8|dsrB|reductive|Desulfobulbus_rhabdoformis	24.9	185	44.3
GCA_036781525_1__dsrA__DAIQAS010000143.1_2	A0A5C4RYG3|dsrB|oxidative|Chlorobaculum_thiosulfatiphilum	19.5	282	43.9
GCA_036781525_1__dsrA__DAIQAS010000143.1_2	A0ABS1E5W7|dsrB|oxidative|Halorhodospira_neutriphila	19.0	305	40.8
GCA_036781525_1__dsrA__DAIQAS010000143.1_2	O33999|dsrB|oxidative|Allochromatium_vinosum	18.5	298	38.5
GCA_036781525_1__dsrB__DAIQAS010000143.1_1	T2G8V8|dsrB|reductive|Megalodesulfovibrio_gigas	63.7	350	507
GCA_036781525_1__dsrB__DAIQAS010000143.1_1	Q9F4A2|dsrB|reductive|Desulfovibrio_desulfuricans	63.7	350	504
GCA_036781525_1__dsrB__DAIQAS010000143.1_1	P45575|dsrB|reductive|Nitratidesulfovibrio_vulgaris	64.0	350	504
GCA_036781525_1__dsrB__DAIQAS010000143.1_1	S0G5M9|dsrB|reductive|Desulfotignum_phosphitoxidans_DSM_13687	63.2	351	489
GCA_036781525_1__dsrB__DAIQAS010000143.1_1	Q9K5B4|dsrB|reductive|Desulfobacter_vibrioformis	61.3	351	479
GCA_036781525_1__dsrB__DAIQAS010000143.1_1	Q9K5B8|dsrB|reductive|Desulfobulbus_rhabdoformis	63.5	351	478
GCA_036781525_1__dsrB__DAIQAS010000143.1_1	E1QFJ3|dsrB|reductive|Desulfarculus_baarsii	60.2	342	445
GCA_036781525_1__dsrB__DAIQAS010000143.1_1	Q59110|dsrB|reductive|Archaeoglobus_fulgidus	58.6	350	441
GCA_036781525_1__dsrB__DAIQAS010000143.1_1	A4J9D5|dsrB|reductive|Desulforamulus_reducens	55.2	344	419
GCA_036781525_1__dsrB__DAIQAS010000143.1_1	N0BL33|dsrB|reductive|Archaeoglobus_sulfaticallidus_PM70-1	53.1	352	413
GCA_036781525_1__dsrB__DAIQAS010000143.1_1	A0ABT8QNA5|dsrB|reductive|Desulfosporosinus_nitroreducens	55.6	340	412
GCA_036781525_1__dsrB__DAIQAS010000143.1_1	B5YIF3|dsrB|reductive|Thermodesulfovibrio_yellowstonii	52.3	344	412
GCA_036781525_1__dsrB__DAIQAS010000143.1_1	Q251E3|dsrB|reductive|Desulfitobacterium_hafniense	54.7	340	400
GCA_036781525_1__dsrB__DAIQAS010000143.1_1	A1BCS2|dsrB|oxidative|Chlorobium_phaeobacteroides	44.6	341	324
GCA_036781525_1__dsrB__DAIQAS010000143.1_1	A0A5C4RYG3|dsrB|oxidative|Chlorobaculum_thiosulfatiphilum	44.9	341	320
GCA_036781525_1__dsrB__DAIQAS010000143.1_1	Q8KE39|dsrB|oxidative|Chlorobaculum_tepidum	44.3	341	319
GCA_036781525_1__dsrB__DAIQAS010000143.1_1	A0L9L5|dsrB|oxidative|Magnetococcus_marinus	43.4	343	313
GCA_036781525_1__dsrB__DAIQAS010000143.1_1	A0ABS1E5W7|dsrB|oxidative|Halorhodospira_neutriphila	44.6	354	310
GCA_036781525_1__dsrB__DAIQAS010000143.1_1	A0A9X0WG77|dsrB|oxidative|Thiocapsa_imhoffii	42.9	338	296
GCA_036781525_1__dsrB__DAIQAS010000143.1_1	O33999|dsrB|oxidative|Allochromatium_vinosum	42.3	338	295
GCA_036781525_1__dsrB__DAIQAS010000143.1_1	L0DSF9|dsrB|oxidative|Thioalkalivibrio_nitratireducens	43.5	338	295
GCA_036781525_1__dsrB__DAIQAS010000143.1_1	A0ABY9MNZ8|dsrB|oxidative|Thiothrix_lacustris	42.0	338	285
GCA_036781525_1__dsrB__DAIQAS010000143.1_1	A0ABS1E8E7|dsrA|oxidative|Halorhodospira_neutriphila	24.7	295	84.0
GCA_036781525_1__dsrB__DAIQAS010000143.1_1	O33998|dsrA|oxidative|Allochromatium_vinosum	23.5	319	74.3
GCA_036781525_1__dsrB__DAIQAS010000143.1_1	A0ABY9MRG6|dsrA|oxidative|Thiothrix_lacustris	22.8	351	69.3
GCA_036781525_1__dsrB__DAIQAS010000143.1_1	E0D1Z2|dsrA|oxidative|Thiocapsa_marina	22.3	282	68.6
GCA_036781525_1__dsrB__DAIQAS010000143.1_1	N0BK96|dsrA|reductive|Archaeoglobus_sulfaticallidus_PM70-1	23.3	378	68.6
GCA_036781525_1__dsrB__DAIQAS010000143.1_1	Q8K5E9|dsrA|oxidative|Chlorobaculum_tepidum	23.7	295	68.6
GCA_036781525_1__dsrB__DAIQAS010000143.1_1	A0L9L4|dsrA|oxidative|Magnetococcus_marinus	23.0	291	68.2
GCA_036781525_1__dsrB__DAIQAS010000143.1_1	A1BCS1|dsrA|oxidative|Chlorobium_phaeobacteroides	23.7	291	63.9
GCA_036781525_1__dsrB__DAIQAS010000143.1_1	A0A5C4RXN4|dsrA|oxidative|Chlorobaculum_thiosulfatiphilum	22.0	295	62.8
GCA_036781525_1__dsrB__DAIQAS010000143.1_1	A0ABT8QKK2|dsrA|reductive|Desulfosporosinus_nitroreducens	22.2	338	56.6
GCA_036781525_1__dsrB__DAIQAS010000143.1_1	Q93EV7|dsrA|reductive|Thermodesulfobacterium_commune	21.7	314	56.2
GCA_036781525_1__dsrB__DAIQAS010000143.1_1	T2G7Q3|dsrA|reductive|Megalodesulfovibrio_gigas	21.5	317	55.8
GCA_036781525_1__dsrB__DAIQAS010000143.1_1	S0FXQ9|dsrA|reductive|Desulfotignum_phosphitoxidans_DSM_13687	21.8	303	53.5
GCA_036781525_1__dsrB__DAIQAS010000143.1_1	P45574|dsrA|reductive|Nitratidesulfovibrio_vulgaris	21.1	317	51.2
GCA_036781525_1__dsrB__DAIQAS010000143.1_1	Q9K5B9|dsrA|reductive|Desulfobulbus_rhabdoformis	20.4	334	50.1
GCA_036781525_1__dsrB__DAIQAS010000143.1_1	Q9K5B5|dsrA|reductive|Desulfobacter_vibrioformis	20.0	310	48.9
GCA_036781525_1__dsrB__DAIQAS010000143.1_1	Q9F4A3|dsrA|reductive|Desulfovibrio_desulfuricans	19.5	302	47.4
GCA_036781525_1__dsrB__DAIQAS010000143.1_1	Q5ZQR5|dsrA|reductive|Desulfosudis_oleivorans	18.3	306	47.0
GCA_036845625_1__dsrA__DAIUDN010000025.1_21	B5YIF2|dsrA|reductive|Thermodesulfovibrio_yellowstonii	93.5	402	807
GCA_036845625_1__dsrA__DAIUDN010000025.1_21	N0BK96|dsrA|reductive|Archaeoglobus_sulfaticallidus_PM70-1	59.7	395	503
GCA_036845625_1__dsrA__DAIUDN010000025.1_21	Q59109|dsrA|reductive|Archaeoglobus_fulgidus	57.0	412	479
GCA_036845625_1__dsrA__DAIUDN010000025.1_21	Q251E4|dsrA|reductive|Desulfitobacterium_hafniense	53.3	392	451
GCA_036845625_1__dsrA__DAIUDN010000025.1_21	A0ABT8QKK2|dsrA|reductive|Desulfosporosinus_nitroreducens	53.8	398	447
GCA_036845625_1__dsrA__DAIUDN010000025.1_21	Q9K5B9|dsrA|reductive|Desulfobulbus_rhabdoformis	53.1	409	447
GCA_036845625_1__dsrA__DAIUDN010000025.1_21	S0FXQ9|dsrA|reductive|Desulfotignum_phosphitoxidans_DSM_13687	50.4	423	422
GCA_036845625_1__dsrA__DAIUDN010000025.1_21	P45574|dsrA|reductive|Nitratidesulfovibrio_vulgaris	50.2	418	418
GCA_036845625_1__dsrA__DAIUDN010000025.1_21	T2G7Q3|dsrA|reductive|Megalodesulfovibrio_gigas	50.0	418	415
GCA_036845625_1__dsrA__DAIUDN010000025.1_21	Q9K5B5|dsrA|reductive|Desulfobacter_vibrioformis	50.9	422	414
GCA_036845625_1__dsrA__DAIUDN010000025.1_21	Q9F4A3|dsrA|reductive|Desulfovibrio_desulfuricans	49.6	419	414
GCA_036845625_1__dsrA__DAIUDN010000025.1_21	Q93EU9|dsrA|reductive|Desulfarculus_baarsii	54.9	350	407
GCA_036845625_1__dsrA__DAIUDN010000025.1_21	Q5ZQT9|dsrA|reductive|Archaeoglobus_veneficus	55.9	338	405
GCA_036845625_1__dsrA__DAIUDN010000025.1_21	Q93EV7|dsrA|reductive|Thermodesulfobacterium_commune	53.7	356	397
GCA_036845625_1__dsrA__DAIUDN010000025.1_21	Q5ZQS3|dsrA|reductive|Desulfomicrobium_baculatum	51.3	353	379
GCA_036845625_1__dsrA__DAIUDN010000025.1_21	Q5ZQR5|dsrA|reductive|Desulfosudis_oleivorans	49.3	351	347
GCA_036845625_1__dsrA__DAIUDN010000025.1_21	A1BCS1|dsrA|oxidative|Chlorobium_phaeobacteroides	42.5	386	324
GCA_036845625_1__dsrA__DAIUDN010000025.1_21	Q8K5E9|dsrA|oxidative|Chlorobaculum_tepidum	41.5	386	320
GCA_036845625_1__dsrA__DAIUDN010000025.1_21	A0A5C4RXN4|dsrA|oxidative|Chlorobaculum_thiosulfatiphilum	41.7	386	320
GCA_036845625_1__dsrA__DAIUDN010000025.1_21	A0ABS1E8E7|dsrA|oxidative|Halorhodospira_neutriphila	42.5	405	320
GCA_036845625_1__dsrA__DAIUDN010000025.1_21	O33998|dsrA|oxidative|Allochromatium_vinosum	41.8	392	312
GCA_036845625_1__dsrA__DAIUDN010000025.1_21	A0L9L4|dsrA|oxidative|Magnetococcus_marinus	41.6	387	310
GCA_036845625_1__dsrA__DAIUDN010000025.1_21	A0ABY9MRG6|dsrA|oxidative|Thiothrix_lacustris	39.2	406	300
GCA_036845625_1__dsrA__DAIUDN010000025.1_21	E0D1Z2|dsrA|oxidative|Thiocapsa_marina	40.3	278	224
GCA_036845625_1__dsrA__DAIUDN010000025.1_21	Q8KE39|dsrB|oxidative|Chlorobaculum_tepidum	24.2	297	76.3
GCA_036845625_1__dsrA__DAIUDN010000025.1_21	A0A5C4RYG3|dsrB|oxidative|Chlorobaculum_thiosulfatiphilum	23.9	297	74.7
GCA_036845625_1__dsrA__DAIUDN010000025.1_21	Q59110|dsrB|reductive|Archaeoglobus_fulgidus	23.5	332	71.2
GCA_036845625_1__dsrA__DAIUDN010000025.1_21	T2G8V8|dsrB|reductive|Megalodesulfovibrio_gigas	23.0	252	66.6
GCA_036845625_1__dsrA__DAIUDN010000025.1_21	A0L9L5|dsrB|oxidative|Magnetococcus_marinus	23.7	283	65.5
GCA_036845625_1__dsrA__DAIUDN010000025.1_21	S0G5M9|dsrB|reductive|Desulfotignum_phosphitoxidans_DSM_13687	23.3	326	64.3
GCA_036845625_1__dsrA__DAIUDN010000025.1_21	Q9K5B8|dsrB|reductive|Desulfobulbus_rhabdoformis	22.4	303	60.5
GCA_036845625_1__dsrB__DAIUDN010000025.1_22	B5YIF3|dsrB|reductive|Thermodesulfovibrio_yellowstonii	94.8	366	739
GCA_036845625_1__dsrB__DAIUDN010000025.1_22	A4J9D5|dsrB|reductive|Desulforamulus_reducens	59.1	352	466
GCA_036845625_1__dsrB__DAIUDN010000025.1_22	A0ABT8QNA5|dsrB|reductive|Desulfosporosinus_nitroreducens	57.5	348	456
GCA_036845625_1__dsrB__DAIUDN010000025.1_22	E1QFJ3|dsrB|reductive|Desulfarculus_baarsii	56.9	357	448
GCA_036845625_1__dsrB__DAIUDN010000025.1_22	N0BL33|dsrB|reductive|Archaeoglobus_sulfaticallidus_PM70-1	56.4	360	448
GCA_036845625_1__dsrB__DAIUDN010000025.1_22	Q251E3|dsrB|reductive|Desulfitobacterium_hafniense	54.0	348	429
GCA_036845625_1__dsrB__DAIUDN010000025.1_22	P45575|dsrB|reductive|Nitratidesulfovibrio_vulgaris	54.9	364	419
GCA_036845625_1__dsrB__DAIUDN010000025.1_22	T2G8V8|dsrB|reductive|Megalodesulfovibrio_gigas	52.8	369	419
GCA_036845625_1__dsrB__DAIUDN010000025.1_22	Q9K5B8|dsrB|reductive|Desulfobulbus_rhabdoformis	53.7	361	419
GCA_036845625_1__dsrB__DAIUDN010000025.1_22	Q59110|dsrB|reductive|Archaeoglobus_fulgidus	53.3	360	416
GCA_036845625_1__dsrB__DAIUDN010000025.1_22	Q9K5B4|dsrB|reductive|Desulfobacter_vibrioformis	51.9	368	408
GCA_036845625_1__dsrB__DAIUDN010000025.1_22	Q9F4A2|dsrB|reductive|Desulfovibrio_desulfuricans	52.7	364	405
GCA_036845625_1__dsrB__DAIUDN010000025.1_22	S0G5M9|dsrB|reductive|Desulfotignum_phosphitoxidans_DSM_13687	50.0	368	399
GCA_036845625_1__dsrB__DAIUDN010000025.1_22	A1BCS2|dsrB|oxidative|Chlorobium_phaeobacteroides	45.5	354	333
GCA_036845625_1__dsrB__DAIUDN010000025.1_22	A0A5C4RYG3|dsrB|oxidative|Chlorobaculum_thiosulfatiphilum	46.4	347	331
GCA_036845625_1__dsrB__DAIUDN010000025.1_22	Q8KE39|dsrB|oxidative|Chlorobaculum_tepidum	45.8	347	328
GCA_036845625_1__dsrB__DAIUDN010000025.1_22	O33999|dsrB|oxidative|Allochromatium_vinosum	45.5	347	322
GCA_036845625_1__dsrB__DAIUDN010000025.1_22	A0A9X0WG77|dsrB|oxidative|Thiocapsa_imhoffii	44.1	347	317
GCA_036845625_1__dsrB__DAIUDN010000025.1_22	A0L9L5|dsrB|oxidative|Magnetococcus_marinus	44.1	347	316
GCA_036845625_1__dsrB__DAIUDN010000025.1_22	A0ABS1E5W7|dsrB|oxidative|Halorhodospira_neutriphila	43.8	347	316
GCA_036845625_1__dsrB__DAIUDN010000025.1_22	L0DSF9|dsrB|oxidative|Thioalkalivibrio_nitratireducens	42.7	347	310
GCA_036845625_1__dsrB__DAIUDN010000025.1_22	A0ABY9MNZ8|dsrB|oxidative|Thiothrix_lacustris	43.5	347	310
GCA_036845625_1__dsrB__DAIUDN010000025.1_22	A0L9L4|dsrA|oxidative|Magnetococcus_marinus	28.3	279	102
GCA_036845625_1__dsrB__DAIUDN010000025.1_22	N0BK96|dsrA|reductive|Archaeoglobus_sulfaticallidus_PM70-1	28.1	288	99.4
GCA_036845625_1__dsrB__DAIUDN010000025.1_22	O33998|dsrA|oxidative|Allochromatium_vinosum	26.8	302	95.5
GCA_036845625_1__dsrB__DAIUDN010000025.1_22	E0D1Z2|dsrA|oxidative|Thiocapsa_marina	27.6	275	94.0
GCA_036845625_1__dsrB__DAIUDN010000025.1_22	A0ABS1E8E7|dsrA|oxidative|Halorhodospira_neutriphila	26.0	281	93.6
GCA_036845625_1__dsrB__DAIUDN010000025.1_22	A0ABY9MRG6|dsrA|oxidative|Thiothrix_lacustris	25.5	314	91.7
GCA_036845625_1__dsrB__DAIUDN010000025.1_22	Q8K5E9|dsrA|oxidative|Chlorobaculum_tepidum	27.3	286	88.2
GCA_036845625_1__dsrB__DAIUDN010000025.1_22	A0A5C4RXN4|dsrA|oxidative|Chlorobaculum_thiosulfatiphilum	27.3	286	87.0
GCA_036845625_1__dsrB__DAIUDN010000025.1_22	Q251E4|dsrA|reductive|Desulfitobacterium_hafniense	26.3	289	84.3
GCA_036845625_1__dsrB__DAIUDN010000025.1_22	Q93EV7|dsrA|reductive|Thermodesulfobacterium_commune	26.4	299	80.5
GCA_036845625_1__dsrB__DAIUDN010000025.1_22	A0ABT8QKK2|dsrA|reductive|Desulfosporosinus_nitroreducens	24.8	298	80.5
GCA_036845625_1__dsrB__DAIUDN010000025.1_22	A1BCS1|dsrA|oxidative|Chlorobium_phaeobacteroides	25.4	279	80.1
GCA_036845625_1__dsrB__DAIUDN010000025.1_22	Q9K5B9|dsrA|reductive|Desulfobulbus_rhabdoformis	25.9	316	80.1
GCA_036845625_1__dsrB__DAIUDN010000025.1_22	Q9K5B5|dsrA|reductive|Desulfobacter_vibrioformis	24.6	313	72.8
GCA_036845625_1__dsrB__DAIUDN010000025.1_22	S0FXQ9|dsrA|reductive|Desulfotignum_phosphitoxidans_DSM_13687	25.1	315	71.6
GCA_036845625_1__dsrB__DAIUDN010000025.1_22	Q5ZQR5|dsrA|reductive|Desulfosudis_oleivorans	23.4	329	71.2
GCA_036845625_1__dsrB__DAIUDN010000025.1_22	Q5ZQS3|dsrA|reductive|Desulfomicrobium_baculatum	26.7	318	70.5
GCA_036845625_1__dsrB__DAIUDN010000025.1_22	Q9F4A3|dsrA|reductive|Desulfovibrio_desulfuricans	26.4	314	70.5
GCA_036845625_1__dsrB__DAIUDN010000025.1_22	P45574|dsrA|reductive|Nitratidesulfovibrio_vulgaris	25.2	314	69.7
GCA_036845625_1__dsrB__DAIUDN010000025.1_22	Q93EU9|dsrA|reductive|Desulfarculus_baarsii	23.7	300	66.6
GCA_036845625_1__dsrB__DAIUDN010000025.1_22	T2G7Q3|dsrA|reductive|Megalodesulfovibrio_gigas	23.6	314	65.5
GCA_040755155_1__dsrA__JBFMBP010000054.1_40	N0BK96|dsrA|reductive|Archaeoglobus_sulfaticallidus_PM70-1	62.6	390	538
GCA_040755155_1__dsrA__JBFMBP010000054.1_40	Q251E4|dsrA|reductive|Desulfitobacterium_hafniense	62.0	392	530
GCA_040755155_1__dsrA__JBFMBP010000054.1_40	Q59109|dsrA|reductive|Archaeoglobus_fulgidus	62.1	398	528
GCA_040755155_1__dsrA__JBFMBP010000054.1_40	Q9K5B9|dsrA|reductive|Desulfobulbus_rhabdoformis	57.8	408	518
GCA_040755155_1__dsrA__JBFMBP010000054.1_40	A0ABT8QKK2|dsrA|reductive|Desulfosporosinus_nitroreducens	58.7	392	506
GCA_040755155_1__dsrA__JBFMBP010000054.1_40	P45574|dsrA|reductive|Nitratidesulfovibrio_vulgaris	58.3	417	506
GCA_040755155_1__dsrA__JBFMBP010000054.1_40	B5YIF2|dsrA|reductive|Thermodesulfovibrio_yellowstonii	59.8	383	504
GCA_040755155_1__dsrA__JBFMBP010000054.1_40	Q9F4A3|dsrA|reductive|Desulfovibrio_desulfuricans	57.1	417	496
GCA_040755155_1__dsrA__JBFMBP010000054.1_40	S0FXQ9|dsrA|reductive|Desulfotignum_phosphitoxidans_DSM_13687	55.9	422	491
GCA_040755155_1__dsrA__JBFMBP010000054.1_40	T2G7Q3|dsrA|reductive|Megalodesulfovibrio_gigas	55.9	417	486
GCA_040755155_1__dsrA__JBFMBP010000054.1_40	Q9K5B5|dsrA|reductive|Desulfobacter_vibrioformis	55.6	421	486
GCA_040755155_1__dsrA__JBFMBP010000054.1_40	Q93EU9|dsrA|reductive|Desulfarculus_baarsii	60.8	347	455
GCA_040755155_1__dsrA__JBFMBP010000054.1_40	Q5ZQS3|dsrA|reductive|Desulfomicrobium_baculatum	58.4	353	441
GCA_040755155_1__dsrA__JBFMBP010000054.1_40	Q5ZQT9|dsrA|reductive|Archaeoglobus_veneficus	59.3	334	439
GCA_040755155_1__dsrA__JBFMBP010000054.1_40	Q93EV7|dsrA|reductive|Thermodesulfobacterium_commune	57.4	357	429
GCA_040755155_1__dsrA__JBFMBP010000054.1_40	Q5ZQR5|dsrA|reductive|Desulfosudis_oleivorans	57.5	348	427
GCA_040755155_1__dsrA__JBFMBP010000054.1_40	O33998|dsrA|oxidative|Allochromatium_vinosum	47.4	390	381
GCA_040755155_1__dsrA__JBFMBP010000054.1_40	Q8K5E9|dsrA|oxidative|Chlorobaculum_tepidum	46.1	386	377
GCA_040755155_1__dsrA__JBFMBP010000054.1_40	A1BCS1|dsrA|oxidative|Chlorobium_phaeobacteroides	47.8	385	377
GCA_040755155_1__dsrA__JBFMBP010000054.1_40	A0L9L4|dsrA|oxidative|Magnetococcus_marinus	46.8	387	375
GCA_040755155_1__dsrA__JBFMBP010000054.1_40	A0ABS1E8E7|dsrA|oxidative|Halorhodospira_neutriphila	46.6	399	376
GCA_040755155_1__dsrA__JBFMBP010000054.1_40	A0A5C4RXN4|dsrA|oxidative|Chlorobaculum_thiosulfatiphilum	45.3	386	368
GCA_040755155_1__dsrA__JBFMBP010000054.1_40	A0ABY9MRG6|dsrA|oxidative|Thiothrix_lacustris	41.7	405	343
GCA_040755155_1__dsrA__JBFMBP010000054.1_40	E0D1Z2|dsrA|oxidative|Thiocapsa_marina	43.6	296	267
GCA_040755155_1__dsrA__JBFMBP010000054.1_40	N0BL33|dsrB|reductive|Archaeoglobus_sulfaticallidus_PM70-1	26.1	299	96.3
GCA_040755155_1__dsrA__JBFMBP010000054.1_40	B5YIF3|dsrB|reductive|Thermodesulfovibrio_yellowstonii	24.9	305	85.1
GCA_040755155_1__dsrA__JBFMBP010000054.1_40	A0ABT8QNA5|dsrB|reductive|Desulfosporosinus_nitroreducens	22.8	294	84.0
GCA_040755155_1__dsrA__JBFMBP010000054.1_40	Q251E3|dsrB|reductive|Desulfitobacterium_hafniense	22.4	294	80.5
GCA_040755155_1__dsrA__JBFMBP010000054.1_40	Q59110|dsrB|reductive|Archaeoglobus_fulgidus	25.1	362	80.1
GCA_040755155_1__dsrA__JBFMBP010000054.1_40	Q8KE39|dsrB|oxidative|Chlorobaculum_tepidum	22.9	279	71.6
GCA_040755155_1__dsrA__JBFMBP010000054.1_40	A0A5C4RYG3|dsrB|oxidative|Chlorobaculum_thiosulfatiphilum	22.9	279	71.2
GCA_040755155_1__dsrA__JBFMBP010000054.1_40	T2G8V8|dsrB|reductive|Megalodesulfovibrio_gigas	23.2	297	70.9
GCA_040755155_1__dsrA__JBFMBP010000054.1_40	A4J9D5|dsrB|reductive|Desulforamulus_reducens	21.2	273	70.5
GCA_040755155_1__dsrA__JBFMBP010000054.1_40	Q9K5B4|dsrB|reductive|Desulfobacter_vibrioformis	23.4	303	68.6
GCA_040755155_1__dsrA__JBFMBP010000054.1_40	A1BCS2|dsrB|oxidative|Chlorobium_phaeobacteroides	22.6	274	66.2
GCA_040755155_1__dsrA__JBFMBP010000054.1_40	Q9F4A2|dsrB|reductive|Desulfovibrio_desulfuricans	21.7	300	65.9
GCA_040755155_1__dsrA__JBFMBP010000054.1_40	P45575|dsrB|reductive|Nitratidesulfovibrio_vulgaris	22.7	299	65.1
GCA_040755155_1__dsrA__JBFMBP010000054.1_40	E1QFJ3|dsrB|reductive|Desulfarculus_baarsii	24.7	287	63.2
GCA_040755155_1__dsrA__JBFMBP010000054.1_40	Q9K5B8|dsrB|reductive|Desulfobulbus_rhabdoformis	24.3	296	62.0
GCA_040755155_1__dsrA__JBFMBP010000054.1_40	O33999|dsrB|oxidative|Allochromatium_vinosum	19.9	281	56.6
GCA_040755155_1__dsrA__JBFMBP010000054.1_40	A0A9X0WG77|dsrB|oxidative|Thiocapsa_imhoffii	19.9	281	56.2
GCA_040755155_1__dsrA__JBFMBP010000054.1_40	A0ABS1E5W7|dsrB|oxidative|Halorhodospira_neutriphila	20.0	270	55.8
GCA_040755155_1__dsrA__JBFMBP010000054.1_40	L0DSF9|dsrB|oxidative|Thioalkalivibrio_nitratireducens	18.9	281	51.6
GCA_040755155_1__dsrA__JBFMBP010000054.1_40	A0L9L5|dsrB|oxidative|Magnetococcus_marinus	18.4	277	50.8
GCA_040755155_1__dsrA__JBFMBP010000054.1_40	A0ABY9MNZ8|dsrB|oxidative|Thiothrix_lacustris	18.9	281	46.2
GCA_040755155_1__dsrB__JBFMBP010000054.1_41	A4J9D5|dsrB|reductive|Desulforamulus_reducens	65.5	351	505
GCA_040755155_1__dsrB__JBFMBP010000054.1_41	N0BL33|dsrB|reductive|Archaeoglobus_sulfaticallidus_PM70-1	60.8	360	481
GCA_040755155_1__dsrB__JBFMBP010000054.1_41	E1QFJ3|dsrB|reductive|Desulfarculus_baarsii	58.8	354	478
GCA_040755155_1__dsrB__JBFMBP010000054.1_41	Q251E3|dsrB|reductive|Desulfitobacterium_hafniense	59.7	352	462
GCA_040755155_1__dsrB__JBFMBP010000054.1_41	B5YIF3|dsrB|reductive|Thermodesulfovibrio_yellowstonii	57.6	354	459
GCA_040755155_1__dsrB__JBFMBP010000054.1_41	A0ABT8QNA5|dsrB|reductive|Desulfosporosinus_nitroreducens	57.8	353	447
GCA_040755155_1__dsrB__JBFMBP010000054.1_41	P45575|dsrB|reductive|Nitratidesulfovibrio_vulgaris	56.4	365	447
GCA_040755155_1__dsrB__JBFMBP010000054.1_41	T2G8V8|dsrB|reductive|Megalodesulfovibrio_gigas	54.5	365	440
GCA_040755155_1__dsrB__JBFMBP010000054.1_41	Q59110|dsrB|reductive|Archaeoglobus_fulgidus	58.6	350	437
GCA_040755155_1__dsrB__JBFMBP010000054.1_41	Q9F4A2|dsrB|reductive|Desulfovibrio_desulfuricans	55.3	365	438
GCA_040755155_1__dsrB__JBFMBP010000054.1_41	Q9K5B8|dsrB|reductive|Desulfobulbus_rhabdoformis	56.8	361	437
GCA_040755155_1__dsrB__JBFMBP010000054.1_41	Q9K5B4|dsrB|reductive|Desulfobacter_vibrioformis	53.6	366	423
GCA_040755155_1__dsrB__JBFMBP010000054.1_41	S0G5M9|dsrB|reductive|Desulfotignum_phosphitoxidans_DSM_13687	52.2	366	420
GCA_040755155_1__dsrB__JBFMBP010000054.1_41	A1BCS2|dsrB|oxidative|Chlorobium_phaeobacteroides	51.0	353	405
GCA_040755155_1__dsrB__JBFMBP010000054.1_41	A0A5C4RYG3|dsrB|oxidative|Chlorobaculum_thiosulfatiphilum	52.0	356	403
GCA_040755155_1__dsrB__JBFMBP010000054.1_41	Q8KE39|dsrB|oxidative|Chlorobaculum_tepidum	50.8	356	399
GCA_040755155_1__dsrB__JBFMBP010000054.1_41	A0ABS1E5W7|dsrB|oxidative|Halorhodospira_neutriphila	48.6	350	366
GCA_040755155_1__dsrB__JBFMBP010000054.1_41	O33999|dsrB|oxidative|Allochromatium_vinosum	46.4	358	365
GCA_040755155_1__dsrB__JBFMBP010000054.1_41	A0ABY9MNZ8|dsrB|oxidative|Thiothrix_lacustris	46.3	350	363
GCA_040755155_1__dsrB__JBFMBP010000054.1_41	A0A9X0WG77|dsrB|oxidative|Thiocapsa_imhoffii	45.8	358	362
GCA_040755155_1__dsrB__JBFMBP010000054.1_41	L0DSF9|dsrB|oxidative|Thioalkalivibrio_nitratireducens	46.3	350	361
GCA_040755155_1__dsrB__JBFMBP010000054.1_41	A0L9L5|dsrB|oxidative|Magnetococcus_marinus	46.6	350	355
GCA_040755155_1__dsrB__JBFMBP010000054.1_41	O33998|dsrA|oxidative|Allochromatium_vinosum	26.1	303	97.4
GCA_040755155_1__dsrB__JBFMBP010000054.1_41	A0L9L4|dsrA|oxidative|Magnetococcus_marinus	24.4	303	96.3
GCA_040755155_1__dsrB__JBFMBP010000054.1_41	A0ABS1E8E7|dsrA|oxidative|Halorhodospira_neutriphila	25.4	279	94.7
GCA_040755155_1__dsrB__JBFMBP010000054.1_41	A0ABY9MRG6|dsrA|oxidative|Thiothrix_lacustris	24.8	318	94.7
GCA_040755155_1__dsrB__JBFMBP010000054.1_41	N0BK96|dsrA|reductive|Archaeoglobus_sulfaticallidus_PM70-1	26.9	294	93.6
GCA_040755155_1__dsrB__JBFMBP010000054.1_41	E0D1Z2|dsrA|oxidative|Thiocapsa_marina	25.7	269	91.7
GCA_040755155_1__dsrB__JBFMBP010000054.1_41	A1BCS1|dsrA|oxidative|Chlorobium_phaeobacteroides	26.2	282	80.9
GCA_040755155_1__dsrB__JBFMBP010000054.1_41	Q8K5E9|dsrA|oxidative|Chlorobaculum_tepidum	27.1	284	79.7
GCA_040755155_1__dsrB__JBFMBP010000054.1_41	A0A5C4RXN4|dsrA|oxidative|Chlorobaculum_thiosulfatiphilum	25.8	283	75.9
GCA_040755155_1__dsrB__JBFMBP010000054.1_41	Q9K5B9|dsrA|reductive|Desulfobulbus_rhabdoformis	24.5	326	75.9
GCA_040755155_1__dsrB__JBFMBP010000054.1_41	Q251E4|dsrA|reductive|Desulfitobacterium_hafniense	25.5	294	72.0
GCA_040755155_1__dsrB__JBFMBP010000054.1_41	S0FXQ9|dsrA|reductive|Desulfotignum_phosphitoxidans_DSM_13687	24.0	321	71.2
GCA_040755155_1__dsrB__JBFMBP010000054.1_41	Q9K5B5|dsrA|reductive|Desulfobacter_vibrioformis	25.1	251	70.9
GCA_040755155_1__dsrB__JBFMBP010000054.1_41	A0ABT8QKK2|dsrA|reductive|Desulfosporosinus_nitroreducens	24.0	308	67.8
GCA_040755155_1__dsrB__JBFMBP010000054.1_41	Q93EV7|dsrA|reductive|Thermodesulfobacterium_commune	22.8	298	65.1
GCA_040755155_1__dsrB__JBFMBP010000054.1_41	Q5ZQR5|dsrA|reductive|Desulfosudis_oleivorans	21.7	332	64.3
GCA_040755155_1__dsrB__JBFMBP010000054.1_41	P45574|dsrA|reductive|Nitratidesulfovibrio_vulgaris	23.7	317	64.3
GCA_040755155_1__dsrB__JBFMBP010000054.1_41	T2G7Q3|dsrA|reductive|Megalodesulfovibrio_gigas	23.3	318	63.2
GCA_040755155_1__dsrB__JBFMBP010000054.1_41	Q9F4A3|dsrA|reductive|Desulfovibrio_desulfuricans	23.0	317	62.0
GCA_040755155_1__dsrB__JBFMBP010000054.1_41	Q93EU9|dsrA|reductive|Desulfarculus_baarsii	22.1	335	60.1
GCA_040755155_1__dsrB__JBFMBP010000054.1_41	Q5ZQS3|dsrA|reductive|Desulfomicrobium_baculatum	23.2	315	55.1
GCA_040755795_1__dsrA__JBFLXS010000029.1_10	N0BK96|dsrA|reductive|Archaeoglobus_sulfaticallidus_PM70-1	61.5	390	523
GCA_040755795_1__dsrA__JBFLXS010000029.1_10	Q59109|dsrA|reductive|Archaeoglobus_fulgidus	61.6	398	515
GCA_040755795_1__dsrA__JBFLXS010000029.1_10	Q251E4|dsrA|reductive|Desulfitobacterium_hafniense	58.7	392	501
GCA_040755795_1__dsrA__JBFLXS010000029.1_10	Q9K5B9|dsrA|reductive|Desulfobulbus_rhabdoformis	57.8	408	502
GCA_040755795_1__dsrA__JBFLXS010000029.1_10	A0ABT8QKK2|dsrA|reductive|Desulfosporosinus_nitroreducens	58.4	392	494
GCA_040755795_1__dsrA__JBFLXS010000029.1_10	B5YIF2|dsrA|reductive|Thermodesulfovibrio_yellowstonii	61.1	383	492
GCA_040755795_1__dsrA__JBFLXS010000029.1_10	P45574|dsrA|reductive|Nitratidesulfovibrio_vulgaris	55.9	417	480
GCA_040755795_1__dsrA__JBFLXS010000029.1_10	T2G7Q3|dsrA|reductive|Megalodesulfovibrio_gigas	54.2	417	467
GCA_040755795_1__dsrA__JBFLXS010000029.1_10	Q9F4A3|dsrA|reductive|Desulfovibrio_desulfuricans	54.0	417	466
GCA_040755795_1__dsrA__JBFLXS010000029.1_10	S0FXQ9|dsrA|reductive|Desulfotignum_phosphitoxidans_DSM_13687	55.0	422	461
GCA_040755795_1__dsrA__JBFLXS010000029.1_10	Q9K5B5|dsrA|reductive|Desulfobacter_vibrioformis	55.1	421	460
GCA_040755795_1__dsrA__JBFLXS010000029.1_10	Q93EU9|dsrA|reductive|Desulfarculus_baarsii	59.1	347	438
GCA_040755795_1__dsrA__JBFLXS010000029.1_10	Q5ZQT9|dsrA|reductive|Archaeoglobus_veneficus	57.7	333	419
GCA_040755795_1__dsrA__JBFLXS010000029.1_10	Q5ZQS3|dsrA|reductive|Desulfomicrobium_baculatum	56.0	348	412
GCA_040755795_1__dsrA__JBFLXS010000029.1_10	Q93EV7|dsrA|reductive|Thermodesulfobacterium_commune	56.3	352	409
GCA_040755795_1__dsrA__JBFLXS010000029.1_10	Q5ZQR5|dsrA|reductive|Desulfosudis_oleivorans	55.2	348	400
GCA_040755795_1__dsrA__JBFLXS010000029.1_10	O33998|dsrA|oxidative|Allochromatium_vinosum	48.7	390	382
GCA_040755795_1__dsrA__JBFLXS010000029.1_10	A1BCS1|dsrA|oxidative|Chlorobium_phaeobacteroides	45.9	386	363
GCA_040755795_1__dsrA__JBFLXS010000029.1_10	Q8K5E9|dsrA|oxidative|Chlorobaculum_tepidum	44.7	387	362
GCA_040755795_1__dsrA__JBFLXS010000029.1_10	A0A5C4RXN4|dsrA|oxidative|Chlorobaculum_thiosulfatiphilum	45.5	387	360
GCA_040755795_1__dsrA__JBFLXS010000029.1_10	A0L9L4|dsrA|oxidative|Magnetococcus_marinus	45.7	387	359
GCA_040755795_1__dsrA__JBFLXS010000029.1_10	A0ABY9MRG6|dsrA|oxidative|Thiothrix_lacustris	44.8	402	352
GCA_040755795_1__dsrA__JBFLXS010000029.1_10	A0ABS1E8E7|dsrA|oxidative|Halorhodospira_neutriphila	43.8	397	344
GCA_040755795_1__dsrA__JBFLXS010000029.1_10	E0D1Z2|dsrA|oxidative|Thiocapsa_marina	43.7	279	254
GCA_040755795_1__dsrA__JBFLXS010000029.1_10	N0BL33|dsrB|reductive|Archaeoglobus_sulfaticallidus_PM70-1	28.6	308	107
GCA_040755795_1__dsrA__JBFLXS010000029.1_10	B5YIF3|dsrB|reductive|Thermodesulfovibrio_yellowstonii	30.2	285	102
GCA_040755795_1__dsrA__JBFLXS010000029.1_10	Q251E3|dsrB|reductive|Desulfitobacterium_hafniense	26.1	295	94.4
GCA_040755795_1__dsrA__JBFLXS010000029.1_10	A0ABT8QNA5|dsrB|reductive|Desulfosporosinus_nitroreducens	25.5	310	90.5
GCA_040755795_1__dsrA__JBFLXS010000029.1_10	Q59110|dsrB|reductive|Archaeoglobus_fulgidus	26.4	296	90.5
GCA_040755795_1__dsrA__JBFLXS010000029.1_10	P45575|dsrB|reductive|Nitratidesulfovibrio_vulgaris	26.1	314	81.3
GCA_040755795_1__dsrA__JBFLXS010000029.1_10	Q8KE39|dsrB|oxidative|Chlorobaculum_tepidum	26.2	298	77.8
GCA_040755795_1__dsrA__JBFLXS010000029.1_10	Q9F4A2|dsrB|reductive|Desulfovibrio_desulfuricans	25.2	314	77.8
GCA_040755795_1__dsrA__JBFLXS010000029.1_10	A0A5C4RYG3|dsrB|oxidative|Chlorobaculum_thiosulfatiphilum	25.8	298	75.9
GCA_040755795_1__dsrA__JBFLXS010000029.1_10	T2G8V8|dsrB|reductive|Megalodesulfovibrio_gigas	24.8	322	75.9
GCA_040755795_1__dsrA__JBFLXS010000029.1_10	S0G5M9|dsrB|reductive|Desulfotignum_phosphitoxidans_DSM_13687	23.0	352	73.2
GCA_040755795_1__dsrA__JBFLXS010000029.1_10	A1BCS2|dsrB|oxidative|Chlorobium_phaeobacteroides	25.4	299	72.0
GCA_040755795_1__dsrA__JBFLXS010000029.1_10	Q9K5B4|dsrB|reductive|Desulfobacter_vibrioformis	22.3	319	71.2
GCA_040755795_1__dsrA__JBFLXS010000029.1_10	Q9K5B8|dsrB|reductive|Desulfobulbus_rhabdoformis	24.8	303	69.3
GCA_040755795_1__dsrA__JBFLXS010000029.1_10	E1QFJ3|dsrB|reductive|Desulfarculus_baarsii	23.2	276	63.9
GCA_040755795_1__dsrA__JBFLXS010000029.1_10	L0DSF9|dsrB|oxidative|Thioalkalivibrio_nitratireducens	23.7	270	58.2
GCA_040755795_1__dsrA__JBFLXS010000029.1_10	A0L9L5|dsrB|oxidative|Magnetococcus_marinus	23.0	287	56.6
GCA_040755795_1__dsrA__JBFLXS010000029.1_10	A0ABY9MNZ8|dsrB|oxidative|Thiothrix_lacustris	25.4	280	54.7
GCA_040755795_1__dsrA__JBFLXS010000029.1_10	A0ABS1E5W7|dsrB|oxidative|Halorhodospira_neutriphila	24.2	273	54.7
GCA_040755795_1__dsrB__JBFLXS010000029.1_9	A4J9D5|dsrB|reductive|Desulforamulus_reducens	68.3	356	517
GCA_040755795_1__dsrB__JBFLXS010000029.1_9	B5YIF3|dsrB|reductive|Thermodesulfovibrio_yellowstonii	59.0	356	477
GCA_040755795_1__dsrB__JBFLXS010000029.1_9	E1QFJ3|dsrB|reductive|Desulfarculus_baarsii	59.7	357	472
GCA_040755795_1__dsrB__JBFLXS010000029.1_9	Q251E3|dsrB|reductive|Desulfitobacterium_hafniense	61.4	350	468
GCA_040755795_1__dsrB__JBFLXS010000029.1_9	N0BL33|dsrB|reductive|Archaeoglobus_sulfaticallidus_PM70-1	58.8	362	462
GCA_040755795_1__dsrB__JBFLXS010000029.1_9	Q9K5B8|dsrB|reductive|Desulfobulbus_rhabdoformis	59.0	363	460
GCA_040755795_1__dsrB__JBFLXS010000029.1_9	A0ABT8QNA5|dsrB|reductive|Desulfosporosinus_nitroreducens	60.1	351	457
GCA_040755795_1__dsrB__JBFLXS010000029.1_9	P45575|dsrB|reductive|Nitratidesulfovibrio_vulgaris	56.3	368	441
GCA_040755795_1__dsrB__JBFLXS010000029.1_9	T2G8V8|dsrB|reductive|Megalodesulfovibrio_gigas	54.3	368	439
GCA_040755795_1__dsrB__JBFLXS010000029.1_9	Q9F4A2|dsrB|reductive|Desulfovibrio_desulfuricans	56.5	368	437
GCA_040755795_1__dsrB__JBFLXS010000029.1_9	Q59110|dsrB|reductive|Archaeoglobus_fulgidus	54.7	362	424
GCA_040755795_1__dsrB__JBFLXS010000029.1_9	Q9K5B4|dsrB|reductive|Desulfobacter_vibrioformis	53.7	369	423
GCA_040755795_1__dsrB__JBFLXS010000029.1_9	S0G5M9|dsrB|reductive|Desulfotignum_phosphitoxidans_DSM_13687	53.1	369	423
GCA_040755795_1__dsrB__JBFLXS010000029.1_9	A1BCS2|dsrB|oxidative|Chlorobium_phaeobacteroides	52.7	353	414
GCA_040755795_1__dsrB__JBFLXS010000029.1_9	A0A5C4RYG3|dsrB|oxidative|Chlorobaculum_thiosulfatiphilum	51.3	353	392
GCA_040755795_1__dsrB__JBFLXS010000029.1_9	Q8KE39|dsrB|oxidative|Chlorobaculum_tepidum	50.4	353	389
GCA_040755795_1__dsrB__JBFLXS010000029.1_9	L0DSF9|dsrB|oxidative|Thioalkalivibrio_nitratireducens	47.7	350	374
GCA_040755795_1__dsrB__JBFLXS010000029.1_9	A0L9L5|dsrB|oxidative|Magnetococcus_marinus	48.5	359	372
GCA_040755795_1__dsrB__JBFLXS010000029.1_9	O33999|dsrB|oxidative|Allochromatium_vinosum	47.2	358	370
GCA_040755795_1__dsrB__JBFLXS010000029.1_9	A0ABY9MNZ8|dsrB|oxidative|Thiothrix_lacustris	47.7	350	370
GCA_040755795_1__dsrB__JBFLXS010000029.1_9	A0A9X0WG77|dsrB|oxidative|Thiocapsa_imhoffii	46.9	358	369
GCA_040755795_1__dsrB__JBFLXS010000029.1_9	A0ABS1E5W7|dsrB|oxidative|Halorhodospira_neutriphila	47.9	361	365
GCA_040755795_1__dsrB__JBFLXS010000029.1_9	A0ABY9MRG6|dsrA|oxidative|Thiothrix_lacustris	25.2	317	100
GCA_040755795_1__dsrB__JBFLXS010000029.1_9	A0ABS1E8E7|dsrA|oxidative|Halorhodospira_neutriphila	23.3	331	95.9
GCA_040755795_1__dsrB__JBFLXS010000029.1_9	A0L9L4|dsrA|oxidative|Magnetococcus_marinus	23.8	298	92.4
GCA_040755795_1__dsrB__JBFLXS010000029.1_9	N0BK96|dsrA|reductive|Archaeoglobus_sulfaticallidus_PM70-1	26.3	297	92.4
GCA_040755795_1__dsrB__JBFLXS010000029.1_9	O33998|dsrA|oxidative|Allochromatium_vinosum	24.1	316	91.7
GCA_040755795_1__dsrB__JBFLXS010000029.1_9	B5YIF2|dsrA|reductive|Thermodesulfovibrio_yellowstonii	26.4	299	87.8
GCA_040755795_1__dsrB__JBFLXS010000029.1_9	E0D1Z2|dsrA|oxidative|Thiocapsa_marina	24.1	290	86.3
GCA_040755795_1__dsrB__JBFLXS010000029.1_9	A0A5C4RXN4|dsrA|oxidative|Chlorobaculum_thiosulfatiphilum	24.4	303	80.9
GCA_040755795_1__dsrB__JBFLXS010000029.1_9	T2G7Q3|dsrA|reductive|Megalodesulfovibrio_gigas	23.9	335	80.5
GCA_040755795_1__dsrB__JBFLXS010000029.1_9	Q9K5B9|dsrA|reductive|Desulfobulbus_rhabdoformis	24.5	323	78.6
GCA_040755795_1__dsrB__JBFLXS010000029.1_9	Q8K5E9|dsrA|oxidative|Chlorobaculum_tepidum	23.4	303	75.1
GCA_040755795_1__dsrB__JBFLXS010000029.1_9	S0FXQ9|dsrA|reductive|Desulfotignum_phosphitoxidans_DSM_13687	24.7	320	73.2
GCA_040755795_1__dsrB__JBFLXS010000029.1_9	Q9K5B5|dsrA|reductive|Desulfobacter_vibrioformis	23.3	322	71.2
GCA_040755795_1__dsrB__JBFLXS010000029.1_9	P45574|dsrA|reductive|Nitratidesulfovibrio_vulgaris	24.0	321	70.5
GCA_040755795_1__dsrB__JBFLXS010000029.1_9	Q9F4A3|dsrA|reductive|Desulfovibrio_desulfuricans	23.1	321	68.6
GCA_040755795_1__dsrB__JBFLXS010000029.1_9	Q5ZQS3|dsrA|reductive|Desulfomicrobium_baculatum	24.3	334	68.2
GCA_040755795_1__dsrB__JBFLXS010000029.1_9	A1BCS1|dsrA|oxidative|Chlorobium_phaeobacteroides	25.2	305	67.4
GCA_040755795_1__dsrB__JBFLXS010000029.1_9	A0ABT8QKK2|dsrA|reductive|Desulfosporosinus_nitroreducens	22.0	309	66.2
GCA_040755795_1__dsrB__JBFLXS010000029.1_9	Q5ZQR5|dsrA|reductive|Desulfosudis_oleivorans	20.6	320	62.8
GCA_040755795_1__dsrB__JBFLXS010000029.1_9	Q93EV7|dsrA|reductive|Thermodesulfobacterium_commune	22.8	302	62.4
GCA_040755795_1__dsrB__JBFLXS010000029.1_9	Q93EU9|dsrA|reductive|Desulfarculus_baarsii	23.1	312	57.4
GCA_040757115_1__dsrA__JBFLYA010000016.1_12	N0BK96|dsrA|reductive|Archaeoglobus_sulfaticallidus_PM70-1	62.1	390	525
GCA_040757115_1__dsrA__JBFLYA010000016.1_12	Q59109|dsrA|reductive|Archaeoglobus_fulgidus	62.1	396	516
GCA_040757115_1__dsrA__JBFLYA010000016.1_12	Q251E4|dsrA|reductive|Desulfitobacterium_hafniense	58.7	392	500
GCA_040757115_1__dsrA__JBFLYA010000016.1_12	Q9K5B9|dsrA|reductive|Desulfobulbus_rhabdoformis	57.6	408	500
GCA_040757115_1__dsrA__JBFLYA010000016.1_12	A0ABT8QKK2|dsrA|reductive|Desulfosporosinus_nitroreducens	58.7	392	494
GCA_040757115_1__dsrA__JBFLYA010000016.1_12	B5YIF2|dsrA|reductive|Thermodesulfovibrio_yellowstonii	60.8	383	490
GCA_040757115_1__dsrA__JBFLYA010000016.1_12	P45574|dsrA|reductive|Nitratidesulfovibrio_vulgaris	56.3	412	479
GCA_040757115_1__dsrA__JBFLYA010000016.1_12	T2G7Q3|dsrA|reductive|Megalodesulfovibrio_gigas	54.1	412	463
GCA_040757115_1__dsrA__JBFLYA010000016.1_12	Q9F4A3|dsrA|reductive|Desulfovibrio_desulfuricans	53.9	412	462
GCA_040757115_1__dsrA__JBFLYA010000016.1_12	S0FXQ9|dsrA|reductive|Desulfotignum_phosphitoxidans_DSM_13687	54.7	422	461
GCA_040757115_1__dsrA__JBFLYA010000016.1_12	Q9K5B5|dsrA|reductive|Desulfobacter_vibrioformis	54.9	421	459
GCA_040757115_1__dsrA__JBFLYA010000016.1_12	Q93EU9|dsrA|reductive|Desulfarculus_baarsii	58.8	347	434
GCA_040757115_1__dsrA__JBFLYA010000016.1_12	Q5ZQT9|dsrA|reductive|Archaeoglobus_veneficus	58.6	333	421
GCA_040757115_1__dsrA__JBFLYA010000016.1_12	Q5ZQS3|dsrA|reductive|Desulfomicrobium_baculatum	56.0	348	411
GCA_040757115_1__dsrA__JBFLYA010000016.1_12	Q93EV7|dsrA|reductive|Thermodesulfobacterium_commune	56.8	352	410
GCA_040757115_1__dsrA__JBFLYA010000016.1_12	Q5ZQR5|dsrA|reductive|Desulfosudis_oleivorans	55.2	348	398
GCA_040757115_1__dsrA__JBFLYA010000016.1_12	O33998|dsrA|oxidative|Allochromatium_vinosum	49.2	390	385
GCA_040757115_1__dsrA__JBFLYA010000016.1_12	A1BCS1|dsrA|oxidative|Chlorobium_phaeobacteroides	46.1	386	365
GCA_040757115_1__dsrA__JBFLYA010000016.1_12	A0L9L4|dsrA|oxidative|Magnetococcus_marinus	46.8	387	364
GCA_040757115_1__dsrA__JBFLYA010000016.1_12	Q8K5E9|dsrA|oxidative|Chlorobaculum_tepidum	45.5	385	364
GCA_040757115_1__dsrA__JBFLYA010000016.1_12	A0A5C4RXN4|dsrA|oxidative|Chlorobaculum_thiosulfatiphilum	46.2	385	362
GCA_040757115_1__dsrA__JBFLYA010000016.1_12	A0ABY9MRG6|dsrA|oxidative|Thiothrix_lacustris	45.5	402	357
GCA_040757115_1__dsrA__JBFLYA010000016.1_12	A0ABS1E8E7|dsrA|oxidative|Halorhodospira_neutriphila	44.3	397	347
GCA_040757115_1__dsrA__JBFLYA010000016.1_12	E0D1Z2|dsrA|oxidative|Thiocapsa_marina	44.4	279	257
GCA_040757115_1__dsrA__JBFLYA010000016.1_12	N0BL33|dsrB|reductive|Archaeoglobus_sulfaticallidus_PM70-1	28.2	308	107
GCA_040757115_1__dsrA__JBFLYA010000016.1_12	B5YIF3|dsrB|reductive|Thermodesulfovibrio_yellowstonii	30.2	285	102
GCA_040757115_1__dsrA__JBFLYA010000016.1_12	Q251E3|dsrB|reductive|Desulfitobacterium_hafniense	26.3	293	93.2
GCA_040757115_1__dsrA__JBFLYA010000016.1_12	Q59110|dsrB|reductive|Archaeoglobus_fulgidus	26.4	296	90.1
GCA_040757115_1__dsrA__JBFLYA010000016.1_12	A0ABT8QNA5|dsrB|reductive|Desulfosporosinus_nitroreducens	25.6	308	89.7
GCA_040757115_1__dsrA__JBFLYA010000016.1_12	P45575|dsrB|reductive|Nitratidesulfovibrio_vulgaris	25.8	314	79.0
GCA_040757115_1__dsrA__JBFLYA010000016.1_12	Q9F4A2|dsrB|reductive|Desulfovibrio_desulfuricans	25.5	314	78.2
GCA_040757115_1__dsrA__JBFLYA010000016.1_12	Q8KE39|dsrB|oxidative|Chlorobaculum_tepidum	26.2	298	76.3
GCA_040757115_1__dsrA__JBFLYA010000016.1_12	A0A5C4RYG3|dsrB|oxidative|Chlorobaculum_thiosulfatiphilum	25.8	298	74.3
GCA_040757115_1__dsrA__JBFLYA010000016.1_12	T2G8V8|dsrB|reductive|Megalodesulfovibrio_gigas	24.7	304	73.6
GCA_040757115_1__dsrA__JBFLYA010000016.1_12	A1BCS2|dsrB|oxidative|Chlorobium_phaeobacteroides	25.4	299	70.1
GCA_040757115_1__dsrA__JBFLYA010000016.1_12	S0G5M9|dsrB|reductive|Desulfotignum_phosphitoxidans_DSM_13687	22.4	352	68.6
GCA_040757115_1__dsrA__JBFLYA010000016.1_12	Q9K5B4|dsrB|reductive|Desulfobacter_vibrioformis	21.6	306	67.4
GCA_040757115_1__dsrA__JBFLYA010000016.1_12	Q9K5B8|dsrB|reductive|Desulfobulbus_rhabdoformis	24.6	301	66.2
GCA_040757115_1__dsrA__JBFLYA010000016.1_12	E1QFJ3|dsrB|reductive|Desulfarculus_baarsii	23.2	276	62.4
GCA_040757115_1__dsrA__JBFLYA010000016.1_12	L0DSF9|dsrB|oxidative|Thioalkalivibrio_nitratireducens	23.7	270	57.4
GCA_040757115_1__dsrA__JBFLYA010000016.1_12	A0L9L5|dsrB|oxidative|Magnetococcus_marinus	23.0	287	55.5
GCA_040757115_1__dsrA__JBFLYA010000016.1_12	A0ABS1E5W7|dsrB|oxidative|Halorhodospira_neutriphila	24.2	273	53.9
GCA_040757115_1__dsrA__JBFLYA010000016.1_12	A0ABY9MNZ8|dsrB|oxidative|Thiothrix_lacustris	25.0	280	52.0
GCA_040757115_1__dsrB__JBFLYA010000016.1_11	A4J9D5|dsrB|reductive|Desulforamulus_reducens	68.3	356	515
GCA_040757115_1__dsrB__JBFLYA010000016.1_11	B5YIF3|dsrB|reductive|Thermodesulfovibrio_yellowstonii	59.0	356	475
GCA_040757115_1__dsrB__JBFLYA010000016.1_11	E1QFJ3|dsrB|reductive|Desulfarculus_baarsii	59.4	357	468
GCA_040757115_1__dsrB__JBFLYA010000016.1_11	Q251E3|dsrB|reductive|Desulfitobacterium_hafniense	61.4	350	467
GCA_040757115_1__dsrB__JBFLYA010000016.1_11	N0BL33|dsrB|reductive|Archaeoglobus_sulfaticallidus_PM70-1	59.4	362	463
GCA_040757115_1__dsrB__JBFLYA010000016.1_11	Q9K5B8|dsrB|reductive|Desulfobulbus_rhabdoformis	58.7	363	457
GCA_040757115_1__dsrB__JBFLYA010000016.1_11	A0ABT8QNA5|dsrB|reductive|Desulfosporosinus_nitroreducens	59.8	351	454
GCA_040757115_1__dsrB__JBFLYA010000016.1_11	P45575|dsrB|reductive|Nitratidesulfovibrio_vulgaris	56.0	368	442
GCA_040757115_1__dsrB__JBFLYA010000016.1_11	T2G8V8|dsrB|reductive|Megalodesulfovibrio_gigas	53.8	368	435
GCA_040757115_1__dsrB__JBFLYA010000016.1_11	Q9F4A2|dsrB|reductive|Desulfovibrio_desulfuricans	56.3	368	435
GCA_040757115_1__dsrB__JBFLYA010000016.1_11	Q59110|dsrB|reductive|Archaeoglobus_fulgidus	54.4	362	422
GCA_040757115_1__dsrB__JBFLYA010000016.1_11	Q9K5B4|dsrB|reductive|Desulfobacter_vibrioformis	53.4	369	421
GCA_040757115_1__dsrB__JBFLYA010000016.1_11	S0G5M9|dsrB|reductive|Desulfotignum_phosphitoxidans_DSM_13687	52.8	369	421
GCA_040757115_1__dsrB__JBFLYA010000016.1_11	A1BCS2|dsrB|oxidative|Chlorobium_phaeobacteroides	53.0	353	413
GCA_040757115_1__dsrB__JBFLYA010000016.1_11	A0A5C4RYG3|dsrB|oxidative|Chlorobaculum_thiosulfatiphilum	51.6	353	391
GCA_040757115_1__dsrB__JBFLYA010000016.1_11	Q8KE39|dsrB|oxidative|Chlorobaculum_tepidum	50.7	353	389
GCA_040757115_1__dsrB__JBFLYA010000016.1_11	L0DSF9|dsrB|oxidative|Thioalkalivibrio_nitratireducens	47.7	350	372
GCA_040757115_1__dsrB__JBFLYA010000016.1_11	A0L9L5|dsrB|oxidative|Magnetococcus_marinus	48.7	359	372
GCA_040757115_1__dsrB__JBFLYA010000016.1_11	O33999|dsrB|oxidative|Allochromatium_vinosum	47.2	358	368
GCA_040757115_1__dsrB__JBFLYA010000016.1_11	A0ABY9MNZ8|dsrB|oxidative|Thiothrix_lacustris	47.7	350	368
GCA_040757115_1__dsrB__JBFLYA010000016.1_11	A0A9X0WG77|dsrB|oxidative|Thiocapsa_imhoffii	46.6	358	365
GCA_040757115_1__dsrB__JBFLYA010000016.1_11	A0ABS1E5W7|dsrB|oxidative|Halorhodospira_neutriphila	47.9	361	363
GCA_040757115_1__dsrB__JBFLYA010000016.1_11	A0ABY9MRG6|dsrA|oxidative|Thiothrix_lacustris	25.2	317	102
GCA_040757115_1__dsrB__JBFLYA010000016.1_11	A0ABS1E8E7|dsrA|oxidative|Halorhodospira_neutriphila	23.3	331	97.8
GCA_040757115_1__dsrB__JBFLYA010000016.1_11	O33998|dsrA|oxidative|Allochromatium_vinosum	24.1	316	92.8
GCA_040757115_1__dsrB__JBFLYA010000016.1_11	N0BK96|dsrA|reductive|Archaeoglobus_sulfaticallidus_PM70-1	26.3	297	91.7
GCA_040757115_1__dsrB__JBFLYA010000016.1_11	A0L9L4|dsrA|oxidative|Magnetococcus_marinus	23.5	298	91.3
GCA_040757115_1__dsrB__JBFLYA010000016.1_11	E0D1Z2|dsrA|oxidative|Thiocapsa_marina	24.1	290	87.4
GCA_040757115_1__dsrB__JBFLYA010000016.1_11	B5YIF2|dsrA|reductive|Thermodesulfovibrio_yellowstonii	26.4	299	87.0
GCA_040757115_1__dsrB__JBFLYA010000016.1_11	A0A5C4RXN4|dsrA|oxidative|Chlorobaculum_thiosulfatiphilum	24.1	303	79.7
GCA_040757115_1__dsrB__JBFLYA010000016.1_11	T2G7Q3|dsrA|reductive|Megalodesulfovibrio_gigas	24.2	335	79.7
GCA_040757115_1__dsrB__JBFLYA010000016.1_11	Q9K5B9|dsrA|reductive|Desulfobulbus_rhabdoformis	24.8	323	77.8
GCA_040757115_1__dsrB__JBFLYA010000016.1_11	Q8K5E9|dsrA|oxidative|Chlorobaculum_tepidum	23.1	303	73.9
GCA_040757115_1__dsrB__JBFLYA010000016.1_11	Q9K5B5|dsrA|reductive|Desulfobacter_vibrioformis	23.3	322	70.5
GCA_040757115_1__dsrB__JBFLYA010000016.1_11	P45574|dsrA|reductive|Nitratidesulfovibrio_vulgaris	24.0	321	69.7
GCA_040757115_1__dsrB__JBFLYA010000016.1_11	S0FXQ9|dsrA|reductive|Desulfotignum_phosphitoxidans_DSM_13687	24.1	320	69.7
GCA_040757115_1__dsrB__JBFLYA010000016.1_11	Q9F4A3|dsrA|reductive|Desulfovibrio_desulfuricans	23.4	321	67.8
GCA_040757115_1__dsrB__JBFLYA010000016.1_11	Q5ZQS3|dsrA|reductive|Desulfomicrobium_baculatum	24.3	334	67.4
GCA_040757115_1__dsrB__JBFLYA010000016.1_11	A1BCS1|dsrA|oxidative|Chlorobium_phaeobacteroides	24.9	305	66.2
GCA_040757115_1__dsrB__JBFLYA010000016.1_11	A0ABT8QKK2|dsrA|reductive|Desulfosporosinus_nitroreducens	22.0	309	64.3
GCA_040757115_1__dsrB__JBFLYA010000016.1_11	Q5ZQR5|dsrA|reductive|Desulfosudis_oleivorans	20.6	320	62.0
GCA_040757115_1__dsrB__JBFLYA010000016.1_11	Q93EV7|dsrA|reductive|Thermodesulfobacterium_commune	22.8	302	60.8
GCA_040757115_1__dsrB__JBFLYA010000016.1_11	Q93EU9|dsrA|reductive|Desulfarculus_baarsii	23.1	312	55.5
GCA_041622895_1__dsrA__JBFJXW010000005.1_14	Q9K5B9|dsrA|reductive|Desulfobulbus_rhabdoformis	91.4	428	848
GCA_041622895_1__dsrA__JBFJXW010000005.1_14	Q9K5B5|dsrA|reductive|Desulfobacter_vibrioformis	67.4	439	631
GCA_041622895_1__dsrA__JBFJXW010000005.1_14	S0FXQ9|dsrA|reductive|Desulfotignum_phosphitoxidans_DSM_13687	65.0	440	617
GCA_041622895_1__dsrA__JBFJXW010000005.1_14	P45574|dsrA|reductive|Nitratidesulfovibrio_vulgaris	63.6	439	606
GCA_041622895_1__dsrA__JBFJXW010000005.1_14	T2G7Q3|dsrA|reductive|Megalodesulfovibrio_gigas	62.9	439	596
GCA_041622895_1__dsrA__JBFJXW010000005.1_14	Q9F4A3|dsrA|reductive|Desulfovibrio_desulfuricans	60.6	439	578
GCA_041622895_1__dsrA__JBFJXW010000005.1_14	Q5ZQS3|dsrA|reductive|Desulfomicrobium_baculatum	63.8	370	538
GCA_041622895_1__dsrA__JBFJXW010000005.1_14	Q5ZQR5|dsrA|reductive|Desulfosudis_oleivorans	63.0	370	509
GCA_041622895_1__dsrA__JBFJXW010000005.1_14	Q93EV7|dsrA|reductive|Thermodesulfobacterium_commune	61.7	376	489
GCA_041622895_1__dsrA__JBFJXW010000005.1_14	Q93EU9|dsrA|reductive|Desulfarculus_baarsii	60.1	376	477
GCA_041622895_1__dsrA__JBFJXW010000005.1_14	Q59109|dsrA|reductive|Archaeoglobus_fulgidus	54.4	421	472
GCA_041622895_1__dsrA__JBFJXW010000005.1_14	N0BK96|dsrA|reductive|Archaeoglobus_sulfaticallidus_PM70-1	54.2	413	469
GCA_041622895_1__dsrA__JBFJXW010000005.1_14	A0ABT8QKK2|dsrA|reductive|Desulfosporosinus_nitroreducens	51.1	413	461
GCA_041622895_1__dsrA__JBFJXW010000005.1_14	Q251E4|dsrA|reductive|Desulfitobacterium_hafniense	51.6	413	457
GCA_041622895_1__dsrA__JBFJXW010000005.1_14	B5YIF2|dsrA|reductive|Thermodesulfovibrio_yellowstonii	52.6	409	451
GCA_041622895_1__dsrA__JBFJXW010000005.1_14	Q5ZQT9|dsrA|reductive|Archaeoglobus_veneficus	51.0	357	377
GCA_041622895_1__dsrA__JBFJXW010000005.1_14	O33998|dsrA|oxidative|Allochromatium_vinosum	42.8	432	367
GCA_041622895_1__dsrA__JBFJXW010000005.1_14	A0ABS1E8E7|dsrA|oxidative|Halorhodospira_neutriphila	42.9	415	360
GCA_041622895_1__dsrA__JBFJXW010000005.1_14	A0L9L4|dsrA|oxidative|Magnetococcus_marinus	44.0	402	357
GCA_041622895_1__dsrA__JBFJXW010000005.1_14	A0ABY9MRG6|dsrA|oxidative|Thiothrix_lacustris	42.9	408	351
GCA_041622895_1__dsrA__JBFJXW010000005.1_14	Q8K5E9|dsrA|oxidative|Chlorobaculum_tepidum	42.8	402	350
GCA_041622895_1__dsrA__JBFJXW010000005.1_14	A1BCS1|dsrA|oxidative|Chlorobium_phaeobacteroides	42.8	400	345
GCA_041622895_1__dsrA__JBFJXW010000005.1_14	A0A5C4RXN4|dsrA|oxidative|Chlorobaculum_thiosulfatiphilum	42.0	402	344
GCA_041622895_1__dsrA__JBFJXW010000005.1_14	E0D1Z2|dsrA|oxidative|Thiocapsa_marina	42.0	312	268
GCA_041622895_1__dsrA__JBFJXW010000005.1_14	B5YIF3|dsrB|reductive|Thermodesulfovibrio_yellowstonii	26.9	316	90.1
GCA_041622895_1__dsrA__JBFJXW010000005.1_14	A0ABT8QNA5|dsrB|reductive|Desulfosporosinus_nitroreducens	24.6	334	76.6
GCA_041622895_1__dsrA__JBFJXW010000005.1_14	Q251E3|dsrB|reductive|Desulfitobacterium_hafniense	23.3	309	74.3
GCA_041622895_1__dsrA__JBFJXW010000005.1_14	Q9K5B4|dsrB|reductive|Desulfobacter_vibrioformis	21.2	330	63.9
GCA_041622895_1__dsrA__JBFJXW010000005.1_14	E1QFJ3|dsrB|reductive|Desulfarculus_baarsii	25.0	284	63.2
GCA_041622895_1__dsrA__JBFJXW010000005.1_14	S0G5M9|dsrB|reductive|Desulfotignum_phosphitoxidans_DSM_13687	20.8	346	59.7
GCA_041622895_1__dsrA__JBFJXW010000005.1_14	T2G8V8|dsrB|reductive|Megalodesulfovibrio_gigas	21.0	328	59.3
GCA_041622895_1__dsrA__JBFJXW010000005.1_14	A1BCS2|dsrB|oxidative|Chlorobium_phaeobacteroides	22.6	327	57.8
GCA_041622895_1__dsrA__JBFJXW010000005.1_14	Q8KE39|dsrB|oxidative|Chlorobaculum_tepidum	22.5	334	55.5
GCA_041622895_1__dsrA__JBFJXW010000005.1_14	A0A5C4RYG3|dsrB|oxidative|Chlorobaculum_thiosulfatiphilum	22.8	324	54.3
GCA_041622895_1__dsrA__JBFJXW010000005.1_14	P45575|dsrB|reductive|Nitratidesulfovibrio_vulgaris	20.5	341	52.8
GCA_041622895_1__dsrA__JBFJXW010000005.1_14	Q9F4A2|dsrB|reductive|Desulfovibrio_desulfuricans	19.9	341	45.8
GCA_041622895_1__dsrA__JBFJXW010000005.1_14	A0L9L5|dsrB|oxidative|Magnetococcus_marinus	23.1	286	45.4
GCA_041622895_1__dsrA__JBFJXW010000005.1_14	A0ABS1E5W7|dsrB|oxidative|Halorhodospira_neutriphila	20.3	330	43.9
GCA_041622895_1__dsrA__JBFJXW010000005.1_14	A0ABY9MNZ8|dsrB|oxidative|Thiothrix_lacustris	21.7	290	43.1
GCA_041622895_1__dsrA__JBFJXW010000005.1_14	O33999|dsrB|oxidative|Allochromatium_vinosum	21.0	300	42.4
GCA_041622895_1__dsrA__JBFJXW010000005.1_14	A0A9X0WG77|dsrB|oxidative|Thiocapsa_imhoffii	20.7	300	41.2
GCA_041622895_1__dsrA__JBFJXW010000005.1_14	L0DSF9|dsrB|oxidative|Thioalkalivibrio_nitratireducens	20.6	287	38.9
GCA_041622895_1__dsrB__JBFJXW010000005.1_13	Q9K5B8|dsrB|reductive|Desulfobulbus_rhabdoformis	87.1	380	695
GCA_041622895_1__dsrB__JBFJXW010000005.1_13	T2G8V8|dsrB|reductive|Megalodesulfovibrio_gigas	64.3	378	528
GCA_041622895_1__dsrB__JBFJXW010000005.1_13	Q9K5B4|dsrB|reductive|Desulfobacter_vibrioformis	64.9	376	523
GCA_041622895_1__dsrB__JBFJXW010000005.1_13	E1QFJ3|dsrB|reductive|Desulfarculus_baarsii	66.6	359	517
GCA_041622895_1__dsrB__JBFJXW010000005.1_13	S0G5M9|dsrB|reductive|Desulfotignum_phosphitoxidans_DSM_13687	64.1	376	516
GCA_041622895_1__dsrB__JBFJXW010000005.1_13	Q9F4A2|dsrB|reductive|Desulfovibrio_desulfuricans	62.9	375	513
GCA_041622895_1__dsrB__JBFJXW010000005.1_13	P45575|dsrB|reductive|Nitratidesulfovibrio_vulgaris	62.7	375	511
GCA_041622895_1__dsrB__JBFJXW010000005.1_13	N0BL33|dsrB|reductive|Archaeoglobus_sulfaticallidus_PM70-1	58.8	369	474
GCA_041622895_1__dsrB__JBFJXW010000005.1_13	A4J9D5|dsrB|reductive|Desulforamulus_reducens	60.8	357	473
GCA_041622895_1__dsrB__JBFJXW010000005.1_13	A0ABT8QNA5|dsrB|reductive|Desulfosporosinus_nitroreducens	58.9	358	462
GCA_041622895_1__dsrB__JBFJXW010000005.1_13	Q251E3|dsrB|reductive|Desulfitobacterium_hafniense	58.9	358	459
GCA_041622895_1__dsrB__JBFJXW010000005.1_13	B5YIF3|dsrB|reductive|Thermodesulfovibrio_yellowstonii	56.7	360	446
GCA_041622895_1__dsrB__JBFJXW010000005.1_13	Q59110|dsrB|reductive|Archaeoglobus_fulgidus	55.8	371	433
GCA_041622895_1__dsrB__JBFJXW010000005.1_13	A1BCS2|dsrB|oxidative|Chlorobium_phaeobacteroides	46.8	359	359
GCA_041622895_1__dsrB__JBFJXW010000005.1_13	A0A5C4RYG3|dsrB|oxidative|Chlorobaculum_thiosulfatiphilum	46.8	359	353
GCA_041622895_1__dsrB__JBFJXW010000005.1_13	Q8KE39|dsrB|oxidative|Chlorobaculum_tepidum	46.2	359	350
GCA_041622895_1__dsrB__JBFJXW010000005.1_13	A0L9L5|dsrB|oxidative|Magnetococcus_marinus	45.7	361	335
GCA_041622895_1__dsrB__JBFJXW010000005.1_13	A0ABS1E5W7|dsrB|oxidative|Halorhodospira_neutriphila	48.3	352	324
GCA_041622895_1__dsrB__JBFJXW010000005.1_13	A0ABY9MNZ8|dsrB|oxidative|Thiothrix_lacustris	45.8	347	319
GCA_041622895_1__dsrB__JBFJXW010000005.1_13	L0DSF9|dsrB|oxidative|Thioalkalivibrio_nitratireducens	45.2	347	318
GCA_041622895_1__dsrB__JBFJXW010000005.1_13	O33999|dsrB|oxidative|Allochromatium_vinosum	46.0	335	311
GCA_041622895_1__dsrB__JBFJXW010000005.1_13	A0A9X0WG77|dsrB|oxidative|Thiocapsa_imhoffii	45.7	335	308
GCA_041622895_1__dsrB__JBFJXW010000005.1_13	A0ABS1E8E7|dsrA|oxidative|Halorhodospira_neutriphila	27.1	284	99.4
GCA_041622895_1__dsrB__JBFJXW010000005.1_13	A0L9L4|dsrA|oxidative|Magnetococcus_marinus	26.2	282	89.7
GCA_041622895_1__dsrB__JBFJXW010000005.1_13	E0D1Z2|dsrA|oxidative|Thiocapsa_marina	27.2	276	84.7
GCA_041622895_1__dsrB__JBFJXW010000005.1_13	A0ABT8QKK2|dsrA|reductive|Desulfosporosinus_nitroreducens	24.4	307	77.0
GCA_041622895_1__dsrB__JBFJXW010000005.1_13	A1BCS1|dsrA|oxidative|Chlorobium_phaeobacteroides	26.3	289	75.1
GCA_041622895_1__dsrB__JBFJXW010000005.1_13	Q8K5E9|dsrA|oxidative|Chlorobaculum_tepidum	25.2	294	73.6
GCA_041622895_1__dsrB__JBFJXW010000005.1_13	N0BK96|dsrA|reductive|Archaeoglobus_sulfaticallidus_PM70-1	25.4	311	73.2
GCA_041622895_1__dsrB__JBFJXW010000005.1_13	A0A5C4RXN4|dsrA|oxidative|Chlorobaculum_thiosulfatiphilum	24.1	294	71.2
GCA_041622895_1__dsrB__JBFJXW010000005.1_13	T2G7Q3|dsrA|reductive|Megalodesulfovibrio_gigas	24.1	328	65.5
GCA_041622895_1__dsrB__JBFJXW010000005.1_13	Q9K5B9|dsrA|reductive|Desulfobulbus_rhabdoformis	25.5	302	61.6
GCA_041622895_1__dsrB__JBFJXW010000005.1_13	Q9F4A3|dsrA|reductive|Desulfovibrio_desulfuricans	22.0	350	59.7
GCA_041622895_1__dsrB__JBFJXW010000005.1_13	Q93EV7|dsrA|reductive|Thermodesulfobacterium_commune	22.6	287	57.8
GCA_041622895_1__dsrB__JBFJXW010000005.1_13	P45574|dsrA|reductive|Nitratidesulfovibrio_vulgaris	22.9	328	57.8
GCA_041622895_1__dsrB__JBFJXW010000005.1_13	Q5ZQR5|dsrA|reductive|Desulfosudis_oleivorans	19.2	318	55.8
GCA_041622895_1__dsrB__JBFJXW010000005.1_13	Q9K5B5|dsrA|reductive|Desulfobacter_vibrioformis	22.2	316	55.8
GCA_041622895_1__dsrB__JBFJXW010000005.1_13	S0FXQ9|dsrA|reductive|Desulfotignum_phosphitoxidans_DSM_13687	22.3	323	54.7
GCA_041622895_1__dsrB__JBFJXW010000005.1_13	Q93EU9|dsrA|reductive|Desulfarculus_baarsii	21.2	312	52.8
GCA_041640755_1__dsrA__JBEPZQ010000113.1_4	B5YIF2|dsrA|reductive|Thermodesulfovibrio_yellowstonii	92.3	402	797
GCA_041640755_1__dsrA__JBEPZQ010000113.1_4	N0BK96|dsrA|reductive|Archaeoglobus_sulfaticallidus_PM70-1	60.7	397	513
GCA_041640755_1__dsrA__JBEPZQ010000113.1_4	Q59109|dsrA|reductive|Archaeoglobus_fulgidus	58.7	412	490
GCA_041640755_1__dsrA__JBEPZQ010000113.1_4	Q9K5B9|dsrA|reductive|Desulfobulbus_rhabdoformis	55.3	409	471
GCA_041640755_1__dsrA__JBEPZQ010000113.1_4	A0ABT8QKK2|dsrA|reductive|Desulfosporosinus_nitroreducens	54.8	398	460
GCA_041640755_1__dsrA__JBEPZQ010000113.1_4	Q251E4|dsrA|reductive|Desulfitobacterium_hafniense	54.3	392	458
GCA_041640755_1__dsrA__JBEPZQ010000113.1_4	P45574|dsrA|reductive|Nitratidesulfovibrio_vulgaris	51.4	418	432
GCA_041640755_1__dsrA__JBEPZQ010000113.1_4	S0FXQ9|dsrA|reductive|Desulfotignum_phosphitoxidans_DSM_13687	51.5	423	428
GCA_041640755_1__dsrA__JBEPZQ010000113.1_4	Q9F4A3|dsrA|reductive|Desulfovibrio_desulfuricans	50.0	418	421
GCA_041640755_1__dsrA__JBEPZQ010000113.1_4	T2G7Q3|dsrA|reductive|Megalodesulfovibrio_gigas	50.5	418	420
GCA_041640755_1__dsrA__JBEPZQ010000113.1_4	Q9K5B5|dsrA|reductive|Desulfobacter_vibrioformis	50.9	422	418
GCA_041640755_1__dsrA__JBEPZQ010000113.1_4	Q5ZQT9|dsrA|reductive|Archaeoglobus_veneficus	56.8	338	409
GCA_041640755_1__dsrA__JBEPZQ010000113.1_4	Q93EU9|dsrA|reductive|Desulfarculus_baarsii	55.1	350	407
GCA_041640755_1__dsrA__JBEPZQ010000113.1_4	Q93EV7|dsrA|reductive|Thermodesulfobacterium_commune	55.1	356	405
GCA_041640755_1__dsrA__JBEPZQ010000113.1_4	Q5ZQS3|dsrA|reductive|Desulfomicrobium_baculatum	52.7	353	386
GCA_041640755_1__dsrA__JBEPZQ010000113.1_4	Q5ZQR5|dsrA|reductive|Desulfosudis_oleivorans	49.3	351	355
GCA_041640755_1__dsrA__JBEPZQ010000113.1_4	O33998|dsrA|oxidative|Allochromatium_vinosum	43.1	392	327
GCA_041640755_1__dsrA__JBEPZQ010000113.1_4	Q8K5E9|dsrA|oxidative|Chlorobaculum_tepidum	41.1	387	326
GCA_041640755_1__dsrA__JBEPZQ010000113.1_4	A1BCS1|dsrA|oxidative|Chlorobium_phaeobacteroides	41.6	385	321
GCA_041640755_1__dsrA__JBEPZQ010000113.1_4	A0A5C4RXN4|dsrA|oxidative|Chlorobaculum_thiosulfatiphilum	41.1	387	321
GCA_041640755_1__dsrA__JBEPZQ010000113.1_4	A0ABS1E8E7|dsrA|oxidative|Halorhodospira_neutriphila	42.2	405	321
GCA_041640755_1__dsrA__JBEPZQ010000113.1_4	A0L9L4|dsrA|oxidative|Magnetococcus_marinus	41.6	392	317
GCA_041640755_1__dsrA__JBEPZQ010000113.1_4	A0ABY9MRG6|dsrA|oxidative|Thiothrix_lacustris	39.3	405	301
GCA_041640755_1__dsrA__JBEPZQ010000113.1_4	E0D1Z2|dsrA|oxidative|Thiocapsa_marina	41.0	278	231
GCA_041640755_1__dsrA__JBEPZQ010000113.1_4	N0BL33|dsrB|reductive|Archaeoglobus_sulfaticallidus_PM70-1	26.6	312	90.5
GCA_041640755_1__dsrA__JBEPZQ010000113.1_4	B5YIF3|dsrB|reductive|Thermodesulfovibrio_yellowstonii	26.0	288	81.6
GCA_041640755_1__dsrA__JBEPZQ010000113.1_4	Q8KE39|dsrB|oxidative|Chlorobaculum_tepidum	24.9	297	80.1
GCA_041640755_1__dsrA__JBEPZQ010000113.1_4	A0A5C4RYG3|dsrB|oxidative|Chlorobaculum_thiosulfatiphilum	24.6	297	77.8
GCA_041640755_1__dsrA__JBEPZQ010000113.1_4	S0G5M9|dsrB|reductive|Desulfotignum_phosphitoxidans_DSM_13687	25.1	327	75.5
GCA_041640755_1__dsrA__JBEPZQ010000113.1_4	A0ABS1E5W7|dsrB|oxidative|Halorhodospira_neutriphila	23.0	282	72.0
GCA_041640755_1__dsrA__JBEPZQ010000113.1_4	Q59110|dsrB|reductive|Archaeoglobus_fulgidus	23.0	331	71.6
GCA_041640755_1__dsrA__JBEPZQ010000113.1_4	Q9K5B4|dsrB|reductive|Desulfobacter_vibrioformis	23.9	326	70.9
GCA_041640755_1__dsrA__JBEPZQ010000113.1_4	O33999|dsrB|oxidative|Allochromatium_vinosum	22.7	282	63.2
GCA_041640755_1__dsrA__JBEPZQ010000113.1_4	A0L9L5|dsrB|oxidative|Magnetococcus_marinus	22.6	279	62.8
GCA_041640755_1__dsrA__JBEPZQ010000113.1_4	A0A9X0WG77|dsrB|oxidative|Thiocapsa_imhoffii	22.0	282	62.0
GCA_041640755_1__dsrA__JBEPZQ010000113.1_4	T2G8V8|dsrB|reductive|Megalodesulfovibrio_gigas	22.0	314	62.0
GCA_041640755_1__dsrA__JBEPZQ010000113.1_4	L0DSF9|dsrB|oxidative|Thioalkalivibrio_nitratireducens	22.3	278	59.7
GCA_041640755_1__dsrA__JBEPZQ010000113.1_4	Q9K5B8|dsrB|reductive|Desulfobulbus_rhabdoformis	23.3	292	58.2
GCA_041640755_1__dsrA__JBEPZQ010000113.1_4	A0ABY9MNZ8|dsrB|oxidative|Thiothrix_lacustris	22.7	282	55.1
GCA_041640755_1__dsrB__JBEPZQ010000113.1_3	B5YIF3|dsrB|reductive|Thermodesulfovibrio_yellowstonii	88.7	364	693
GCA_041640755_1__dsrB__JBEPZQ010000113.1_3	A4J9D5|dsrB|reductive|Desulforamulus_reducens	59.4	352	467
GCA_041640755_1__dsrB__JBEPZQ010000113.1_3	N0BL33|dsrB|reductive|Archaeoglobus_sulfaticallidus_PM70-1	58.1	360	462
GCA_041640755_1__dsrB__JBEPZQ010000113.1_3	E1QFJ3|dsrB|reductive|Desulfarculus_baarsii	58.3	357	461
GCA_041640755_1__dsrB__JBEPZQ010000113.1_3	A0ABT8QNA5|dsrB|reductive|Desulfosporosinus_nitroreducens	58.0	348	459
GCA_041640755_1__dsrB__JBEPZQ010000113.1_3	Q251E3|dsrB|reductive|Desulfitobacterium_hafniense	54.9	348	436
GCA_041640755_1__dsrB__JBEPZQ010000113.1_3	Q9K5B8|dsrB|reductive|Desulfobulbus_rhabdoformis	55.7	361	429
GCA_041640755_1__dsrB__JBEPZQ010000113.1_3	T2G8V8|dsrB|reductive|Megalodesulfovibrio_gigas	53.7	367	422
GCA_041640755_1__dsrB__JBEPZQ010000113.1_3	P45575|dsrB|reductive|Nitratidesulfovibrio_vulgaris	54.4	364	419
GCA_041640755_1__dsrB__JBEPZQ010000113.1_3	Q59110|dsrB|reductive|Archaeoglobus_fulgidus	53.3	360	417
GCA_041640755_1__dsrB__JBEPZQ010000113.1_3	Q9K5B4|dsrB|reductive|Desulfobacter_vibrioformis	51.6	368	413
GCA_041640755_1__dsrB__JBEPZQ010000113.1_3	Q9F4A2|dsrB|reductive|Desulfovibrio_desulfuricans	53.6	364	412
GCA_041640755_1__dsrB__JBEPZQ010000113.1_3	S0G5M9|dsrB|reductive|Desulfotignum_phosphitoxidans_DSM_13687	50.5	368	407
GCA_041640755_1__dsrB__JBEPZQ010000113.1_3	A1BCS2|dsrB|oxidative|Chlorobium_phaeobacteroides	47.5	354	350
GCA_041640755_1__dsrB__JBEPZQ010000113.1_3	A0A5C4RYG3|dsrB|oxidative|Chlorobaculum_thiosulfatiphilum	48.4	347	347
GCA_041640755_1__dsrB__JBEPZQ010000113.1_3	Q8KE39|dsrB|oxidative|Chlorobaculum_tepidum	47.8	347	344
GCA_041640755_1__dsrB__JBEPZQ010000113.1_3	A0L9L5|dsrB|oxidative|Magnetococcus_marinus	46.1	347	332
GCA_041640755_1__dsrB__JBEPZQ010000113.1_3	A0ABS1E5W7|dsrB|oxidative|Halorhodospira_neutriphila	45.2	347	331
GCA_041640755_1__dsrB__JBEPZQ010000113.1_3	O33999|dsrB|oxidative|Allochromatium_vinosum	45.8	347	329
GCA_041640755_1__dsrB__JBEPZQ010000113.1_3	A0A9X0WG77|dsrB|oxidative|Thiocapsa_imhoffii	44.4	347	324
GCA_041640755_1__dsrB__JBEPZQ010000113.1_3	L0DSF9|dsrB|oxidative|Thioalkalivibrio_nitratireducens	42.7	347	313
GCA_041640755_1__dsrB__JBEPZQ010000113.1_3	A0ABY9MNZ8|dsrB|oxidative|Thiothrix_lacustris	42.9	347	313
GCA_041640755_1__dsrB__JBEPZQ010000113.1_3	A0L9L4|dsrA|oxidative|Magnetococcus_marinus	27.6	279	101
GCA_041640755_1__dsrB__JBEPZQ010000113.1_3	A0ABS1E8E7|dsrA|oxidative|Halorhodospira_neutriphila	25.4	315	100
GCA_041640755_1__dsrB__JBEPZQ010000113.1_3	O33998|dsrA|oxidative|Allochromatium_vinosum	26.6	301	99.4
GCA_041640755_1__dsrB__JBEPZQ010000113.1_3	E0D1Z2|dsrA|oxidative|Thiocapsa_marina	27.5	276	98.2
GCA_041640755_1__dsrB__JBEPZQ010000113.1_3	A0ABY9MRG6|dsrA|oxidative|Thiothrix_lacustris	25.8	318	95.5
GCA_041640755_1__dsrB__JBEPZQ010000113.1_3	N0BK96|dsrA|reductive|Archaeoglobus_sulfaticallidus_PM70-1	27.7	289	95.1
GCA_041640755_1__dsrB__JBEPZQ010000113.1_3	Q8K5E9|dsrA|oxidative|Chlorobaculum_tepidum	26.9	286	90.1
GCA_041640755_1__dsrB__JBEPZQ010000113.1_3	A0A5C4RXN4|dsrA|oxidative|Chlorobaculum_thiosulfatiphilum	26.9	286	89.7
GCA_041640755_1__dsrB__JBEPZQ010000113.1_3	A1BCS1|dsrA|oxidative|Chlorobium_phaeobacteroides	25.4	279	82.4
GCA_041640755_1__dsrB__JBEPZQ010000113.1_3	Q93EV7|dsrA|reductive|Thermodesulfobacterium_commune	26.1	299	78.6
GCA_041640755_1__dsrB__JBEPZQ010000113.1_3	Q251E4|dsrA|reductive|Desulfitobacterium_hafniense	24.8	290	78.6
GCA_041640755_1__dsrB__JBEPZQ010000113.1_3	Q9K5B9|dsrA|reductive|Desulfobulbus_rhabdoformis	25.0	316	76.6
GCA_041640755_1__dsrB__JBEPZQ010000113.1_3	A0ABT8QKK2|dsrA|reductive|Desulfosporosinus_nitroreducens	24.0	283	73.2
GCA_041640755_1__dsrB__JBEPZQ010000113.1_3	Q9K5B5|dsrA|reductive|Desulfobacter_vibrioformis	24.4	320	70.5
GCA_041640755_1__dsrB__JBEPZQ010000113.1_3	Q9F4A3|dsrA|reductive|Desulfovibrio_desulfuricans	25.2	314	69.3
GCA_041640755_1__dsrB__JBEPZQ010000113.1_3	Q5ZQS3|dsrA|reductive|Desulfomicrobium_baculatum	26.0	312	68.9
GCA_041640755_1__dsrB__JBEPZQ010000113.1_3	P45574|dsrA|reductive|Nitratidesulfovibrio_vulgaris	24.8	314	67.4
GCA_041640755_1__dsrB__JBEPZQ010000113.1_3	S0FXQ9|dsrA|reductive|Desulfotignum_phosphitoxidans_DSM_13687	25.2	250	65.9
GCA_041640755_1__dsrB__JBEPZQ010000113.1_3	Q5ZQR5|dsrA|reductive|Desulfosudis_oleivorans	21.1	313	65.1
GCA_041640755_1__dsrB__JBEPZQ010000113.1_3	T2G7Q3|dsrA|reductive|Megalodesulfovibrio_gigas	23.2	314	64.3
GCA_041640755_1__dsrB__JBEPZQ010000113.1_3	Q93EU9|dsrA|reductive|Desulfarculus_baarsii	22.3	301	61.2
GCA_046484865_1__dsrA__JAWOID010000038.1_12	N0BK96|dsrA|reductive|Archaeoglobus_sulfaticallidus_PM70-1	60.1	386	523
GCA_046484865_1__dsrA__JAWOID010000038.1_12	Q59109|dsrA|reductive|Archaeoglobus_fulgidus	60.9	399	513
GCA_046484865_1__dsrA__JAWOID010000038.1_12	Q251E4|dsrA|reductive|Desulfitobacterium_hafniense	58.4	387	507
GCA_046484865_1__dsrA__JAWOID010000038.1_12	Q9K5B9|dsrA|reductive|Desulfobulbus_rhabdoformis	57.4	404	507
GCA_046484865_1__dsrA__JAWOID010000038.1_12	B5YIF2|dsrA|reductive|Thermodesulfovibrio_yellowstonii	61.2	384	504
GCA_046484865_1__dsrA__JAWOID010000038.1_12	P45574|dsrA|reductive|Nitratidesulfovibrio_vulgaris	57.5	412	496
GCA_046484865_1__dsrA__JAWOID010000038.1_12	A0ABT8QKK2|dsrA|reductive|Desulfosporosinus_nitroreducens	57.2	388	494
GCA_046484865_1__dsrA__JAWOID010000038.1_12	Q9F4A3|dsrA|reductive|Desulfovibrio_desulfuricans	53.9	412	470
GCA_046484865_1__dsrA__JAWOID010000038.1_12	T2G7Q3|dsrA|reductive|Megalodesulfovibrio_gigas	54.1	412	467
GCA_046484865_1__dsrA__JAWOID010000038.1_12	Q9K5B5|dsrA|reductive|Desulfobacter_vibrioformis	53.7	417	461
GCA_046484865_1__dsrA__JAWOID010000038.1_12	S0FXQ9|dsrA|reductive|Desulfotignum_phosphitoxidans_DSM_13687	53.6	418	460
GCA_046484865_1__dsrA__JAWOID010000038.1_12	Q93EU9|dsrA|reductive|Desulfarculus_baarsii	61.4	347	454
GCA_046484865_1__dsrA__JAWOID010000038.1_12	Q5ZQT9|dsrA|reductive|Archaeoglobus_veneficus	58.4	334	431
GCA_046484865_1__dsrA__JAWOID010000038.1_12	Q5ZQS3|dsrA|reductive|Desulfomicrobium_baculatum	56.0	348	423
GCA_046484865_1__dsrA__JAWOID010000038.1_12	Q93EV7|dsrA|reductive|Thermodesulfobacterium_commune	57.1	352	422
GCA_046484865_1__dsrA__JAWOID010000038.1_12	Q5ZQR5|dsrA|reductive|Desulfosudis_oleivorans	52.0	348	395
GCA_046484865_1__dsrA__JAWOID010000038.1_12	A0L9L4|dsrA|oxidative|Magnetococcus_marinus	46.4	386	366
GCA_046484865_1__dsrA__JAWOID010000038.1_12	A1BCS1|dsrA|oxidative|Chlorobium_phaeobacteroides	46.4	384	363
GCA_046484865_1__dsrA__JAWOID010000038.1_12	O33998|dsrA|oxidative|Allochromatium_vinosum	45.3	391	361
GCA_046484865_1__dsrA__JAWOID010000038.1_12	A0ABS1E8E7|dsrA|oxidative|Halorhodospira_neutriphila	46.2	390	358
GCA_046484865_1__dsrA__JAWOID010000038.1_12	Q8K5E9|dsrA|oxidative|Chlorobaculum_tepidum	44.6	386	354
GCA_046484865_1__dsrA__JAWOID010000038.1_12	A0A5C4RXN4|dsrA|oxidative|Chlorobaculum_thiosulfatiphilum	44.6	386	352
GCA_046484865_1__dsrA__JAWOID010000038.1_12	A0ABY9MRG6|dsrA|oxidative|Thiothrix_lacustris	42.0	402	340
GCA_046484865_1__dsrA__JAWOID010000038.1_12	E0D1Z2|dsrA|oxidative|Thiocapsa_marina	42.0	295	254
GCA_046484865_1__dsrA__JAWOID010000038.1_12	N0BL33|dsrB|reductive|Archaeoglobus_sulfaticallidus_PM70-1	26.4	296	99.0
GCA_046484865_1__dsrA__JAWOID010000038.1_12	Q251E3|dsrB|reductive|Desulfitobacterium_hafniense	25.4	319	97.8
GCA_046484865_1__dsrA__JAWOID010000038.1_12	A0ABT8QNA5|dsrB|reductive|Desulfosporosinus_nitroreducens	25.6	316	94.4
GCA_046484865_1__dsrA__JAWOID010000038.1_12	B5YIF3|dsrB|reductive|Thermodesulfovibrio_yellowstonii	24.8	282	81.3
GCA_046484865_1__dsrA__JAWOID010000038.1_12	Q59110|dsrB|reductive|Archaeoglobus_fulgidus	23.2	302	72.0
GCA_046484865_1__dsrA__JAWOID010000038.1_12	T2G8V8|dsrB|reductive|Megalodesulfovibrio_gigas	23.2	285	67.0
GCA_046484865_1__dsrA__JAWOID010000038.1_12	Q8KE39|dsrB|oxidative|Chlorobaculum_tepidum	22.7	291	66.6
GCA_046484865_1__dsrA__JAWOID010000038.1_12	A4J9D5|dsrB|reductive|Desulforamulus_reducens	21.8	294	65.9
GCA_046484865_1__dsrA__JAWOID010000038.1_12	A0A5C4RYG3|dsrB|oxidative|Chlorobaculum_thiosulfatiphilum	23.1	286	65.9
GCA_046484865_1__dsrA__JAWOID010000038.1_12	Q9K5B4|dsrB|reductive|Desulfobacter_vibrioformis	20.6	301	65.5
GCA_046484865_1__dsrA__JAWOID010000038.1_12	A1BCS2|dsrB|oxidative|Chlorobium_phaeobacteroides	22.6	287	64.7
GCA_046484865_1__dsrA__JAWOID010000038.1_12	E1QFJ3|dsrB|reductive|Desulfarculus_baarsii	23.5	272	63.9
GCA_046484865_1__dsrA__JAWOID010000038.1_12	P45575|dsrB|reductive|Nitratidesulfovibrio_vulgaris	21.7	304	60.5
GCA_046484865_1__dsrA__JAWOID010000038.1_12	A0L9L5|dsrB|oxidative|Magnetococcus_marinus	22.2	275	60.1
GCA_046484865_1__dsrA__JAWOID010000038.1_12	Q9F4A2|dsrB|reductive|Desulfovibrio_desulfuricans	20.3	286	58.5
GCA_046484865_1__dsrA__JAWOID010000038.1_12	Q9K5B8|dsrB|reductive|Desulfobulbus_rhabdoformis	24.0	229	55.8
GCA_046484865_1__dsrA__JAWOID010000038.1_12	A0ABS1E5W7|dsrB|oxidative|Halorhodospira_neutriphila	22.9	275	55.1
GCA_046484865_1__dsrA__JAWOID010000038.1_12	A0A9X0WG77|dsrB|oxidative|Thiocapsa_imhoffii	22.2	279	54.7
GCA_046484865_1__dsrA__JAWOID010000038.1_12	O33999|dsrB|oxidative|Allochromatium_vinosum	21.5	274	54.3
GCA_046484865_1__dsrA__JAWOID010000038.1_12	L0DSF9|dsrB|oxidative|Thioalkalivibrio_nitratireducens	22.2	275	51.6
GCA_046484865_1__dsrA__JAWOID010000038.1_12	A0ABY9MNZ8|dsrB|oxidative|Thiothrix_lacustris	25.3	277	50.4
GCA_046484865_1__dsrB__JAWOID010000038.1_13	A4J9D5|dsrB|reductive|Desulforamulus_reducens	66.3	350	491
GCA_046484865_1__dsrB__JAWOID010000038.1_13	N0BL33|dsrB|reductive|Archaeoglobus_sulfaticallidus_PM70-1	59.3	354	463
GCA_046484865_1__dsrB__JAWOID010000038.1_13	E1QFJ3|dsrB|reductive|Desulfarculus_baarsii	58.5	357	456
GCA_046484865_1__dsrB__JAWOID010000038.1_13	B5YIF3|dsrB|reductive|Thermodesulfovibrio_yellowstonii	57.7	355	455
GCA_046484865_1__dsrB__JAWOID010000038.1_13	Q251E3|dsrB|reductive|Desulfitobacterium_hafniense	58.2	352	445
GCA_046484865_1__dsrB__JAWOID010000038.1_13	A0ABT8QNA5|dsrB|reductive|Desulfosporosinus_nitroreducens	57.4	352	442
GCA_046484865_1__dsrB__JAWOID010000038.1_13	Q9K5B8|dsrB|reductive|Desulfobulbus_rhabdoformis	56.7	360	429
GCA_046484865_1__dsrB__JAWOID010000038.1_13	Q59110|dsrB|reductive|Archaeoglobus_fulgidus	55.7	352	422
GCA_046484865_1__dsrB__JAWOID010000038.1_13	Q9F4A2|dsrB|reductive|Desulfovibrio_desulfuricans	52.9	365	413
GCA_046484865_1__dsrB__JAWOID010000038.1_13	T2G8V8|dsrB|reductive|Megalodesulfovibrio_gigas	52.9	365	413
GCA_046484865_1__dsrB__JAWOID010000038.1_13	P45575|dsrB|reductive|Nitratidesulfovibrio_vulgaris	52.1	365	411
GCA_046484865_1__dsrB__JAWOID010000038.1_13	S0G5M9|dsrB|reductive|Desulfotignum_phosphitoxidans_DSM_13687	53.0	366	411
GCA_046484865_1__dsrB__JAWOID010000038.1_13	Q9K5B4|dsrB|reductive|Desulfobacter_vibrioformis	53.0	366	410
GCA_046484865_1__dsrB__JAWOID010000038.1_13	A1BCS2|dsrB|oxidative|Chlorobium_phaeobacteroides	50.4	353	374
GCA_046484865_1__dsrB__JAWOID010000038.1_13	Q8KE39|dsrB|oxidative|Chlorobaculum_tepidum	49.0	357	371
GCA_046484865_1__dsrB__JAWOID010000038.1_13	A0A5C4RYG3|dsrB|oxidative|Chlorobaculum_thiosulfatiphilum	48.5	357	369
GCA_046484865_1__dsrB__JAWOID010000038.1_13	A0ABY9MNZ8|dsrB|oxidative|Thiothrix_lacustris	48.3	348	358
GCA_046484865_1__dsrB__JAWOID010000038.1_13	A0L9L5|dsrB|oxidative|Magnetococcus_marinus	46.5	359	357
GCA_046484865_1__dsrB__JAWOID010000038.1_13	A0ABS1E5W7|dsrB|oxidative|Halorhodospira_neutriphila	47.4	348	353
GCA_046484865_1__dsrB__JAWOID010000038.1_13	O33999|dsrB|oxidative|Allochromatium_vinosum	46.5	359	351
GCA_046484865_1__dsrB__JAWOID010000038.1_13	L0DSF9|dsrB|oxidative|Thioalkalivibrio_nitratireducens	46.1	356	351
GCA_046484865_1__dsrB__JAWOID010000038.1_13	A0A9X0WG77|dsrB|oxidative|Thiocapsa_imhoffii	46.0	359	348
GCA_046484865_1__dsrB__JAWOID010000038.1_13	O33998|dsrA|oxidative|Allochromatium_vinosum	26.9	316	100
GCA_046484865_1__dsrB__JAWOID010000038.1_13	E0D1Z2|dsrA|oxidative|Thiocapsa_marina	26.1	280	95.9
GCA_046484865_1__dsrB__JAWOID010000038.1_13	A0ABY9MRG6|dsrA|oxidative|Thiothrix_lacustris	24.0	317	94.7
GCA_046484865_1__dsrB__JAWOID010000038.1_13	A0ABS1E8E7|dsrA|oxidative|Halorhodospira_neutriphila	25.4	283	89.7
GCA_046484865_1__dsrB__JAWOID010000038.1_13	Q8K5E9|dsrA|oxidative|Chlorobaculum_tepidum	24.4	279	87.4
GCA_046484865_1__dsrB__JAWOID010000038.1_13	A0L9L4|dsrA|oxidative|Magnetococcus_marinus	24.8	294	87.0
GCA_046484865_1__dsrB__JAWOID010000038.1_13	A1BCS1|dsrA|oxidative|Chlorobium_phaeobacteroides	24.5	278	84.0
GCA_046484865_1__dsrB__JAWOID010000038.1_13	B5YIF2|dsrA|reductive|Thermodesulfovibrio_yellowstonii	25.3	292	82.8
GCA_046484865_1__dsrB__JAWOID010000038.1_13	A0A5C4RXN4|dsrA|oxidative|Chlorobaculum_thiosulfatiphilum	24.0	279	81.3
GCA_046484865_1__dsrB__JAWOID010000038.1_13	N0BK96|dsrA|reductive|Archaeoglobus_sulfaticallidus_PM70-1	26.0	296	78.2
GCA_046484865_1__dsrB__JAWOID010000038.1_13	A0ABT8QKK2|dsrA|reductive|Desulfosporosinus_nitroreducens	23.4	303	72.8
GCA_046484865_1__dsrB__JAWOID010000038.1_13	Q9K5B9|dsrA|reductive|Desulfobulbus_rhabdoformis	22.3	318	65.5
GCA_046484865_1__dsrB__JAWOID010000038.1_13	T2G7Q3|dsrA|reductive|Megalodesulfovibrio_gigas	21.3	319	58.5
GCA_046484865_1__dsrB__JAWOID010000038.1_13	Q9K5B5|dsrA|reductive|Desulfobacter_vibrioformis	20.7	323	56.6
GCA_046484865_1__dsrB__JAWOID010000038.1_13	Q93EU9|dsrA|reductive|Desulfarculus_baarsii	20.9	311	56.2
GCA_046484865_1__dsrB__JAWOID010000038.1_13	S0FXQ9|dsrA|reductive|Desulfotignum_phosphitoxidans_DSM_13687	21.9	324	55.8
GCA_046484865_1__dsrB__JAWOID010000038.1_13	Q93EV7|dsrA|reductive|Thermodesulfobacterium_commune	23.6	288	53.5
GCA_046484865_1__dsrB__JAWOID010000038.1_13	Q5ZQR5|dsrA|reductive|Desulfosudis_oleivorans	19.4	319	48.9
GCA_046484865_1__dsrB__JAWOID010000038.1_13	P45574|dsrA|reductive|Nitratidesulfovibrio_vulgaris	20.9	316	45.8
GCA_046484865_1__dsrB__JAWOID010000038.1_13	Q9F4A3|dsrA|reductive|Desulfovibrio_desulfuricans	27.7	112	45.8
GCA_046484865_1__dsrB__JAWOID010000038.1_13	Q5ZQS3|dsrA|reductive|Desulfomicrobium_baculatum	21.7	322	43.5
GCA_050253135_1__dsrA__JBFWJP010000222.1_2	N0BK96|dsrA|reductive|Archaeoglobus_sulfaticallidus_PM70-1	55.7	388	461
GCA_050253135_1__dsrA__JBFWJP010000222.1_2	A0ABT8QKK2|dsrA|reductive|Desulfosporosinus_nitroreducens	52.2	393	447
GCA_050253135_1__dsrA__JBFWJP010000222.1_2	Q9K5B9|dsrA|reductive|Desulfobulbus_rhabdoformis	49.9	411	447
GCA_050253135_1__dsrA__JBFWJP010000222.1_2	B5YIF2|dsrA|reductive|Thermodesulfovibrio_yellowstonii	54.3	385	441
GCA_050253135_1__dsrA__JBFWJP010000222.1_2	Q59109|dsrA|reductive|Archaeoglobus_fulgidus	50.8	400	421
GCA_050253135_1__dsrA__JBFWJP010000222.1_2	S0FXQ9|dsrA|reductive|Desulfotignum_phosphitoxidans_DSM_13687	48.3	422	420
GCA_050253135_1__dsrA__JBFWJP010000222.1_2	Q251E4|dsrA|reductive|Desulfitobacterium_hafniense	47.7	390	417
GCA_050253135_1__dsrA__JBFWJP010000222.1_2	Q9K5B5|dsrA|reductive|Desulfobacter_vibrioformis	47.5	421	407
GCA_050253135_1__dsrA__JBFWJP010000222.1_2	P45574|dsrA|reductive|Nitratidesulfovibrio_vulgaris	46.7	422	400
GCA_050253135_1__dsrA__JBFWJP010000222.1_2	T2G7Q3|dsrA|reductive|Megalodesulfovibrio_gigas	46.2	422	397
GCA_050253135_1__dsrA__JBFWJP010000222.1_2	Q9F4A3|dsrA|reductive|Desulfovibrio_desulfuricans	46.4	422	392
GCA_050253135_1__dsrA__JBFWJP010000222.1_2	Q5ZQT9|dsrA|reductive|Archaeoglobus_veneficus	51.9	337	371
GCA_050253135_1__dsrA__JBFWJP010000222.1_2	Q93EU9|dsrA|reductive|Desulfarculus_baarsii	49.6	351	370
GCA_050253135_1__dsrA__JBFWJP010000222.1_2	Q5ZQS3|dsrA|reductive|Desulfomicrobium_baculatum	47.7	352	353
GCA_050253135_1__dsrA__JBFWJP010000222.1_2	Q93EV7|dsrA|reductive|Thermodesulfobacterium_commune	48.2	359	347
GCA_050253135_1__dsrA__JBFWJP010000222.1_2	O33998|dsrA|oxidative|Allochromatium_vinosum	42.4	410	345
GCA_050253135_1__dsrA__JBFWJP010000222.1_2	A1BCS1|dsrA|oxidative|Chlorobium_phaeobacteroides	41.2	388	340
GCA_050253135_1__dsrA__JBFWJP010000222.1_2	A0L9L4|dsrA|oxidative|Magnetococcus_marinus	41.8	390	333
GCA_050253135_1__dsrA__JBFWJP010000222.1_2	Q8K5E9|dsrA|oxidative|Chlorobaculum_tepidum	39.7	390	331
GCA_050253135_1__dsrA__JBFWJP010000222.1_2	Q5ZQR5|dsrA|reductive|Desulfosudis_oleivorans	45.7	352	327
GCA_050253135_1__dsrA__JBFWJP010000222.1_2	A0A5C4RXN4|dsrA|oxidative|Chlorobaculum_thiosulfatiphilum	40.7	391	328
GCA_050253135_1__dsrA__JBFWJP010000222.1_2	A0ABY9MRG6|dsrA|oxidative|Thiothrix_lacustris	40.9	421	328
GCA_050253135_1__dsrA__JBFWJP010000222.1_2	A0ABS1E8E7|dsrA|oxidative|Halorhodospira_neutriphila	40.0	403	321
GCA_050253135_1__dsrA__JBFWJP010000222.1_2	E0D1Z2|dsrA|oxidative|Thiocapsa_marina	38.9	298	236
GCA_050253135_1__dsrA__JBFWJP010000222.1_2	Q251E3|dsrB|reductive|Desulfitobacterium_hafniense	23.4	282	77.8
GCA_050253135_1__dsrA__JBFWJP010000222.1_2	A0ABT8QNA5|dsrB|reductive|Desulfosporosinus_nitroreducens	24.0	283	76.6
GCA_050253135_1__dsrA__JBFWJP010000222.1_2	Q8KE39|dsrB|oxidative|Chlorobaculum_tepidum	24.1	291	75.1
GCA_050253135_1__dsrA__JBFWJP010000222.1_2	A1BCS2|dsrB|oxidative|Chlorobium_phaeobacteroides	24.1	291	73.9
GCA_050253135_1__dsrA__JBFWJP010000222.1_2	B5YIF3|dsrB|reductive|Thermodesulfovibrio_yellowstonii	25.5	274	73.6
GCA_050253135_1__dsrA__JBFWJP010000222.1_2	A0A5C4RYG3|dsrB|oxidative|Chlorobaculum_thiosulfatiphilum	23.7	291	72.4
GCA_050253135_1__dsrA__JBFWJP010000222.1_2	Q9K5B4|dsrB|reductive|Desulfobacter_vibrioformis	23.9	314	64.3
GCA_050253135_1__dsrA__JBFWJP010000222.1_2	O33999|dsrB|oxidative|Allochromatium_vinosum	24.0	275	63.9
GCA_050253135_1__dsrA__JBFWJP010000222.1_2	A0L9L5|dsrB|oxidative|Magnetococcus_marinus	23.2	280	62.4
GCA_050253135_1__dsrA__JBFWJP010000222.1_2	A0A9X0WG77|dsrB|oxidative|Thiocapsa_imhoffii	23.6	275	60.8
GCA_050253135_1__dsrA__JBFWJP010000222.1_2	A0ABS1E5W7|dsrB|oxidative|Halorhodospira_neutriphila	23.5	272	60.5
GCA_050253135_1__dsrA__JBFWJP010000222.1_2	S0G5M9|dsrB|reductive|Desulfotignum_phosphitoxidans_DSM_13687	19.9	327	59.7
GCA_050253135_1__dsrA__JBFWJP010000222.1_2	L0DSF9|dsrB|oxidative|Thioalkalivibrio_nitratireducens	22.5	271	57.0
GCA_050253135_1__dsrA__JBFWJP010000222.1_2	A0ABY9MNZ8|dsrB|oxidative|Thiothrix_lacustris	22.2	275	50.1
GCA_050253135_1__dsrA__JBFWJP010000222.1_2	E1QFJ3|dsrB|reductive|Desulfarculus_baarsii	22.6	288	49.3
GCA_050253135_1__dsrB__JBFWJP010000113.1_2	E1QFJ3|dsrB|reductive|Desulfarculus_baarsii	58.5	349	462
GCA_050253135_1__dsrB__JBFWJP010000113.1_2	B5YIF3|dsrB|reductive|Thermodesulfovibrio_yellowstonii	60.1	346	455
GCA_050253135_1__dsrB__JBFWJP010000113.1_2	A4J9D5|dsrB|reductive|Desulforamulus_reducens	60.3	343	452
GCA_050253135_1__dsrB__JBFWJP010000113.1_2	N0BL33|dsrB|reductive|Archaeoglobus_sulfaticallidus_PM70-1	57.7	357	451
GCA_050253135_1__dsrB__JBFWJP010000113.1_2	Q251E3|dsrB|reductive|Desulfitobacterium_hafniense	57.9	347	440
GCA_050253135_1__dsrB__JBFWJP010000113.1_2	Q9K5B8|dsrB|reductive|Desulfobulbus_rhabdoformis	57.3	351	428
GCA_050253135_1__dsrB__JBFWJP010000113.1_2	A0ABT8QNA5|dsrB|reductive|Desulfosporosinus_nitroreducens	55.3	347	424
GCA_050253135_1__dsrB__JBFWJP010000113.1_2	Q59110|dsrB|reductive|Archaeoglobus_fulgidus	54.2	345	417
GCA_050253135_1__dsrB__JBFWJP010000113.1_2	Q9F4A2|dsrB|reductive|Desulfovibrio_desulfuricans	54.6	350	414
GCA_050253135_1__dsrB__JBFWJP010000113.1_2	T2G8V8|dsrB|reductive|Megalodesulfovibrio_gigas	52.6	350	412
GCA_050253135_1__dsrB__JBFWJP010000113.1_2	P45575|dsrB|reductive|Nitratidesulfovibrio_vulgaris	52.1	353	407
GCA_050253135_1__dsrB__JBFWJP010000113.1_2	Q9K5B4|dsrB|reductive|Desulfobacter_vibrioformis	51.3	351	402
GCA_050253135_1__dsrB__JBFWJP010000113.1_2	S0G5M9|dsrB|reductive|Desulfotignum_phosphitoxidans_DSM_13687	49.9	351	397
GCA_050253135_1__dsrB__JBFWJP010000113.1_2	A1BCS2|dsrB|oxidative|Chlorobium_phaeobacteroides	51.3	353	396
GCA_050253135_1__dsrB__JBFWJP010000113.1_2	A0L9L5|dsrB|oxidative|Magnetococcus_marinus	49.9	357	381
GCA_050253135_1__dsrB__JBFWJP010000113.1_2	Q8KE39|dsrB|oxidative|Chlorobaculum_tepidum	49.6	355	379
GCA_050253135_1__dsrB__JBFWJP010000113.1_2	A0A5C4RYG3|dsrB|oxidative|Chlorobaculum_thiosulfatiphilum	49.3	355	375
GCA_050253135_1__dsrB__JBFWJP010000113.1_2	A0ABS1E5W7|dsrB|oxidative|Halorhodospira_neutriphila	49.7	348	367
GCA_050253135_1__dsrB__JBFWJP010000113.1_2	A0A9X0WG77|dsrB|oxidative|Thiocapsa_imhoffii	48.3	348	366
GCA_050253135_1__dsrB__JBFWJP010000113.1_2	O33999|dsrB|oxidative|Allochromatium_vinosum	47.7	348	363
GCA_050253135_1__dsrB__JBFWJP010000113.1_2	A0ABY9MNZ8|dsrB|oxidative|Thiothrix_lacustris	47.1	348	361
GCA_050253135_1__dsrB__JBFWJP010000113.1_2	L0DSF9|dsrB|oxidative|Thioalkalivibrio_nitratireducens	46.3	348	354
GCA_050253135_1__dsrB__JBFWJP010000113.1_2	A0ABS1E8E7|dsrA|oxidative|Halorhodospira_neutriphila	25.4	283	92.4
GCA_050253135_1__dsrB__JBFWJP010000113.1_2	B5YIF2|dsrA|reductive|Thermodesulfovibrio_yellowstonii	26.0	312	86.7
GCA_050253135_1__dsrB__JBFWJP010000113.1_2	N0BK96|dsrA|reductive|Archaeoglobus_sulfaticallidus_PM70-1	27.0	293	84.7
GCA_050253135_1__dsrB__JBFWJP010000113.1_2	E0D1Z2|dsrA|oxidative|Thiocapsa_marina	24.1	274	79.7
GCA_050253135_1__dsrB__JBFWJP010000113.1_2	A0L9L4|dsrA|oxidative|Magnetococcus_marinus	23.4	282	75.5
GCA_050253135_1__dsrB__JBFWJP010000113.1_2	Q9K5B5|dsrA|reductive|Desulfobacter_vibrioformis	23.5	345	66.6
GCA_050253135_1__dsrB__JBFWJP010000113.1_2	A0ABT8QKK2|dsrA|reductive|Desulfosporosinus_nitroreducens	23.8	303	64.7
GCA_050253135_1__dsrB__JBFWJP010000113.1_2	T2G7Q3|dsrA|reductive|Megalodesulfovibrio_gigas	22.7	255	60.1
GCA_050253135_1__dsrB__JBFWJP010000113.1_2	S0FXQ9|dsrA|reductive|Desulfotignum_phosphitoxidans_DSM_13687	24.9	257	58.9
GCA_050253135_1__dsrB__JBFWJP010000113.1_2	Q5ZQS3|dsrA|reductive|Desulfomicrobium_baculatum	23.2	315	53.5
GCA_050253135_1__dsrB__JBFWJP010000113.1_2	Q93EU9|dsrA|reductive|Desulfarculus_baarsii	21.7	304	51.6
GCA_050253135_1__dsrB__JBFWJP010000113.1_2	Q93EV7|dsrA|reductive|Thermodesulfobacterium_commune	21.4	299	48.5
GCA_903823385_1__dsrA__CAIJST010000182.1_4	A1BCS1|dsrA|oxidative|Chlorobium_phaeobacteroides	84.9	417	763
GCA_903823385_1__dsrA__CAIJST010000182.1_4	Q8K5E9|dsrA|oxidative|Chlorobaculum_tepidum	82.2	399	719
GCA_903823385_1__dsrA__CAIJST010000182.1_4	A0A5C4RXN4|dsrA|oxidative|Chlorobaculum_thiosulfatiphilum	80.6	402	706
GCA_903823385_1__dsrA__CAIJST010000182.1_4	A0L9L4|dsrA|oxidative|Magnetococcus_marinus	64.6	396	557
GCA_903823385_1__dsrA__CAIJST010000182.1_4	O33998|dsrA|oxidative|Allochromatium_vinosum	53.3	390	462
GCA_903823385_1__dsrA__CAIJST010000182.1_4	A0ABS1E8E7|dsrA|oxidative|Halorhodospira_neutriphila	51.5	392	451
GCA_903823385_1__dsrA__CAIJST010000182.1_4	A0ABY9MRG6|dsrA|oxidative|Thiothrix_lacustris	49.3	404	432
GCA_903823385_1__dsrA__CAIJST010000182.1_4	N0BK96|dsrA|reductive|Archaeoglobus_sulfaticallidus_PM70-1	49.7	386	397
GCA_903823385_1__dsrA__CAIJST010000182.1_4	Q251E4|dsrA|reductive|Desulfitobacterium_hafniense	49.0	386	396
GCA_903823385_1__dsrA__CAIJST010000182.1_4	A0ABT8QKK2|dsrA|reductive|Desulfosporosinus_nitroreducens	47.7	386	389
GCA_903823385_1__dsrA__CAIJST010000182.1_4	Q59109|dsrA|reductive|Archaeoglobus_fulgidus	46.6	401	387
GCA_903823385_1__dsrA__CAIJST010000182.1_4	Q9K5B9|dsrA|reductive|Desulfobulbus_rhabdoformis	41.5	400	356
GCA_903823385_1__dsrA__CAIJST010000182.1_4	E0D1Z2|dsrA|oxidative|Thiocapsa_marina	53.2	280	341
GCA_903823385_1__dsrA__CAIJST010000182.1_4	Q9F4A3|dsrA|reductive|Desulfovibrio_desulfuricans	42.4	413	338
GCA_903823385_1__dsrA__CAIJST010000182.1_4	T2G7Q3|dsrA|reductive|Megalodesulfovibrio_gigas	40.9	418	332
GCA_903823385_1__dsrA__CAIJST010000182.1_4	B5YIF2|dsrA|reductive|Thermodesulfovibrio_yellowstonii	41.6	385	329
GCA_903823385_1__dsrA__CAIJST010000182.1_4	Q5ZQT9|dsrA|reductive|Archaeoglobus_veneficus	45.1	335	326
GCA_903823385_1__dsrA__CAIJST010000182.1_4	S0FXQ9|dsrA|reductive|Desulfotignum_phosphitoxidans_DSM_13687	39.7	413	327
GCA_903823385_1__dsrA__CAIJST010000182.1_4	P45574|dsrA|reductive|Nitratidesulfovibrio_vulgaris	41.2	413	326
GCA_903823385_1__dsrA__CAIJST010000182.1_4	Q9K5B5|dsrA|reductive|Desulfobacter_vibrioformis	40.5	412	322
GCA_903823385_1__dsrA__CAIJST010000182.1_4	Q93EU9|dsrA|reductive|Desulfarculus_baarsii	42.6	345	306
GCA_903823385_1__dsrA__CAIJST010000182.1_4	Q5ZQS3|dsrA|reductive|Desulfomicrobium_baculatum	40.8	346	293
GCA_903823385_1__dsrA__CAIJST010000182.1_4	Q5ZQR5|dsrA|reductive|Desulfosudis_oleivorans	42.2	346	290
GCA_903823385_1__dsrA__CAIJST010000182.1_4	Q93EV7|dsrA|reductive|Thermodesulfobacterium_commune	38.9	350	268
GCA_903823385_1__dsrA__CAIJST010000182.1_4	A0ABT8QNA5|dsrB|reductive|Desulfosporosinus_nitroreducens	23.8	303	82.0
GCA_903823385_1__dsrA__CAIJST010000182.1_4	Q9F4A2|dsrB|reductive|Desulfovibrio_desulfuricans	23.7	308	80.5
GCA_903823385_1__dsrA__CAIJST010000182.1_4	Q59110|dsrB|reductive|Archaeoglobus_fulgidus	21.2	302	79.0
GCA_903823385_1__dsrA__CAIJST010000182.1_4	Q251E3|dsrB|reductive|Desulfitobacterium_hafniense	23.2	314	78.6
GCA_903823385_1__dsrA__CAIJST010000182.1_4	P45575|dsrB|reductive|Nitratidesulfovibrio_vulgaris	22.4	339	77.0
GCA_903823385_1__dsrA__CAIJST010000182.1_4	N0BL33|dsrB|reductive|Archaeoglobus_sulfaticallidus_PM70-1	22.8	324	76.6
GCA_903823385_1__dsrA__CAIJST010000182.1_4	B5YIF3|dsrB|reductive|Thermodesulfovibrio_yellowstonii	24.8	290	75.5
GCA_903823385_1__dsrA__CAIJST010000182.1_4	A4J9D5|dsrB|reductive|Desulforamulus_reducens	23.7	274	71.6
GCA_903823385_1__dsrA__CAIJST010000182.1_4	Q8KE39|dsrB|oxidative|Chlorobaculum_tepidum	24.2	289	70.5
GCA_903823385_1__dsrA__CAIJST010000182.1_4	A1BCS2|dsrB|oxidative|Chlorobium_phaeobacteroides	24.7	288	67.8
GCA_903823385_1__dsrA__CAIJST010000182.1_4	A0L9L5|dsrB|oxidative|Magnetococcus_marinus	24.2	297	67.4
GCA_903823385_1__dsrA__CAIJST010000182.1_4	A0A5C4RYG3|dsrB|oxidative|Chlorobaculum_thiosulfatiphilum	24.0	288	67.4
GCA_903823385_1__dsrA__CAIJST010000182.1_4	T2G8V8|dsrB|reductive|Megalodesulfovibrio_gigas	23.1	308	66.6
GCA_903823385_1__dsrA__CAIJST010000182.1_4	Q9K5B8|dsrB|reductive|Desulfobulbus_rhabdoformis	25.0	308	65.5
GCA_903823385_1__dsrA__CAIJST010000182.1_4	A0ABS1E5W7|dsrB|oxidative|Halorhodospira_neutriphila	23.6	275	65.1
GCA_903823385_1__dsrA__CAIJST010000182.1_4	Q9K5B4|dsrB|reductive|Desulfobacter_vibrioformis	22.1	330	64.3
GCA_903823385_1__dsrA__CAIJST010000182.1_4	E1QFJ3|dsrB|reductive|Desulfarculus_baarsii	24.4	287	61.6
GCA_903823385_1__dsrA__CAIJST010000182.1_4	A0A9X0WG77|dsrB|oxidative|Thiocapsa_imhoffii	21.5	274	55.1
GCA_903823385_1__dsrA__CAIJST010000182.1_4	L0DSF9|dsrB|oxidative|Thioalkalivibrio_nitratireducens	22.2	279	54.3
GCA_903823385_1__dsrA__CAIJST010000182.1_4	O33999|dsrB|oxidative|Allochromatium_vinosum	21.9	274	52.8
GCA_903823385_1__dsrA__CAIJST010000182.1_4	A0ABY9MNZ8|dsrB|oxidative|Thiothrix_lacustris	20.0	275	39.7
GCA_903823385_1__dsrB__CAIJST010000182.1_3	A1BCS2|dsrB|oxidative|Chlorobium_phaeobacteroides	88.9	359	696
GCA_903823385_1__dsrB__CAIJST010000182.1_3	Q8KE39|dsrB|oxidative|Chlorobaculum_tepidum	88.0	359	692
GCA_903823385_1__dsrB__CAIJST010000182.1_3	A0A5C4RYG3|dsrB|oxidative|Chlorobaculum_thiosulfatiphilum	87.5	359	687
GCA_903823385_1__dsrB__CAIJST010000182.1_3	A0L9L5|dsrB|oxidative|Magnetococcus_marinus	70.8	353	546
GCA_903823385_1__dsrB__CAIJST010000182.1_3	O33999|dsrB|oxidative|Allochromatium_vinosum	59.3	349	450
GCA_903823385_1__dsrB__CAIJST010000182.1_3	A0A9X0WG77|dsrB|oxidative|Thiocapsa_imhoffii	57.6	349	446
GCA_903823385_1__dsrB__CAIJST010000182.1_3	L0DSF9|dsrB|oxidative|Thioalkalivibrio_nitratireducens	56.3	359	444
GCA_903823385_1__dsrB__CAIJST010000182.1_3	A0ABY9MNZ8|dsrB|oxidative|Thiothrix_lacustris	54.6	359	431
GCA_903823385_1__dsrB__CAIJST010000182.1_3	A0ABS1E5W7|dsrB|oxidative|Halorhodospira_neutriphila	55.0	349	426
GCA_903823385_1__dsrB__CAIJST010000182.1_3	A0ABT8QNA5|dsrB|reductive|Desulfosporosinus_nitroreducens	49.6	351	362
GCA_903823385_1__dsrB__CAIJST010000182.1_3	N0BL33|dsrB|reductive|Archaeoglobus_sulfaticallidus_PM70-1	46.6	367	357
GCA_903823385_1__dsrB__CAIJST010000182.1_3	Q251E3|dsrB|reductive|Desulfitobacterium_hafniense	47.3	351	355
GCA_903823385_1__dsrB__CAIJST010000182.1_3	A4J9D5|dsrB|reductive|Desulforamulus_reducens	47.0	349	346
GCA_903823385_1__dsrB__CAIJST010000182.1_3	Q59110|dsrB|reductive|Archaeoglobus_fulgidus	48.4	341	340
GCA_903823385_1__dsrB__CAIJST010000182.1_3	E1QFJ3|dsrB|reductive|Desulfarculus_baarsii	44.4	354	331
GCA_903823385_1__dsrB__CAIJST010000182.1_3	Q9F4A2|dsrB|reductive|Desulfovibrio_desulfuricans	43.8	368	331
GCA_903823385_1__dsrB__CAIJST010000182.1_3	Q9K5B8|dsrB|reductive|Desulfobulbus_rhabdoformis	44.1	363	330
GCA_903823385_1__dsrB__CAIJST010000182.1_3	P45575|dsrB|reductive|Nitratidesulfovibrio_vulgaris	43.8	365	329
GCA_903823385_1__dsrB__CAIJST010000182.1_3	S0G5M9|dsrB|reductive|Desulfotignum_phosphitoxidans_DSM_13687	43.4	366	325
GCA_903823385_1__dsrB__CAIJST010000182.1_3	B5YIF3|dsrB|reductive|Thermodesulfovibrio_yellowstonii	44.0	357	324
GCA_903823385_1__dsrB__CAIJST010000182.1_3	T2G8V8|dsrB|reductive|Megalodesulfovibrio_gigas	41.9	365	321
GCA_903823385_1__dsrB__CAIJST010000182.1_3	Q9K5B4|dsrB|reductive|Desulfobacter_vibrioformis	42.9	366	320
GCA_903823385_1__dsrB__CAIJST010000182.1_3	A0ABY9MRG6|dsrA|oxidative|Thiothrix_lacustris	21.4	336	83.2
GCA_903823385_1__dsrB__CAIJST010000182.1_3	O33998|dsrA|oxidative|Allochromatium_vinosum	22.3	341	78.2
GCA_903823385_1__dsrB__CAIJST010000182.1_3	E0D1Z2|dsrA|oxidative|Thiocapsa_marina	20.7	285	68.9
GCA_903823385_1__dsrB__CAIJST010000182.1_3	N0BK96|dsrA|reductive|Archaeoglobus_sulfaticallidus_PM70-1	22.1	289	68.9
GCA_903823385_1__dsrB__CAIJST010000182.1_3	B5YIF2|dsrA|reductive|Thermodesulfovibrio_yellowstonii	22.7	322	62.8
GCA_903823385_1__dsrB__CAIJST010000182.1_3	Q8K5E9|dsrA|oxidative|Chlorobaculum_tepidum	23.0	291	61.6
GCA_903823385_1__dsrB__CAIJST010000182.1_3	A0A5C4RXN4|dsrA|oxidative|Chlorobaculum_thiosulfatiphilum	22.2	288	60.8
GCA_903823385_1__dsrB__CAIJST010000182.1_3	A0ABS1E8E7|dsrA|oxidative|Halorhodospira_neutriphila	21.2	292	58.9
GCA_903823385_1__dsrB__CAIJST010000182.1_3	A0L9L4|dsrA|oxidative|Magnetococcus_marinus	19.0	284	58.2
GCA_903823385_1__dsrB__CAIJST010000182.1_3	A1BCS1|dsrA|oxidative|Chlorobium_phaeobacteroides	21.2	288	57.4
GCA_903823385_1__dsrB__CAIJST010000182.1_3	Q59109|dsrA|reductive|Archaeoglobus_fulgidus	22.3	287	56.6
GCA_903823385_1__dsrB__CAIJST010000182.1_3	Q251E4|dsrA|reductive|Desulfitobacterium_hafniense	22.0	304	56.2
GCA_903823385_1__dsrB__CAIJST010000182.1_3	A0ABT8QKK2|dsrA|reductive|Desulfosporosinus_nitroreducens	20.3	310	54.7
GCA_903823385_1__dsrB__CAIJST010000182.1_3	S0FXQ9|dsrA|reductive|Desulfotignum_phosphitoxidans_DSM_13687	20.8	313	45.8
GCA_903823385_1__dsrB__CAIJST010000182.1_3	Q5ZQR5|dsrA|reductive|Desulfosudis_oleivorans	19.9	241	43.1
GCA_903823385_1__dsrB__CAIJST010000182.1_3	P45574|dsrA|reductive|Nitratidesulfovibrio_vulgaris	20.1	314	39.3
GCA_903823385_1__dsrB__CAIJST010000182.1_3	Q9K5B5|dsrA|reductive|Desulfobacter_vibrioformis	20.6	262	39.3
GCA_903823385_1__dsrB__CAIJST010000182.1_3	Q93EV7|dsrA|reductive|Thermodesulfobacterium_commune	20.9	287	38.9
GCA_903823385_1__dsrB__CAIJST010000182.1_3	Q9K5B9|dsrA|reductive|Desulfobulbus_rhabdoformis	20.8	327	38.5
GCA_903823385_1__dsrB__CAIJST010000182.1_3	T2G7Q3|dsrA|reductive|Megalodesulfovibrio_gigas	19.8	334	38.1
GCA_910595855_1__dsrA__CAJVCJ010000080.1_42	A0ABS1E8E7|dsrA|oxidative|Halorhodospira_neutriphila	59.4	433	543
GCA_910595855_1__dsrA__CAJVCJ010000080.1_42	O33998|dsrA|oxidative|Allochromatium_vinosum	57.2	435	517
GCA_910595855_1__dsrA__CAJVCJ010000080.1_42	A0ABY9MRG6|dsrA|oxidative|Thiothrix_lacustris	56.5	446	505
GCA_910595855_1__dsrA__CAJVCJ010000080.1_42	A0L9L4|dsrA|oxidative|Magnetococcus_marinus	46.9	416	398
GCA_910595855_1__dsrA__CAJVCJ010000080.1_42	Q8K5E9|dsrA|oxidative|Chlorobaculum_tepidum	46.6	410	387
GCA_910595855_1__dsrA__CAJVCJ010000080.1_42	A0A5C4RXN4|dsrA|oxidative|Chlorobaculum_thiosulfatiphilum	46.6	410	382
GCA_910595855_1__dsrA__CAJVCJ010000080.1_42	A1BCS1|dsrA|oxidative|Chlorobium_phaeobacteroides	46.1	410	379
GCA_910595855_1__dsrA__CAJVCJ010000080.1_42	E0D1Z2|dsrA|oxidative|Thiocapsa_marina	57.1	294	360
GCA_910595855_1__dsrA__CAJVCJ010000080.1_42	N0BK96|dsrA|reductive|Archaeoglobus_sulfaticallidus_PM70-1	42.8	421	312
GCA_910595855_1__dsrA__CAJVCJ010000080.1_42	A0ABT8QKK2|dsrA|reductive|Desulfosporosinus_nitroreducens	41.4	411	311
GCA_910595855_1__dsrA__CAJVCJ010000080.1_42	Q251E4|dsrA|reductive|Desulfitobacterium_hafniense	40.1	419	309
GCA_910595855_1__dsrA__CAJVCJ010000080.1_42	Q9K5B9|dsrA|reductive|Desulfobulbus_rhabdoformis	38.6	435	289
GCA_910595855_1__dsrA__CAJVCJ010000080.1_42	S0FXQ9|dsrA|reductive|Desulfotignum_phosphitoxidans_DSM_13687	37.5	445	286
GCA_910595855_1__dsrA__CAJVCJ010000080.1_42	Q9K5B5|dsrA|reductive|Desulfobacter_vibrioformis	37.6	444	281
GCA_910595855_1__dsrA__CAJVCJ010000080.1_42	P45574|dsrA|reductive|Nitratidesulfovibrio_vulgaris	37.4	430	280
GCA_910595855_1__dsrA__CAJVCJ010000080.1_42	T2G7Q3|dsrA|reductive|Megalodesulfovibrio_gigas	37.4	430	276
GCA_910595855_1__dsrA__CAJVCJ010000080.1_42	Q59109|dsrA|reductive|Archaeoglobus_fulgidus	37.1	421	270
GCA_910595855_1__dsrA__CAJVCJ010000080.1_42	B5YIF2|dsrA|reductive|Thermodesulfovibrio_yellowstonii	38.3	423	268
GCA_910595855_1__dsrA__CAJVCJ010000080.1_42	Q9F4A3|dsrA|reductive|Desulfovibrio_desulfuricans	36.5	430	267
GCA_910595855_1__dsrA__CAJVCJ010000080.1_42	Q93EU9|dsrA|reductive|Desulfarculus_baarsii	36.5	364	235
GCA_910595855_1__dsrA__CAJVCJ010000080.1_42	Q93EV7|dsrA|reductive|Thermodesulfobacterium_commune	36.8	389	234
GCA_910595855_1__dsrA__CAJVCJ010000080.1_42	Q5ZQS3|dsrA|reductive|Desulfomicrobium_baculatum	35.4	376	232
GCA_910595855_1__dsrA__CAJVCJ010000080.1_42	Q5ZQR5|dsrA|reductive|Desulfosudis_oleivorans	33.6	375	215
GCA_910595855_1__dsrA__CAJVCJ010000080.1_42	Q5ZQT9|dsrA|reductive|Archaeoglobus_veneficus	35.5	355	213
GCA_910595855_1__dsrA__CAJVCJ010000080.1_42	A0ABT8QNA5|dsrB|reductive|Desulfosporosinus_nitroreducens	24.7	283	80.5
GCA_910595855_1__dsrA__CAJVCJ010000080.1_42	Q251E3|dsrB|reductive|Desulfitobacterium_hafniense	21.6	343	74.7
GCA_910595855_1__dsrA__CAJVCJ010000080.1_42	B5YIF3|dsrB|reductive|Thermodesulfovibrio_yellowstonii	24.0	304	74.3
GCA_910595855_1__dsrA__CAJVCJ010000080.1_42	Q9F4A2|dsrB|reductive|Desulfovibrio_desulfuricans	20.4	333	65.5
GCA_910595855_1__dsrA__CAJVCJ010000080.1_42	P45575|dsrB|reductive|Nitratidesulfovibrio_vulgaris	20.4	333	65.1
GCA_910595855_1__dsrA__CAJVCJ010000080.1_42	A1BCS2|dsrB|oxidative|Chlorobium_phaeobacteroides	20.2	317	63.9
GCA_910595855_1__dsrA__CAJVCJ010000080.1_42	S0G5M9|dsrB|reductive|Desulfotignum_phosphitoxidans_DSM_13687	19.8	338	63.5
GCA_910595855_1__dsrA__CAJVCJ010000080.1_42	Q8KE39|dsrB|oxidative|Chlorobaculum_tepidum	20.0	305	63.2
GCA_910595855_1__dsrA__CAJVCJ010000080.1_42	Q9K5B4|dsrB|reductive|Desulfobacter_vibrioformis	20.5	264	62.8
GCA_910595855_1__dsrA__CAJVCJ010000080.1_42	N0BL33|dsrB|reductive|Archaeoglobus_sulfaticallidus_PM70-1	20.3	325	60.8
GCA_910595855_1__dsrA__CAJVCJ010000080.1_42	T2G8V8|dsrB|reductive|Megalodesulfovibrio_gigas	21.8	266	60.1
GCA_910595855_1__dsrA__CAJVCJ010000080.1_42	A0A5C4RYG3|dsrB|oxidative|Chlorobaculum_thiosulfatiphilum	19.6	301	59.7
GCA_910595855_1__dsrA__CAJVCJ010000080.1_42	A0ABS1E5W7|dsrB|oxidative|Halorhodospira_neutriphila	21.4	327	58.9
GCA_910595855_1__dsrA__CAJVCJ010000080.1_42	E1QFJ3|dsrB|reductive|Desulfarculus_baarsii	21.4	252	57.8
GCA_910595855_1__dsrA__CAJVCJ010000080.1_42	Q9K5B8|dsrB|reductive|Desulfobulbus_rhabdoformis	21.0	257	55.1
GCA_910595855_1__dsrA__CAJVCJ010000080.1_42	A0L9L5|dsrB|oxidative|Magnetococcus_marinus	19.5	313	54.7
GCA_910595855_1__dsrA__CAJVCJ010000080.1_42	L0DSF9|dsrB|oxidative|Thioalkalivibrio_nitratireducens	21.1	289	54.7
GCA_910595855_1__dsrA__CAJVCJ010000080.1_42	Q59110|dsrB|reductive|Archaeoglobus_fulgidus	20.6	311	53.5
GCA_910595855_1__dsrA__CAJVCJ010000080.1_42	A0ABY9MNZ8|dsrB|oxidative|Thiothrix_lacustris	20.9	292	47.4
GCA_910595855_1__dsrB__CAJVCJ010000080.1_41	L0DSF9|dsrB|oxidative|Thioalkalivibrio_nitratireducens	71.8	354	575
GCA_910595855_1__dsrB__CAJVCJ010000080.1_41	A0ABS1E5W7|dsrB|oxidative|Halorhodospira_neutriphila	71.3	362	573
GCA_910595855_1__dsrB__CAJVCJ010000080.1_41	O33999|dsrB|oxidative|Allochromatium_vinosum	70.6	357	563
GCA_910595855_1__dsrB__CAJVCJ010000080.1_41	A0A9X0WG77|dsrB|oxidative|Thiocapsa_imhoffii	70.3	357	562
GCA_910595855_1__dsrB__CAJVCJ010000080.1_41	A0ABY9MNZ8|dsrB|oxidative|Thiothrix_lacustris	71.6	356	562
GCA_910595855_1__dsrB__CAJVCJ010000080.1_41	A0L9L5|dsrB|oxidative|Magnetococcus_marinus	60.2	357	471
GCA_910595855_1__dsrB__CAJVCJ010000080.1_41	Q8KE39|dsrB|oxidative|Chlorobaculum_tepidum	59.3	349	457
GCA_910595855_1__dsrB__CAJVCJ010000080.1_41	A0A5C4RYG3|dsrB|oxidative|Chlorobaculum_thiosulfatiphilum	58.5	349	454
GCA_910595855_1__dsrB__CAJVCJ010000080.1_41	A1BCS2|dsrB|oxidative|Chlorobium_phaeobacteroides	58.2	349	453
GCA_910595855_1__dsrB__CAJVCJ010000080.1_41	A4J9D5|dsrB|reductive|Desulforamulus_reducens	47.2	343	344
GCA_910595855_1__dsrB__CAJVCJ010000080.1_41	N0BL33|dsrB|reductive|Archaeoglobus_sulfaticallidus_PM70-1	44.1	354	328
GCA_910595855_1__dsrB__CAJVCJ010000080.1_41	A0ABT8QNA5|dsrB|reductive|Desulfosporosinus_nitroreducens	44.7	351	324
GCA_910595855_1__dsrB__CAJVCJ010000080.1_41	Q251E3|dsrB|reductive|Desulfitobacterium_hafniense	43.7	348	322
GCA_910595855_1__dsrB__CAJVCJ010000080.1_41	E1QFJ3|dsrB|reductive|Desulfarculus_baarsii	43.3	337	308
GCA_910595855_1__dsrB__CAJVCJ010000080.1_41	Q59110|dsrB|reductive|Archaeoglobus_fulgidus	44.4	333	306
GCA_910595855_1__dsrB__CAJVCJ010000080.1_41	T2G8V8|dsrB|reductive|Megalodesulfovibrio_gigas	44.2	339	306
GCA_910595855_1__dsrB__CAJVCJ010000080.1_41	B5YIF3|dsrB|reductive|Thermodesulfovibrio_yellowstonii	42.5	348	305
GCA_910595855_1__dsrB__CAJVCJ010000080.1_41	Q9K5B8|dsrB|reductive|Desulfobulbus_rhabdoformis	42.8	348	305
GCA_910595855_1__dsrB__CAJVCJ010000080.1_41	P45575|dsrB|reductive|Nitratidesulfovibrio_vulgaris	41.2	354	297
GCA_910595855_1__dsrB__CAJVCJ010000080.1_41	Q9F4A2|dsrB|reductive|Desulfovibrio_desulfuricans	41.8	354	290
GCA_910595855_1__dsrB__CAJVCJ010000080.1_41	Q9K5B4|dsrB|reductive|Desulfobacter_vibrioformis	41.3	358	286
GCA_910595855_1__dsrB__CAJVCJ010000080.1_41	S0G5M9|dsrB|reductive|Desulfotignum_phosphitoxidans_DSM_13687	41.9	358	285
GCA_910595855_1__dsrB__CAJVCJ010000080.1_41	A0ABY9MRG6|dsrA|oxidative|Thiothrix_lacustris	21.3	324	70.9
GCA_910595855_1__dsrB__CAJVCJ010000080.1_41	A0ABS1E8E7|dsrA|oxidative|Halorhodospira_neutriphila	22.2	297	68.6
GCA_910595855_1__dsrB__CAJVCJ010000080.1_41	O33998|dsrA|oxidative|Allochromatium_vinosum	19.8	298	68.2
GCA_910595855_1__dsrB__CAJVCJ010000080.1_41	E0D1Z2|dsrA|oxidative|Thiocapsa_marina	20.9	268	65.9
GCA_910595855_1__dsrB__CAJVCJ010000080.1_41	B5YIF2|dsrA|reductive|Thermodesulfovibrio_yellowstonii	22.2	284	58.9
GCA_910595855_1__dsrB__CAJVCJ010000080.1_41	Q8K5E9|dsrA|oxidative|Chlorobaculum_tepidum	21.7	360	55.5
GCA_910595855_1__dsrB__CAJVCJ010000080.1_41	A1BCS1|dsrA|oxidative|Chlorobium_phaeobacteroides	21.4	365	50.1
GCA_910595855_1__dsrB__CAJVCJ010000080.1_41	A0L9L4|dsrA|oxidative|Magnetococcus_marinus	19.6	276	48.9
GCA_910595855_1__dsrB__CAJVCJ010000080.1_41	N0BK96|dsrA|reductive|Archaeoglobus_sulfaticallidus_PM70-1	20.9	316	47.4
GCA_910595855_1__dsrB__CAJVCJ010000080.1_41	A0A5C4RXN4|dsrA|oxidative|Chlorobaculum_thiosulfatiphilum	20.6	360	45.4
GCA_910595855_1__dsrB__CAJVCJ010000080.1_41	Q251E4|dsrA|reductive|Desulfitobacterium_hafniense	20.7	276	45.1
GCA_910595855_1__dsrB__CAJVCJ010000080.1_41	T2G7Q3|dsrA|reductive|Megalodesulfovibrio_gigas	26.1	138	45.1
GCA_910595855_1__dsrB__CAJVCJ010000080.1_41	Q5ZQR5|dsrA|reductive|Desulfosudis_oleivorans	19.4	304	44.3
GCA_910595855_1__dsrB__CAJVCJ010000080.1_41	A0ABT8QKK2|dsrA|reductive|Desulfosporosinus_nitroreducens	19.7	279	38.1
GCA_944324555_1__dsrB__CALUWU010000067.1_1	Q9F4A2|dsrB|reductive|Desulfovibrio_desulfuricans	90.5	379	739
GCA_944324555_1__dsrB__CALUWU010000067.1_1	P45575|dsrB|reductive|Nitratidesulfovibrio_vulgaris	85.0	379	703
GCA_944324555_1__dsrB__CALUWU010000067.1_1	T2G8V8|dsrB|reductive|Megalodesulfovibrio_gigas	75.7	379	631
GCA_944324555_1__dsrB__CALUWU010000067.1_1	S0G5M9|dsrB|reductive|Desulfotignum_phosphitoxidans_DSM_13687	68.4	380	597
GCA_944324555_1__dsrB__CALUWU010000067.1_1	Q9K5B4|dsrB|reductive|Desulfobacter_vibrioformis	69.2	380	596
GCA_944324555_1__dsrB__CALUWU010000067.1_1	Q9K5B8|dsrB|reductive|Desulfobulbus_rhabdoformis	63.5	378	517
GCA_944324555_1__dsrB__CALUWU010000067.1_1	E1QFJ3|dsrB|reductive|Desulfarculus_baarsii	62.2	368	502
GCA_944324555_1__dsrB__CALUWU010000067.1_1	N0BL33|dsrB|reductive|Archaeoglobus_sulfaticallidus_PM70-1	57.2	376	457
GCA_944324555_1__dsrB__CALUWU010000067.1_1	A4J9D5|dsrB|reductive|Desulforamulus_reducens	56.7	363	446
GCA_944324555_1__dsrB__CALUWU010000067.1_1	Q59110|dsrB|reductive|Archaeoglobus_fulgidus	56.9	376	441
GCA_944324555_1__dsrB__CALUWU010000067.1_1	Q251E3|dsrB|reductive|Desulfitobacterium_hafniense	54.7	364	427
GCA_944324555_1__dsrB__CALUWU010000067.1_1	B5YIF3|dsrB|reductive|Thermodesulfovibrio_yellowstonii	53.8	368	425
GCA_944324555_1__dsrB__CALUWU010000067.1_1	A0ABT8QNA5|dsrB|reductive|Desulfosporosinus_nitroreducens	53.8	364	419
GCA_944324555_1__dsrB__CALUWU010000067.1_1	A1BCS2|dsrB|oxidative|Chlorobium_phaeobacteroides	45.6	373	342
GCA_944324555_1__dsrB__CALUWU010000067.1_1	A0A5C4RYG3|dsrB|oxidative|Chlorobaculum_thiosulfatiphilum	46.0	365	340
GCA_944324555_1__dsrB__CALUWU010000067.1_1	Q8KE39|dsrB|oxidative|Chlorobaculum_tepidum	45.8	365	340
GCA_944324555_1__dsrB__CALUWU010000067.1_1	A0L9L5|dsrB|oxidative|Magnetococcus_marinus	43.9	367	323
GCA_944324555_1__dsrB__CALUWU010000067.1_1	A0ABS1E5W7|dsrB|oxidative|Halorhodospira_neutriphila	45.2	361	314
GCA_944324555_1__dsrB__CALUWU010000067.1_1	L0DSF9|dsrB|oxidative|Thioalkalivibrio_nitratireducens	44.1	354	310
GCA_944324555_1__dsrB__CALUWU010000067.1_1	O33999|dsrB|oxidative|Allochromatium_vinosum	43.8	354	303
GCA_944324555_1__dsrB__CALUWU010000067.1_1	A0A9X0WG77|dsrB|oxidative|Thiocapsa_imhoffii	43.5	354	302
GCA_944324555_1__dsrB__CALUWU010000067.1_1	A0ABY9MNZ8|dsrB|oxidative|Thiothrix_lacustris	43.0	358	296
GCA_944324555_1__dsrB__CALUWU010000067.1_1	A0ABS1E8E7|dsrA|oxidative|Halorhodospira_neutriphila	23.0	304	79.0
GCA_944324555_1__dsrB__CALUWU010000067.1_1	A0L9L4|dsrA|oxidative|Magnetococcus_marinus	24.3	304	72.4
GCA_944324555_1__dsrB__CALUWU010000067.1_1	E0D1Z2|dsrA|oxidative|Thiocapsa_marina	23.3	279	70.5
GCA_944324555_1__dsrB__CALUWU010000067.1_1	Q8K5E9|dsrA|oxidative|Chlorobaculum_tepidum	25.1	311	70.1
GCA_944324555_1__dsrB__CALUWU010000067.1_1	A0A5C4RXN4|dsrA|oxidative|Chlorobaculum_thiosulfatiphilum	24.8	311	65.9
GCA_944324555_1__dsrB__CALUWU010000067.1_1	A1BCS1|dsrA|oxidative|Chlorobium_phaeobacteroides	22.6	310	65.1
GCA_944324555_1__dsrB__CALUWU010000067.1_1	S0FXQ9|dsrA|reductive|Desulfotignum_phosphitoxidans_DSM_13687	20.6	335	48.9
GCA_944324555_1__dsrB__CALUWU010000067.1_1	Q5ZQR5|dsrA|reductive|Desulfosudis_oleivorans	18.9	354	48.1
GCA_944324555_1__dsrB__CALUWU010000067.1_1	Q9K5B5|dsrA|reductive|Desulfobacter_vibrioformis	19.9	366	47.4
GCA_944324555_1__dsrB__CALUWU010000067.1_1	T2G7Q3|dsrA|reductive|Megalodesulfovibrio_gigas	20.1	369	45.4
GCA_944324555_1__dsrB__CALUWU010000067.1_1	Q9F4A3|dsrA|reductive|Desulfovibrio_desulfuricans	20.9	369	44.7
GCA_944324555_1__dsrB__CALUWU010000067.1_1	Q93EU9|dsrA|reductive|Desulfarculus_baarsii	20.8	341	42.7
GCA_945786985_1__dsrA__CALZGC010000088.1_28	Q9K5B9|dsrA|reductive|Desulfobulbus_rhabdoformis	57.9	411	528
GCA_945786985_1__dsrA__CALZGC010000088.1_28	Q251E4|dsrA|reductive|Desulfitobacterium_hafniense	59.1	389	526
GCA_945786985_1__dsrA__CALZGC010000088.1_28	A0ABT8QKK2|dsrA|reductive|Desulfosporosinus_nitroreducens	60.4	389	522
GCA_945786985_1__dsrA__CALZGC010000088.1_28	N0BK96|dsrA|reductive|Archaeoglobus_sulfaticallidus_PM70-1	59.1	386	516
GCA_945786985_1__dsrA__CALZGC010000088.1_28	Q59109|dsrA|reductive|Archaeoglobus_fulgidus	58.5	402	508
GCA_945786985_1__dsrA__CALZGC010000088.1_28	P45574|dsrA|reductive|Nitratidesulfovibrio_vulgaris	56.6	422	498
GCA_945786985_1__dsrA__CALZGC010000088.1_28	Q9K5B5|dsrA|reductive|Desulfobacter_vibrioformis	55.4	424	494
GCA_945786985_1__dsrA__CALZGC010000088.1_28	S0FXQ9|dsrA|reductive|Desulfotignum_phosphitoxidans_DSM_13687	55.3	425	491
GCA_945786985_1__dsrA__CALZGC010000088.1_28	Q9F4A3|dsrA|reductive|Desulfovibrio_desulfuricans	54.5	424	483
GCA_945786985_1__dsrA__CALZGC010000088.1_28	Q93EU9|dsrA|reductive|Desulfarculus_baarsii	62.8	349	480
GCA_945786985_1__dsrA__CALZGC010000088.1_28	T2G7Q3|dsrA|reductive|Megalodesulfovibrio_gigas	53.8	422	481
GCA_945786985_1__dsrA__CALZGC010000088.1_28	B5YIF2|dsrA|reductive|Thermodesulfovibrio_yellowstonii	56.6	385	475
GCA_945786985_1__dsrA__CALZGC010000088.1_28	Q5ZQS3|dsrA|reductive|Desulfomicrobium_baculatum	56.1	358	434
GCA_945786985_1__dsrA__CALZGC010000088.1_28	Q5ZQT9|dsrA|reductive|Archaeoglobus_veneficus	58.9	336	433
GCA_945786985_1__dsrA__CALZGC010000088.1_28	Q5ZQR5|dsrA|reductive|Desulfosudis_oleivorans	56.0	350	429
GCA_945786985_1__dsrA__CALZGC010000088.1_28	Q93EV7|dsrA|reductive|Thermodesulfobacterium_commune	56.2	354	420
GCA_945786985_1__dsrA__CALZGC010000088.1_28	A0L9L4|dsrA|oxidative|Magnetococcus_marinus	47.6	395	395
GCA_945786985_1__dsrA__CALZGC010000088.1_28	Q8K5E9|dsrA|oxidative|Chlorobaculum_tepidum	48.5	388	396
GCA_945786985_1__dsrA__CALZGC010000088.1_28	O33998|dsrA|oxidative|Allochromatium_vinosum	48.5	390	396
GCA_945786985_1__dsrA__CALZGC010000088.1_28	A1BCS1|dsrA|oxidative|Chlorobium_phaeobacteroides	47.4	388	387
GCA_945786985_1__dsrA__CALZGC010000088.1_28	A0A5C4RXN4|dsrA|oxidative|Chlorobaculum_thiosulfatiphilum	47.4	388	384
GCA_945786985_1__dsrA__CALZGC010000088.1_28	A0ABS1E8E7|dsrA|oxidative|Halorhodospira_neutriphila	45.1	397	373
GCA_945786985_1__dsrA__CALZGC010000088.1_28	A0ABY9MRG6|dsrA|oxidative|Thiothrix_lacustris	45.3	402	370
GCA_945786985_1__dsrA__CALZGC010000088.1_28	E0D1Z2|dsrA|oxidative|Thiocapsa_marina	46.9	294	283
GCA_945786985_1__dsrA__CALZGC010000088.1_28	A0ABT8QNA5|dsrB|reductive|Desulfosporosinus_nitroreducens	25.9	293	98.6
GCA_945786985_1__dsrA__CALZGC010000088.1_28	Q251E3|dsrB|reductive|Desulfitobacterium_hafniense	26.4	299	94.7
GCA_945786985_1__dsrA__CALZGC010000088.1_28	B5YIF3|dsrB|reductive|Thermodesulfovibrio_yellowstonii	26.1	283	90.9
GCA_945786985_1__dsrA__CALZGC010000088.1_28	A4J9D5|dsrB|reductive|Desulforamulus_reducens	22.0	336	85.5
GCA_945786985_1__dsrA__CALZGC010000088.1_28	Q8KE39|dsrB|oxidative|Chlorobaculum_tepidum	23.6	305	71.2
GCA_945786985_1__dsrA__CALZGC010000088.1_28	A0A5C4RYG3|dsrB|oxidative|Chlorobaculum_thiosulfatiphilum	23.3	305	71.2
GCA_945786985_1__dsrA__CALZGC010000088.1_28	S0G5M9|dsrB|reductive|Desulfotignum_phosphitoxidans_DSM_13687	23.1	312	70.5
GCA_945786985_1__dsrA__CALZGC010000088.1_28	Q9K5B4|dsrB|reductive|Desulfobacter_vibrioformis	21.8	289	69.7
GCA_945786985_1__dsrA__CALZGC010000088.1_28	L0DSF9|dsrB|oxidative|Thioalkalivibrio_nitratireducens	22.5	285	64.7
GCA_945786985_1__dsrA__CALZGC010000088.1_28	O33999|dsrB|oxidative|Allochromatium_vinosum	22.1	281	64.3
GCA_945786985_1__dsrA__CALZGC010000088.1_28	A0A9X0WG77|dsrB|oxidative|Thiocapsa_imhoffii	22.1	281	64.3
GCA_945786985_1__dsrA__CALZGC010000088.1_28	A1BCS2|dsrB|oxidative|Chlorobium_phaeobacteroides	22.6	287	64.3
GCA_945786985_1__dsrA__CALZGC010000088.1_28	A0L9L5|dsrB|oxidative|Magnetococcus_marinus	22.9	275	63.5
GCA_945786985_1__dsrA__CALZGC010000088.1_28	E1QFJ3|dsrB|reductive|Desulfarculus_baarsii	22.5	289	62.0
GCA_945786985_1__dsrA__CALZGC010000088.1_28	A0ABS1E5W7|dsrB|oxidative|Halorhodospira_neutriphila	20.8	289	62.0
GCA_945786985_1__dsrA__CALZGC010000088.1_28	Q9K5B8|dsrB|reductive|Desulfobulbus_rhabdoformis	23.7	300	62.0
GCA_945786985_1__dsrA__CALZGC010000088.1_28	A0ABY9MNZ8|dsrB|oxidative|Thiothrix_lacustris	22.5	285	60.5
GCA_945786985_1__dsrB__CALZGC010000088.1_29	A4J9D5|dsrB|reductive|Desulforamulus_reducens	61.7	355	480
GCA_945786985_1__dsrB__CALZGC010000088.1_29	E1QFJ3|dsrB|reductive|Desulfarculus_baarsii	57.9	356	459
GCA_945786985_1__dsrB__CALZGC010000088.1_29	N0BL33|dsrB|reductive|Archaeoglobus_sulfaticallidus_PM70-1	56.9	367	459
GCA_945786985_1__dsrB__CALZGC010000088.1_29	B5YIF3|dsrB|reductive|Thermodesulfovibrio_yellowstonii	57.8	353	458
GCA_945786985_1__dsrB__CALZGC010000088.1_29	Q251E3|dsrB|reductive|Desulfitobacterium_hafniense	59.4	350	457
GCA_945786985_1__dsrB__CALZGC010000088.1_29	A0ABT8QNA5|dsrB|reductive|Desulfosporosinus_nitroreducens	57.7	350	444
GCA_945786985_1__dsrB__CALZGC010000088.1_29	Q9K5B8|dsrB|reductive|Desulfobulbus_rhabdoformis	56.6	371	442
GCA_945786985_1__dsrB__CALZGC010000088.1_29	P45575|dsrB|reductive|Nitratidesulfovibrio_vulgaris	54.6	370	436
GCA_945786985_1__dsrB__CALZGC010000088.1_29	Q9F4A2|dsrB|reductive|Desulfovibrio_desulfuricans	54.9	370	433
GCA_945786985_1__dsrB__CALZGC010000088.1_29	S0G5M9|dsrB|reductive|Desulfotignum_phosphitoxidans_DSM_13687	54.7	371	431
GCA_945786985_1__dsrB__CALZGC010000088.1_29	Q59110|dsrB|reductive|Archaeoglobus_fulgidus	54.7	362	427
GCA_945786985_1__dsrB__CALZGC010000088.1_29	Q9K5B4|dsrB|reductive|Desulfobacter_vibrioformis	54.7	371	427
GCA_945786985_1__dsrB__CALZGC010000088.1_29	T2G8V8|dsrB|reductive|Megalodesulfovibrio_gigas	52.2	370	424
GCA_945786985_1__dsrB__CALZGC010000088.1_29	A1BCS2|dsrB|oxidative|Chlorobium_phaeobacteroides	51.4	360	405
GCA_945786985_1__dsrB__CALZGC010000088.1_29	Q8KE39|dsrB|oxidative|Chlorobaculum_tepidum	50.4	361	395
GCA_945786985_1__dsrB__CALZGC010000088.1_29	A0A5C4RYG3|dsrB|oxidative|Chlorobaculum_thiosulfatiphilum	49.6	361	391
GCA_945786985_1__dsrB__CALZGC010000088.1_29	A0L9L5|dsrB|oxidative|Magnetococcus_marinus	49.7	350	380
GCA_945786985_1__dsrB__CALZGC010000088.1_29	L0DSF9|dsrB|oxidative|Thioalkalivibrio_nitratireducens	45.7	359	360
GCA_945786985_1__dsrB__CALZGC010000088.1_29	A0A9X0WG77|dsrB|oxidative|Thiocapsa_imhoffii	47.1	350	360
GCA_945786985_1__dsrB__CALZGC010000088.1_29	A0ABS1E5W7|dsrB|oxidative|Halorhodospira_neutriphila	46.4	362	358
GCA_945786985_1__dsrB__CALZGC010000088.1_29	O33999|dsrB|oxidative|Allochromatium_vinosum	46.9	350	357
GCA_945786985_1__dsrB__CALZGC010000088.1_29	A0ABY9MNZ8|dsrB|oxidative|Thiothrix_lacustris	46.0	350	353
GCA_945786985_1__dsrB__CALZGC010000088.1_29	A0L9L4|dsrA|oxidative|Magnetococcus_marinus	25.9	286	93.2
GCA_945786985_1__dsrB__CALZGC010000088.1_29	A0ABY9MRG6|dsrA|oxidative|Thiothrix_lacustris	24.0	317	93.2
GCA_945786985_1__dsrB__CALZGC010000088.1_29	N0BK96|dsrA|reductive|Archaeoglobus_sulfaticallidus_PM70-1	27.8	299	92.8
GCA_945786985_1__dsrB__CALZGC010000088.1_29	O33998|dsrA|oxidative|Allochromatium_vinosum	25.7	304	89.7
GCA_945786985_1__dsrB__CALZGC010000088.1_29	A0ABS1E8E7|dsrA|oxidative|Halorhodospira_neutriphila	23.4	282	89.0
GCA_945786985_1__dsrB__CALZGC010000088.1_29	E0D1Z2|dsrA|oxidative|Thiocapsa_marina	26.0	289	88.6
GCA_945786985_1__dsrB__CALZGC010000088.1_29	B5YIF2|dsrA|reductive|Thermodesulfovibrio_yellowstonii	26.0	296	82.8
GCA_945786985_1__dsrB__CALZGC010000088.1_29	Q9K5B9|dsrA|reductive|Desulfobulbus_rhabdoformis	23.0	339	79.3
GCA_945786985_1__dsrB__CALZGC010000088.1_29	Q8K5E9|dsrA|oxidative|Chlorobaculum_tepidum	25.0	284	76.3
GCA_945786985_1__dsrB__CALZGC010000088.1_29	A0A5C4RXN4|dsrA|oxidative|Chlorobaculum_thiosulfatiphilum	25.1	283	76.3
GCA_945786985_1__dsrB__CALZGC010000088.1_29	A1BCS1|dsrA|oxidative|Chlorobium_phaeobacteroides	24.1	282	73.2
GCA_945786985_1__dsrB__CALZGC010000088.1_29	S0FXQ9|dsrA|reductive|Desulfotignum_phosphitoxidans_DSM_13687	24.2	322	73.2
GCA_945786985_1__dsrB__CALZGC010000088.1_29	Q9K5B5|dsrA|reductive|Desulfobacter_vibrioformis	23.4	321	72.4
GCA_945786985_1__dsrB__CALZGC010000088.1_29	T2G7Q3|dsrA|reductive|Megalodesulfovibrio_gigas	25.7	268	70.5
GCA_945786985_1__dsrB__CALZGC010000088.1_29	Q93EV7|dsrA|reductive|Thermodesulfobacterium_commune	25.3	288	68.9
GCA_945786985_1__dsrB__CALZGC010000088.1_29	A0ABT8QKK2|dsrA|reductive|Desulfosporosinus_nitroreducens	23.9	305	67.8
GCA_945786985_1__dsrB__CALZGC010000088.1_29	P45574|dsrA|reductive|Nitratidesulfovibrio_vulgaris	21.9	334	62.0
GCA_945786985_1__dsrB__CALZGC010000088.1_29	Q5ZQS3|dsrA|reductive|Desulfomicrobium_baculatum	23.5	332	59.7
GCA_945786985_1__dsrB__CALZGC010000088.1_29	Q93EU9|dsrA|reductive|Desulfarculus_baarsii	21.0	315	59.3
GCA_945786985_1__dsrB__CALZGC010000088.1_29	Q5ZQR5|dsrA|reductive|Desulfosudis_oleivorans	21.6	250	58.9
GCA_945786985_1__dsrB__CALZGC010000088.1_29	Q9F4A3|dsrA|reductive|Desulfovibrio_desulfuricans	23.1	342	58.9
GCA_945787325_1__dsrA__CALZHP010000074.1_4	Q9K5B9|dsrA|reductive|Desulfobulbus_rhabdoformis	74.6	426	717
GCA_945787325_1__dsrA__CALZHP010000074.1_4	P45574|dsrA|reductive|Nitratidesulfovibrio_vulgaris	65.0	437	618
GCA_945787325_1__dsrA__CALZHP010000074.1_4	Q9K5B5|dsrA|reductive|Desulfobacter_vibrioformis	64.2	439	610
GCA_945787325_1__dsrA__CALZHP010000074.1_4	Q9F4A3|dsrA|reductive|Desulfovibrio_desulfuricans	63.4	437	607
GCA_945787325_1__dsrA__CALZHP010000074.1_4	S0FXQ9|dsrA|reductive|Desulfotignum_phosphitoxidans_DSM_13687	63.6	440	602
GCA_945787325_1__dsrA__CALZHP010000074.1_4	T2G7Q3|dsrA|reductive|Megalodesulfovibrio_gigas	62.2	437	600
GCA_945787325_1__dsrA__CALZHP010000074.1_4	Q5ZQS3|dsrA|reductive|Desulfomicrobium_baculatum	67.9	368	554
GCA_945787325_1__dsrA__CALZHP010000074.1_4	Q5ZQR5|dsrA|reductive|Desulfosudis_oleivorans	65.2	368	527
GCA_945787325_1__dsrA__CALZHP010000074.1_4	Q93EU9|dsrA|reductive|Desulfarculus_baarsii	66.0	373	518
GCA_945787325_1__dsrA__CALZHP010000074.1_4	Q93EV7|dsrA|reductive|Thermodesulfobacterium_commune	64.1	373	516
GCA_945787325_1__dsrA__CALZHP010000074.1_4	Q251E4|dsrA|reductive|Desulfitobacterium_hafniense	56.2	411	490
GCA_945787325_1__dsrA__CALZHP010000074.1_4	A0ABT8QKK2|dsrA|reductive|Desulfosporosinus_nitroreducens	54.6	412	484
GCA_945787325_1__dsrA__CALZHP010000074.1_4	N0BK96|dsrA|reductive|Archaeoglobus_sulfaticallidus_PM70-1	56.0	411	483
GCA_945787325_1__dsrA__CALZHP010000074.1_4	Q59109|dsrA|reductive|Archaeoglobus_fulgidus	53.5	419	473
GCA_945787325_1__dsrA__CALZHP010000074.1_4	B5YIF2|dsrA|reductive|Thermodesulfovibrio_yellowstonii	53.2	408	461
GCA_945787325_1__dsrA__CALZHP010000074.1_4	Q5ZQT9|dsrA|reductive|Archaeoglobus_veneficus	51.5	355	383
GCA_945787325_1__dsrA__CALZHP010000074.1_4	O33998|dsrA|oxidative|Allochromatium_vinosum	45.9	407	375
GCA_945787325_1__dsrA__CALZHP010000074.1_4	A0ABS1E8E7|dsrA|oxidative|Halorhodospira_neutriphila	43.3	413	356
GCA_945787325_1__dsrA__CALZHP010000074.1_4	A0L9L4|dsrA|oxidative|Magnetococcus_marinus	43.0	400	355
GCA_945787325_1__dsrA__CALZHP010000074.1_4	A0ABY9MRG6|dsrA|oxidative|Thiothrix_lacustris	43.0	409	350
GCA_945787325_1__dsrA__CALZHP010000074.1_4	A0A5C4RXN4|dsrA|oxidative|Chlorobaculum_thiosulfatiphilum	43.5	400	349
GCA_945787325_1__dsrA__CALZHP010000074.1_4	Q8K5E9|dsrA|oxidative|Chlorobaculum_tepidum	43.3	400	348
GCA_945787325_1__dsrA__CALZHP010000074.1_4	A1BCS1|dsrA|oxidative|Chlorobium_phaeobacteroides	42.7	398	347
GCA_945787325_1__dsrA__CALZHP010000074.1_4	E0D1Z2|dsrA|oxidative|Thiocapsa_marina	43.8	308	269
GCA_945787325_1__dsrA__CALZHP010000074.1_4	A0ABT8QNA5|dsrB|reductive|Desulfosporosinus_nitroreducens	23.6	246	61.6
GCA_945787325_1__dsrA__CALZHP010000074.1_4	Q251E3|dsrB|reductive|Desulfitobacterium_hafniense	21.5	335	57.4
GCA_945787325_1__dsrA__CALZHP010000074.1_4	B5YIF3|dsrB|reductive|Thermodesulfovibrio_yellowstonii	21.9	319	56.6
GCA_945787325_1__dsrA__CALZHP010000074.1_4	T2G8V8|dsrB|reductive|Megalodesulfovibrio_gigas	20.7	266	50.1
GCA_945787325_1__dsrA__CALZHP010000074.1_4	E1QFJ3|dsrB|reductive|Desulfarculus_baarsii	22.5	275	49.3
GCA_945787325_1__dsrA__CALZHP010000074.1_4	Q9K5B4|dsrB|reductive|Desulfobacter_vibrioformis	20.2	342	47.8
GCA_945787325_1__dsrA__CALZHP010000074.1_4	S0G5M9|dsrB|reductive|Desulfotignum_phosphitoxidans_DSM_13687	19.2	344	45.4
GCA_945787325_1__dsrA__CALZHP010000074.1_4	Q9F4A2|dsrB|reductive|Desulfovibrio_desulfuricans	18.4	266	40.0
GCA_945787325_1__dsrA__CALZHP010000074.1_4	P45575|dsrB|reductive|Nitratidesulfovibrio_vulgaris	19.2	338	38.9
GCA_945787325_1__dsrB__CALZHP010000074.1_3	Q9K5B8|dsrB|reductive|Desulfobulbus_rhabdoformis	76.5	374	614
GCA_945787325_1__dsrB__CALZHP010000074.1_3	E1QFJ3|dsrB|reductive|Desulfarculus_baarsii	66.0	365	525
GCA_945787325_1__dsrB__CALZHP010000074.1_3	Q9K5B4|dsrB|reductive|Desulfobacter_vibrioformis	64.4	376	522
GCA_945787325_1__dsrB__CALZHP010000074.1_3	S0G5M9|dsrB|reductive|Desulfotignum_phosphitoxidans_DSM_13687	63.3	376	521
GCA_945787325_1__dsrB__CALZHP010000074.1_3	Q9F4A2|dsrB|reductive|Desulfovibrio_desulfuricans	61.4	376	508
GCA_945787325_1__dsrB__CALZHP010000074.1_3	T2G8V8|dsrB|reductive|Megalodesulfovibrio_gigas	60.0	380	508
GCA_945787325_1__dsrB__CALZHP010000074.1_3	P45575|dsrB|reductive|Nitratidesulfovibrio_vulgaris	59.6	376	489
GCA_945787325_1__dsrB__CALZHP010000074.1_3	A0ABT8QNA5|dsrB|reductive|Desulfosporosinus_nitroreducens	62.0	358	479
GCA_945787325_1__dsrB__CALZHP010000074.1_3	Q251E3|dsrB|reductive|Desulfitobacterium_hafniense	62.0	358	473
GCA_945787325_1__dsrB__CALZHP010000074.1_3	A4J9D5|dsrB|reductive|Desulforamulus_reducens	61.3	362	472
GCA_945787325_1__dsrB__CALZHP010000074.1_3	N0BL33|dsrB|reductive|Archaeoglobus_sulfaticallidus_PM70-1	55.5	371	452
GCA_945787325_1__dsrB__CALZHP010000074.1_3	B5YIF3|dsrB|reductive|Thermodesulfovibrio_yellowstonii	54.5	363	440
GCA_945787325_1__dsrB__CALZHP010000074.1_3	Q59110|dsrB|reductive|Archaeoglobus_fulgidus	53.3	366	414
GCA_945787325_1__dsrB__CALZHP010000074.1_3	A1BCS2|dsrB|oxidative|Chlorobium_phaeobacteroides	44.9	361	336
GCA_945787325_1__dsrB__CALZHP010000074.1_3	Q8KE39|dsrB|oxidative|Chlorobaculum_tepidum	43.7	359	330
GCA_945787325_1__dsrB__CALZHP010000074.1_3	A0A5C4RYG3|dsrB|oxidative|Chlorobaculum_thiosulfatiphilum	43.5	359	327
GCA_945787325_1__dsrB__CALZHP010000074.1_3	A0ABS1E5W7|dsrB|oxidative|Halorhodospira_neutriphila	45.5	356	322
GCA_945787325_1__dsrB__CALZHP010000074.1_3	O33999|dsrB|oxidative|Allochromatium_vinosum	45.2	356	322
GCA_945787325_1__dsrB__CALZHP010000074.1_3	L0DSF9|dsrB|oxidative|Thioalkalivibrio_nitratireducens	44.9	356	320
GCA_945787325_1__dsrB__CALZHP010000074.1_3	A0A9X0WG77|dsrB|oxidative|Thiocapsa_imhoffii	44.9	356	319
GCA_945787325_1__dsrB__CALZHP010000074.1_3	A0L9L5|dsrB|oxidative|Magnetococcus_marinus	42.9	359	318
GCA_945787325_1__dsrB__CALZHP010000074.1_3	A0ABY9MNZ8|dsrB|oxidative|Thiothrix_lacustris	44.1	365	311
GCA_945787325_1__dsrB__CALZHP010000074.1_3	A0ABS1E8E7|dsrA|oxidative|Halorhodospira_neutriphila	25.6	308	95.9
GCA_945787325_1__dsrB__CALZHP010000074.1_3	A0L9L4|dsrA|oxidative|Magnetococcus_marinus	25.4	291	80.5
GCA_945787325_1__dsrB__CALZHP010000074.1_3	Q8K5E9|dsrA|oxidative|Chlorobaculum_tepidum	25.2	322	80.1
GCA_945787325_1__dsrB__CALZHP010000074.1_3	A0A5C4RXN4|dsrA|oxidative|Chlorobaculum_thiosulfatiphilum	24.2	322	77.0
GCA_945787325_1__dsrB__CALZHP010000074.1_3	E0D1Z2|dsrA|oxidative|Thiocapsa_marina	24.6	280	76.3
GCA_945787325_1__dsrB__CALZHP010000074.1_3	A0ABT8QKK2|dsrA|reductive|Desulfosporosinus_nitroreducens	22.9	315	73.9
GCA_945787325_1__dsrB__CALZHP010000074.1_3	A1BCS1|dsrA|oxidative|Chlorobium_phaeobacteroides	22.8	320	70.5
GCA_945787325_1__dsrB__CALZHP010000074.1_3	N0BK96|dsrA|reductive|Archaeoglobus_sulfaticallidus_PM70-1	21.8	321	60.5
GCA_945787325_1__dsrB__CALZHP010000074.1_3	S0FXQ9|dsrA|reductive|Desulfotignum_phosphitoxidans_DSM_13687	23.2	302	59.7
GCA_945787325_1__dsrB__CALZHP010000074.1_3	Q93EV7|dsrA|reductive|Thermodesulfobacterium_commune	21.0	295	58.5
GCA_945787325_1__dsrB__CALZHP010000074.1_3	Q9K5B5|dsrA|reductive|Desulfobacter_vibrioformis	22.7	251	57.4
GCA_945787325_1__dsrB__CALZHP010000074.1_3	T2G7Q3|dsrA|reductive|Megalodesulfovibrio_gigas	21.0	328	56.6
GCA_945787325_1__dsrB__CALZHP010000074.1_3	Q5ZQR5|dsrA|reductive|Desulfosudis_oleivorans	19.9	337	54.3
GCA_945787325_1__dsrB__CALZHP010000074.1_3	P45574|dsrA|reductive|Nitratidesulfovibrio_vulgaris	21.1	331	53.9
GCA_945787325_1__dsrB__CALZHP010000074.1_3	Q9K5B9|dsrA|reductive|Desulfobulbus_rhabdoformis	21.3	320	51.2
GCA_945787325_1__dsrB__CALZHP010000074.1_3	Q9F4A3|dsrA|reductive|Desulfovibrio_desulfuricans	19.9	332	47.4
GCA_945787325_1__dsrB__CALZHP010000074.1_3	Q93EU9|dsrA|reductive|Desulfarculus_baarsii	22.4	254	45.1
GCA_963663345_2__dsrA__CAXXUU010000002.1_2380	Q9K5B5|dsrA|reductive|Desulfobacter_vibrioformis	97.7	441	935
GCA_963663345_2__dsrA__CAXXUU010000002.1_2380	S0FXQ9|dsrA|reductive|Desulfotignum_phosphitoxidans_DSM_13687	91.2	442	874
GCA_963663345_2__dsrA__CAXXUU010000002.1_2380	T2G7Q3|dsrA|reductive|Megalodesulfovibrio_gigas	71.7	441	709
GCA_963663345_2__dsrA__CAXXUU010000002.1_2380	P45574|dsrA|reductive|Nitratidesulfovibrio_vulgaris	72.3	441	702
GCA_963663345_2__dsrA__CAXXUU010000002.1_2380	Q9F4A3|dsrA|reductive|Desulfovibrio_desulfuricans	68.5	441	667
GCA_963663345_2__dsrA__CAXXUU010000002.1_2380	Q9K5B9|dsrA|reductive|Desulfobulbus_rhabdoformis	66.1	440	634
GCA_963663345_2__dsrA__CAXXUU010000002.1_2380	Q5ZQR5|dsrA|reductive|Desulfosudis_oleivorans	74.5	372	606
GCA_963663345_2__dsrA__CAXXUU010000002.1_2380	Q5ZQS3|dsrA|reductive|Desulfomicrobium_baculatum	72.8	372	593
GCA_963663345_2__dsrA__CAXXUU010000002.1_2380	Q93EV7|dsrA|reductive|Thermodesulfobacterium_commune	60.4	374	483
GCA_963663345_2__dsrA__CAXXUU010000002.1_2380	Q59109|dsrA|reductive|Archaeoglobus_fulgidus	54.2	432	469
GCA_963663345_2__dsrA__CAXXUU010000002.1_2380	Q93EU9|dsrA|reductive|Desulfarculus_baarsii	59.4	377	461
GCA_963663345_2__dsrA__CAXXUU010000002.1_2380	Q251E4|dsrA|reductive|Desulfitobacterium_hafniense	50.9	426	446
GCA_963663345_2__dsrA__CAXXUU010000002.1_2380	N0BK96|dsrA|reductive|Archaeoglobus_sulfaticallidus_PM70-1	52.6	426	441
GCA_963663345_2__dsrA__CAXXUU010000002.1_2380	A0ABT8QKK2|dsrA|reductive|Desulfosporosinus_nitroreducens	49.0	429	437
GCA_963663345_2__dsrA__CAXXUU010000002.1_2380	B5YIF2|dsrA|reductive|Thermodesulfovibrio_yellowstonii	49.7	435	422
GCA_963663345_2__dsrA__CAXXUU010000002.1_2380	Q5ZQT9|dsrA|reductive|Archaeoglobus_veneficus	51.5	357	369
GCA_963663345_2__dsrA__CAXXUU010000002.1_2380	O33998|dsrA|oxidative|Allochromatium_vinosum	41.2	434	358
GCA_963663345_2__dsrA__CAXXUU010000002.1_2380	A0L9L4|dsrA|oxidative|Magnetococcus_marinus	41.5	414	339
GCA_963663345_2__dsrA__CAXXUU010000002.1_2380	A0ABY9MRG6|dsrA|oxidative|Thiothrix_lacustris	39.3	435	338
GCA_963663345_2__dsrA__CAXXUU010000002.1_2380	A0A5C4RXN4|dsrA|oxidative|Chlorobaculum_thiosulfatiphilum	41.8	414	333
GCA_963663345_2__dsrA__CAXXUU010000002.1_2380	Q8K5E9|dsrA|oxidative|Chlorobaculum_tepidum	41.3	414	332
GCA_963663345_2__dsrA__CAXXUU010000002.1_2380	A0ABS1E8E7|dsrA|oxidative|Halorhodospira_neutriphila	39.8	445	330
GCA_963663345_2__dsrA__CAXXUU010000002.1_2380	A1BCS1|dsrA|oxidative|Chlorobium_phaeobacteroides	41.0	412	330
GCA_963663345_2__dsrA__CAXXUU010000002.1_2380	E0D1Z2|dsrA|oxidative|Thiocapsa_marina	40.9	296	249
GCA_963663345_2__dsrA__CAXXUU010000002.1_2380	B5YIF3|dsrB|reductive|Thermodesulfovibrio_yellowstonii	25.6	320	82.0
GCA_963663345_2__dsrA__CAXXUU010000002.1_2380	Q251E3|dsrB|reductive|Desulfitobacterium_hafniense	22.1	330	79.3
GCA_963663345_2__dsrA__CAXXUU010000002.1_2380	N0BL33|dsrB|reductive|Archaeoglobus_sulfaticallidus_PM70-1	23.7	342	75.5
GCA_963663345_2__dsrA__CAXXUU010000002.1_2380	A0ABT8QNA5|dsrB|reductive|Desulfosporosinus_nitroreducens	23.0	239	68.2
GCA_963663345_2__dsrA__CAXXUU010000002.1_2380	E1QFJ3|dsrB|reductive|Desulfarculus_baarsii	21.8	271	58.9
GCA_963663345_2__dsrA__CAXXUU010000002.1_2380	Q59110|dsrB|reductive|Archaeoglobus_fulgidus	21.3	244	58.2
GCA_963663345_2__dsrA__CAXXUU010000002.1_2380	T2G8V8|dsrB|reductive|Megalodesulfovibrio_gigas	22.3	264	57.8
GCA_963663345_2__dsrA__CAXXUU010000002.1_2380	Q9K5B8|dsrB|reductive|Desulfobulbus_rhabdoformis	23.8	252	55.8
GCA_963663345_2__dsrA__CAXXUU010000002.1_2380	P45575|dsrB|reductive|Nitratidesulfovibrio_vulgaris	22.1	263	53.1
GCA_963663345_2__dsrA__CAXXUU010000002.1_2380	A0L9L5|dsrB|oxidative|Magnetococcus_marinus	22.0	327	50.1
GCA_963663345_2__dsrA__CAXXUU010000002.1_2380	S0G5M9|dsrB|reductive|Desulfotignum_phosphitoxidans_DSM_13687	21.6	268	49.7
GCA_963663345_2__dsrA__CAXXUU010000002.1_2380	Q9F4A2|dsrB|reductive|Desulfovibrio_desulfuricans	20.9	268	49.3
GCA_963663345_2__dsrA__CAXXUU010000002.1_2380	Q8KE39|dsrB|oxidative|Chlorobaculum_tepidum	21.0	334	48.9
GCA_963663345_2__dsrA__CAXXUU010000002.1_2380	Q9K5B4|dsrB|reductive|Desulfobacter_vibrioformis	18.6	365	48.1
GCA_963663345_2__dsrA__CAXXUU010000002.1_2380	A0A5C4RYG3|dsrB|oxidative|Chlorobaculum_thiosulfatiphilum	20.4	334	44.3
GCA_963663345_2__dsrA__CAXXUU010000002.1_2380	A0ABS1E5W7|dsrB|oxidative|Halorhodospira_neutriphila	18.8	250	39.7
GCA_963663345_2__dsrA__CAXXUU010000002.1_2380	A1BCS2|dsrB|oxidative|Chlorobium_phaeobacteroides	19.3	336	38.9
GCA_963663345_2__dsrB__CAXXUU010000002.1_2381	Q9K5B4|dsrB|reductive|Desulfobacter_vibrioformis	95.5	382	784
GCA_963663345_2__dsrB__CAXXUU010000002.1_2381	S0G5M9|dsrB|reductive|Desulfotignum_phosphitoxidans_DSM_13687	90.6	382	742
GCA_963663345_2__dsrB__CAXXUU010000002.1_2381	Q9F4A2|dsrB|reductive|Desulfovibrio_desulfuricans	70.7	382	606
GCA_963663345_2__dsrB__CAXXUU010000002.1_2381	P45575|dsrB|reductive|Nitratidesulfovibrio_vulgaris	70.4	382	605
GCA_963663345_2__dsrB__CAXXUU010000002.1_2381	T2G8V8|dsrB|reductive|Megalodesulfovibrio_gigas	68.3	382	581
GCA_963663345_2__dsrB__CAXXUU010000002.1_2381	Q9K5B8|dsrB|reductive|Desulfobulbus_rhabdoformis	63.6	376	516
GCA_963663345_2__dsrB__CAXXUU010000002.1_2381	E1QFJ3|dsrB|reductive|Desulfarculus_baarsii	61.8	372	494
GCA_963663345_2__dsrB__CAXXUU010000002.1_2381	N0BL33|dsrB|reductive|Archaeoglobus_sulfaticallidus_PM70-1	53.7	378	439
GCA_963663345_2__dsrB__CAXXUU010000002.1_2381	A4J9D5|dsrB|reductive|Desulforamulus_reducens	55.5	364	435
GCA_963663345_2__dsrB__CAXXUU010000002.1_2381	Q251E3|dsrB|reductive|Desulfitobacterium_hafniense	53.2	365	419
GCA_963663345_2__dsrB__CAXXUU010000002.1_2381	B5YIF3|dsrB|reductive|Thermodesulfovibrio_yellowstonii	51.5	369	412
GCA_963663345_2__dsrB__CAXXUU010000002.1_2381	Q59110|dsrB|reductive|Archaeoglobus_fulgidus	53.0	372	411
GCA_963663345_2__dsrB__CAXXUU010000002.1_2381	A0ABT8QNA5|dsrB|reductive|Desulfosporosinus_nitroreducens	52.0	367	406
GCA_963663345_2__dsrB__CAXXUU010000002.1_2381	A1BCS2|dsrB|oxidative|Chlorobium_phaeobacteroides	44.8	366	342
GCA_963663345_2__dsrB__CAXXUU010000002.1_2381	Q8KE39|dsrB|oxidative|Chlorobaculum_tepidum	43.0	363	329
GCA_963663345_2__dsrB__CAXXUU010000002.1_2381	A0A5C4RYG3|dsrB|oxidative|Chlorobaculum_thiosulfatiphilum	43.0	363	327
GCA_963663345_2__dsrB__CAXXUU010000002.1_2381	A0L9L5|dsrB|oxidative|Magnetococcus_marinus	41.8	368	311
GCA_963663345_2__dsrB__CAXXUU010000002.1_2381	O33999|dsrB|oxidative|Allochromatium_vinosum	42.4	363	305
GCA_963663345_2__dsrB__CAXXUU010000002.1_2381	A0A9X0WG77|dsrB|oxidative|Thiocapsa_imhoffii	42.1	363	305
GCA_963663345_2__dsrB__CAXXUU010000002.1_2381	A0ABS1E5W7|dsrB|oxidative|Halorhodospira_neutriphila	42.3	371	303
GCA_963663345_2__dsrB__CAXXUU010000002.1_2381	L0DSF9|dsrB|oxidative|Thioalkalivibrio_nitratireducens	41.6	363	300
GCA_963663345_2__dsrB__CAXXUU010000002.1_2381	A0ABY9MNZ8|dsrB|oxidative|Thiothrix_lacustris	41.0	363	293
GCA_963663345_2__dsrB__CAXXUU010000002.1_2381	A0ABS1E8E7|dsrA|oxidative|Halorhodospira_neutriphila	22.3	309	87.0
GCA_963663345_2__dsrB__CAXXUU010000002.1_2381	A0ABT8QKK2|dsrA|reductive|Desulfosporosinus_nitroreducens	22.3	367	81.3
GCA_963663345_2__dsrB__CAXXUU010000002.1_2381	Q8K5E9|dsrA|oxidative|Chlorobaculum_tepidum	23.5	311	78.6
GCA_963663345_2__dsrB__CAXXUU010000002.1_2381	A0L9L4|dsrA|oxidative|Magnetococcus_marinus	22.1	307	75.9
GCA_963663345_2__dsrB__CAXXUU010000002.1_2381	A0A5C4RXN4|dsrA|oxidative|Chlorobaculum_thiosulfatiphilum	23.8	311	75.5
GCA_963663345_2__dsrB__CAXXUU010000002.1_2381	E0D1Z2|dsrA|oxidative|Thiocapsa_marina	23.6	292	72.4
GCA_963663345_2__dsrB__CAXXUU010000002.1_2381	A1BCS1|dsrA|oxidative|Chlorobium_phaeobacteroides	22.2	315	69.3
GCA_963663345_2__dsrB__CAXXUU010000002.1_2381	Q93EV7|dsrA|reductive|Thermodesulfobacterium_commune	22.5	302	60.8
GCA_963663345_2__dsrB__CAXXUU010000002.1_2381	Q9K5B9|dsrA|reductive|Desulfobulbus_rhabdoformis	19.8	344	58.2
GCA_963663345_2__dsrB__CAXXUU010000002.1_2381	Q5ZQR5|dsrA|reductive|Desulfosudis_oleivorans	20.1	343	57.0
GCA_963663345_2__dsrB__CAXXUU010000002.1_2381	S0FXQ9|dsrA|reductive|Desulfotignum_phosphitoxidans_DSM_13687	19.9	346	55.5
GCA_963663345_2__dsrB__CAXXUU010000002.1_2381	Q9K5B5|dsrA|reductive|Desulfobacter_vibrioformis	19.3	269	52.8
GCA_963663345_2__dsrB__CAXXUU010000002.1_2381	T2G7Q3|dsrA|reductive|Megalodesulfovibrio_gigas	19.6	368	52.0
GCA_963663345_2__dsrB__CAXXUU010000002.1_2381	P45574|dsrA|reductive|Nitratidesulfovibrio_vulgaris	18.4	343	50.8
GCA_963663345_2__dsrB__CAXXUU010000002.1_2381	Q9F4A3|dsrA|reductive|Desulfovibrio_desulfuricans	19.8	339	49.7
GCA_963818325_1__dsrA__CAWFRV010000018.1_187	A0ABY9MRG6|dsrA|oxidative|Thiothrix_lacustris	97.6	245	523
GCA_963818325_1__dsrA__CAWFRV010000018.1_187	O33998|dsrA|oxidative|Allochromatium_vinosum	79.9	244	427
GCA_963818325_1__dsrA__CAWFRV010000018.1_187	A0ABS1E8E7|dsrA|oxidative|Halorhodospira_neutriphila	61.4	246	326
GCA_963818325_1__dsrA__CAWFRV010000018.1_187	A0L9L4|dsrA|oxidative|Magnetococcus_marinus	57.3	248	303
GCA_963818325_1__dsrA__CAWFRV010000018.1_187	E0D1Z2|dsrA|oxidative|Thiocapsa_marina	85.4	157	293
GCA_963818325_1__dsrA__CAWFRV010000018.1_187	Q8K5E9|dsrA|oxidative|Chlorobaculum_tepidum	55.7	237	286
GCA_963818325_1__dsrA__CAWFRV010000018.1_187	A0A5C4RXN4|dsrA|oxidative|Chlorobaculum_thiosulfatiphilum	56.1	237	286
GCA_963818325_1__dsrA__CAWFRV010000018.1_187	A1BCS1|dsrA|oxidative|Chlorobium_phaeobacteroides	55.9	238	285
GCA_963818325_1__dsrA__CAWFRV010000018.1_187	N0BK96|dsrA|reductive|Archaeoglobus_sulfaticallidus_PM70-1	47.9	240	252
GCA_963818325_1__dsrA__CAWFRV010000018.1_187	Q59109|dsrA|reductive|Archaeoglobus_fulgidus	46.6	247	241
GCA_963818325_1__dsrA__CAWFRV010000018.1_187	Q9K5B9|dsrA|reductive|Desulfobulbus_rhabdoformis	46.3	242	241
GCA_963818325_1__dsrA__CAWFRV010000018.1_187	Q9F4A3|dsrA|reductive|Desulfovibrio_desulfuricans	45.9	246	226
GCA_963818325_1__dsrA__CAWFRV010000018.1_187	S0FXQ9|dsrA|reductive|Desulfotignum_phosphitoxidans_DSM_13687	43.0	249	224
GCA_963818325_1__dsrA__CAWFRV010000018.1_187	Q251E4|dsrA|reductive|Desulfitobacterium_hafniense	45.4	240	223
GCA_963818325_1__dsrA__CAWFRV010000018.1_187	A0ABT8QKK2|dsrA|reductive|Desulfosporosinus_nitroreducens	44.8	239	223
GCA_963818325_1__dsrA__CAWFRV010000018.1_187	T2G7Q3|dsrA|reductive|Megalodesulfovibrio_gigas	43.3	252	223
GCA_963818325_1__dsrA__CAWFRV010000018.1_187	Q9K5B5|dsrA|reductive|Desulfobacter_vibrioformis	41.8	249	222
GCA_963818325_1__dsrA__CAWFRV010000018.1_187	B5YIF2|dsrA|reductive|Thermodesulfovibrio_yellowstonii	42.7	246	218
GCA_963818325_1__dsrA__CAWFRV010000018.1_187	P45574|dsrA|reductive|Nitratidesulfovibrio_vulgaris	44.7	246	218
GCA_963818325_1__dsrA__CAWFRV010000018.1_187	Q93EU9|dsrA|reductive|Desulfarculus_baarsii	47.3	184	201
GCA_963818325_1__dsrA__CAWFRV010000018.1_187	Q5ZQS3|dsrA|reductive|Desulfomicrobium_baculatum	46.7	182	189
GCA_963818325_1__dsrA__CAWFRV010000018.1_187	Q5ZQT9|dsrA|reductive|Archaeoglobus_veneficus	45.1	184	184
GCA_963818325_1__dsrA__CAWFRV010000018.1_187	Q93EV7|dsrA|reductive|Thermodesulfobacterium_commune	46.4	183	184
GCA_963818325_1__dsrA__CAWFRV010000018.1_187	Q5ZQR5|dsrA|reductive|Desulfosudis_oleivorans	45.3	181	181
GCA_963818325_1__dsrB__CAWFRV010000018.1_185	A0ABY9MNZ8|dsrB|oxidative|Thiothrix_lacustris	97.5	358	753
GCA_963818325_1__dsrB__CAWFRV010000018.1_185	L0DSF9|dsrB|oxidative|Thioalkalivibrio_nitratireducens	82.1	358	653
GCA_963818325_1__dsrB__CAWFRV010000018.1_185	O33999|dsrB|oxidative|Allochromatium_vinosum	81.1	354	640
GCA_963818325_1__dsrB__CAWFRV010000018.1_185	A0A9X0WG77|dsrB|oxidative|Thiocapsa_imhoffii	80.5	354	638
GCA_963818325_1__dsrB__CAWFRV010000018.1_185	A0ABS1E5W7|dsrB|oxidative|Halorhodospira_neutriphila	69.2	357	554
GCA_963818325_1__dsrB__CAWFRV010000018.1_185	A0L9L5|dsrB|oxidative|Magnetococcus_marinus	60.7	349	471
GCA_963818325_1__dsrB__CAWFRV010000018.1_185	A0A5C4RYG3|dsrB|oxidative|Chlorobaculum_thiosulfatiphilum	58.7	349	454
GCA_963818325_1__dsrB__CAWFRV010000018.1_185	A1BCS2|dsrB|oxidative|Chlorobium_phaeobacteroides	57.1	359	451
GCA_963818325_1__dsrB__CAWFRV010000018.1_185	Q8KE39|dsrB|oxidative|Chlorobaculum_tepidum	58.2	349	448
GCA_963818325_1__dsrB__CAWFRV010000018.1_185	A4J9D5|dsrB|reductive|Desulforamulus_reducens	46.8	342	346
GCA_963818325_1__dsrB__CAWFRV010000018.1_185	E1QFJ3|dsrB|reductive|Desulfarculus_baarsii	45.1	348	326
GCA_963818325_1__dsrB__CAWFRV010000018.1_185	N0BL33|dsrB|reductive|Archaeoglobus_sulfaticallidus_PM70-1	43.4	364	326
GCA_963818325_1__dsrB__CAWFRV010000018.1_185	Q251E3|dsrB|reductive|Desulfitobacterium_hafniense	43.3	342	317
GCA_963818325_1__dsrB__CAWFRV010000018.1_185	B5YIF3|dsrB|reductive|Thermodesulfovibrio_yellowstonii	42.8	348	315
GCA_963818325_1__dsrB__CAWFRV010000018.1_185	A0ABT8QNA5|dsrB|reductive|Desulfosporosinus_nitroreducens	43.5	352	312
GCA_963818325_1__dsrB__CAWFRV010000018.1_185	P45575|dsrB|reductive|Nitratidesulfovibrio_vulgaris	42.7	354	306
GCA_963818325_1__dsrB__CAWFRV010000018.1_185	Q59110|dsrB|reductive|Archaeoglobus_fulgidus	43.8	333	303
GCA_963818325_1__dsrB__CAWFRV010000018.1_185	Q9F4A2|dsrB|reductive|Desulfovibrio_desulfuricans	42.7	354	298
GCA_963818325_1__dsrB__CAWFRV010000018.1_185	Q9K5B4|dsrB|reductive|Desulfobacter_vibrioformis	41.8	361	297
GCA_963818325_1__dsrB__CAWFRV010000018.1_185	T2G8V8|dsrB|reductive|Megalodesulfovibrio_gigas	41.8	354	296
GCA_963818325_1__dsrB__CAWFRV010000018.1_185	S0G5M9|dsrB|reductive|Desulfotignum_phosphitoxidans_DSM_13687	41.3	361	296
GCA_963818325_1__dsrB__CAWFRV010000018.1_185	Q9K5B8|dsrB|reductive|Desulfobulbus_rhabdoformis	41.4	348	294
GCA_963818325_1__dsrB__CAWFRV010000018.1_185	A0ABS1E8E7|dsrA|oxidative|Halorhodospira_neutriphila	21.7	277	63.2
GCA_963818325_1__dsrB__CAWFRV010000018.1_185	A0ABY9MRG6|dsrA|oxidative|Thiothrix_lacustris	21.0	328	57.4
GCA_963818325_1__dsrB__CAWFRV010000018.1_185	O33998|dsrA|oxidative|Allochromatium_vinosum	20.7	276	57.0
GCA_963818325_1__dsrB__CAWFRV010000018.1_185	B5YIF2|dsrA|reductive|Thermodesulfovibrio_yellowstonii	23.2	284	55.1
GCA_963818325_1__dsrB__CAWFRV010000018.1_185	E0D1Z2|dsrA|oxidative|Thiocapsa_marina	20.1	268	53.5
GCA_963818325_1__dsrB__CAWFRV010000018.1_185	Q8K5E9|dsrA|oxidative|Chlorobaculum_tepidum	22.5	285	53.5
GCA_963818325_1__dsrB__CAWFRV010000018.1_185	A0L9L4|dsrA|oxidative|Magnetococcus_marinus	20.9	277	51.6
GCA_963818325_1__dsrB__CAWFRV010000018.1_185	N0BK96|dsrA|reductive|Archaeoglobus_sulfaticallidus_PM70-1	22.2	275	49.3
GCA_963818325_1__dsrB__CAWFRV010000018.1_185	A0A5C4RXN4|dsrA|oxidative|Chlorobaculum_thiosulfatiphilum	22.5	293	44.7
GCA_963818325_1__dsrB__CAWFRV010000018.1_185	T2G7Q3|dsrA|reductive|Megalodesulfovibrio_gigas	24.6	138	43.5
GCA_963818325_1__dsrB__CAWFRV010000018.1_185	Q9F4A3|dsrA|reductive|Desulfovibrio_desulfuricans	23.9	138	42.7
GCA_963818325_1__dsrB__CAWFRV010000018.1_185	A1BCS1|dsrA|oxidative|Chlorobium_phaeobacteroides	20.9	277	41.6
GCA_963818325_1__dsrB__CAWFRV010000018.1_185	P45574|dsrA|reductive|Nitratidesulfovibrio_vulgaris	26.1	138	41.6
GCA_963818325_1__dsrB__CAWFRV010000018.1_185	Q5ZQR5|dsrA|reductive|Desulfosudis_oleivorans	23.2	138	38.9
GCA_963818325_1__dsrB__CAWFRV010000018.1_185	Q9K5B9|dsrA|reductive|Desulfobulbus_rhabdoformis	20.7	300	38.5
GCA_964420375_1__dsrA__CAYQTK010000313.1_2	N0BK96|dsrA|reductive|Archaeoglobus_sulfaticallidus_PM70-1	68.0	278	416
GCA_964420375_1__dsrA__CAYQTK010000313.1_2	Q9K5B9|dsrA|reductive|Desulfobulbus_rhabdoformis	64.6	294	402
GCA_964420375_1__dsrA__CAYQTK010000313.1_2	Q59109|dsrA|reductive|Archaeoglobus_fulgidus	65.6	288	400
GCA_964420375_1__dsrA__CAYQTK010000313.1_2	A0ABT8QKK2|dsrA|reductive|Desulfosporosinus_nitroreducens	62.9	278	386
GCA_964420375_1__dsrA__CAYQTK010000313.1_2	Q251E4|dsrA|reductive|Desulfitobacterium_hafniense	62.2	278	384
GCA_964420375_1__dsrA__CAYQTK010000313.1_2	B5YIF2|dsrA|reductive|Thermodesulfovibrio_yellowstonii	64.0	272	375
GCA_964420375_1__dsrA__CAYQTK010000313.1_2	P45574|dsrA|reductive|Nitratidesulfovibrio_vulgaris	59.7	305	365
GCA_964420375_1__dsrA__CAYQTK010000313.1_2	Q9F4A3|dsrA|reductive|Desulfovibrio_desulfuricans	57.0	305	357
GCA_964420375_1__dsrA__CAYQTK010000313.1_2	Q9K5B5|dsrA|reductive|Desulfobacter_vibrioformis	57.0	307	355
GCA_964420375_1__dsrA__CAYQTK010000313.1_2	T2G7Q3|dsrA|reductive|Megalodesulfovibrio_gigas	56.1	305	354
GCA_964420375_1__dsrA__CAYQTK010000313.1_2	S0FXQ9|dsrA|reductive|Desulfotignum_phosphitoxidans_DSM_13687	56.2	308	351
GCA_964420375_1__dsrA__CAYQTK010000313.1_2	Q5ZQT9|dsrA|reductive|Archaeoglobus_veneficus	68.8	221	330
GCA_964420375_1__dsrA__CAYQTK010000313.1_2	Q93EU9|dsrA|reductive|Desulfarculus_baarsii	61.7	235	314
GCA_964420375_1__dsrA__CAYQTK010000313.1_2	Q5ZQS3|dsrA|reductive|Desulfomicrobium_baculatum	57.6	236	295
GCA_964420375_1__dsrA__CAYQTK010000313.1_2	Q5ZQR5|dsrA|reductive|Desulfosudis_oleivorans	55.9	236	280
GCA_964420375_1__dsrA__CAYQTK010000313.1_2	A1BCS1|dsrA|oxidative|Chlorobium_phaeobacteroides	48.4	275	281
GCA_964420375_1__dsrA__CAYQTK010000313.1_2	Q8K5E9|dsrA|oxidative|Chlorobaculum_tepidum	47.7	277	281
GCA_964420375_1__dsrA__CAYQTK010000313.1_2	A0L9L4|dsrA|oxidative|Magnetococcus_marinus	49.5	277	278
GCA_964420375_1__dsrA__CAYQTK010000313.1_2	Q93EV7|dsrA|reductive|Thermodesulfobacterium_commune	57.3	239	276
GCA_964420375_1__dsrA__CAYQTK010000313.1_2	A0A5C4RXN4|dsrA|oxidative|Chlorobaculum_thiosulfatiphilum	47.7	277	275
GCA_964420375_1__dsrA__CAYQTK010000313.1_2	O33998|dsrA|oxidative|Allochromatium_vinosum	47.0	285	273
GCA_964420375_1__dsrA__CAYQTK010000313.1_2	A0ABS1E8E7|dsrA|oxidative|Halorhodospira_neutriphila	47.1	280	271
GCA_964420375_1__dsrA__CAYQTK010000313.1_2	A0ABY9MRG6|dsrA|oxidative|Thiothrix_lacustris	42.1	292	244
GCA_964420375_1__dsrA__CAYQTK010000313.1_2	E0D1Z2|dsrA|oxidative|Thiocapsa_marina	44.4	198	192
GCA_964420375_1__dsrA__CAYQTK010000313.1_2	A1BCS2|dsrB|oxidative|Chlorobium_phaeobacteroides	23.9	142	51.6
GCA_964420375_1__dsrA__CAYQTK010000313.1_2	A0ABS1E5W7|dsrB|oxidative|Halorhodospira_neutriphila	25.3	150	43.9
GCA_964420375_1__dsrA__CAYQTK010000313.1_2	O33999|dsrB|oxidative|Allochromatium_vinosum	25.5	110	42.4
GCA_964420375_1__dsrA__CAYQTK010000313.1_2	A0A9X0WG77|dsrB|oxidative|Thiocapsa_imhoffii	24.5	110	41.2
GCA_964420375_1__dsrA__CAYQTK010000313.1_2	L0DSF9|dsrB|oxidative|Thioalkalivibrio_nitratireducens	21.5	177	40.4
GCA_964420375_1__dsrB__CAYQTK010000279.1_2	A4J9D5|dsrB|reductive|Desulforamulus_reducens	68.8	349	538
GCA_964420375_1__dsrB__CAYQTK010000279.1_2	E1QFJ3|dsrB|reductive|Desulfarculus_baarsii	63.4	352	498
GCA_964420375_1__dsrB__CAYQTK010000279.1_2	Q251E3|dsrB|reductive|Desulfitobacterium_hafniense	61.9	352	497
GCA_964420375_1__dsrB__CAYQTK010000279.1_2	N0BL33|dsrB|reductive|Archaeoglobus_sulfaticallidus_PM70-1	62.0	355	493
GCA_964420375_1__dsrB__CAYQTK010000279.1_2	Q9K5B8|dsrB|reductive|Desulfobulbus_rhabdoformis	62.0	358	486
GCA_964420375_1__dsrB__CAYQTK010000279.1_2	B5YIF3|dsrB|reductive|Thermodesulfovibrio_yellowstonii	60.7	349	483
GCA_964420375_1__dsrB__CAYQTK010000279.1_2	A0ABT8QNA5|dsrB|reductive|Desulfosporosinus_nitroreducens	58.8	352	472
GCA_964420375_1__dsrB__CAYQTK010000279.1_2	Q9K5B4|dsrB|reductive|Desulfobacter_vibrioformis	58.5	364	469
GCA_964420375_1__dsrB__CAYQTK010000279.1_2	P45575|dsrB|reductive|Nitratidesulfovibrio_vulgaris	58.1	363	469
GCA_964420375_1__dsrB__CAYQTK010000279.1_2	S0G5M9|dsrB|reductive|Desulfotignum_phosphitoxidans_DSM_13687	58.2	364	468
GCA_964420375_1__dsrB__CAYQTK010000279.1_2	Q9F4A2|dsrB|reductive|Desulfovibrio_desulfuricans	58.1	363	458
GCA_964420375_1__dsrB__CAYQTK010000279.1_2	T2G8V8|dsrB|reductive|Megalodesulfovibrio_gigas	57.0	363	455
GCA_964420375_1__dsrB__CAYQTK010000279.1_2	Q59110|dsrB|reductive|Archaeoglobus_fulgidus	55.4	359	451
GCA_964420375_1__dsrB__CAYQTK010000279.1_2	A1BCS2|dsrB|oxidative|Chlorobium_phaeobacteroides	49.1	352	372
GCA_964420375_1__dsrB__CAYQTK010000279.1_2	A0A5C4RYG3|dsrB|oxidative|Chlorobaculum_thiosulfatiphilum	47.0	353	358
GCA_964420375_1__dsrB__CAYQTK010000279.1_2	Q8KE39|dsrB|oxidative|Chlorobaculum_tepidum	46.6	352	358
GCA_964420375_1__dsrB__CAYQTK010000279.1_2	A0ABS1E5W7|dsrB|oxidative|Halorhodospira_neutriphila	48.2	353	355
GCA_964420375_1__dsrB__CAYQTK010000279.1_2	A0L9L5|dsrB|oxidative|Magnetococcus_marinus	45.5	352	345
GCA_964420375_1__dsrB__CAYQTK010000279.1_2	A0A9X0WG77|dsrB|oxidative|Thiocapsa_imhoffii	45.4	350	339
GCA_964420375_1__dsrB__CAYQTK010000279.1_2	O33999|dsrB|oxidative|Allochromatium_vinosum	45.4	350	338
GCA_964420375_1__dsrB__CAYQTK010000279.1_2	A0ABY9MNZ8|dsrB|oxidative|Thiothrix_lacustris	44.4	351	334
GCA_964420375_1__dsrB__CAYQTK010000279.1_2	L0DSF9|dsrB|oxidative|Thioalkalivibrio_nitratireducens	44.3	350	333
GCA_964420375_1__dsrB__CAYQTK010000279.1_2	A0L9L4|dsrA|oxidative|Magnetococcus_marinus	28.8	281	106
GCA_964420375_1__dsrB__CAYQTK010000279.1_2	N0BK96|dsrA|reductive|Archaeoglobus_sulfaticallidus_PM70-1	26.9	316	102
GCA_964420375_1__dsrB__CAYQTK010000279.1_2	O33998|dsrA|oxidative|Allochromatium_vinosum	27.1	299	101
GCA_964420375_1__dsrB__CAYQTK010000279.1_2	A0ABS1E8E7|dsrA|oxidative|Halorhodospira_neutriphila	26.0	281	101
GCA_964420375_1__dsrB__CAYQTK010000279.1_2	E0D1Z2|dsrA|oxidative|Thiocapsa_marina	27.3	271	99.8
GCA_964420375_1__dsrB__CAYQTK010000279.1_2	B5YIF2|dsrA|reductive|Thermodesulfovibrio_yellowstonii	27.3	297	99.0
GCA_964420375_1__dsrB__CAYQTK010000279.1_2	A0ABY9MRG6|dsrA|oxidative|Thiothrix_lacustris	24.8	315	95.5
GCA_964420375_1__dsrB__CAYQTK010000279.1_2	Q251E4|dsrA|reductive|Desulfitobacterium_hafniense	26.6	290	94.0
GCA_964420375_1__dsrB__CAYQTK010000279.1_2	A1BCS1|dsrA|oxidative|Chlorobium_phaeobacteroides	26.8	280	91.7
GCA_964420375_1__dsrB__CAYQTK010000279.1_2	Q8K5E9|dsrA|oxidative|Chlorobaculum_tepidum	27.3	282	91.3
GCA_964420375_1__dsrB__CAYQTK010000279.1_2	A0A5C4RXN4|dsrA|oxidative|Chlorobaculum_thiosulfatiphilum	28.3	286	89.7
GCA_964420375_1__dsrB__CAYQTK010000279.1_2	A0ABT8QKK2|dsrA|reductive|Desulfosporosinus_nitroreducens	26.6	308	87.4
GCA_964420375_1__dsrB__CAYQTK010000279.1_2	P45574|dsrA|reductive|Nitratidesulfovibrio_vulgaris	25.4	342	82.0
GCA_964420375_1__dsrB__CAYQTK010000279.1_2	T2G7Q3|dsrA|reductive|Megalodesulfovibrio_gigas	25.1	342	81.6
GCA_964420375_1__dsrB__CAYQTK010000279.1_2	Q9K5B9|dsrA|reductive|Desulfobulbus_rhabdoformis	23.8	323	80.5
GCA_964420375_1__dsrB__CAYQTK010000279.1_2	Q93EV7|dsrA|reductive|Thermodesulfobacterium_commune	25.1	299	79.7
GCA_964420375_1__dsrB__CAYQTK010000279.1_2	Q9F4A3|dsrA|reductive|Desulfovibrio_desulfuricans	24.9	342	77.4
GCA_964420375_1__dsrB__CAYQTK010000279.1_2	Q93EU9|dsrA|reductive|Desulfarculus_baarsii	23.2	327	75.5
GCA_964420375_1__dsrB__CAYQTK010000279.1_2	Q5ZQR5|dsrA|reductive|Desulfosudis_oleivorans	22.5	271	68.9
GCA_964448115_1__dsrA__CAYUVA010000029.1_12	N0BK96|dsrA|reductive|Archaeoglobus_sulfaticallidus_PM70-1	60.8	390	530
GCA_964448115_1__dsrA__CAYUVA010000029.1_12	Q251E4|dsrA|reductive|Desulfitobacterium_hafniense	60.5	392	527
GCA_964448115_1__dsrA__CAYUVA010000029.1_12	Q59109|dsrA|reductive|Archaeoglobus_fulgidus	60.7	397	515
GCA_964448115_1__dsrA__CAYUVA010000029.1_12	A0ABT8QKK2|dsrA|reductive|Desulfosporosinus_nitroreducens	59.2	392	509
GCA_964448115_1__dsrA__CAYUVA010000029.1_12	Q9K5B9|dsrA|reductive|Desulfobulbus_rhabdoformis	56.7	411	507
GCA_964448115_1__dsrA__CAYUVA010000029.1_12	B5YIF2|dsrA|reductive|Thermodesulfovibrio_yellowstonii	60.6	391	505
GCA_964448115_1__dsrA__CAYUVA010000029.1_12	P45574|dsrA|reductive|Nitratidesulfovibrio_vulgaris	55.6	414	485
GCA_964448115_1__dsrA__CAYUVA010000029.1_12	T2G7Q3|dsrA|reductive|Megalodesulfovibrio_gigas	55.6	414	479
GCA_964448115_1__dsrA__CAYUVA010000029.1_12	Q9F4A3|dsrA|reductive|Desulfovibrio_desulfuricans	54.3	414	473
GCA_964448115_1__dsrA__CAYUVA010000029.1_12	Q9K5B5|dsrA|reductive|Desulfobacter_vibrioformis	54.9	421	472
GCA_964448115_1__dsrA__CAYUVA010000029.1_12	S0FXQ9|dsrA|reductive|Desulfotignum_phosphitoxidans_DSM_13687	54.0	422	471
GCA_964448115_1__dsrA__CAYUVA010000029.1_12	Q93EU9|dsrA|reductive|Desulfarculus_baarsii	60.2	347	454
GCA_964448115_1__dsrA__CAYUVA010000029.1_12	Q5ZQS3|dsrA|reductive|Desulfomicrobium_baculatum	57.7	352	439
GCA_964448115_1__dsrA__CAYUVA010000029.1_12	Q5ZQR5|dsrA|reductive|Desulfosudis_oleivorans	57.8	348	428
GCA_964448115_1__dsrA__CAYUVA010000029.1_12	Q5ZQT9|dsrA|reductive|Archaeoglobus_veneficus	57.6	340	424
GCA_964448115_1__dsrA__CAYUVA010000029.1_12	Q93EV7|dsrA|reductive|Thermodesulfobacterium_commune	56.7	356	419
GCA_964448115_1__dsrA__CAYUVA010000029.1_12	A0L9L4|dsrA|oxidative|Magnetococcus_marinus	48.3	385	383
GCA_964448115_1__dsrA__CAYUVA010000029.1_12	O33998|dsrA|oxidative|Allochromatium_vinosum	46.3	389	377
GCA_964448115_1__dsrA__CAYUVA010000029.1_12	A1BCS1|dsrA|oxidative|Chlorobium_phaeobacteroides	48.4	384	373
GCA_964448115_1__dsrA__CAYUVA010000029.1_12	Q8K5E9|dsrA|oxidative|Chlorobaculum_tepidum	47.1	384	370
GCA_964448115_1__dsrA__CAYUVA010000029.1_12	A0ABS1E8E7|dsrA|oxidative|Halorhodospira_neutriphila	45.0	404	369
GCA_964448115_1__dsrA__CAYUVA010000029.1_12	A0A5C4RXN4|dsrA|oxidative|Chlorobaculum_thiosulfatiphilum	45.7	383	361
GCA_964448115_1__dsrA__CAYUVA010000029.1_12	A0ABY9MRG6|dsrA|oxidative|Thiothrix_lacustris	42.8	409	349
GCA_964448115_1__dsrA__CAYUVA010000029.1_12	E0D1Z2|dsrA|oxidative|Thiocapsa_marina	43.7	279	258
GCA_964448115_1__dsrA__CAYUVA010000029.1_12	N0BL33|dsrB|reductive|Archaeoglobus_sulfaticallidus_PM70-1	26.9	331	113
GCA_964448115_1__dsrA__CAYUVA010000029.1_12	Q251E3|dsrB|reductive|Desulfitobacterium_hafniense	25.5	294	100
GCA_964448115_1__dsrA__CAYUVA010000029.1_12	A0ABT8QNA5|dsrB|reductive|Desulfosporosinus_nitroreducens	25.6	328	95.9
GCA_964448115_1__dsrA__CAYUVA010000029.1_12	Q59110|dsrB|reductive|Archaeoglobus_fulgidus	24.4	353	89.0
GCA_964448115_1__dsrA__CAYUVA010000029.1_12	Q8KE39|dsrB|oxidative|Chlorobaculum_tepidum	23.5	289	86.7
GCA_964448115_1__dsrA__CAYUVA010000029.1_12	A0A5C4RYG3|dsrB|oxidative|Chlorobaculum_thiosulfatiphilum	23.2	289	85.9
GCA_964448115_1__dsrA__CAYUVA010000029.1_12	A4J9D5|dsrB|reductive|Desulforamulus_reducens	23.4	329	85.5
GCA_964448115_1__dsrA__CAYUVA010000029.1_12	B5YIF3|dsrB|reductive|Thermodesulfovibrio_yellowstonii	25.1	291	84.7
GCA_964448115_1__dsrA__CAYUVA010000029.1_12	T2G8V8|dsrB|reductive|Megalodesulfovibrio_gigas	24.3	304	83.2
GCA_964448115_1__dsrA__CAYUVA010000029.1_12	A1BCS2|dsrB|oxidative|Chlorobium_phaeobacteroides	23.2	289	80.5
GCA_964448115_1__dsrA__CAYUVA010000029.1_12	P45575|dsrB|reductive|Nitratidesulfovibrio_vulgaris	23.7	299	78.6
GCA_964448115_1__dsrA__CAYUVA010000029.1_12	Q9K5B8|dsrB|reductive|Desulfobulbus_rhabdoformis	24.4	287	76.3
GCA_964448115_1__dsrA__CAYUVA010000029.1_12	Q9F4A2|dsrB|reductive|Desulfovibrio_desulfuricans	22.7	300	75.9
GCA_964448115_1__dsrA__CAYUVA010000029.1_12	S0G5M9|dsrB|reductive|Desulfotignum_phosphitoxidans_DSM_13687	23.1	308	75.1
GCA_964448115_1__dsrA__CAYUVA010000029.1_12	A0ABS1E5W7|dsrB|oxidative|Halorhodospira_neutriphila	23.9	276	73.2
GCA_964448115_1__dsrA__CAYUVA010000029.1_12	Q9K5B4|dsrB|reductive|Desulfobacter_vibrioformis	20.3	310	73.2
GCA_964448115_1__dsrA__CAYUVA010000029.1_12	A0A9X0WG77|dsrB|oxidative|Thiocapsa_imhoffii	23.5	272	72.4
GCA_964448115_1__dsrA__CAYUVA010000029.1_12	L0DSF9|dsrB|oxidative|Thioalkalivibrio_nitratireducens	22.3	274	71.2
GCA_964448115_1__dsrA__CAYUVA010000029.1_12	E1QFJ3|dsrB|reductive|Desulfarculus_baarsii	24.7	283	71.2
GCA_964448115_1__dsrA__CAYUVA010000029.1_12	O33999|dsrB|oxidative|Allochromatium_vinosum	23.2	272	70.9
GCA_964448115_1__dsrA__CAYUVA010000029.1_12	A0ABY9MNZ8|dsrB|oxidative|Thiothrix_lacustris	22.9	275	64.3
GCA_964448115_1__dsrA__CAYUVA010000029.1_12	A0L9L5|dsrB|oxidative|Magnetococcus_marinus	22.4	290	63.2
GCA_964448115_1__dsrB__CAYUVA010000029.1_13	A4J9D5|dsrB|reductive|Desulforamulus_reducens	63.7	355	478
GCA_964448115_1__dsrB__CAYUVA010000029.1_13	N0BL33|dsrB|reductive|Archaeoglobus_sulfaticallidus_PM70-1	58.3	360	453
GCA_964448115_1__dsrB__CAYUVA010000029.1_13	B5YIF3|dsrB|reductive|Thermodesulfovibrio_yellowstonii	56.2	354	452
GCA_964448115_1__dsrB__CAYUVA010000029.1_13	E1QFJ3|dsrB|reductive|Desulfarculus_baarsii	58.4	356	450
GCA_964448115_1__dsrB__CAYUVA010000029.1_13	A0ABT8QNA5|dsrB|reductive|Desulfosporosinus_nitroreducens	56.5	352	441
GCA_964448115_1__dsrB__CAYUVA010000029.1_13	Q251E3|dsrB|reductive|Desulfitobacterium_hafniense	57.4	352	434
GCA_964448115_1__dsrB__CAYUVA010000029.1_13	Q59110|dsrB|reductive|Archaeoglobus_fulgidus	56.7	358	423
GCA_964448115_1__dsrB__CAYUVA010000029.1_13	Q9K5B8|dsrB|reductive|Desulfobulbus_rhabdoformis	55.8	362	421
GCA_964448115_1__dsrB__CAYUVA010000029.1_13	T2G8V8|dsrB|reductive|Megalodesulfovibrio_gigas	51.8	365	409
GCA_964448115_1__dsrB__CAYUVA010000029.1_13	Q9F4A2|dsrB|reductive|Desulfovibrio_desulfuricans	53.2	365	408
GCA_964448115_1__dsrB__CAYUVA010000029.1_13	S0G5M9|dsrB|reductive|Desulfotignum_phosphitoxidans_DSM_13687	51.6	366	404
GCA_964448115_1__dsrB__CAYUVA010000029.1_13	P45575|dsrB|reductive|Nitratidesulfovibrio_vulgaris	52.2	364	402
GCA_964448115_1__dsrB__CAYUVA010000029.1_13	Q9K5B4|dsrB|reductive|Desulfobacter_vibrioformis	51.6	366	400
GCA_964448115_1__dsrB__CAYUVA010000029.1_13	A1BCS2|dsrB|oxidative|Chlorobium_phaeobacteroides	48.7	351	364
GCA_964448115_1__dsrB__CAYUVA010000029.1_13	Q8KE39|dsrB|oxidative|Chlorobaculum_tepidum	48.3	348	356
GCA_964448115_1__dsrB__CAYUVA010000029.1_13	A0A5C4RYG3|dsrB|oxidative|Chlorobaculum_thiosulfatiphilum	47.4	348	350
GCA_964448115_1__dsrB__CAYUVA010000029.1_13	A0ABS1E5W7|dsrB|oxidative|Halorhodospira_neutriphila	45.3	360	338
GCA_964448115_1__dsrB__CAYUVA010000029.1_13	O33999|dsrB|oxidative|Allochromatium_vinosum	45.2	356	337
GCA_964448115_1__dsrB__CAYUVA010000029.1_13	A0A9X0WG77|dsrB|oxidative|Thiocapsa_imhoffii	44.1	356	334
GCA_964448115_1__dsrB__CAYUVA010000029.1_13	A0L9L5|dsrB|oxidative|Magnetococcus_marinus	43.3	353	333
GCA_964448115_1__dsrB__CAYUVA010000029.1_13	L0DSF9|dsrB|oxidative|Thioalkalivibrio_nitratireducens	42.8	348	326
GCA_964448115_1__dsrB__CAYUVA010000029.1_13	A0ABY9MNZ8|dsrB|oxidative|Thiothrix_lacustris	43.1	348	323
GCA_964448115_1__dsrB__CAYUVA010000029.1_13	O33998|dsrA|oxidative|Allochromatium_vinosum	23.7	300	88.2
GCA_964448115_1__dsrB__CAYUVA010000029.1_13	A0ABS1E8E7|dsrA|oxidative|Halorhodospira_neutriphila	23.0	282	87.8
GCA_964448115_1__dsrB__CAYUVA010000029.1_13	A0ABY9MRG6|dsrA|oxidative|Thiothrix_lacustris	22.8	333	85.5
GCA_964448115_1__dsrB__CAYUVA010000029.1_13	N0BK96|dsrA|reductive|Archaeoglobus_sulfaticallidus_PM70-1	25.8	275	84.7
GCA_964448115_1__dsrB__CAYUVA010000029.1_13	Q9K5B9|dsrA|reductive|Desulfobulbus_rhabdoformis	24.5	322	83.2
GCA_964448115_1__dsrB__CAYUVA010000029.1_13	B5YIF2|dsrA|reductive|Thermodesulfovibrio_yellowstonii	27.2	279	82.8
GCA_964448115_1__dsrB__CAYUVA010000029.1_13	A0L9L4|dsrA|oxidative|Magnetococcus_marinus	23.8	282	81.3
GCA_964448115_1__dsrB__CAYUVA010000029.1_13	A0ABT8QKK2|dsrA|reductive|Desulfosporosinus_nitroreducens	25.4	279	81.3
GCA_964448115_1__dsrB__CAYUVA010000029.1_13	E0D1Z2|dsrA|oxidative|Thiocapsa_marina	22.8	272	80.9
GCA_964448115_1__dsrB__CAYUVA010000029.1_13	Q251E4|dsrA|reductive|Desulfitobacterium_hafniense	25.5	286	77.8
GCA_964448115_1__dsrB__CAYUVA010000029.1_13	Q8K5E9|dsrA|oxidative|Chlorobaculum_tepidum	22.7	282	72.8
GCA_964448115_1__dsrB__CAYUVA010000029.1_13	A0A5C4RXN4|dsrA|oxidative|Chlorobaculum_thiosulfatiphilum	24.1	286	72.4
GCA_964448115_1__dsrB__CAYUVA010000029.1_13	A1BCS1|dsrA|oxidative|Chlorobium_phaeobacteroides	22.8	281	72.0
GCA_964448115_1__dsrB__CAYUVA010000029.1_13	Q59109|dsrA|reductive|Archaeoglobus_fulgidus	24.6	333	69.3
GCA_964448115_1__dsrB__CAYUVA010000029.1_13	Q9K5B5|dsrA|reductive|Desulfobacter_vibrioformis	23.9	251	67.0
GCA_964448115_1__dsrB__CAYUVA010000029.1_13	Q93EV7|dsrA|reductive|Thermodesulfobacterium_commune	23.0	287	65.1
GCA_964448115_1__dsrB__CAYUVA010000029.1_13	S0FXQ9|dsrA|reductive|Desulfotignum_phosphitoxidans_DSM_13687	23.1	255	60.1
GCA_964448115_1__dsrB__CAYUVA010000029.1_13	Q5ZQR5|dsrA|reductive|Desulfosudis_oleivorans	21.1	279	56.6
GCA_964448115_1__dsrB__CAYUVA010000029.1_13	T2G7Q3|dsrA|reductive|Megalodesulfovibrio_gigas	21.2	316	54.7
GCA_964448115_1__dsrB__CAYUVA010000029.1_13	Q93EU9|dsrA|reductive|Desulfarculus_baarsii	22.6	297	54.3
GCA_964448115_1__dsrB__CAYUVA010000029.1_13	Q5ZQS3|dsrA|reductive|Desulfomicrobium_baculatum	24.5	314	51.2
GCA_964448115_1__dsrB__CAYUVA010000029.1_13	P45574|dsrA|reductive|Nitratidesulfovibrio_vulgaris	21.3	314	50.1
GCA_964448115_1__dsrB__CAYUVA010000029.1_13	Q9F4A3|dsrA|reductive|Desulfovibrio_desulfuricans	25.9	108	48.5
GCA_964448305_1__dsrA__CAYUWB010000007.1_54	A0ABS1E8E7|dsrA|oxidative|Halorhodospira_neutriphila	61.3	432	547
GCA_964448305_1__dsrA__CAYUWB010000007.1_54	O33998|dsrA|oxidative|Allochromatium_vinosum	59.0	434	521
GCA_964448305_1__dsrA__CAYUWB010000007.1_54	A0ABY9MRG6|dsrA|oxidative|Thiothrix_lacustris	58.2	445	514
GCA_964448305_1__dsrA__CAYUWB010000007.1_54	A0L9L4|dsrA|oxidative|Magnetococcus_marinus	46.0	415	390
GCA_964448305_1__dsrA__CAYUWB010000007.1_54	Q8K5E9|dsrA|oxidative|Chlorobaculum_tepidum	46.4	412	389
GCA_964448305_1__dsrA__CAYUWB010000007.1_54	A1BCS1|dsrA|oxidative|Chlorobium_phaeobacteroides	47.4	411	385
GCA_964448305_1__dsrA__CAYUWB010000007.1_54	A0A5C4RXN4|dsrA|oxidative|Chlorobaculum_thiosulfatiphilum	46.1	412	381
GCA_964448305_1__dsrA__CAYUWB010000007.1_54	E0D1Z2|dsrA|oxidative|Thiocapsa_marina	63.1	293	378
GCA_964448305_1__dsrA__CAYUWB010000007.1_54	Q251E4|dsrA|reductive|Desulfitobacterium_hafniense	42.8	418	321
GCA_964448305_1__dsrA__CAYUWB010000007.1_54	A0ABT8QKK2|dsrA|reductive|Desulfosporosinus_nitroreducens	42.4	413	315
GCA_964448305_1__dsrA__CAYUWB010000007.1_54	N0BK96|dsrA|reductive|Archaeoglobus_sulfaticallidus_PM70-1	43.6	401	312
GCA_964448305_1__dsrA__CAYUWB010000007.1_54	Q9K5B9|dsrA|reductive|Desulfobulbus_rhabdoformis	39.4	437	293
GCA_964448305_1__dsrA__CAYUWB010000007.1_54	Q59109|dsrA|reductive|Archaeoglobus_fulgidus	40.1	424	286
GCA_964448305_1__dsrA__CAYUWB010000007.1_54	S0FXQ9|dsrA|reductive|Desulfotignum_phosphitoxidans_DSM_13687	39.0	439	286
GCA_964448305_1__dsrA__CAYUWB010000007.1_54	P45574|dsrA|reductive|Nitratidesulfovibrio_vulgaris	38.3	454	284
GCA_964448305_1__dsrA__CAYUWB010000007.1_54	Q9K5B5|dsrA|reductive|Desulfobacter_vibrioformis	39.7	438	283
GCA_964448305_1__dsrA__CAYUWB010000007.1_54	B5YIF2|dsrA|reductive|Thermodesulfovibrio_yellowstonii	40.3	427	276
GCA_964448305_1__dsrA__CAYUWB010000007.1_54	Q9F4A3|dsrA|reductive|Desulfovibrio_desulfuricans	38.1	436	274
GCA_964448305_1__dsrA__CAYUWB010000007.1_54	T2G7Q3|dsrA|reductive|Megalodesulfovibrio_gigas	37.8	436	273
GCA_964448305_1__dsrA__CAYUWB010000007.1_54	Q93EU9|dsrA|reductive|Desulfarculus_baarsii	39.3	366	246
GCA_964448305_1__dsrA__CAYUWB010000007.1_54	Q5ZQS3|dsrA|reductive|Desulfomicrobium_baculatum	38.7	372	241
GCA_964448305_1__dsrA__CAYUWB010000007.1_54	Q93EV7|dsrA|reductive|Thermodesulfobacterium_commune	37.6	388	232
GCA_964448305_1__dsrA__CAYUWB010000007.1_54	Q5ZQT9|dsrA|reductive|Archaeoglobus_veneficus	38.4	349	223
GCA_964448305_1__dsrA__CAYUWB010000007.1_54	Q5ZQR5|dsrA|reductive|Desulfosudis_oleivorans	36.8	364	220
GCA_964448305_1__dsrA__CAYUWB010000007.1_54	Q9F4A2|dsrB|reductive|Desulfovibrio_desulfuricans	23.5	332	82.4
GCA_964448305_1__dsrA__CAYUWB010000007.1_54	A0ABT8QNA5|dsrB|reductive|Desulfosporosinus_nitroreducens	24.7	295	81.3
GCA_964448305_1__dsrA__CAYUWB010000007.1_54	P45575|dsrB|reductive|Nitratidesulfovibrio_vulgaris	24.1	332	80.1
GCA_964448305_1__dsrA__CAYUWB010000007.1_54	B5YIF3|dsrB|reductive|Thermodesulfovibrio_yellowstonii	24.8	315	76.6
GCA_964448305_1__dsrA__CAYUWB010000007.1_54	S0G5M9|dsrB|reductive|Desulfotignum_phosphitoxidans_DSM_13687	23.0	339	76.3
GCA_964448305_1__dsrA__CAYUWB010000007.1_54	Q251E3|dsrB|reductive|Desulfitobacterium_hafniense	21.5	317	74.7
GCA_964448305_1__dsrA__CAYUWB010000007.1_54	A1BCS2|dsrB|oxidative|Chlorobium_phaeobacteroides	21.5	317	74.7
GCA_964448305_1__dsrA__CAYUWB010000007.1_54	Q9K5B4|dsrB|reductive|Desulfobacter_vibrioformis	22.7	335	74.3
GCA_964448305_1__dsrA__CAYUWB010000007.1_54	Q8KE39|dsrB|oxidative|Chlorobaculum_tepidum	21.3	305	73.2
GCA_964448305_1__dsrA__CAYUWB010000007.1_54	A0A5C4RYG3|dsrB|oxidative|Chlorobaculum_thiosulfatiphilum	21.6	301	72.0
GCA_964448305_1__dsrA__CAYUWB010000007.1_54	T2G8V8|dsrB|reductive|Megalodesulfovibrio_gigas	23.1	290	70.9
GCA_964448305_1__dsrA__CAYUWB010000007.1_54	N0BL33|dsrB|reductive|Archaeoglobus_sulfaticallidus_PM70-1	22.5	324	70.5
GCA_964448305_1__dsrA__CAYUWB010000007.1_54	Q59110|dsrB|reductive|Archaeoglobus_fulgidus	23.1	325	66.6
GCA_964448305_1__dsrA__CAYUWB010000007.1_54	A0ABS1E5W7|dsrB|oxidative|Halorhodospira_neutriphila	22.8	325	63.9
GCA_964448305_1__dsrA__CAYUWB010000007.1_54	E1QFJ3|dsrB|reductive|Desulfarculus_baarsii	21.8	303	62.8
GCA_964448305_1__dsrA__CAYUWB010000007.1_54	A0L9L5|dsrB|oxidative|Magnetococcus_marinus	20.9	311	60.8
GCA_964448305_1__dsrA__CAYUWB010000007.1_54	O33999|dsrB|oxidative|Allochromatium_vinosum	22.1	299	59.7
GCA_964448305_1__dsrA__CAYUWB010000007.1_54	A0A9X0WG77|dsrB|oxidative|Thiocapsa_imhoffii	22.1	299	59.3
GCA_964448305_1__dsrA__CAYUWB010000007.1_54	L0DSF9|dsrB|oxidative|Thioalkalivibrio_nitratireducens	22.2	288	59.3
GCA_964448305_1__dsrA__CAYUWB010000007.1_54	Q9K5B8|dsrB|reductive|Desulfobulbus_rhabdoformis	22.6	318	59.3
GCA_964448305_1__dsrA__CAYUWB010000007.1_54	A0ABY9MNZ8|dsrB|oxidative|Thiothrix_lacustris	21.5	302	55.1
GCA_964448305_1__dsrB__CAYUWB010000007.1_53	L0DSF9|dsrB|oxidative|Thioalkalivibrio_nitratireducens	73.7	354	598
GCA_964448305_1__dsrB__CAYUWB010000007.1_53	A0ABS1E5W7|dsrB|oxidative|Halorhodospira_neutriphila	73.5	362	596
GCA_964448305_1__dsrB__CAYUWB010000007.1_53	A0A9X0WG77|dsrB|oxidative|Thiocapsa_imhoffii	73.7	357	596
GCA_964448305_1__dsrB__CAYUWB010000007.1_53	O33999|dsrB|oxidative|Allochromatium_vinosum	73.4	357	594
GCA_964448305_1__dsrB__CAYUWB010000007.1_53	A0ABY9MNZ8|dsrB|oxidative|Thiothrix_lacustris	73.3	356	585
GCA_964448305_1__dsrB__CAYUWB010000007.1_53	A0L9L5|dsrB|oxidative|Magnetococcus_marinus	61.3	357	492
GCA_964448305_1__dsrB__CAYUWB010000007.1_53	Q8KE39|dsrB|oxidative|Chlorobaculum_tepidum	59.3	349	467
GCA_964448305_1__dsrB__CAYUWB010000007.1_53	A0A5C4RYG3|dsrB|oxidative|Chlorobaculum_thiosulfatiphilum	58.2	349	461
GCA_964448305_1__dsrB__CAYUWB010000007.1_53	A1BCS2|dsrB|oxidative|Chlorobium_phaeobacteroides	57.9	349	460
GCA_964448305_1__dsrB__CAYUWB010000007.1_53	N0BL33|dsrB|reductive|Archaeoglobus_sulfaticallidus_PM70-1	45.2	354	340
GCA_964448305_1__dsrB__CAYUWB010000007.1_53	A0ABT8QNA5|dsrB|reductive|Desulfosporosinus_nitroreducens	45.3	351	332
GCA_964448305_1__dsrB__CAYUWB010000007.1_53	A4J9D5|dsrB|reductive|Desulforamulus_reducens	44.6	343	327
GCA_964448305_1__dsrB__CAYUWB010000007.1_53	B5YIF3|dsrB|reductive|Thermodesulfovibrio_yellowstonii	46.5	333	324
GCA_964448305_1__dsrB__CAYUWB010000007.1_53	Q251E3|dsrB|reductive|Desulfitobacterium_hafniense	44.3	348	323
GCA_964448305_1__dsrB__CAYUWB010000007.1_53	T2G8V8|dsrB|reductive|Megalodesulfovibrio_gigas	44.0	339	317
GCA_964448305_1__dsrB__CAYUWB010000007.1_53	Q59110|dsrB|reductive|Archaeoglobus_fulgidus	45.1	335	310
GCA_964448305_1__dsrB__CAYUWB010000007.1_53	Q9K5B8|dsrB|reductive|Desulfobulbus_rhabdoformis	44.0	334	310
GCA_964448305_1__dsrB__CAYUWB010000007.1_53	E1QFJ3|dsrB|reductive|Desulfarculus_baarsii	43.0	337	308
GCA_964448305_1__dsrB__CAYUWB010000007.1_53	Q9F4A2|dsrB|reductive|Desulfovibrio_desulfuricans	43.4	339	302
GCA_964448305_1__dsrB__CAYUWB010000007.1_53	Q9K5B4|dsrB|reductive|Desulfobacter_vibrioformis	42.7	358	301
GCA_964448305_1__dsrB__CAYUWB010000007.1_53	P45575|dsrB|reductive|Nitratidesulfovibrio_vulgaris	42.5	339	298
GCA_964448305_1__dsrB__CAYUWB010000007.1_53	S0G5M9|dsrB|reductive|Desulfotignum_phosphitoxidans_DSM_13687	42.2	358	297
GCA_964448305_1__dsrB__CAYUWB010000007.1_53	A0ABS1E8E7|dsrA|oxidative|Halorhodospira_neutriphila	23.1	277	76.6
GCA_964448305_1__dsrB__CAYUWB010000007.1_53	A0ABY9MRG6|dsrA|oxidative|Thiothrix_lacustris	22.2	324	76.6
GCA_964448305_1__dsrB__CAYUWB010000007.1_53	O33998|dsrA|oxidative|Allochromatium_vinosum	22.3	283	72.8
GCA_964448305_1__dsrB__CAYUWB010000007.1_53	E0D1Z2|dsrA|oxidative|Thiocapsa_marina	21.6	269	70.9
GCA_964448305_1__dsrB__CAYUWB010000007.1_53	B5YIF2|dsrA|reductive|Thermodesulfovibrio_yellowstonii	21.6	342	64.3
GCA_964448305_1__dsrB__CAYUWB010000007.1_53	Q8K5E9|dsrA|oxidative|Chlorobaculum_tepidum	21.8	285	58.5
GCA_964448305_1__dsrB__CAYUWB010000007.1_53	A0L9L4|dsrA|oxidative|Magnetococcus_marinus	20.7	276	57.8
GCA_964448305_1__dsrB__CAYUWB010000007.1_53	N0BK96|dsrA|reductive|Archaeoglobus_sulfaticallidus_PM70-1	20.7	314	55.1
GCA_964448305_1__dsrB__CAYUWB010000007.1_53	A1BCS1|dsrA|oxidative|Chlorobium_phaeobacteroides	20.9	358	54.3
GCA_964448305_1__dsrB__CAYUWB010000007.1_53	Q5ZQR5|dsrA|reductive|Desulfosudis_oleivorans	21.7	345	50.4
GCA_964448305_1__dsrB__CAYUWB010000007.1_53	A0A5C4RXN4|dsrA|oxidative|Chlorobaculum_thiosulfatiphilum	20.7	285	50.4
GCA_964448305_1__dsrB__CAYUWB010000007.1_53	T2G7Q3|dsrA|reductive|Megalodesulfovibrio_gigas	27.5	138	47.4
GCA_964448305_1__dsrB__CAYUWB010000007.1_53	A0ABT8QKK2|dsrA|reductive|Desulfosporosinus_nitroreducens	18.8	271	45.1
GCA_964448305_1__dsrB__CAYUWB010000007.1_53	Q9K5B5|dsrA|reductive|Desulfobacter_vibrioformis	20.1	339	42.4
GCA_964448305_1__dsrB__CAYUWB010000007.1_53	P45574|dsrA|reductive|Nitratidesulfovibrio_vulgaris	21.3	348	39.7
GCA_964448305_1__dsrB__CAYUWB010000007.1_53	Q9F4A3|dsrA|reductive|Desulfovibrio_desulfuricans	23.9	138	39.7
GCA_964448305_1__dsrB__CAYUWB010000007.1_53	S0FXQ9|dsrA|reductive|Desulfotignum_phosphitoxidans_DSM_13687	20.9	339	39.7
GCA_964453435_1__dsrA__CAYVQZ010000005.1_27	N0BK96|dsrA|reductive|Archaeoglobus_sulfaticallidus_PM70-1	62.9	396	561
GCA_964453435_1__dsrA__CAYVQZ010000005.1_27	Q251E4|dsrA|reductive|Desulfitobacterium_hafniense	63.8	395	559
GCA_964453435_1__dsrA__CAYVQZ010000005.1_27	A0ABT8QKK2|dsrA|reductive|Desulfosporosinus_nitroreducens	63.3	403	550
GCA_964453435_1__dsrA__CAYVQZ010000005.1_27	Q59109|dsrA|reductive|Archaeoglobus_fulgidus	59.3	420	517
GCA_964453435_1__dsrA__CAYVQZ010000005.1_27	B5YIF2|dsrA|reductive|Thermodesulfovibrio_yellowstonii	58.0	398	493
GCA_964453435_1__dsrA__CAYVQZ010000005.1_27	Q9K5B9|dsrA|reductive|Desulfobulbus_rhabdoformis	53.4	423	481
GCA_964453435_1__dsrA__CAYVQZ010000005.1_27	T2G7Q3|dsrA|reductive|Megalodesulfovibrio_gigas	52.3	430	456
GCA_964453435_1__dsrA__CAYVQZ010000005.1_27	Q9K5B5|dsrA|reductive|Desulfobacter_vibrioformis	53.4	427	456
GCA_964453435_1__dsrA__CAYVQZ010000005.1_27	Q9F4A3|dsrA|reductive|Desulfovibrio_desulfuricans	52.3	430	450
GCA_964453435_1__dsrA__CAYVQZ010000005.1_27	S0FXQ9|dsrA|reductive|Desulfotignum_phosphitoxidans_DSM_13687	52.2	427	447
GCA_964453435_1__dsrA__CAYVQZ010000005.1_27	P45574|dsrA|reductive|Nitratidesulfovibrio_vulgaris	52.3	432	447
GCA_964453435_1__dsrA__CAYVQZ010000005.1_27	Q93EU9|dsrA|reductive|Desulfarculus_baarsii	56.4	360	436
GCA_964453435_1__dsrA__CAYVQZ010000005.1_27	Q5ZQT9|dsrA|reductive|Archaeoglobus_veneficus	57.1	352	431
GCA_964453435_1__dsrA__CAYVQZ010000005.1_27	Q5ZQS3|dsrA|reductive|Desulfomicrobium_baculatum	53.7	361	411
GCA_964453435_1__dsrA__CAYVQZ010000005.1_27	Q5ZQR5|dsrA|reductive|Desulfosudis_oleivorans	53.4	363	404
GCA_964453435_1__dsrA__CAYVQZ010000005.1_27	Q93EV7|dsrA|reductive|Thermodesulfobacterium_commune	54.5	365	402
GCA_964453435_1__dsrA__CAYVQZ010000005.1_27	A0L9L4|dsrA|oxidative|Magnetococcus_marinus	52.4	389	399
GCA_964453435_1__dsrA__CAYVQZ010000005.1_27	A1BCS1|dsrA|oxidative|Chlorobium_phaeobacteroides	50.1	387	397
GCA_964453435_1__dsrA__CAYVQZ010000005.1_27	Q8K5E9|dsrA|oxidative|Chlorobaculum_tepidum	48.6	387	390
GCA_964453435_1__dsrA__CAYVQZ010000005.1_27	A0ABS1E8E7|dsrA|oxidative|Halorhodospira_neutriphila	48.3	389	384
GCA_964453435_1__dsrA__CAYVQZ010000005.1_27	O33998|dsrA|oxidative|Allochromatium_vinosum	47.6	395	382
GCA_964453435_1__dsrA__CAYVQZ010000005.1_27	A0A5C4RXN4|dsrA|oxidative|Chlorobaculum_thiosulfatiphilum	47.8	387	379
GCA_964453435_1__dsrA__CAYVQZ010000005.1_27	A0ABY9MRG6|dsrA|oxidative|Thiothrix_lacustris	43.3	402	348
GCA_964453435_1__dsrA__CAYVQZ010000005.1_27	E0D1Z2|dsrA|oxidative|Thiocapsa_marina	48.8	281	283
GCA_964453435_1__dsrA__CAYVQZ010000005.1_27	B5YIF3|dsrB|reductive|Thermodesulfovibrio_yellowstonii	26.6	289	102
GCA_964453435_1__dsrA__CAYVQZ010000005.1_27	N0BL33|dsrB|reductive|Archaeoglobus_sulfaticallidus_PM70-1	26.2	302	102
GCA_964453435_1__dsrA__CAYVQZ010000005.1_27	Q59110|dsrB|reductive|Archaeoglobus_fulgidus	24.0	296	89.0
GCA_964453435_1__dsrA__CAYVQZ010000005.1_27	A4J9D5|dsrB|reductive|Desulforamulus_reducens	21.6	292	84.0
GCA_964453435_1__dsrA__CAYVQZ010000005.1_27	Q9F4A2|dsrB|reductive|Desulfovibrio_desulfuricans	23.1	303	79.7
GCA_964453435_1__dsrA__CAYVQZ010000005.1_27	T2G8V8|dsrB|reductive|Megalodesulfovibrio_gigas	24.0	250	77.8
GCA_964453435_1__dsrA__CAYVQZ010000005.1_27	Q8KE39|dsrB|oxidative|Chlorobaculum_tepidum	21.8	285	73.6
GCA_964453435_1__dsrA__CAYVQZ010000005.1_27	A1BCS2|dsrB|oxidative|Chlorobium_phaeobacteroides	22.5	285	72.0
GCA_964453435_1__dsrA__CAYVQZ010000005.1_27	A0ABS1E5W7|dsrB|oxidative|Halorhodospira_neutriphila	22.5	275	72.0
GCA_964453435_1__dsrA__CAYVQZ010000005.1_27	A0A5C4RYG3|dsrB|oxidative|Chlorobaculum_thiosulfatiphilum	21.1	285	69.3
GCA_964453435_1__dsrA__CAYVQZ010000005.1_27	L0DSF9|dsrB|oxidative|Thioalkalivibrio_nitratireducens	20.4	275	63.5
GCA_964453435_1__dsrB__CAYVQZ010000005.1_38	A4J9D5|dsrB|reductive|Desulforamulus_reducens	70.4	351	559
GCA_964453435_1__dsrB__CAYVQZ010000005.1_38	Q251E3|dsrB|reductive|Desulfitobacterium_hafniense	67.6	352	530
GCA_964453435_1__dsrB__CAYVQZ010000005.1_38	A0ABT8QNA5|dsrB|reductive|Desulfosporosinus_nitroreducens	64.2	352	513
GCA_964453435_1__dsrB__CAYVQZ010000005.1_38	N0BL33|dsrB|reductive|Archaeoglobus_sulfaticallidus_PM70-1	62.5	355	498
GCA_964453435_1__dsrB__CAYVQZ010000005.1_38	E1QFJ3|dsrB|reductive|Desulfarculus_baarsii	63.4	352	491
GCA_964453435_1__dsrB__CAYVQZ010000005.1_38	B5YIF3|dsrB|reductive|Thermodesulfovibrio_yellowstonii	58.9	350	489
GCA_964453435_1__dsrB__CAYVQZ010000005.1_38	Q9K5B8|dsrB|reductive|Desulfobulbus_rhabdoformis	63.1	358	484
GCA_964453435_1__dsrB__CAYVQZ010000005.1_38	Q59110|dsrB|reductive|Archaeoglobus_fulgidus	59.3	361	475
GCA_964453435_1__dsrB__CAYVQZ010000005.1_38	P45575|dsrB|reductive|Nitratidesulfovibrio_vulgaris	55.1	363	446
GCA_964453435_1__dsrB__CAYVQZ010000005.1_38	Q9K5B4|dsrB|reductive|Desulfobacter_vibrioformis	56.0	364	441
GCA_964453435_1__dsrB__CAYVQZ010000005.1_38	T2G8V8|dsrB|reductive|Megalodesulfovibrio_gigas	55.1	363	440
GCA_964453435_1__dsrB__CAYVQZ010000005.1_38	S0G5M9|dsrB|reductive|Desulfotignum_phosphitoxidans_DSM_13687	56.6	364	438
GCA_964453435_1__dsrB__CAYVQZ010000005.1_38	Q9F4A2|dsrB|reductive|Desulfovibrio_desulfuricans	55.4	363	436
GCA_964453435_1__dsrB__CAYVQZ010000005.1_38	A1BCS2|dsrB|oxidative|Chlorobium_phaeobacteroides	51.7	348	379
GCA_964453435_1__dsrB__CAYVQZ010000005.1_38	A0A5C4RYG3|dsrB|oxidative|Chlorobaculum_thiosulfatiphilum	49.9	347	366
GCA_964453435_1__dsrB__CAYVQZ010000005.1_38	Q8KE39|dsrB|oxidative|Chlorobaculum_tepidum	48.8	346	364
GCA_964453435_1__dsrB__CAYVQZ010000005.1_38	A0L9L5|dsrB|oxidative|Magnetococcus_marinus	46.4	347	345
GCA_964453435_1__dsrB__CAYVQZ010000005.1_38	A0ABS1E5W7|dsrB|oxidative|Halorhodospira_neutriphila	46.7	349	343
GCA_964453435_1__dsrB__CAYVQZ010000005.1_38	A0ABY9MNZ8|dsrB|oxidative|Thiothrix_lacustris	45.5	332	329
GCA_964453435_1__dsrB__CAYVQZ010000005.1_38	A0A9X0WG77|dsrB|oxidative|Thiocapsa_imhoffii	44.1	338	327
GCA_964453435_1__dsrB__CAYVQZ010000005.1_38	O33999|dsrB|oxidative|Allochromatium_vinosum	44.1	338	326
GCA_964453435_1__dsrB__CAYVQZ010000005.1_38	L0DSF9|dsrB|oxidative|Thioalkalivibrio_nitratireducens	43.5	338	326
GCA_964453435_1__dsrB__CAYVQZ010000005.1_38	A0ABS1E8E7|dsrA|oxidative|Halorhodospira_neutriphila	25.3	296	103
GCA_964453435_1__dsrB__CAYVQZ010000005.1_38	O33998|dsrA|oxidative|Allochromatium_vinosum	25.2	298	100
GCA_964453435_1__dsrB__CAYVQZ010000005.1_38	E0D1Z2|dsrA|oxidative|Thiocapsa_marina	25.3	285	99.8
GCA_964453435_1__dsrB__CAYVQZ010000005.1_38	A0L9L4|dsrA|oxidative|Magnetococcus_marinus	24.1	295	98.2
GCA_964453435_1__dsrB__CAYVQZ010000005.1_38	A0ABY9MRG6|dsrA|oxidative|Thiothrix_lacustris	22.9	314	95.5
GCA_964453435_1__dsrB__CAYVQZ010000005.1_38	N0BK96|dsrA|reductive|Archaeoglobus_sulfaticallidus_PM70-1	24.7	292	93.2
GCA_964453435_1__dsrB__CAYVQZ010000005.1_38	Q9K5B5|dsrA|reductive|Desulfobacter_vibrioformis	23.1	321	87.8
GCA_964453435_1__dsrB__CAYVQZ010000005.1_38	A0ABT8QKK2|dsrA|reductive|Desulfosporosinus_nitroreducens	24.4	340	84.7
GCA_964453435_1__dsrB__CAYVQZ010000005.1_38	A0A5C4RXN4|dsrA|oxidative|Chlorobaculum_thiosulfatiphilum	24.7	304	81.3
GCA_964453435_1__dsrB__CAYVQZ010000005.1_38	T2G7Q3|dsrA|reductive|Megalodesulfovibrio_gigas	24.7	316	80.9
GCA_964453435_1__dsrB__CAYVQZ010000005.1_38	Q8K5E9|dsrA|oxidative|Chlorobaculum_tepidum	23.5	302	80.1
GCA_964453435_1__dsrB__CAYVQZ010000005.1_38	Q59109|dsrA|reductive|Archaeoglobus_fulgidus	25.0	324	79.3
GCA_964453435_1__dsrB__CAYVQZ010000005.1_38	S0FXQ9|dsrA|reductive|Desulfotignum_phosphitoxidans_DSM_13687	21.9	319	79.0
GCA_964453435_1__dsrB__CAYVQZ010000005.1_38	A1BCS1|dsrA|oxidative|Chlorobium_phaeobacteroides	25.4	299	76.3
GCA_964453435_1__dsrB__CAYVQZ010000005.1_38	Q9K5B9|dsrA|reductive|Desulfobulbus_rhabdoformis	22.4	321	76.3
GCA_964453435_1__dsrB__CAYVQZ010000005.1_38	P45574|dsrA|reductive|Nitratidesulfovibrio_vulgaris	22.8	316	70.9
GCA_964453435_1__dsrB__CAYVQZ010000005.1_38	Q5ZQR5|dsrA|reductive|Desulfosudis_oleivorans	19.7	314	69.7
GCA_964453435_1__dsrB__CAYVQZ010000005.1_38	Q5ZQT9|dsrA|reductive|Archaeoglobus_veneficus	24.6	313	67.0
GCA_964453435_1__dsrB__CAYVQZ010000005.1_38	Q5ZQS3|dsrA|reductive|Desulfomicrobium_baculatum	21.6	315	67.0
GCA_964453435_1__dsrB__CAYVQZ010000005.1_38	Q93EU9|dsrA|reductive|Desulfarculus_baarsii	20.9	306	64.7
GCA_964513745_1__dsrB__CAZEOK010000180.1_2	A4J9D5|dsrB|reductive|Desulforamulus_reducens	63.4	355	486
GCA_964513745_1__dsrB__CAZEOK010000180.1_2	N0BL33|dsrB|reductive|Archaeoglobus_sulfaticallidus_PM70-1	59.7	357	457
GCA_964513745_1__dsrB__CAZEOK010000180.1_2	E1QFJ3|dsrB|reductive|Desulfarculus_baarsii	58.1	356	456
GCA_964513745_1__dsrB__CAZEOK010000180.1_2	B5YIF3|dsrB|reductive|Thermodesulfovibrio_yellowstonii	57.6	354	456
GCA_964513745_1__dsrB__CAZEOK010000180.1_2	Q251E3|dsrB|reductive|Desulfitobacterium_hafniense	57.1	350	447
GCA_964513745_1__dsrB__CAZEOK010000180.1_2	P45575|dsrB|reductive|Nitratidesulfovibrio_vulgaris	55.9	367	440
GCA_964513745_1__dsrB__CAZEOK010000180.1_2	A0ABT8QNA5|dsrB|reductive|Desulfosporosinus_nitroreducens	56.4	351	434
GCA_964513745_1__dsrB__CAZEOK010000180.1_2	Q9K5B8|dsrB|reductive|Desulfobulbus_rhabdoformis	56.4	360	435
GCA_964513745_1__dsrB__CAZEOK010000180.1_2	Q59110|dsrB|reductive|Archaeoglobus_fulgidus	56.4	362	434
GCA_964513745_1__dsrB__CAZEOK010000180.1_2	T2G8V8|dsrB|reductive|Megalodesulfovibrio_gigas	54.8	365	431
GCA_964513745_1__dsrB__CAZEOK010000180.1_2	Q9F4A2|dsrB|reductive|Desulfovibrio_desulfuricans	56.4	365	430
GCA_964513745_1__dsrB__CAZEOK010000180.1_2	S0G5M9|dsrB|reductive|Desulfotignum_phosphitoxidans_DSM_13687	53.3	366	414
GCA_964513745_1__dsrB__CAZEOK010000180.1_2	Q9K5B4|dsrB|reductive|Desulfobacter_vibrioformis	53.3	366	410
GCA_964513745_1__dsrB__CAZEOK010000180.1_2	A1BCS2|dsrB|oxidative|Chlorobium_phaeobacteroides	51.0	353	390
GCA_964513745_1__dsrB__CAZEOK010000180.1_2	Q8KE39|dsrB|oxidative|Chlorobaculum_tepidum	51.1	350	384
GCA_964513745_1__dsrB__CAZEOK010000180.1_2	A0A5C4RYG3|dsrB|oxidative|Chlorobaculum_thiosulfatiphilum	50.6	350	380
GCA_964513745_1__dsrB__CAZEOK010000180.1_2	A0ABY9MNZ8|dsrB|oxidative|Thiothrix_lacustris	47.4	350	360
GCA_964513745_1__dsrB__CAZEOK010000180.1_2	A0L9L5|dsrB|oxidative|Magnetococcus_marinus	47.5	358	358
GCA_964513745_1__dsrB__CAZEOK010000180.1_2	A0A9X0WG77|dsrB|oxidative|Thiocapsa_imhoffii	46.9	358	356
GCA_964513745_1__dsrB__CAZEOK010000180.1_2	L0DSF9|dsrB|oxidative|Thioalkalivibrio_nitratireducens	45.5	356	354
GCA_964513745_1__dsrB__CAZEOK010000180.1_2	O33999|dsrB|oxidative|Allochromatium_vinosum	46.1	358	353
GCA_964513745_1__dsrB__CAZEOK010000180.1_2	A0ABS1E5W7|dsrB|oxidative|Halorhodospira_neutriphila	46.0	350	351
GCA_964513745_1__dsrB__CAZEOK010000180.1_2	A0ABS1E8E7|dsrA|oxidative|Halorhodospira_neutriphila	25.3	285	94.4
GCA_964513745_1__dsrB__CAZEOK010000180.1_2	A0ABY9MRG6|dsrA|oxidative|Thiothrix_lacustris	24.8	318	91.3
GCA_964513745_1__dsrB__CAZEOK010000180.1_2	A0L9L4|dsrA|oxidative|Magnetococcus_marinus	25.6	285	87.4
GCA_964513745_1__dsrB__CAZEOK010000180.1_2	O33998|dsrA|oxidative|Allochromatium_vinosum	25.2	305	83.2
GCA_964513745_1__dsrB__CAZEOK010000180.1_2	E0D1Z2|dsrA|oxidative|Thiocapsa_marina	25.1	275	81.3
GCA_964513745_1__dsrB__CAZEOK010000180.1_2	Q9K5B9|dsrA|reductive|Desulfobulbus_rhabdoformis	23.9	318	68.6
GCA_964513745_1__dsrB__CAZEOK010000180.1_2	N0BK96|dsrA|reductive|Archaeoglobus_sulfaticallidus_PM70-1	23.9	293	67.8
GCA_964513745_1__dsrB__CAZEOK010000180.1_2	A1BCS1|dsrA|oxidative|Chlorobium_phaeobacteroides	25.2	286	67.0
GCA_964513745_1__dsrB__CAZEOK010000180.1_2	Q8K5E9|dsrA|oxidative|Chlorobaculum_tepidum	23.2	285	61.2
GCA_964513745_1__dsrB__CAZEOK010000180.1_2	Q9K5B5|dsrA|reductive|Desulfobacter_vibrioformis	22.5	324	60.5
GCA_964513745_1__dsrB__CAZEOK010000180.1_2	S0FXQ9|dsrA|reductive|Desulfotignum_phosphitoxidans_DSM_13687	22.9	319	60.5
GCA_964513745_1__dsrB__CAZEOK010000180.1_2	A0A5C4RXN4|dsrA|oxidative|Chlorobaculum_thiosulfatiphilum	23.7	287	57.8
GCA_964513745_1__dsrB__CAZEOK010000180.1_2	T2G7Q3|dsrA|reductive|Megalodesulfovibrio_gigas	23.3	258	55.1
GCA_964513745_1__dsrB__CAZEOK010000180.1_2	Q9F4A3|dsrA|reductive|Desulfovibrio_desulfuricans	22.6	323	53.5
GCA_964513745_1__dsrB__CAZEOK010000180.1_2	P45574|dsrA|reductive|Nitratidesulfovibrio_vulgaris	22.1	317	52.8
GCA_964513745_1__dsrB__CAZEOK010000180.1_2	A0ABT8QKK2|dsrA|reductive|Desulfosporosinus_nitroreducens	23.1	312	51.2
GCA_964513745_1__dsrB__CAZEOK010000180.1_2	Q93EV7|dsrA|reductive|Thermodesulfobacterium_commune	22.5	302	50.1
GCA_964513745_1__dsrB__CAZEOK010000180.1_2	Q93EU9|dsrA|reductive|Desulfarculus_baarsii	21.2	307	44.7
GCA_964524645_1__dsrA__CAZGEC010000030.1_35	N0BK96|dsrA|reductive|Archaeoglobus_sulfaticallidus_PM70-1	62.1	390	527
GCA_964524645_1__dsrA__CAZGEC010000030.1_35	B5YIF2|dsrA|reductive|Thermodesulfovibrio_yellowstonii	64.1	384	525
GCA_964524645_1__dsrA__CAZGEC010000030.1_35	Q251E4|dsrA|reductive|Desulfitobacterium_hafniense	58.7	392	512
GCA_964524645_1__dsrA__CAZGEC010000030.1_35	A0ABT8QKK2|dsrA|reductive|Desulfosporosinus_nitroreducens	58.4	392	508
GCA_964524645_1__dsrA__CAZGEC010000030.1_35	Q59109|dsrA|reductive|Archaeoglobus_fulgidus	59.5	398	495
GCA_964524645_1__dsrA__CAZGEC010000030.1_35	Q9K5B9|dsrA|reductive|Desulfobulbus_rhabdoformis	56.1	408	494
GCA_964524645_1__dsrA__CAZGEC010000030.1_35	P45574|dsrA|reductive|Nitratidesulfovibrio_vulgaris	55.9	417	479
GCA_964524645_1__dsrA__CAZGEC010000030.1_35	T2G7Q3|dsrA|reductive|Megalodesulfovibrio_gigas	53.0	417	462
GCA_964524645_1__dsrA__CAZGEC010000030.1_35	S0FXQ9|dsrA|reductive|Desulfotignum_phosphitoxidans_DSM_13687	53.6	422	461
GCA_964524645_1__dsrA__CAZGEC010000030.1_35	Q9F4A3|dsrA|reductive|Desulfovibrio_desulfuricans	52.3	417	458
GCA_964524645_1__dsrA__CAZGEC010000030.1_35	Q9K5B5|dsrA|reductive|Desulfobacter_vibrioformis	53.4	421	458
GCA_964524645_1__dsrA__CAZGEC010000030.1_35	Q93EU9|dsrA|reductive|Desulfarculus_baarsii	59.1	347	432
GCA_964524645_1__dsrA__CAZGEC010000030.1_35	Q5ZQS3|dsrA|reductive|Desulfomicrobium_baculatum	57.8	348	423
GCA_964524645_1__dsrA__CAZGEC010000030.1_35	Q5ZQT9|dsrA|reductive|Archaeoglobus_veneficus	58.1	334	421
GCA_964524645_1__dsrA__CAZGEC010000030.1_35	Q5ZQR5|dsrA|reductive|Desulfosudis_oleivorans	54.3	348	402
GCA_964524645_1__dsrA__CAZGEC010000030.1_35	Q93EV7|dsrA|reductive|Thermodesulfobacterium_commune	53.7	352	400
GCA_964524645_1__dsrA__CAZGEC010000030.1_35	A0L9L4|dsrA|oxidative|Magnetococcus_marinus	47.9	386	370
GCA_964524645_1__dsrA__CAZGEC010000030.1_35	A1BCS1|dsrA|oxidative|Chlorobium_phaeobacteroides	48.6	385	369
GCA_964524645_1__dsrA__CAZGEC010000030.1_35	A0ABS1E8E7|dsrA|oxidative|Halorhodospira_neutriphila	47.9	390	366
GCA_964524645_1__dsrA__CAZGEC010000030.1_35	O33998|dsrA|oxidative|Allochromatium_vinosum	45.9	390	361
GCA_964524645_1__dsrA__CAZGEC010000030.1_35	Q8K5E9|dsrA|oxidative|Chlorobaculum_tepidum	45.5	385	358
GCA_964524645_1__dsrA__CAZGEC010000030.1_35	A0A5C4RXN4|dsrA|oxidative|Chlorobaculum_thiosulfatiphilum	45.2	385	353
GCA_964524645_1__dsrA__CAZGEC010000030.1_35	A0ABY9MRG6|dsrA|oxidative|Thiothrix_lacustris	43.5	405	340
GCA_964524645_1__dsrA__CAZGEC010000030.1_35	E0D1Z2|dsrA|oxidative|Thiocapsa_marina	42.2	294	248
GCA_964524645_1__dsrA__CAZGEC010000030.1_35	Q251E3|dsrB|reductive|Desulfitobacterium_hafniense	24.9	333	98.6
GCA_964524645_1__dsrA__CAZGEC010000030.1_35	A0ABT8QNA5|dsrB|reductive|Desulfosporosinus_nitroreducens	24.6	325	95.9
GCA_964524645_1__dsrA__CAZGEC010000030.1_35	N0BL33|dsrB|reductive|Archaeoglobus_sulfaticallidus_PM70-1	25.2	326	93.6
GCA_964524645_1__dsrA__CAZGEC010000030.1_35	B5YIF3|dsrB|reductive|Thermodesulfovibrio_yellowstonii	24.5	298	87.0
GCA_964524645_1__dsrA__CAZGEC010000030.1_35	Q8KE39|dsrB|oxidative|Chlorobaculum_tepidum	25.0	312	79.0
GCA_964524645_1__dsrA__CAZGEC010000030.1_35	A1BCS2|dsrB|oxidative|Chlorobium_phaeobacteroides	24.7	312	76.6
GCA_964524645_1__dsrA__CAZGEC010000030.1_35	Q59110|dsrB|reductive|Archaeoglobus_fulgidus	24.7	352	76.6
GCA_964524645_1__dsrA__CAZGEC010000030.1_35	T2G8V8|dsrB|reductive|Megalodesulfovibrio_gigas	25.1	247	74.3
GCA_964524645_1__dsrA__CAZGEC010000030.1_35	A4J9D5|dsrB|reductive|Desulforamulus_reducens	22.0	304	73.2
GCA_964524645_1__dsrA__CAZGEC010000030.1_35	A0A5C4RYG3|dsrB|oxidative|Chlorobaculum_thiosulfatiphilum	23.7	312	72.0
GCA_964524645_1__dsrA__CAZGEC010000030.1_35	S0G5M9|dsrB|reductive|Desulfotignum_phosphitoxidans_DSM_13687	22.3	337	69.3
GCA_964524645_1__dsrA__CAZGEC010000030.1_35	A0A9X0WG77|dsrB|oxidative|Thiocapsa_imhoffii	23.7	274	66.2
GCA_964524645_1__dsrA__CAZGEC010000030.1_35	P45575|dsrB|reductive|Nitratidesulfovibrio_vulgaris	21.8	331	66.2
GCA_964524645_1__dsrA__CAZGEC010000030.1_35	O33999|dsrB|oxidative|Allochromatium_vinosum	23.7	274	65.9
GCA_964524645_1__dsrA__CAZGEC010000030.1_35	Q9F4A2|dsrB|reductive|Desulfovibrio_desulfuricans	21.1	331	64.3
GCA_964524645_1__dsrA__CAZGEC010000030.1_35	Q9K5B4|dsrB|reductive|Desulfobacter_vibrioformis	20.7	333	64.3
GCA_964524645_1__dsrA__CAZGEC010000030.1_35	A0ABS1E5W7|dsrB|oxidative|Halorhodospira_neutriphila	22.5	302	62.4
GCA_964524645_1__dsrA__CAZGEC010000030.1_35	A0L9L5|dsrB|oxidative|Magnetococcus_marinus	22.4	303	62.0
GCA_964524645_1__dsrA__CAZGEC010000030.1_35	E1QFJ3|dsrB|reductive|Desulfarculus_baarsii	22.7	309	62.0
GCA_964524645_1__dsrA__CAZGEC010000030.1_35	L0DSF9|dsrB|oxidative|Thioalkalivibrio_nitratireducens	22.4	299	61.6
GCA_964524645_1__dsrA__CAZGEC010000030.1_35	Q9K5B8|dsrB|reductive|Desulfobulbus_rhabdoformis	21.8	308	57.4
GCA_964524645_1__dsrA__CAZGEC010000030.1_35	A0ABY9MNZ8|dsrB|oxidative|Thiothrix_lacustris	22.2	275	48.5
GCA_964524645_1__dsrB__CAZGEC010000030.1_34	A4J9D5|dsrB|reductive|Desulforamulus_reducens	66.4	354	491
GCA_964524645_1__dsrB__CAZGEC010000030.1_34	N0BL33|dsrB|reductive|Archaeoglobus_sulfaticallidus_PM70-1	61.0	364	475
GCA_964524645_1__dsrB__CAZGEC010000030.1_34	Q251E3|dsrB|reductive|Desulfitobacterium_hafniense	61.0	351	464
GCA_964524645_1__dsrB__CAZGEC010000030.1_34	E1QFJ3|dsrB|reductive|Desulfarculus_baarsii	57.7	355	459
GCA_964524645_1__dsrB__CAZGEC010000030.1_34	B5YIF3|dsrB|reductive|Thermodesulfovibrio_yellowstonii	56.2	354	446
GCA_964524645_1__dsrB__CAZGEC010000030.1_34	A0ABT8QNA5|dsrB|reductive|Desulfosporosinus_nitroreducens	58.5	352	445
GCA_964524645_1__dsrB__CAZGEC010000030.1_34	Q9K5B8|dsrB|reductive|Desulfobulbus_rhabdoformis	56.8	359	437
GCA_964524645_1__dsrB__CAZGEC010000030.1_34	P45575|dsrB|reductive|Nitratidesulfovibrio_vulgaris	54.9	366	429
GCA_964524645_1__dsrB__CAZGEC010000030.1_34	Q9F4A2|dsrB|reductive|Desulfovibrio_desulfuricans	56.0	364	425
GCA_964524645_1__dsrB__CAZGEC010000030.1_34	Q59110|dsrB|reductive|Archaeoglobus_fulgidus	57.3	344	422
GCA_964524645_1__dsrB__CAZGEC010000030.1_34	T2G8V8|dsrB|reductive|Megalodesulfovibrio_gigas	53.3	364	418
GCA_964524645_1__dsrB__CAZGEC010000030.1_34	Q9K5B4|dsrB|reductive|Desulfobacter_vibrioformis	53.7	365	417
GCA_964524645_1__dsrB__CAZGEC010000030.1_34	S0G5M9|dsrB|reductive|Desulfotignum_phosphitoxidans_DSM_13687	52.6	365	414
GCA_964524645_1__dsrB__CAZGEC010000030.1_34	A1BCS2|dsrB|oxidative|Chlorobium_phaeobacteroides	50.0	360	389
GCA_964524645_1__dsrB__CAZGEC010000030.1_34	A0A5C4RYG3|dsrB|oxidative|Chlorobaculum_thiosulfatiphilum	50.3	352	380
GCA_964524645_1__dsrB__CAZGEC010000030.1_34	Q8KE39|dsrB|oxidative|Chlorobaculum_tepidum	50.0	352	379
GCA_964524645_1__dsrB__CAZGEC010000030.1_34	A0L9L5|dsrB|oxidative|Magnetococcus_marinus	47.8	358	369
GCA_964524645_1__dsrB__CAZGEC010000030.1_34	A0ABY9MNZ8|dsrB|oxidative|Thiothrix_lacustris	47.1	359	368
GCA_964524645_1__dsrB__CAZGEC010000030.1_34	A0ABS1E5W7|dsrB|oxidative|Halorhodospira_neutriphila	47.0	349	358
GCA_964524645_1__dsrB__CAZGEC010000030.1_34	L0DSF9|dsrB|oxidative|Thioalkalivibrio_nitratireducens	45.1	359	355
GCA_964524645_1__dsrB__CAZGEC010000030.1_34	O33999|dsrB|oxidative|Allochromatium_vinosum	45.0	358	348
GCA_964524645_1__dsrB__CAZGEC010000030.1_34	A0A9X0WG77|dsrB|oxidative|Thiocapsa_imhoffii	44.4	358	347
GCA_964524645_1__dsrB__CAZGEC010000030.1_34	O33998|dsrA|oxidative|Allochromatium_vinosum	26.3	315	99.8
GCA_964524645_1__dsrB__CAZGEC010000030.1_34	E0D1Z2|dsrA|oxidative|Thiocapsa_marina	25.3	269	94.7
GCA_964524645_1__dsrB__CAZGEC010000030.1_34	A0ABY9MRG6|dsrA|oxidative|Thiothrix_lacustris	25.1	327	94.0
GCA_964524645_1__dsrB__CAZGEC010000030.1_34	A0L9L4|dsrA|oxidative|Magnetococcus_marinus	24.5	298	91.7
GCA_964524645_1__dsrB__CAZGEC010000030.1_34	A0ABS1E8E7|dsrA|oxidative|Halorhodospira_neutriphila	24.4	295	86.7
GCA_964524645_1__dsrB__CAZGEC010000030.1_34	B5YIF2|dsrA|reductive|Thermodesulfovibrio_yellowstonii	26.0	296	85.5
GCA_964524645_1__dsrB__CAZGEC010000030.1_34	N0BK96|dsrA|reductive|Archaeoglobus_sulfaticallidus_PM70-1	24.0	317	85.1
GCA_964524645_1__dsrB__CAZGEC010000030.1_34	A0ABT8QKK2|dsrA|reductive|Desulfosporosinus_nitroreducens	24.4	303	82.0
GCA_964524645_1__dsrB__CAZGEC010000030.1_34	Q251E4|dsrA|reductive|Desulfitobacterium_hafniense	25.3	300	77.8
GCA_964524645_1__dsrB__CAZGEC010000030.1_34	Q8K5E9|dsrA|oxidative|Chlorobaculum_tepidum	21.1	279	74.7
GCA_964524645_1__dsrB__CAZGEC010000030.1_34	A1BCS1|dsrA|oxidative|Chlorobium_phaeobacteroides	22.9	280	72.4
GCA_964524645_1__dsrB__CAZGEC010000030.1_34	Q9K5B9|dsrA|reductive|Desulfobulbus_rhabdoformis	23.6	314	72.0
GCA_964524645_1__dsrB__CAZGEC010000030.1_34	A0A5C4RXN4|dsrA|oxidative|Chlorobaculum_thiosulfatiphilum	20.9	282	65.5
GCA_964524645_1__dsrB__CAZGEC010000030.1_34	T2G7Q3|dsrA|reductive|Megalodesulfovibrio_gigas	22.3	327	63.9
GCA_964524645_1__dsrB__CAZGEC010000030.1_34	Q9K5B5|dsrA|reductive|Desulfobacter_vibrioformis	22.2	252	61.6
GCA_964524645_1__dsrB__CAZGEC010000030.1_34	Q93EU9|dsrA|reductive|Desulfarculus_baarsii	20.7	304	58.9
GCA_964524645_1__dsrB__CAZGEC010000030.1_34	S0FXQ9|dsrA|reductive|Desulfotignum_phosphitoxidans_DSM_13687	21.6	324	56.2
GCA_964524645_1__dsrB__CAZGEC010000030.1_34	Q9F4A3|dsrA|reductive|Desulfovibrio_desulfuricans	20.3	320	51.6
GCA_964524645_1__dsrB__CAZGEC010000030.1_34	Q5ZQR5|dsrA|reductive|Desulfosudis_oleivorans	18.3	322	49.7
GCA_964524645_1__dsrB__CAZGEC010000030.1_34	P45574|dsrA|reductive|Nitratidesulfovibrio_vulgaris	20.3	320	49.7
GCA_964524645_1__dsrB__CAZGEC010000030.1_34	Q5ZQS3|dsrA|reductive|Desulfomicrobium_baculatum	21.7	323	48.1
GCA_964524645_1__dsrB__CAZGEC010000030.1_34	Q93EV7|dsrA|reductive|Thermodesulfobacterium_commune	19.4	284	46.6
GCA_964547905_1__dsrA__CAZJPN010000053.1_79	N0BK96|dsrA|reductive|Archaeoglobus_sulfaticallidus_PM70-1	63.5	384	543
GCA_964547905_1__dsrA__CAZJPN010000053.1_79	B5YIF2|dsrA|reductive|Thermodesulfovibrio_yellowstonii	65.5	388	542
GCA_964547905_1__dsrA__CAZJPN010000053.1_79	Q59109|dsrA|reductive|Archaeoglobus_fulgidus	62.2	399	516
GCA_964547905_1__dsrA__CAZJPN010000053.1_79	Q9K5B9|dsrA|reductive|Desulfobulbus_rhabdoformis	58.1	406	516
GCA_964547905_1__dsrA__CAZJPN010000053.1_79	Q251E4|dsrA|reductive|Desulfitobacterium_hafniense	59.4	387	512
GCA_964547905_1__dsrA__CAZJPN010000053.1_79	A0ABT8QKK2|dsrA|reductive|Desulfosporosinus_nitroreducens	59.2	387	511
GCA_964547905_1__dsrA__CAZJPN010000053.1_79	P45574|dsrA|reductive|Nitratidesulfovibrio_vulgaris	58.1	415	494
GCA_964547905_1__dsrA__CAZJPN010000053.1_79	Q9F4A3|dsrA|reductive|Desulfovibrio_desulfuricans	55.7	415	480
GCA_964547905_1__dsrA__CAZJPN010000053.1_79	T2G7Q3|dsrA|reductive|Megalodesulfovibrio_gigas	55.7	415	479
GCA_964547905_1__dsrA__CAZJPN010000053.1_79	S0FXQ9|dsrA|reductive|Desulfotignum_phosphitoxidans_DSM_13687	55.7	420	478
GCA_964547905_1__dsrA__CAZJPN010000053.1_79	Q9K5B5|dsrA|reductive|Desulfobacter_vibrioformis	55.4	419	469
GCA_964547905_1__dsrA__CAZJPN010000053.1_79	Q93EU9|dsrA|reductive|Desulfarculus_baarsii	60.8	347	454
GCA_964547905_1__dsrA__CAZJPN010000053.1_79	Q93EV7|dsrA|reductive|Thermodesulfobacterium_commune	57.7	352	434
GCA_964547905_1__dsrA__CAZJPN010000053.1_79	Q5ZQS3|dsrA|reductive|Desulfomicrobium_baculatum	56.0	357	429
GCA_964547905_1__dsrA__CAZJPN010000053.1_79	Q5ZQR5|dsrA|reductive|Desulfosudis_oleivorans	57.5	348	422
GCA_964547905_1__dsrA__CAZJPN010000053.1_79	Q5ZQT9|dsrA|reductive|Archaeoglobus_veneficus	57.5	334	419
GCA_964547905_1__dsrA__CAZJPN010000053.1_79	A0L9L4|dsrA|oxidative|Magnetococcus_marinus	47.8	393	386
GCA_964547905_1__dsrA__CAZJPN010000053.1_79	A1BCS1|dsrA|oxidative|Chlorobium_phaeobacteroides	47.3	385	379
GCA_964547905_1__dsrA__CAZJPN010000053.1_79	Q8K5E9|dsrA|oxidative|Chlorobaculum_tepidum	46.8	387	378
GCA_964547905_1__dsrA__CAZJPN010000053.1_79	A0A5C4RXN4|dsrA|oxidative|Chlorobaculum_thiosulfatiphilum	46.0	387	367
GCA_964547905_1__dsrA__CAZJPN010000053.1_79	O33998|dsrA|oxidative|Allochromatium_vinosum	44.5	393	365
GCA_964547905_1__dsrA__CAZJPN010000053.1_79	A0ABS1E8E7|dsrA|oxidative|Halorhodospira_neutriphila	42.7	398	353
GCA_964547905_1__dsrA__CAZJPN010000053.1_79	A0ABY9MRG6|dsrA|oxidative|Thiothrix_lacustris	39.8	407	333
GCA_964547905_1__dsrA__CAZJPN010000053.1_79	E0D1Z2|dsrA|oxidative|Thiocapsa_marina	43.0	279	258
GCA_964547905_1__dsrA__CAZJPN010000053.1_79	A0ABT8QNA5|dsrB|reductive|Desulfosporosinus_nitroreducens	24.5	318	93.6
GCA_964547905_1__dsrA__CAZJPN010000053.1_79	Q251E3|dsrB|reductive|Desulfitobacterium_hafniense	24.0	317	93.2
GCA_964547905_1__dsrA__CAZJPN010000053.1_79	B5YIF3|dsrB|reductive|Thermodesulfovibrio_yellowstonii	25.5	282	85.5
GCA_964547905_1__dsrA__CAZJPN010000053.1_79	Q59110|dsrB|reductive|Archaeoglobus_fulgidus	23.0	339	80.9
GCA_964547905_1__dsrA__CAZJPN010000053.1_79	A4J9D5|dsrB|reductive|Desulforamulus_reducens	21.8	294	74.3
GCA_964547905_1__dsrA__CAZJPN010000053.1_79	Q9K5B4|dsrB|reductive|Desulfobacter_vibrioformis	21.7	299	74.3
GCA_964547905_1__dsrA__CAZJPN010000053.1_79	E1QFJ3|dsrB|reductive|Desulfarculus_baarsii	24.1	282	72.0
GCA_964547905_1__dsrA__CAZJPN010000053.1_79	S0G5M9|dsrB|reductive|Desulfotignum_phosphitoxidans_DSM_13687	21.2	339	71.6
GCA_964547905_1__dsrA__CAZJPN010000053.1_79	Q8KE39|dsrB|oxidative|Chlorobaculum_tepidum	21.0	286	67.8
GCA_964547905_1__dsrA__CAZJPN010000053.1_79	A1BCS2|dsrB|oxidative|Chlorobium_phaeobacteroides	22.8	289	66.2
GCA_964547905_1__dsrA__CAZJPN010000053.1_79	A0A5C4RYG3|dsrB|oxidative|Chlorobaculum_thiosulfatiphilum	20.8	288	65.5
GCA_964547905_1__dsrA__CAZJPN010000053.1_79	Q9K5B8|dsrB|reductive|Desulfobulbus_rhabdoformis	24.7	300	65.5
GCA_964547905_1__dsrA__CAZJPN010000053.1_79	A0L9L5|dsrB|oxidative|Magnetococcus_marinus	21.8	321	62.0
GCA_964547905_1__dsrA__CAZJPN010000053.1_79	Q9F4A2|dsrB|reductive|Desulfovibrio_desulfuricans	19.9	297	61.6
GCA_964547905_1__dsrA__CAZJPN010000053.1_79	P45575|dsrB|reductive|Nitratidesulfovibrio_vulgaris	19.9	291	59.3
GCA_964547905_1__dsrA__CAZJPN010000053.1_79	O33999|dsrB|oxidative|Allochromatium_vinosum	20.3	276	47.4
GCA_964547905_1__dsrA__CAZJPN010000053.1_79	A0A9X0WG77|dsrB|oxidative|Thiocapsa_imhoffii	18.8	272	45.8
GCA_964547905_1__dsrA__CAZJPN010000053.1_79	L0DSF9|dsrB|oxidative|Thioalkalivibrio_nitratireducens	20.3	271	45.8
GCA_964547905_1__dsrA__CAZJPN010000053.1_79	A0ABS1E5W7|dsrB|oxidative|Halorhodospira_neutriphila	19.9	267	45.8
GCA_964547905_1__dsrA__CAZJPN010000053.1_79	A0ABY9MNZ8|dsrB|oxidative|Thiothrix_lacustris	20.4	269	44.3
GCA_964547905_1__dsrB__CAZJPN010000053.1_78	A4J9D5|dsrB|reductive|Desulforamulus_reducens	71.0	352	532
GCA_964547905_1__dsrB__CAZJPN010000053.1_78	E1QFJ3|dsrB|reductive|Desulfarculus_baarsii	65.3	352	496
GCA_964547905_1__dsrB__CAZJPN010000053.1_78	N0BL33|dsrB|reductive|Archaeoglobus_sulfaticallidus_PM70-1	61.4	365	481
GCA_964547905_1__dsrB__CAZJPN010000053.1_78	Q251E3|dsrB|reductive|Desulfitobacterium_hafniense	63.8	348	480
GCA_964547905_1__dsrB__CAZJPN010000053.1_78	B5YIF3|dsrB|reductive|Thermodesulfovibrio_yellowstonii	59.0	356	474
GCA_964547905_1__dsrB__CAZJPN010000053.1_78	A0ABT8QNA5|dsrB|reductive|Desulfosporosinus_nitroreducens	59.8	348	462
GCA_964547905_1__dsrB__CAZJPN010000053.1_78	Q59110|dsrB|reductive|Archaeoglobus_fulgidus	59.7	362	459
GCA_964547905_1__dsrB__CAZJPN010000053.1_78	Q9K5B8|dsrB|reductive|Desulfobulbus_rhabdoformis	60.8	360	460
GCA_964547905_1__dsrB__CAZJPN010000053.1_78	P45575|dsrB|reductive|Nitratidesulfovibrio_vulgaris	56.2	363	449
GCA_964547905_1__dsrB__CAZJPN010000053.1_78	Q9F4A2|dsrB|reductive|Desulfovibrio_desulfuricans	57.0	365	444
GCA_964547905_1__dsrB__CAZJPN010000053.1_78	T2G8V8|dsrB|reductive|Megalodesulfovibrio_gigas	56.3	352	438
GCA_964547905_1__dsrB__CAZJPN010000053.1_78	Q9K5B4|dsrB|reductive|Desulfobacter_vibrioformis	56.4	353	436
GCA_964547905_1__dsrB__CAZJPN010000053.1_78	S0G5M9|dsrB|reductive|Desulfotignum_phosphitoxidans_DSM_13687	56.1	353	433
GCA_964547905_1__dsrB__CAZJPN010000053.1_78	A1BCS2|dsrB|oxidative|Chlorobium_phaeobacteroides	52.2	358	401
GCA_964547905_1__dsrB__CAZJPN010000053.1_78	Q8KE39|dsrB|oxidative|Chlorobaculum_tepidum	51.4	358	391
GCA_964547905_1__dsrB__CAZJPN010000053.1_78	A0A5C4RYG3|dsrB|oxidative|Chlorobaculum_thiosulfatiphilum	50.8	358	389
GCA_964547905_1__dsrB__CAZJPN010000053.1_78	L0DSF9|dsrB|oxidative|Thioalkalivibrio_nitratireducens	50.7	347	380
GCA_964547905_1__dsrB__CAZJPN010000053.1_78	A0ABY9MNZ8|dsrB|oxidative|Thiothrix_lacustris	51.6	347	379
GCA_964547905_1__dsrB__CAZJPN010000053.1_78	A0ABS1E5W7|dsrB|oxidative|Halorhodospira_neutriphila	49.3	361	371
GCA_964547905_1__dsrB__CAZJPN010000053.1_78	O33999|dsrB|oxidative|Allochromatium_vinosum	49.6	347	369
GCA_964547905_1__dsrB__CAZJPN010000053.1_78	A0L9L5|dsrB|oxidative|Magnetococcus_marinus	48.6	352	366
GCA_964547905_1__dsrB__CAZJPN010000053.1_78	A0A9X0WG77|dsrB|oxidative|Thiocapsa_imhoffii	48.4	347	365
GCA_964547905_1__dsrB__CAZJPN010000053.1_78	O33998|dsrA|oxidative|Allochromatium_vinosum	24.8	314	97.1
GCA_964547905_1__dsrB__CAZJPN010000053.1_78	A0ABS1E8E7|dsrA|oxidative|Halorhodospira_neutriphila	24.0	300	95.9
GCA_964547905_1__dsrB__CAZJPN010000053.1_78	E0D1Z2|dsrA|oxidative|Thiocapsa_marina	24.2	289	91.3
GCA_964547905_1__dsrB__CAZJPN010000053.1_78	A0ABY9MRG6|dsrA|oxidative|Thiothrix_lacustris	24.7	328	87.8
GCA_964547905_1__dsrB__CAZJPN010000053.1_78	B5YIF2|dsrA|reductive|Thermodesulfovibrio_yellowstonii	26.7	296	85.1
GCA_964547905_1__dsrB__CAZJPN010000053.1_78	N0BK96|dsrA|reductive|Archaeoglobus_sulfaticallidus_PM70-1	25.5	294	82.0
GCA_964547905_1__dsrB__CAZJPN010000053.1_78	A0L9L4|dsrA|oxidative|Magnetococcus_marinus	21.1	298	80.9
GCA_964547905_1__dsrB__CAZJPN010000053.1_78	A0ABT8QKK2|dsrA|reductive|Desulfosporosinus_nitroreducens	24.1	345	77.0
GCA_964547905_1__dsrB__CAZJPN010000053.1_78	Q251E4|dsrA|reductive|Desulfitobacterium_hafniense	24.0	342	75.5
GCA_964547905_1__dsrB__CAZJPN010000053.1_78	Q9K5B9|dsrA|reductive|Desulfobulbus_rhabdoformis	23.1	324	72.8
GCA_964547905_1__dsrB__CAZJPN010000053.1_78	T2G7Q3|dsrA|reductive|Megalodesulfovibrio_gigas	25.0	320	70.9
GCA_964547905_1__dsrB__CAZJPN010000053.1_78	Q8K5E9|dsrA|oxidative|Chlorobaculum_tepidum	23.4	286	70.1
GCA_964547905_1__dsrB__CAZJPN010000053.1_78	A1BCS1|dsrA|oxidative|Chlorobium_phaeobacteroides	23.5	285	69.3
GCA_964547905_1__dsrB__CAZJPN010000053.1_78	A0A5C4RXN4|dsrA|oxidative|Chlorobaculum_thiosulfatiphilum	24.1	286	66.2
GCA_964547905_1__dsrB__CAZJPN010000053.1_78	Q9K5B5|dsrA|reductive|Desulfobacter_vibrioformis	22.9	323	64.7
GCA_964547905_1__dsrB__CAZJPN010000053.1_78	S0FXQ9|dsrA|reductive|Desulfotignum_phosphitoxidans_DSM_13687	22.7	321	62.8
GCA_964547905_1__dsrB__CAZJPN010000053.1_78	Q93EU9|dsrA|reductive|Desulfarculus_baarsii	22.7	308	61.6
GCA_964547905_1__dsrB__CAZJPN010000053.1_78	P45574|dsrA|reductive|Nitratidesulfovibrio_vulgaris	22.8	320	59.7
GCA_964547905_1__dsrB__CAZJPN010000053.1_78	Q5ZQS3|dsrA|reductive|Desulfomicrobium_baculatum	23.5	327	59.3
GCA_964547905_1__dsrB__CAZJPN010000053.1_78	Q5ZQR5|dsrA|reductive|Desulfosudis_oleivorans	21.0	314	56.2
GCA_964547905_1__dsrB__CAZJPN010000053.1_78	Q93EV7|dsrA|reductive|Thermodesulfobacterium_commune	20.8	298	53.9
GCA_964547905_1__dsrB__CAZJPN010000053.1_78	Q9F4A3|dsrA|reductive|Desulfovibrio_desulfuricans	21.9	320	53.5
GCA_964617105_1__dsrA__CAZTWC010000311.1_1	B5YIF2|dsrA|reductive|Thermodesulfovibrio_yellowstonii	64.4	284	402
GCA_964617105_1__dsrA__CAZTWC010000311.1_1	Q251E4|dsrA|reductive|Desulfitobacterium_hafniense	61.0	292	397
GCA_964617105_1__dsrA__CAZTWC010000311.1_1	Q9K5B9|dsrA|reductive|Desulfobulbus_rhabdoformis	60.3	305	398
GCA_964617105_1__dsrA__CAZTWC010000311.1_1	N0BK96|dsrA|reductive|Archaeoglobus_sulfaticallidus_PM70-1	60.9	289	395
GCA_964617105_1__dsrA__CAZTWC010000311.1_1	P45574|dsrA|reductive|Nitratidesulfovibrio_vulgaris	59.9	317	392
GCA_964617105_1__dsrA__CAZTWC010000311.1_1	A0ABT8QKK2|dsrA|reductive|Desulfosporosinus_nitroreducens	61.0	292	389
GCA_964617105_1__dsrA__CAZTWC010000311.1_1	Q9F4A3|dsrA|reductive|Desulfovibrio_desulfuricans	56.8	317	380
GCA_964617105_1__dsrA__CAZTWC010000311.1_1	Q59109|dsrA|reductive|Archaeoglobus_fulgidus	58.5	306	379
GCA_964617105_1__dsrA__CAZTWC010000311.1_1	T2G7Q3|dsrA|reductive|Megalodesulfovibrio_gigas	56.6	318	370
GCA_964617105_1__dsrA__CAZTWC010000311.1_1	Q9K5B5|dsrA|reductive|Desulfobacter_vibrioformis	56.6	320	367
GCA_964617105_1__dsrA__CAZTWC010000311.1_1	S0FXQ9|dsrA|reductive|Desulfotignum_phosphitoxidans_DSM_13687	56.1	321	366
GCA_964617105_1__dsrA__CAZTWC010000311.1_1	Q93EU9|dsrA|reductive|Desulfarculus_baarsii	62.6	254	341
GCA_964617105_1__dsrA__CAZTWC010000311.1_1	Q5ZQS3|dsrA|reductive|Desulfomicrobium_baculatum	60.5	253	329
GCA_964617105_1__dsrA__CAZTWC010000311.1_1	Q5ZQT9|dsrA|reductive|Archaeoglobus_veneficus	61.7	240	324
GCA_964617105_1__dsrA__CAZTWC010000311.1_1	Q5ZQR5|dsrA|reductive|Desulfosudis_oleivorans	59.4	254	313
GCA_964617105_1__dsrA__CAZTWC010000311.1_1	Q93EV7|dsrA|reductive|Thermodesulfobacterium_commune	58.0	257	304
GCA_964617105_1__dsrA__CAZTWC010000311.1_1	A0L9L4|dsrA|oxidative|Magnetococcus_marinus	47.0	298	300
GCA_964617105_1__dsrA__CAZTWC010000311.1_1	A1BCS1|dsrA|oxidative|Chlorobium_phaeobacteroides	48.5	295	300
GCA_964617105_1__dsrA__CAZTWC010000311.1_1	Q8K5E9|dsrA|oxidative|Chlorobaculum_tepidum	47.8	295	298
GCA_964617105_1__dsrA__CAZTWC010000311.1_1	O33998|dsrA|oxidative|Allochromatium_vinosum	47.5	297	296
GCA_964617105_1__dsrA__CAZTWC010000311.1_1	A0ABS1E8E7|dsrA|oxidative|Halorhodospira_neutriphila	48.6	296	294
GCA_964617105_1__dsrA__CAZTWC010000311.1_1	A0A5C4RXN4|dsrA|oxidative|Chlorobaculum_thiosulfatiphilum	47.5	295	291
GCA_964617105_1__dsrA__CAZTWC010000311.1_1	A0ABY9MRG6|dsrA|oxidative|Thiothrix_lacustris	43.0	309	276
GCA_964617105_1__dsrA__CAZTWC010000311.1_1	E0D1Z2|dsrA|oxidative|Thiocapsa_marina	44.6	213	207
GCA_964617105_1__dsrA__CAZTWC010000311.1_1	Q251E3|dsrB|reductive|Desulfitobacterium_hafniense	24.3	206	67.0
GCA_964617105_1__dsrA__CAZTWC010000311.1_1	A0ABT8QNA5|dsrB|reductive|Desulfosporosinus_nitroreducens	23.8	206	65.1
GCA_964617105_1__dsrA__CAZTWC010000311.1_1	B5YIF3|dsrB|reductive|Thermodesulfovibrio_yellowstonii	25.4	248	63.2
GCA_964617105_1__dsrA__CAZTWC010000311.1_1	A4J9D5|dsrB|reductive|Desulforamulus_reducens	24.2	244	60.5
GCA_964617105_1__dsrA__CAZTWC010000311.1_1	N0BL33|dsrB|reductive|Archaeoglobus_sulfaticallidus_PM70-1	24.4	213	57.8
GCA_964617105_1__dsrA__CAZTWC010000311.1_1	Q8KE39|dsrB|oxidative|Chlorobaculum_tepidum	23.2	211	52.0
GCA_964617105_1__dsrA__CAZTWC010000311.1_1	A0A5C4RYG3|dsrB|oxidative|Chlorobaculum_thiosulfatiphilum	23.4	197	51.2
GCA_964617105_1__dsrA__CAZTWC010000311.1_1	A1BCS2|dsrB|oxidative|Chlorobium_phaeobacteroides	23.1	212	50.8
GCA_964617105_1__dsrA__CAZTWC010000311.1_1	A0ABS1E5W7|dsrB|oxidative|Halorhodospira_neutriphila	22.3	188	44.3
GCA_964617105_1__dsrB__CAZTWC010000155.1_2	A4J9D5|dsrB|reductive|Desulforamulus_reducens	62.8	352	475
GCA_964617105_1__dsrB__CAZTWC010000155.1_2	E1QFJ3|dsrB|reductive|Desulfarculus_baarsii	59.5	353	459
GCA_964617105_1__dsrB__CAZTWC010000155.1_2	B5YIF3|dsrB|reductive|Thermodesulfovibrio_yellowstonii	56.3	352	457
GCA_964617105_1__dsrB__CAZTWC010000155.1_2	Q251E3|dsrB|reductive|Desulfitobacterium_hafniense	58.6	348	452
GCA_964617105_1__dsrB__CAZTWC010000155.1_2	A0ABT8QNA5|dsrB|reductive|Desulfosporosinus_nitroreducens	56.9	348	441
GCA_964617105_1__dsrB__CAZTWC010000155.1_2	N0BL33|dsrB|reductive|Archaeoglobus_sulfaticallidus_PM70-1	56.7	358	440
GCA_964617105_1__dsrB__CAZTWC010000155.1_2	P45575|dsrB|reductive|Nitratidesulfovibrio_vulgaris	54.3	368	430
GCA_964617105_1__dsrB__CAZTWC010000155.1_2	Q59110|dsrB|reductive|Archaeoglobus_fulgidus	57.1	350	425
GCA_964617105_1__dsrB__CAZTWC010000155.1_2	Q9K5B8|dsrB|reductive|Desulfobulbus_rhabdoformis	56.1	360	423
GCA_964617105_1__dsrB__CAZTWC010000155.1_2	Q9F4A2|dsrB|reductive|Desulfovibrio_desulfuricans	54.6	368	422
GCA_964617105_1__dsrB__CAZTWC010000155.1_2	T2G8V8|dsrB|reductive|Megalodesulfovibrio_gigas	51.6	368	418
GCA_964617105_1__dsrB__CAZTWC010000155.1_2	S0G5M9|dsrB|reductive|Desulfotignum_phosphitoxidans_DSM_13687	50.0	366	394
GCA_964617105_1__dsrB__CAZTWC010000155.1_2	Q9K5B4|dsrB|reductive|Desulfobacter_vibrioformis	49.7	366	393
GCA_964617105_1__dsrB__CAZTWC010000155.1_2	A1BCS2|dsrB|oxidative|Chlorobium_phaeobacteroides	50.4	353	384
GCA_964617105_1__dsrB__CAZTWC010000155.1_2	Q8KE39|dsrB|oxidative|Chlorobaculum_tepidum	49.0	353	375
GCA_964617105_1__dsrB__CAZTWC010000155.1_2	A0A5C4RYG3|dsrB|oxidative|Chlorobaculum_thiosulfatiphilum	49.0	353	374
GCA_964617105_1__dsrB__CAZTWC010000155.1_2	O33999|dsrB|oxidative|Allochromatium_vinosum	46.4	358	358
GCA_964617105_1__dsrB__CAZTWC010000155.1_2	A0A9X0WG77|dsrB|oxidative|Thiocapsa_imhoffii	46.6	358	358
GCA_964617105_1__dsrB__CAZTWC010000155.1_2	A0ABY9MNZ8|dsrB|oxidative|Thiothrix_lacustris	46.3	350	358
GCA_964617105_1__dsrB__CAZTWC010000155.1_2	L0DSF9|dsrB|oxidative|Thioalkalivibrio_nitratireducens	45.1	350	356
GCA_964617105_1__dsrB__CAZTWC010000155.1_2	A0L9L5|dsrB|oxidative|Magnetococcus_marinus	45.4	359	351
GCA_964617105_1__dsrB__CAZTWC010000155.1_2	A0ABS1E5W7|dsrB|oxidative|Halorhodospira_neutriphila	45.1	350	349
GCA_964617105_1__dsrB__CAZTWC010000155.1_2	O33998|dsrA|oxidative|Allochromatium_vinosum	25.0	312	99.8
GCA_964617105_1__dsrB__CAZTWC010000155.1_2	E0D1Z2|dsrA|oxidative|Thiocapsa_marina	26.7	273	96.3
GCA_964617105_1__dsrB__CAZTWC010000155.1_2	A0ABY9MRG6|dsrA|oxidative|Thiothrix_lacustris	23.7	325	92.4
GCA_964617105_1__dsrB__CAZTWC010000155.1_2	A0ABS1E8E7|dsrA|oxidative|Halorhodospira_neutriphila	25.6	246	89.4
GCA_964617105_1__dsrB__CAZTWC010000155.1_2	N0BK96|dsrA|reductive|Archaeoglobus_sulfaticallidus_PM70-1	24.7	295	87.0
GCA_964617105_1__dsrB__CAZTWC010000155.1_2	B5YIF2|dsrA|reductive|Thermodesulfovibrio_yellowstonii	24.1	311	82.4
GCA_964617105_1__dsrB__CAZTWC010000155.1_2	A0L9L4|dsrA|oxidative|Magnetococcus_marinus	23.8	286	79.3
GCA_964617105_1__dsrB__CAZTWC010000155.1_2	Q9K5B9|dsrA|reductive|Desulfobulbus_rhabdoformis	24.8	326	76.6
GCA_964617105_1__dsrB__CAZTWC010000155.1_2	Q8K5E9|dsrA|oxidative|Chlorobaculum_tepidum	22.3	282	73.9
GCA_964617105_1__dsrB__CAZTWC010000155.1_2	A0ABT8QKK2|dsrA|reductive|Desulfosporosinus_nitroreducens	21.9	302	72.0
GCA_964617105_1__dsrB__CAZTWC010000155.1_2	A0A5C4RXN4|dsrA|oxidative|Chlorobaculum_thiosulfatiphilum	23.0	283	67.8
GCA_964617105_1__dsrB__CAZTWC010000155.1_2	Q251E4|dsrA|reductive|Desulfitobacterium_hafniense	21.2	292	67.4
GCA_964617105_1__dsrB__CAZTWC010000155.1_2	A1BCS1|dsrA|oxidative|Chlorobium_phaeobacteroides	23.1	281	67.4
GCA_964617105_1__dsrB__CAZTWC010000155.1_2	T2G7Q3|dsrA|reductive|Megalodesulfovibrio_gigas	22.9	328	67.0
GCA_964617105_1__dsrB__CAZTWC010000155.1_2	Q9K5B5|dsrA|reductive|Desulfobacter_vibrioformis	23.1	251	60.5
GCA_964617105_1__dsrB__CAZTWC010000155.1_2	S0FXQ9|dsrA|reductive|Desulfotignum_phosphitoxidans_DSM_13687	21.8	321	59.3
GCA_964617105_1__dsrB__CAZTWC010000155.1_2	Q5ZQR5|dsrA|reductive|Desulfosudis_oleivorans	20.6	311	56.2
GCA_964617105_1__dsrB__CAZTWC010000155.1_2	Q9F4A3|dsrA|reductive|Desulfovibrio_desulfuricans	20.3	344	52.8
GCA_964617105_1__dsrB__CAZTWC010000155.1_2	P45574|dsrA|reductive|Nitratidesulfovibrio_vulgaris	20.1	328	50.8
GCA_964617105_1__dsrB__CAZTWC010000155.1_2	Q93EV7|dsrA|reductive|Thermodesulfobacterium_commune	20.8	298	48.5
GCA_964617105_1__dsrB__CAZTWC010000155.1_2	Q93EU9|dsrA|reductive|Desulfarculus_baarsii	19.4	315	47.4
GCA_964617105_1__dsrB__CAZTWC010000155.1_2	Q5ZQS3|dsrA|reductive|Desulfomicrobium_baculatum	23.2	259	46.2
GCA_964654595_1__dsrA__CAZZLE010000209.1_8	Q59109|dsrA|reductive|Archaeoglobus_fulgidus	85.5	400	748
GCA_964654595_1__dsrA__CAZZLE010000209.1_8	Q5ZQT9|dsrA|reductive|Archaeoglobus_veneficus	76.3	350	583
GCA_964654595_1__dsrA__CAZZLE010000209.1_8	N0BK96|dsrA|reductive|Archaeoglobus_sulfaticallidus_PM70-1	62.3	401	507
GCA_964654595_1__dsrA__CAZZLE010000209.1_8	B5YIF2|dsrA|reductive|Thermodesulfovibrio_yellowstonii	56.8	366	436
GCA_964654595_1__dsrA__CAZZLE010000209.1_8	Q251E4|dsrA|reductive|Desulfitobacterium_hafniense	55.5	366	433
GCA_964654595_1__dsrA__CAZZLE010000209.1_8	Q9F4A3|dsrA|reductive|Desulfovibrio_desulfuricans	53.2	385	428
GCA_964654595_1__dsrA__CAZZLE010000209.1_8	Q9K5B9|dsrA|reductive|Desulfobulbus_rhabdoformis	54.3	385	424
GCA_964654595_1__dsrA__CAZZLE010000209.1_8	T2G7Q3|dsrA|reductive|Megalodesulfovibrio_gigas	53.9	382	417
GCA_964654595_1__dsrA__CAZZLE010000209.1_8	A0ABT8QKK2|dsrA|reductive|Desulfosporosinus_nitroreducens	53.9	369	416
GCA_964654595_1__dsrA__CAZZLE010000209.1_8	P45574|dsrA|reductive|Nitratidesulfovibrio_vulgaris	52.6	403	417
GCA_964654595_1__dsrA__CAZZLE010000209.1_8	Q93EU9|dsrA|reductive|Desulfarculus_baarsii	53.9	362	395
GCA_964654595_1__dsrA__CAZZLE010000209.1_8	Q9K5B5|dsrA|reductive|Desulfobacter_vibrioformis	49.8	422	396
GCA_964654595_1__dsrA__CAZZLE010000209.1_8	S0FXQ9|dsrA|reductive|Desulfotignum_phosphitoxidans_DSM_13687	50.8	400	395
GCA_964654595_1__dsrA__CAZZLE010000209.1_8	Q5ZQS3|dsrA|reductive|Desulfomicrobium_baculatum	51.0	353	375
GCA_964654595_1__dsrA__CAZZLE010000209.1_8	Q5ZQR5|dsrA|reductive|Desulfosudis_oleivorans	51.5	363	374
GCA_964654595_1__dsrA__CAZZLE010000209.1_8	Q93EV7|dsrA|reductive|Thermodesulfobacterium_commune	48.4	370	350
GCA_964654595_1__dsrA__CAZZLE010000209.1_8	A1BCS1|dsrA|oxidative|Chlorobium_phaeobacteroides	45.6	355	333
GCA_964654595_1__dsrA__CAZZLE010000209.1_8	Q8K5E9|dsrA|oxidative|Chlorobaculum_tepidum	43.9	355	325
GCA_964654595_1__dsrA__CAZZLE010000209.1_8	A0L9L4|dsrA|oxidative|Magnetococcus_marinus	45.7	361	320
GCA_964654595_1__dsrA__CAZZLE010000209.1_8	A0A5C4RXN4|dsrA|oxidative|Chlorobaculum_thiosulfatiphilum	43.7	355	318
GCA_964654595_1__dsrA__CAZZLE010000209.1_8	A0ABS1E8E7|dsrA|oxidative|Halorhodospira_neutriphila	46.6	358	315
GCA_964654595_1__dsrA__CAZZLE010000209.1_8	O33998|dsrA|oxidative|Allochromatium_vinosum	43.4	366	307
GCA_964654595_1__dsrA__CAZZLE010000209.1_8	A0ABY9MRG6|dsrA|oxidative|Thiothrix_lacustris	44.0	373	302
GCA_964654595_1__dsrA__CAZZLE010000209.1_8	E0D1Z2|dsrA|oxidative|Thiocapsa_marina	45.6	283	254
GCA_964654595_1__dsrA__CAZZLE010000209.1_8	N0BL33|dsrB|reductive|Archaeoglobus_sulfaticallidus_PM70-1	25.8	322	80.9
GCA_964654595_1__dsrB__CAZZLE010000209.1_7	Q59110|dsrB|reductive|Archaeoglobus_fulgidus	92.6	366	739
GCA_964654595_1__dsrB__CAZZLE010000209.1_7	N0BL33|dsrB|reductive|Archaeoglobus_sulfaticallidus_PM70-1	71.3	369	562
GCA_964654595_1__dsrB__CAZZLE010000209.1_7	A4J9D5|dsrB|reductive|Desulforamulus_reducens	57.2	360	459
GCA_964654595_1__dsrB__CAZZLE010000209.1_7	Q251E3|dsrB|reductive|Desulfitobacterium_hafniense	56.4	358	438
GCA_964654595_1__dsrB__CAZZLE010000209.1_7	A0ABT8QNA5|dsrB|reductive|Desulfosporosinus_nitroreducens	55.9	358	437
GCA_964654595_1__dsrB__CAZZLE010000209.1_7	P45575|dsrB|reductive|Nitratidesulfovibrio_vulgaris	56.2	370	433
GCA_964654595_1__dsrB__CAZZLE010000209.1_7	E1QFJ3|dsrB|reductive|Desulfarculus_baarsii	53.5	361	428
GCA_964654595_1__dsrB__CAZZLE010000209.1_7	B5YIF3|dsrB|reductive|Thermodesulfovibrio_yellowstonii	53.6	360	423
GCA_964654595_1__dsrB__CAZZLE010000209.1_7	Q9K5B8|dsrB|reductive|Desulfobulbus_rhabdoformis	55.8	371	423
GCA_964654595_1__dsrB__CAZZLE010000209.1_7	Q9F4A2|dsrB|reductive|Desulfovibrio_desulfuricans	54.8	374	419
GCA_964654595_1__dsrB__CAZZLE010000209.1_7	T2G8V8|dsrB|reductive|Megalodesulfovibrio_gigas	54.1	370	417
GCA_964654595_1__dsrB__CAZZLE010000209.1_7	S0G5M9|dsrB|reductive|Desulfotignum_phosphitoxidans_DSM_13687	52.0	371	398
GCA_964654595_1__dsrB__CAZZLE010000209.1_7	Q9K5B4|dsrB|reductive|Desulfobacter_vibrioformis	50.7	371	395
GCA_964654595_1__dsrB__CAZZLE010000209.1_7	Q8KE39|dsrB|oxidative|Chlorobaculum_tepidum	48.7	341	341
GCA_964654595_1__dsrB__CAZZLE010000209.1_7	A0A5C4RYG3|dsrB|oxidative|Chlorobaculum_thiosulfatiphilum	47.2	341	335
GCA_964654595_1__dsrB__CAZZLE010000209.1_7	A1BCS2|dsrB|oxidative|Chlorobium_phaeobacteroides	47.7	344	331
GCA_964654595_1__dsrB__CAZZLE010000209.1_7	A0ABS1E5W7|dsrB|oxidative|Halorhodospira_neutriphila	45.4	337	317
GCA_964654595_1__dsrB__CAZZLE010000209.1_7	A0L9L5|dsrB|oxidative|Magnetococcus_marinus	43.9	344	309
GCA_964654595_1__dsrB__CAZZLE010000209.1_7	A0A9X0WG77|dsrB|oxidative|Thiocapsa_imhoffii	46.5	333	308
GCA_964654595_1__dsrB__CAZZLE010000209.1_7	O33999|dsrB|oxidative|Allochromatium_vinosum	45.9	333	305
GCA_964654595_1__dsrB__CAZZLE010000209.1_7	L0DSF9|dsrB|oxidative|Thioalkalivibrio_nitratireducens	44.7	333	304
GCA_964654595_1__dsrB__CAZZLE010000209.1_7	A0ABY9MNZ8|dsrB|oxidative|Thiothrix_lacustris	44.7	333	302
GCA_964654595_1__dsrB__CAZZLE010000209.1_7	N0BK96|dsrA|reductive|Archaeoglobus_sulfaticallidus_PM70-1	25.7	300	90.1
GCA_964654595_1__dsrB__CAZZLE010000209.1_7	A0L9L4|dsrA|oxidative|Magnetococcus_marinus	24.3	309	87.0
GCA_964654595_1__dsrB__CAZZLE010000209.1_7	A0ABS1E8E7|dsrA|oxidative|Halorhodospira_neutriphila	25.7	303	87.0
GCA_964654595_1__dsrB__CAZZLE010000209.1_7	O33998|dsrA|oxidative|Allochromatium_vinosum	24.0	337	82.0
GCA_964654595_1__dsrB__CAZZLE010000209.1_7	A0ABT8QKK2|dsrA|reductive|Desulfosporosinus_nitroreducens	25.2	361	79.7
GCA_964654595_1__dsrB__CAZZLE010000209.1_7	A0A5C4RXN4|dsrA|oxidative|Chlorobaculum_thiosulfatiphilum	23.5	310	77.0
GCA_964654595_1__dsrB__CAZZLE010000209.1_7	Q59109|dsrA|reductive|Archaeoglobus_fulgidus	25.9	352	77.0
GCA_964654595_1__dsrB__CAZZLE010000209.1_7	A1BCS1|dsrA|oxidative|Chlorobium_phaeobacteroides	21.9	306	75.1
GCA_964654595_1__dsrB__CAZZLE010000209.1_7	Q8K5E9|dsrA|oxidative|Chlorobaculum_tepidum	22.0	305	74.7
GCA_964654595_1__dsrB__CAZZLE010000209.1_7	B5YIF2|dsrA|reductive|Thermodesulfovibrio_yellowstonii	23.2	345	73.9
GCA_964654595_1__dsrB__CAZZLE010000209.1_7	A0ABY9MRG6|dsrA|oxidative|Thiothrix_lacustris	23.5	349	71.2
GCA_964654595_1__dsrB__CAZZLE010000209.1_7	S0FXQ9|dsrA|reductive|Desulfotignum_phosphitoxidans_DSM_13687	21.7	396	70.9
GCA_964654595_1__dsrB__CAZZLE010000209.1_7	T2G7Q3|dsrA|reductive|Megalodesulfovibrio_gigas	21.8	363	70.5
GCA_964654595_1__dsrB__CAZZLE010000209.1_7	Q9F4A3|dsrA|reductive|Desulfovibrio_desulfuricans	23.0	322	64.3
GCA_964654595_1__dsrB__CAZZLE010000209.1_7	Q5ZQR5|dsrA|reductive|Desulfosudis_oleivorans	21.1	318	62.4
GCA_964654595_1__dsrB__CAZZLE010000209.1_7	Q9K5B5|dsrA|reductive|Desulfobacter_vibrioformis	22.4	246	62.4
GCA_964654595_1__dsrB__CAZZLE010000209.1_7	Q5ZQT9|dsrA|reductive|Archaeoglobus_veneficus	24.5	339	59.7
GCA_964654595_1__dsrB__CAZZLE010000209.1_7	Q93EU9|dsrA|reductive|Desulfarculus_baarsii	20.6	345	59.3
GCA_964654595_1__dsrB__CAZZLE010000209.1_7	Q93EV7|dsrA|reductive|Thermodesulfobacterium_commune	21.5	316	59.3
GCA_964654595_1__dsrB__CAZZLE010000209.1_7	P45574|dsrA|reductive|Nitratidesulfovibrio_vulgaris	20.7	363	59.3
GCA_964654595_1__dsrB__CAZZLE010000209.1_7	Q5ZQS3|dsrA|reductive|Desulfomicrobium_baculatum	21.6	338	51.6
GCA_965613365_1__dsrA__CBFDVL010000003.1_33	Q59109|dsrA|reductive|Archaeoglobus_fulgidus	56.3	398	459
GCA_965613365_1__dsrA__CBFDVL010000003.1_33	N0BK96|dsrA|reductive|Archaeoglobus_sulfaticallidus_PM70-1	54.3	387	439
GCA_965613365_1__dsrA__CBFDVL010000003.1_33	Q251E4|dsrA|reductive|Desulfitobacterium_hafniense	52.1	388	424
GCA_965613365_1__dsrA__CBFDVL010000003.1_33	A0ABT8QKK2|dsrA|reductive|Desulfosporosinus_nitroreducens	48.5	388	410
GCA_965613365_1__dsrA__CBFDVL010000003.1_33	B5YIF2|dsrA|reductive|Thermodesulfovibrio_yellowstonii	50.4	385	404
GCA_965613365_1__dsrA__CBFDVL010000003.1_33	Q5ZQT9|dsrA|reductive|Archaeoglobus_veneficus	55.4	336	385
GCA_965613365_1__dsrA__CBFDVL010000003.1_33	Q9F4A3|dsrA|reductive|Desulfovibrio_desulfuricans	45.3	413	374
GCA_965613365_1__dsrA__CBFDVL010000003.1_33	Q9K5B5|dsrA|reductive|Desulfobacter_vibrioformis	47.0	419	368
GCA_965613365_1__dsrA__CBFDVL010000003.1_33	S0FXQ9|dsrA|reductive|Desulfotignum_phosphitoxidans_DSM_13687	47.0	419	368
GCA_965613365_1__dsrA__CBFDVL010000003.1_33	Q9K5B9|dsrA|reductive|Desulfobulbus_rhabdoformis	45.4	405	367
GCA_965613365_1__dsrA__CBFDVL010000003.1_33	T2G7Q3|dsrA|reductive|Megalodesulfovibrio_gigas	44.8	413	361
GCA_965613365_1__dsrA__CBFDVL010000003.1_33	P45574|dsrA|reductive|Nitratidesulfovibrio_vulgaris	44.6	413	359
GCA_965613365_1__dsrA__CBFDVL010000003.1_33	Q93EU9|dsrA|reductive|Desulfarculus_baarsii	49.4	350	350
GCA_965613365_1__dsrA__CBFDVL010000003.1_33	A1BCS1|dsrA|oxidative|Chlorobium_phaeobacteroides	43.4	385	347
GCA_965613365_1__dsrA__CBFDVL010000003.1_33	Q8K5E9|dsrA|oxidative|Chlorobaculum_tepidum	41.5	386	330
GCA_965613365_1__dsrA__CBFDVL010000003.1_33	Q93EV7|dsrA|reductive|Thermodesulfobacterium_commune	46.7	353	327
GCA_965613365_1__dsrA__CBFDVL010000003.1_33	A0A5C4RXN4|dsrA|oxidative|Chlorobaculum_thiosulfatiphilum	41.7	386	327
GCA_965613365_1__dsrA__CBFDVL010000003.1_33	A0L9L4|dsrA|oxidative|Magnetococcus_marinus	40.8	387	322
GCA_965613365_1__dsrA__CBFDVL010000003.1_33	A0ABS1E8E7|dsrA|oxidative|Halorhodospira_neutriphila	41.2	386	318
GCA_965613365_1__dsrA__CBFDVL010000003.1_33	Q5ZQS3|dsrA|reductive|Desulfomicrobium_baculatum	44.7	349	315
GCA_965613365_1__dsrA__CBFDVL010000003.1_33	Q5ZQR5|dsrA|reductive|Desulfosudis_oleivorans	45.6	349	308
GCA_965613365_1__dsrA__CBFDVL010000003.1_33	O33998|dsrA|oxidative|Allochromatium_vinosum	40.4	389	309
GCA_965613365_1__dsrA__CBFDVL010000003.1_33	A0ABY9MRG6|dsrA|oxidative|Thiothrix_lacustris	39.8	397	293
GCA_965613365_1__dsrA__CBFDVL010000003.1_33	E0D1Z2|dsrA|oxidative|Thiocapsa_marina	44.4	284	257
GCA_965613365_1__dsrA__CBFDVL010000003.1_33	Q251E3|dsrB|reductive|Desulfitobacterium_hafniense	23.9	272	94.0
GCA_965613365_1__dsrA__CBFDVL010000003.1_33	A0ABT8QNA5|dsrB|reductive|Desulfosporosinus_nitroreducens	24.2	265	87.8
GCA_965613365_1__dsrA__CBFDVL010000003.1_33	B5YIF3|dsrB|reductive|Thermodesulfovibrio_yellowstonii	24.5	282	86.3
GCA_965613365_1__dsrA__CBFDVL010000003.1_33	A0A5C4RYG3|dsrB|oxidative|Chlorobaculum_thiosulfatiphilum	21.5	288	80.1
GCA_965613365_1__dsrA__CBFDVL010000003.1_33	Q9F4A2|dsrB|reductive|Desulfovibrio_desulfuricans	21.2	339	79.7
GCA_965613365_1__dsrA__CBFDVL010000003.1_33	T2G8V8|dsrB|reductive|Megalodesulfovibrio_gigas	25.5	251	79.0
GCA_965613365_1__dsrA__CBFDVL010000003.1_33	Q9K5B4|dsrB|reductive|Desulfobacter_vibrioformis	21.7	360	77.0
GCA_965613365_1__dsrA__CBFDVL010000003.1_33	Q8KE39|dsrB|oxidative|Chlorobaculum_tepidum	20.5	288	76.6
GCA_965613365_1__dsrA__CBFDVL010000003.1_33	A1BCS2|dsrB|oxidative|Chlorobium_phaeobacteroides	20.8	288	76.6
GCA_965613365_1__dsrA__CBFDVL010000003.1_33	P45575|dsrB|reductive|Nitratidesulfovibrio_vulgaris	22.0	304	74.3
GCA_965613365_1__dsrA__CBFDVL010000003.1_33	A0ABS1E5W7|dsrB|oxidative|Halorhodospira_neutriphila	23.5	289	71.6
GCA_965613365_1__dsrA__CBFDVL010000003.1_33	A0A9X0WG77|dsrB|oxidative|Thiocapsa_imhoffii	22.1	280	68.2
GCA_965613365_1__dsrA__CBFDVL010000003.1_33	L0DSF9|dsrB|oxidative|Thioalkalivibrio_nitratireducens	21.4	285	65.9
GCA_965613365_1__dsrA__CBFDVL010000003.1_33	O33999|dsrB|oxidative|Allochromatium_vinosum	21.4	280	65.1
GCA_965613365_1__dsrA__CBFDVL010000003.1_33	A0ABY9MNZ8|dsrB|oxidative|Thiothrix_lacustris	21.8	285	64.7
GCA_965613365_1__dsrA__CBFDVL010000003.1_33	A0L9L5|dsrB|oxidative|Magnetococcus_marinus	22.6	288	63.2
GCA_965613365_1__dsrA__CBFDVL010000003.1_33	Q9K5B8|dsrB|reductive|Desulfobulbus_rhabdoformis	24.8	234	59.3
GCA_965613365_1__dsrB__CBFDVL010000003.1_32	A4J9D5|dsrB|reductive|Desulforamulus_reducens	52.6	348	383
GCA_965613365_1__dsrB__CBFDVL010000003.1_32	Q251E3|dsrB|reductive|Desulfitobacterium_hafniense	47.1	365	365
GCA_965613365_1__dsrB__CBFDVL010000003.1_32	N0BL33|dsrB|reductive|Archaeoglobus_sulfaticallidus_PM70-1	51.4	354	365
GCA_965613365_1__dsrB__CBFDVL010000003.1_32	A0ABT8QNA5|dsrB|reductive|Desulfosporosinus_nitroreducens	48.3	348	359
GCA_965613365_1__dsrB__CBFDVL010000003.1_32	B5YIF3|dsrB|reductive|Thermodesulfovibrio_yellowstonii	48.2	353	348
GCA_965613365_1__dsrB__CBFDVL010000003.1_32	Q59110|dsrB|reductive|Archaeoglobus_fulgidus	46.3	369	343
GCA_965613365_1__dsrB__CBFDVL010000003.1_32	Q9K5B8|dsrB|reductive|Desulfobulbus_rhabdoformis	44.1	358	326
GCA_965613365_1__dsrB__CBFDVL010000003.1_32	E1QFJ3|dsrB|reductive|Desulfarculus_baarsii	44.3	350	324
GCA_965613365_1__dsrB__CBFDVL010000003.1_32	Q9K5B4|dsrB|reductive|Desulfobacter_vibrioformis	41.9	356	315
GCA_965613365_1__dsrB__CBFDVL010000003.1_32	S0G5M9|dsrB|reductive|Desulfotignum_phosphitoxidans_DSM_13687	41.9	356	311
GCA_965613365_1__dsrB__CBFDVL010000003.1_32	T2G8V8|dsrB|reductive|Megalodesulfovibrio_gigas	40.9	359	311
GCA_965613365_1__dsrB__CBFDVL010000003.1_32	P45575|dsrB|reductive|Nitratidesulfovibrio_vulgaris	42.7	356	308
GCA_965613365_1__dsrB__CBFDVL010000003.1_32	Q9F4A2|dsrB|reductive|Desulfovibrio_desulfuricans	42.7	356	305
GCA_965613365_1__dsrB__CBFDVL010000003.1_32	A0A9X0WG77|dsrB|oxidative|Thiocapsa_imhoffii	41.1	355	286
GCA_965613365_1__dsrB__CBFDVL010000003.1_32	O33999|dsrB|oxidative|Allochromatium_vinosum	41.1	355	285
GCA_965613365_1__dsrB__CBFDVL010000003.1_32	A0A5C4RYG3|dsrB|oxidative|Chlorobaculum_thiosulfatiphilum	40.9	335	285
GCA_965613365_1__dsrB__CBFDVL010000003.1_32	A1BCS2|dsrB|oxidative|Chlorobium_phaeobacteroides	42.7	335	283
GCA_965613365_1__dsrB__CBFDVL010000003.1_32	Q8KE39|dsrB|oxidative|Chlorobaculum_tepidum	40.3	335	281
GCA_965613365_1__dsrB__CBFDVL010000003.1_32	A0ABS1E5W7|dsrB|oxidative|Halorhodospira_neutriphila	39.4	353	280
GCA_965613365_1__dsrB__CBFDVL010000003.1_32	L0DSF9|dsrB|oxidative|Thioalkalivibrio_nitratireducens	40.3	335	276
GCA_965613365_1__dsrB__CBFDVL010000003.1_32	A0ABY9MNZ8|dsrB|oxidative|Thiothrix_lacustris	39.4	335	270
GCA_965613365_1__dsrB__CBFDVL010000003.1_32	A0L9L5|dsrB|oxidative|Magnetococcus_marinus	40.0	335	268
GCA_965613365_1__dsrB__CBFDVL010000003.1_32	N0BK96|dsrA|reductive|Archaeoglobus_sulfaticallidus_PM70-1	27.2	305	108
GCA_965613365_1__dsrB__CBFDVL010000003.1_32	B5YIF2|dsrA|reductive|Thermodesulfovibrio_yellowstonii	28.9	280	106
GCA_965613365_1__dsrB__CBFDVL010000003.1_32	Q8K5E9|dsrA|oxidative|Chlorobaculum_tepidum	27.4	296	106
GCA_965613365_1__dsrB__CBFDVL010000003.1_32	A0ABS1E8E7|dsrA|oxidative|Halorhodospira_neutriphila	25.3	312	106
GCA_965613365_1__dsrB__CBFDVL010000003.1_32	A0L9L4|dsrA|oxidative|Magnetococcus_marinus	27.7	285	104
GCA_965613365_1__dsrB__CBFDVL010000003.1_32	Q9K5B9|dsrA|reductive|Desulfobulbus_rhabdoformis	25.0	348	102
GCA_965613365_1__dsrB__CBFDVL010000003.1_32	A1BCS1|dsrA|oxidative|Chlorobium_phaeobacteroides	26.2	294	102
GCA_965613365_1__dsrB__CBFDVL010000003.1_32	A0A5C4RXN4|dsrA|oxidative|Chlorobaculum_thiosulfatiphilum	26.5	294	101
GCA_965613365_1__dsrB__CBFDVL010000003.1_32	A0ABT8QKK2|dsrA|reductive|Desulfosporosinus_nitroreducens	29.5	285	100
GCA_965613365_1__dsrB__CBFDVL010000003.1_32	O33998|dsrA|oxidative|Allochromatium_vinosum	24.4	303	99.0
GCA_965613365_1__dsrB__CBFDVL010000003.1_32	P45574|dsrA|reductive|Nitratidesulfovibrio_vulgaris	25.3	348	97.8
GCA_965613365_1__dsrB__CBFDVL010000003.1_32	E0D1Z2|dsrA|oxidative|Thiocapsa_marina	24.9	273	97.4
GCA_965613365_1__dsrB__CBFDVL010000003.1_32	Q5ZQR5|dsrA|reductive|Desulfosudis_oleivorans	23.8	345	96.7
GCA_965613365_1__dsrB__CBFDVL010000003.1_32	S0FXQ9|dsrA|reductive|Desulfotignum_phosphitoxidans_DSM_13687	25.1	339	97.1
GCA_965613365_1__dsrB__CBFDVL010000003.1_32	Q251E4|dsrA|reductive|Desulfitobacterium_hafniense	26.9	286	96.3
GCA_965613365_1__dsrB__CBFDVL010000003.1_32	Q93EV7|dsrA|reductive|Thermodesulfobacterium_commune	25.7	339	94.7
GCA_965613365_1__dsrB__CBFDVL010000003.1_32	Q9K5B5|dsrA|reductive|Desulfobacter_vibrioformis	24.6	338	95.1
GCA_965613365_1__dsrB__CBFDVL010000003.1_32	A0ABY9MRG6|dsrA|oxidative|Thiothrix_lacustris	23.7	295	93.2
GCA_965613365_1__dsrB__CBFDVL010000003.1_32	Q9F4A3|dsrA|reductive|Desulfovibrio_desulfuricans	23.0	369	91.3
GCA_965613365_1__dsrB__CBFDVL010000003.1_32	Q5ZQS3|dsrA|reductive|Desulfomicrobium_baculatum	24.7	373	89.0
GCA_965613365_1__dsrB__CBFDVL010000003.1_32	Q93EU9|dsrA|reductive|Desulfarculus_baarsii	24.3	296	87.0
GCA_965613365_1__dsrB__CBFDVL010000003.1_32	T2G7Q3|dsrA|reductive|Megalodesulfovibrio_gigas	23.4	372	87.0
GCF_000189755_2__dsrA__NZ_KI912183.1_2213	Q251E4|dsrA|reductive|Desulfitobacterium_hafniense	65.5	397	568
GCF_000189755_2__dsrA__NZ_KI912183.1_2213	Q59109|dsrA|reductive|Archaeoglobus_fulgidus	65.9	402	562
GCF_000189755_2__dsrA__NZ_KI912183.1_2213	N0BK96|dsrA|reductive|Archaeoglobus_sulfaticallidus_PM70-1	64.5	389	552
GCF_000189755_2__dsrA__NZ_KI912183.1_2213	A0ABT8QKK2|dsrA|reductive|Desulfosporosinus_nitroreducens	64.7	394	550
GCF_000189755_2__dsrA__NZ_KI912183.1_2213	B5YIF2|dsrA|reductive|Thermodesulfovibrio_yellowstonii	61.9	394	530
GCF_000189755_2__dsrA__NZ_KI912183.1_2213	Q9K5B9|dsrA|reductive|Desulfobulbus_rhabdoformis	57.9	409	508
GCF_000189755_2__dsrA__NZ_KI912183.1_2213	P45574|dsrA|reductive|Nitratidesulfovibrio_vulgaris	56.1	417	483
GCF_000189755_2__dsrA__NZ_KI912183.1_2213	Q9F4A3|dsrA|reductive|Desulfovibrio_desulfuricans	53.8	418	478
GCF_000189755_2__dsrA__NZ_KI912183.1_2213	T2G7Q3|dsrA|reductive|Megalodesulfovibrio_gigas	55.2	417	473
GCF_000189755_2__dsrA__NZ_KI912183.1_2213	S0FXQ9|dsrA|reductive|Desulfotignum_phosphitoxidans_DSM_13687	54.0	422	467
GCF_000189755_2__dsrA__NZ_KI912183.1_2213	Q5ZQT9|dsrA|reductive|Archaeoglobus_veneficus	61.6	341	461
GCF_000189755_2__dsrA__NZ_KI912183.1_2213	Q9K5B5|dsrA|reductive|Desulfobacter_vibrioformis	54.1	425	464
GCF_000189755_2__dsrA__NZ_KI912183.1_2213	Q93EU9|dsrA|reductive|Desulfarculus_baarsii	59.9	352	447
GCF_000189755_2__dsrA__NZ_KI912183.1_2213	Q5ZQS3|dsrA|reductive|Desulfomicrobium_baculatum	57.7	352	426
GCF_000189755_2__dsrA__NZ_KI912183.1_2213	Q93EV7|dsrA|reductive|Thermodesulfobacterium_commune	58.3	357	425
GCF_000189755_2__dsrA__NZ_KI912183.1_2213	Q5ZQR5|dsrA|reductive|Desulfosudis_oleivorans	53.1	352	396
GCF_000189755_2__dsrA__NZ_KI912183.1_2213	O33998|dsrA|oxidative|Allochromatium_vinosum	48.9	393	388
GCF_000189755_2__dsrA__NZ_KI912183.1_2213	A1BCS1|dsrA|oxidative|Chlorobium_phaeobacteroides	48.3	389	375
GCF_000189755_2__dsrA__NZ_KI912183.1_2213	Q8K5E9|dsrA|oxidative|Chlorobaculum_tepidum	47.0	389	369
GCF_000189755_2__dsrA__NZ_KI912183.1_2213	A0ABS1E8E7|dsrA|oxidative|Halorhodospira_neutriphila	47.2	388	369
GCF_000189755_2__dsrA__NZ_KI912183.1_2213	A0L9L4|dsrA|oxidative|Magnetococcus_marinus	46.3	395	367
GCF_000189755_2__dsrA__NZ_KI912183.1_2213	A0ABY9MRG6|dsrA|oxidative|Thiothrix_lacustris	46.2	405	365
GCF_000189755_2__dsrA__NZ_KI912183.1_2213	A0A5C4RXN4|dsrA|oxidative|Chlorobaculum_thiosulfatiphilum	47.0	389	363
GCF_000189755_2__dsrA__NZ_KI912183.1_2213	E0D1Z2|dsrA|oxidative|Thiocapsa_marina	47.0	298	278
GCF_000189755_2__dsrA__NZ_KI912183.1_2213	A4J9D5|dsrB|reductive|Desulforamulus_reducens	25.0	296	74.3
GCF_000189755_2__dsrB__NZ_KI912183.1_2212	A4J9D5|dsrB|reductive|Desulforamulus_reducens	90.4	354	681
GCF_000189755_2__dsrB__NZ_KI912183.1_2212	Q251E3|dsrB|reductive|Desulfitobacterium_hafniense	68.4	348	533
GCF_000189755_2__dsrB__NZ_KI912183.1_2212	A0ABT8QNA5|dsrB|reductive|Desulfosporosinus_nitroreducens	65.2	348	506
GCF_000189755_2__dsrB__NZ_KI912183.1_2212	B5YIF3|dsrB|reductive|Thermodesulfovibrio_yellowstonii	59.9	352	484
GCF_000189755_2__dsrB__NZ_KI912183.1_2212	E1QFJ3|dsrB|reductive|Desulfarculus_baarsii	61.3	357	482
GCF_000189755_2__dsrB__NZ_KI912183.1_2212	N0BL33|dsrB|reductive|Archaeoglobus_sulfaticallidus_PM70-1	59.2	355	474
GCF_000189755_2__dsrB__NZ_KI912183.1_2212	Q9K5B8|dsrB|reductive|Desulfobulbus_rhabdoformis	60.9	358	472
GCF_000189755_2__dsrB__NZ_KI912183.1_2212	P45575|dsrB|reductive|Nitratidesulfovibrio_vulgaris	56.8	368	452
GCF_000189755_2__dsrB__NZ_KI912183.1_2212	Q59110|dsrB|reductive|Archaeoglobus_fulgidus	55.6	360	447
GCF_000189755_2__dsrB__NZ_KI912183.1_2212	Q9F4A2|dsrB|reductive|Desulfovibrio_desulfuricans	57.9	363	444
GCF_000189755_2__dsrB__NZ_KI912183.1_2212	T2G8V8|dsrB|reductive|Megalodesulfovibrio_gigas	55.9	363	432
GCF_000189755_2__dsrB__NZ_KI912183.1_2212	Q9K5B4|dsrB|reductive|Desulfobacter_vibrioformis	54.7	364	427
GCF_000189755_2__dsrB__NZ_KI912183.1_2212	S0G5M9|dsrB|reductive|Desulfotignum_phosphitoxidans_DSM_13687	53.6	364	424
GCF_000189755_2__dsrB__NZ_KI912183.1_2212	A1BCS2|dsrB|oxidative|Chlorobium_phaeobacteroides	49.3	343	364
GCF_000189755_2__dsrB__NZ_KI912183.1_2212	A0A5C4RYG3|dsrB|oxidative|Chlorobaculum_thiosulfatiphilum	48.0	350	357
GCF_000189755_2__dsrB__NZ_KI912183.1_2212	Q8KE39|dsrB|oxidative|Chlorobaculum_tepidum	47.3	351	355
GCF_000189755_2__dsrB__NZ_KI912183.1_2212	A0L9L5|dsrB|oxidative|Magnetococcus_marinus	45.3	351	334
GCF_000189755_2__dsrB__NZ_KI912183.1_2212	A0ABS1E5W7|dsrB|oxidative|Halorhodospira_neutriphila	48.2	326	328
GCF_000189755_2__dsrB__NZ_KI912183.1_2212	L0DSF9|dsrB|oxidative|Thioalkalivibrio_nitratireducens	45.1	339	324
GCF_000189755_2__dsrB__NZ_KI912183.1_2212	A0ABY9MNZ8|dsrB|oxidative|Thiothrix_lacustris	45.9	338	324
GCF_000189755_2__dsrB__NZ_KI912183.1_2212	O33999|dsrB|oxidative|Allochromatium_vinosum	43.7	359	320
GCF_000189755_2__dsrB__NZ_KI912183.1_2212	A0A9X0WG77|dsrB|oxidative|Thiocapsa_imhoffii	43.2	359	318
GCF_000189755_2__dsrB__NZ_KI912183.1_2212	N0BK96|dsrA|reductive|Archaeoglobus_sulfaticallidus_PM70-1	26.7	292	89.7
GCF_000189755_2__dsrB__NZ_KI912183.1_2212	A0L9L4|dsrA|oxidative|Magnetococcus_marinus	25.4	280	87.8
GCF_000189755_2__dsrB__NZ_KI912183.1_2212	A0ABS1E8E7|dsrA|oxidative|Halorhodospira_neutriphila	25.9	282	87.4
GCF_000189755_2__dsrB__NZ_KI912183.1_2212	Q8K5E9|dsrA|oxidative|Chlorobaculum_tepidum	24.6	280	75.9
GCF_000189755_2__dsrB__NZ_KI912183.1_2212	A0A5C4RXN4|dsrA|oxidative|Chlorobaculum_thiosulfatiphilum	25.3	285	72.8
GCF_000189755_2__dsrB__NZ_KI912183.1_2212	T2G7Q3|dsrA|reductive|Megalodesulfovibrio_gigas	23.9	318	72.4
GCF_000189755_2__dsrB__NZ_KI912183.1_2212	A1BCS1|dsrA|oxidative|Chlorobium_phaeobacteroides	24.8	278	71.2
GCF_000189755_2__dsrB__NZ_KI912183.1_2212	Q9F4A3|dsrA|reductive|Desulfovibrio_desulfuricans	22.4	317	70.5
GCF_000189755_2__dsrB__NZ_KI912183.1_2212	P45574|dsrA|reductive|Nitratidesulfovibrio_vulgaris	22.3	318	68.9
GCF_000189755_2__dsrB__NZ_KI912183.1_2212	Q93EV7|dsrA|reductive|Thermodesulfobacterium_commune	22.2	297	59.3
GCF_000189755_2__dsrB__NZ_KI912183.1_2212	Q93EU9|dsrA|reductive|Desulfarculus_baarsii	23.2	302	58.2
GCF_000212395_1__dsrA__NC_015499.1_1368	N0BK96|dsrA|reductive|Archaeoglobus_sulfaticallidus_PM70-1	64.5	389	546
GCF_000212395_1__dsrA__NC_015499.1_1368	Q251E4|dsrA|reductive|Desulfitobacterium_hafniense	62.4	394	537
GCF_000212395_1__dsrA__NC_015499.1_1368	A0ABT8QKK2|dsrA|reductive|Desulfosporosinus_nitroreducens	58.9	394	509
GCF_000212395_1__dsrA__NC_015499.1_1368	Q59109|dsrA|reductive|Archaeoglobus_fulgidus	59.9	404	501
GCF_000212395_1__dsrA__NC_015499.1_1368	B5YIF2|dsrA|reductive|Thermodesulfovibrio_yellowstonii	56.9	390	481
GCF_000212395_1__dsrA__NC_015499.1_1368	Q9K5B9|dsrA|reductive|Desulfobulbus_rhabdoformis	53.8	409	465
GCF_000212395_1__dsrA__NC_015499.1_1368	S0FXQ9|dsrA|reductive|Desulfotignum_phosphitoxidans_DSM_13687	54.4	423	457
GCF_000212395_1__dsrA__NC_015499.1_1368	Q9K5B5|dsrA|reductive|Desulfobacter_vibrioformis	54.3	422	455
GCF_000212395_1__dsrA__NC_015499.1_1368	P45574|dsrA|reductive|Nitratidesulfovibrio_vulgaris	53.7	417	444
GCF_000212395_1__dsrA__NC_015499.1_1368	Q9F4A3|dsrA|reductive|Desulfovibrio_desulfuricans	52.8	417	441
GCF_000212395_1__dsrA__NC_015499.1_1368	T2G7Q3|dsrA|reductive|Megalodesulfovibrio_gigas	52.8	417	439
GCF_000212395_1__dsrA__NC_015499.1_1368	Q93EU9|dsrA|reductive|Desulfarculus_baarsii	57.4	352	426
GCF_000212395_1__dsrA__NC_015499.1_1368	Q5ZQT9|dsrA|reductive|Archaeoglobus_veneficus	58.2	342	414
GCF_000212395_1__dsrA__NC_015499.1_1368	Q93EV7|dsrA|reductive|Thermodesulfobacterium_commune	54.9	355	393
GCF_000212395_1__dsrA__NC_015499.1_1368	Q5ZQS3|dsrA|reductive|Desulfomicrobium_baculatum	53.0	353	387
GCF_000212395_1__dsrA__NC_015499.1_1368	Q5ZQR5|dsrA|reductive|Desulfosudis_oleivorans	51.6	353	369
GCF_000212395_1__dsrA__NC_015499.1_1368	A0L9L4|dsrA|oxidative|Magnetococcus_marinus	45.4	394	353
GCF_000212395_1__dsrA__NC_015499.1_1368	O33998|dsrA|oxidative|Allochromatium_vinosum	45.9	394	350
GCF_000212395_1__dsrA__NC_015499.1_1368	A1BCS1|dsrA|oxidative|Chlorobium_phaeobacteroides	45.5	387	343
GCF_000212395_1__dsrA__NC_015499.1_1368	Q8K5E9|dsrA|oxidative|Chlorobaculum_tepidum	44.6	388	340
GCF_000212395_1__dsrA__NC_015499.1_1368	A0ABY9MRG6|dsrA|oxidative|Thiothrix_lacustris	43.7	398	338
GCF_000212395_1__dsrA__NC_015499.1_1368	A0A5C4RXN4|dsrA|oxidative|Chlorobaculum_thiosulfatiphilum	44.1	388	333
GCF_000212395_1__dsrA__NC_015499.1_1368	A0ABS1E8E7|dsrA|oxidative|Halorhodospira_neutriphila	43.5	402	328
GCF_000212395_1__dsrA__NC_015499.1_1368	E0D1Z2|dsrA|oxidative|Thiocapsa_marina	43.6	296	254
GCF_000212395_1__dsrA__NC_015499.1_1368	A0ABT8QNA5|dsrB|reductive|Desulfosporosinus_nitroreducens	25.9	313	99.8
GCF_000212395_1__dsrA__NC_015499.1_1368	B5YIF3|dsrB|reductive|Thermodesulfovibrio_yellowstonii	26.6	289	97.4
GCF_000212395_1__dsrA__NC_015499.1_1368	Q251E3|dsrB|reductive|Desulfitobacterium_hafniense	24.4	291	94.7
GCF_000212395_1__dsrA__NC_015499.1_1368	A0A5C4RYG3|dsrB|oxidative|Chlorobaculum_thiosulfatiphilum	23.4	291	84.7
GCF_000212395_1__dsrA__NC_015499.1_1368	N0BL33|dsrB|reductive|Archaeoglobus_sulfaticallidus_PM70-1	24.7	304	83.2
GCF_000212395_1__dsrA__NC_015499.1_1368	Q8KE39|dsrB|oxidative|Chlorobaculum_tepidum	22.7	291	82.4
GCF_000212395_1__dsrA__NC_015499.1_1368	A1BCS2|dsrB|oxidative|Chlorobium_phaeobacteroides	23.0	330	78.2
GCF_000212395_1__dsrA__NC_015499.1_1368	A0ABS1E5W7|dsrB|oxidative|Halorhodospira_neutriphila	26.3	281	77.4
GCF_000212395_1__dsrA__NC_015499.1_1368	T2G8V8|dsrB|reductive|Megalodesulfovibrio_gigas	22.9	314	74.7
GCF_000212395_1__dsrA__NC_015499.1_1368	A4J9D5|dsrB|reductive|Desulforamulus_reducens	24.1	274	72.4
GCF_000212395_1__dsrA__NC_015499.1_1368	A0ABY9MNZ8|dsrB|oxidative|Thiothrix_lacustris	24.5	277	70.9
GCF_000212395_1__dsrA__NC_015499.1_1368	Q59110|dsrB|reductive|Archaeoglobus_fulgidus	23.2	298	70.5
GCF_000212395_1__dsrA__NC_015499.1_1368	A0A9X0WG77|dsrB|oxidative|Thiocapsa_imhoffii	23.5	281	67.0
GCF_000212395_1__dsrA__NC_015499.1_1368	O33999|dsrB|oxidative|Allochromatium_vinosum	23.5	281	66.2
GCF_000212395_1__dsrA__NC_015499.1_1368	A0L9L5|dsrB|oxidative|Magnetococcus_marinus	23.2	284	66.2
GCF_000212395_1__dsrA__NC_015499.1_1368	L0DSF9|dsrB|oxidative|Thioalkalivibrio_nitratireducens	22.4	281	66.2
GCF_000212395_1__dsrA__NC_015499.1_1368	Q9K5B8|dsrB|reductive|Desulfobulbus_rhabdoformis	23.6	284	60.8
GCF_000212395_1__dsrA__NC_015499.1_1368	Q9F4A2|dsrB|reductive|Desulfovibrio_desulfuricans	21.5	303	60.8
GCF_000212395_1__dsrB__NC_015499.1_1367	A4J9D5|dsrB|reductive|Desulforamulus_reducens	60.4	351	486
GCF_000212395_1__dsrB__NC_015499.1_1367	Q251E3|dsrB|reductive|Desulfitobacterium_hafniense	58.2	352	469
GCF_000212395_1__dsrB__NC_015499.1_1367	B5YIF3|dsrB|reductive|Thermodesulfovibrio_yellowstonii	56.9	350	466
GCF_000212395_1__dsrB__NC_015499.1_1367	A0ABT8QNA5|dsrB|reductive|Desulfosporosinus_nitroreducens	57.1	352	462
GCF_000212395_1__dsrB__NC_015499.1_1367	E1QFJ3|dsrB|reductive|Desulfarculus_baarsii	58.2	352	457
GCF_000212395_1__dsrB__NC_015499.1_1367	N0BL33|dsrB|reductive|Archaeoglobus_sulfaticallidus_PM70-1	55.5	355	449
GCF_000212395_1__dsrB__NC_015499.1_1367	Q59110|dsrB|reductive|Archaeoglobus_fulgidus	55.7	361	442
GCF_000212395_1__dsrB__NC_015499.1_1367	Q9K5B8|dsrB|reductive|Desulfobulbus_rhabdoformis	55.0	358	434
GCF_000212395_1__dsrB__NC_015499.1_1367	Q9F4A2|dsrB|reductive|Desulfovibrio_desulfuricans	52.5	362	414
GCF_000212395_1__dsrB__NC_015499.1_1367	P45575|dsrB|reductive|Nitratidesulfovibrio_vulgaris	51.4	362	410
GCF_000212395_1__dsrB__NC_015499.1_1367	T2G8V8|dsrB|reductive|Megalodesulfovibrio_gigas	49.3	365	399
GCF_000212395_1__dsrB__NC_015499.1_1367	S0G5M9|dsrB|reductive|Desulfotignum_phosphitoxidans_DSM_13687	48.5	363	381
GCF_000212395_1__dsrB__NC_015499.1_1367	Q9K5B4|dsrB|reductive|Desulfobacter_vibrioformis	47.9	363	377
GCF_000212395_1__dsrB__NC_015499.1_1367	A1BCS2|dsrB|oxidative|Chlorobium_phaeobacteroides	45.6	344	337
GCF_000212395_1__dsrB__NC_015499.1_1367	Q8KE39|dsrB|oxidative|Chlorobaculum_tepidum	45.1	348	335
GCF_000212395_1__dsrB__NC_015499.1_1367	A0A5C4RYG3|dsrB|oxidative|Chlorobaculum_thiosulfatiphilum	44.8	348	335
GCF_000212395_1__dsrB__NC_015499.1_1367	A0L9L5|dsrB|oxidative|Magnetococcus_marinus	44.0	348	318
GCF_000212395_1__dsrB__NC_015499.1_1367	L0DSF9|dsrB|oxidative|Thioalkalivibrio_nitratireducens	44.7	333	313
GCF_000212395_1__dsrB__NC_015499.1_1367	O33999|dsrB|oxidative|Allochromatium_vinosum	42.5	348	308
GCF_000212395_1__dsrB__NC_015499.1_1367	A0A9X0WG77|dsrB|oxidative|Thiocapsa_imhoffii	41.7	348	305
GCF_000212395_1__dsrB__NC_015499.1_1367	A0ABS1E5W7|dsrB|oxidative|Halorhodospira_neutriphila	42.9	333	305
GCF_000212395_1__dsrB__NC_015499.1_1367	A0ABY9MNZ8|dsrB|oxidative|Thiothrix_lacustris	43.8	333	299
GCF_000212395_1__dsrB__NC_015499.1_1367	A0L9L4|dsrA|oxidative|Magnetococcus_marinus	26.6	297	100
GCF_000212395_1__dsrB__NC_015499.1_1367	N0BK96|dsrA|reductive|Archaeoglobus_sulfaticallidus_PM70-1	26.9	275	90.9
GCF_000212395_1__dsrB__NC_015499.1_1367	O33998|dsrA|oxidative|Allochromatium_vinosum	25.6	301	88.2
GCF_000212395_1__dsrB__NC_015499.1_1367	B5YIF2|dsrA|reductive|Thermodesulfovibrio_yellowstonii	27.3	297	87.4
GCF_000212395_1__dsrB__NC_015499.1_1367	E0D1Z2|dsrA|oxidative|Thiocapsa_marina	24.7	287	84.3
GCF_000212395_1__dsrB__NC_015499.1_1367	A0ABS1E8E7|dsrA|oxidative|Halorhodospira_neutriphila	24.7	316	83.2
GCF_000212395_1__dsrB__NC_015499.1_1367	A0ABY9MRG6|dsrA|oxidative|Thiothrix_lacustris	22.9	314	83.2
GCF_000212395_1__dsrB__NC_015499.1_1367	S0FXQ9|dsrA|reductive|Desulfotignum_phosphitoxidans_DSM_13687	24.1	320	77.4
GCF_000212395_1__dsrB__NC_015499.1_1367	Q9F4A3|dsrA|reductive|Desulfovibrio_desulfuricans	25.9	317	76.3
GCF_000212395_1__dsrB__NC_015499.1_1367	A0ABT8QKK2|dsrA|reductive|Desulfosporosinus_nitroreducens	24.5	298	75.1
GCF_000212395_1__dsrB__NC_015499.1_1367	Q8K5E9|dsrA|oxidative|Chlorobaculum_tepidum	22.8	342	73.2
GCF_000212395_1__dsrB__NC_015499.1_1367	Q93EV7|dsrA|reductive|Thermodesulfobacterium_commune	24.9	301	72.8
GCF_000212395_1__dsrB__NC_015499.1_1367	Q9K5B9|dsrA|reductive|Desulfobulbus_rhabdoformis	24.1	320	71.6
GCF_000212395_1__dsrB__NC_015499.1_1367	A1BCS1|dsrA|oxidative|Chlorobium_phaeobacteroides	23.2	298	70.5
GCF_000212395_1__dsrB__NC_015499.1_1367	T2G7Q3|dsrA|reductive|Megalodesulfovibrio_gigas	24.1	315	69.7
GCF_000212395_1__dsrB__NC_015499.1_1367	P45574|dsrA|reductive|Nitratidesulfovibrio_vulgaris	22.5	315	67.8
GCF_000212395_1__dsrB__NC_015499.1_1367	A0A5C4RXN4|dsrA|oxidative|Chlorobaculum_thiosulfatiphilum	23.3	301	66.6
GCF_000212395_1__dsrB__NC_015499.1_1367	Q9K5B5|dsrA|reductive|Desulfobacter_vibrioformis	22.9	249	65.9
GCF_000212395_1__dsrB__NC_015499.1_1367	Q5ZQR5|dsrA|reductive|Desulfosudis_oleivorans	22.5	316	64.7
GCF_000212395_1__dsrB__NC_015499.1_1367	Q93EU9|dsrA|reductive|Desulfarculus_baarsii	21.6	305	59.3
GCF_000215085_1__dsrA__NC_015589.1_3778	Q251E4|dsrA|reductive|Desulfitobacterium_hafniense	63.2	397	549
GCF_000215085_1__dsrA__NC_015589.1_3778	Q59109|dsrA|reductive|Archaeoglobus_fulgidus	64.4	402	550
GCF_000215085_1__dsrA__NC_015589.1_3778	A0ABT8QKK2|dsrA|reductive|Desulfosporosinus_nitroreducens	64.0	394	541
GCF_000215085_1__dsrA__NC_015589.1_3778	N0BK96|dsrA|reductive|Archaeoglobus_sulfaticallidus_PM70-1	62.5	392	539
GCF_000215085_1__dsrA__NC_015589.1_3778	B5YIF2|dsrA|reductive|Thermodesulfovibrio_yellowstonii	59.1	394	507
GCF_000215085_1__dsrA__NC_015589.1_3778	Q9K5B9|dsrA|reductive|Desulfobulbus_rhabdoformis	57.5	409	504
GCF_000215085_1__dsrA__NC_015589.1_3778	P45574|dsrA|reductive|Nitratidesulfovibrio_vulgaris	56.1	417	486
GCF_000215085_1__dsrA__NC_015589.1_3778	Q9F4A3|dsrA|reductive|Desulfovibrio_desulfuricans	53.6	418	476
GCF_000215085_1__dsrA__NC_015589.1_3778	T2G7Q3|dsrA|reductive|Megalodesulfovibrio_gigas	54.0	417	473
GCF_000215085_1__dsrA__NC_015589.1_3778	Q9K5B5|dsrA|reductive|Desulfobacter_vibrioformis	54.1	423	471
GCF_000215085_1__dsrA__NC_015589.1_3778	S0FXQ9|dsrA|reductive|Desulfotignum_phosphitoxidans_DSM_13687	53.9	423	470
GCF_000215085_1__dsrA__NC_015589.1_3778	Q5ZQT9|dsrA|reductive|Archaeoglobus_veneficus	59.6	342	448
GCF_000215085_1__dsrA__NC_015589.1_3778	Q93EU9|dsrA|reductive|Desulfarculus_baarsii	59.2	353	444
GCF_000215085_1__dsrA__NC_015589.1_3778	Q5ZQS3|dsrA|reductive|Desulfomicrobium_baculatum	56.9	355	431
GCF_000215085_1__dsrA__NC_015589.1_3778	Q93EV7|dsrA|reductive|Thermodesulfobacterium_commune	55.7	357	412
GCF_000215085_1__dsrA__NC_015589.1_3778	Q5ZQR5|dsrA|reductive|Desulfosudis_oleivorans	53.3	353	408
GCF_000215085_1__dsrA__NC_015589.1_3778	O33998|dsrA|oxidative|Allochromatium_vinosum	48.9	393	370
GCF_000215085_1__dsrA__NC_015589.1_3778	A0L9L4|dsrA|oxidative|Magnetococcus_marinus	46.2	390	363
GCF_000215085_1__dsrA__NC_015589.1_3778	A1BCS1|dsrA|oxidative|Chlorobium_phaeobacteroides	47.3	389	363
GCF_000215085_1__dsrA__NC_015589.1_3778	A0ABS1E8E7|dsrA|oxidative|Halorhodospira_neutriphila	46.4	388	359
GCF_000215085_1__dsrA__NC_015589.1_3778	Q8K5E9|dsrA|oxidative|Chlorobaculum_tepidum	46.5	389	357
GCF_000215085_1__dsrA__NC_015589.1_3778	A0A5C4RXN4|dsrA|oxidative|Chlorobaculum_thiosulfatiphilum	46.0	389	349
GCF_000215085_1__dsrA__NC_015589.1_3778	A0ABY9MRG6|dsrA|oxidative|Thiothrix_lacustris	44.7	405	345
GCF_000215085_1__dsrA__NC_015589.1_3778	E0D1Z2|dsrA|oxidative|Thiocapsa_marina	45.2	314	269
GCF_000215085_1__dsrA__NC_015589.1_3778	Q9K5B4|dsrB|reductive|Desulfobacter_vibrioformis	21.0	309	60.8
GCF_000215085_1__dsrA__NC_015589.1_3778	A0A5C4RYG3|dsrB|oxidative|Chlorobaculum_thiosulfatiphilum	23.5	277	50.4
GCF_000215085_1__dsrA__NC_015589.1_3778	Q8KE39|dsrB|oxidative|Chlorobaculum_tepidum	22.4	277	47.0
GCF_000215085_1__dsrB__NC_015589.1_390	A4J9D5|dsrB|reductive|Desulforamulus_reducens	91.2	354	689
GCF_000215085_1__dsrB__NC_015589.1_390	Q251E3|dsrB|reductive|Desulfitobacterium_hafniense	67.8	348	530
GCF_000215085_1__dsrB__NC_015589.1_390	A0ABT8QNA5|dsrB|reductive|Desulfosporosinus_nitroreducens	63.8	348	501
GCF_000215085_1__dsrB__NC_015589.1_390	N0BL33|dsrB|reductive|Archaeoglobus_sulfaticallidus_PM70-1	62.3	355	495
GCF_000215085_1__dsrB__NC_015589.1_390	E1QFJ3|dsrB|reductive|Desulfarculus_baarsii	59.4	357	475
GCF_000215085_1__dsrB__NC_015589.1_390	B5YIF3|dsrB|reductive|Thermodesulfovibrio_yellowstonii	57.1	352	466
GCF_000215085_1__dsrB__NC_015589.1_390	Q59110|dsrB|reductive|Archaeoglobus_fulgidus	57.8	360	459
GCF_000215085_1__dsrB__NC_015589.1_390	Q9K5B8|dsrB|reductive|Desulfobulbus_rhabdoformis	58.7	358	453
GCF_000215085_1__dsrB__NC_015589.1_390	P45575|dsrB|reductive|Nitratidesulfovibrio_vulgaris	56.5	368	449
GCF_000215085_1__dsrB__NC_015589.1_390	Q9F4A2|dsrB|reductive|Desulfovibrio_desulfuricans	58.1	363	444
GCF_000215085_1__dsrB__NC_015589.1_390	T2G8V8|dsrB|reductive|Megalodesulfovibrio_gigas	57.0	363	438
GCF_000215085_1__dsrB__NC_015589.1_390	S0G5M9|dsrB|reductive|Desulfotignum_phosphitoxidans_DSM_13687	54.9	364	436
GCF_000215085_1__dsrB__NC_015589.1_390	Q9K5B4|dsrB|reductive|Desulfobacter_vibrioformis	54.4	364	429
GCF_000215085_1__dsrB__NC_015589.1_390	A1BCS2|dsrB|oxidative|Chlorobium_phaeobacteroides	47.0	351	363
GCF_000215085_1__dsrB__NC_015589.1_390	A0A5C4RYG3|dsrB|oxidative|Chlorobaculum_thiosulfatiphilum	46.6	350	357
GCF_000215085_1__dsrB__NC_015589.1_390	Q8KE39|dsrB|oxidative|Chlorobaculum_tepidum	46.2	351	356
GCF_000215085_1__dsrB__NC_015589.1_390	L0DSF9|dsrB|oxidative|Thioalkalivibrio_nitratireducens	45.1	339	334
GCF_000215085_1__dsrB__NC_015589.1_390	A0ABY9MNZ8|dsrB|oxidative|Thiothrix_lacustris	45.9	338	334
GCF_000215085_1__dsrB__NC_015589.1_390	A0ABS1E5W7|dsrB|oxidative|Halorhodospira_neutriphila	47.5	326	329
GCF_000215085_1__dsrB__NC_015589.1_390	O33999|dsrB|oxidative|Allochromatium_vinosum	44.0	359	327
GCF_000215085_1__dsrB__NC_015589.1_390	A0A9X0WG77|dsrB|oxidative|Thiocapsa_imhoffii	43.2	359	323
GCF_000215085_1__dsrB__NC_015589.1_390	A0L9L5|dsrB|oxidative|Magnetococcus_marinus	42.7	351	323
GCF_000215085_1__dsrB__NC_015589.1_390	A0L9L4|dsrA|oxidative|Magnetococcus_marinus	24.1	295	90.9
GCF_000215085_1__dsrB__NC_015589.1_390	A0ABS1E8E7|dsrA|oxidative|Halorhodospira_neutriphila	23.1	281	90.5
GCF_000215085_1__dsrB__NC_015589.1_390	N0BK96|dsrA|reductive|Archaeoglobus_sulfaticallidus_PM70-1	25.3	293	87.8
GCF_000215085_1__dsrB__NC_015589.1_390	E0D1Z2|dsrA|oxidative|Thiocapsa_marina	22.8	285	82.8
GCF_000215085_1__dsrB__NC_015589.1_390	Q8K5E9|dsrA|oxidative|Chlorobaculum_tepidum	21.6	282	78.2
GCF_000215085_1__dsrB__NC_015589.1_390	A0A5C4RXN4|dsrA|oxidative|Chlorobaculum_thiosulfatiphilum	22.5	285	72.4
GCF_000215085_1__dsrB__NC_015589.1_390	T2G7Q3|dsrA|reductive|Megalodesulfovibrio_gigas	22.6	318	69.7
GCF_000215085_1__dsrB__NC_015589.1_390	P45574|dsrA|reductive|Nitratidesulfovibrio_vulgaris	21.1	318	65.9
GCF_000215085_1__dsrB__NC_015589.1_390	Q93EV7|dsrA|reductive|Thermodesulfobacterium_commune	23.1	299	63.9
GCF_000215085_1__dsrB__NC_015589.1_390	Q9F4A3|dsrA|reductive|Desulfovibrio_desulfuricans	21.7	318	63.2
GCF_000215085_1__dsrB__NC_015589.1_390	Q93EU9|dsrA|reductive|Desulfarculus_baarsii	20.6	301	55.5
GCF_000233695_2__dsrA__NZ_CM001488.1_1306	Q9K5B5|dsrA|reductive|Desulfobacter_vibrioformis	95.2	441	924
GCF_000233695_2__dsrA__NZ_CM001488.1_1306	S0FXQ9|dsrA|reductive|Desulfotignum_phosphitoxidans_DSM_13687	90.5	442	868
GCF_000233695_2__dsrA__NZ_CM001488.1_1306	T2G7Q3|dsrA|reductive|Megalodesulfovibrio_gigas	70.3	441	700
GCF_000233695_2__dsrA__NZ_CM001488.1_1306	P45574|dsrA|reductive|Nitratidesulfovibrio_vulgaris	71.4	441	694
GCF_000233695_2__dsrA__NZ_CM001488.1_1306	Q9F4A3|dsrA|reductive|Desulfovibrio_desulfuricans	68.0	441	660
GCF_000233695_2__dsrA__NZ_CM001488.1_1306	Q9K5B9|dsrA|reductive|Desulfobulbus_rhabdoformis	65.2	440	630
GCF_000233695_2__dsrA__NZ_CM001488.1_1306	Q5ZQR5|dsrA|reductive|Desulfosudis_oleivorans	73.1	372	598
GCF_000233695_2__dsrA__NZ_CM001488.1_1306	Q5ZQS3|dsrA|reductive|Desulfomicrobium_baculatum	71.8	372	586
GCF_000233695_2__dsrA__NZ_CM001488.1_1306	Q93EV7|dsrA|reductive|Thermodesulfobacterium_commune	60.2	374	477
GCF_000233695_2__dsrA__NZ_CM001488.1_1306	Q59109|dsrA|reductive|Archaeoglobus_fulgidus	54.7	422	468
GCF_000233695_2__dsrA__NZ_CM001488.1_1306	Q93EU9|dsrA|reductive|Desulfarculus_baarsii	58.9	377	463
GCF_000233695_2__dsrA__NZ_CM001488.1_1306	Q251E4|dsrA|reductive|Desulfitobacterium_hafniense	50.7	426	444
GCF_000233695_2__dsrA__NZ_CM001488.1_1306	A0ABT8QKK2|dsrA|reductive|Desulfosporosinus_nitroreducens	48.5	429	436
GCF_000233695_2__dsrA__NZ_CM001488.1_1306	N0BK96|dsrA|reductive|Archaeoglobus_sulfaticallidus_PM70-1	50.9	426	432
GCF_000233695_2__dsrA__NZ_CM001488.1_1306	B5YIF2|dsrA|reductive|Thermodesulfovibrio_yellowstonii	50.0	422	419
GCF_000233695_2__dsrA__NZ_CM001488.1_1306	Q5ZQT9|dsrA|reductive|Archaeoglobus_veneficus	51.5	357	370
GCF_000233695_2__dsrA__NZ_CM001488.1_1306	O33998|dsrA|oxidative|Allochromatium_vinosum	41.2	434	356
GCF_000233695_2__dsrA__NZ_CM001488.1_1306	A0L9L4|dsrA|oxidative|Magnetococcus_marinus	41.5	414	342
GCF_000233695_2__dsrA__NZ_CM001488.1_1306	A0ABY9MRG6|dsrA|oxidative|Thiothrix_lacustris	39.3	433	335
GCF_000233695_2__dsrA__NZ_CM001488.1_1306	A0ABS1E8E7|dsrA|oxidative|Halorhodospira_neutriphila	40.5	435	333
GCF_000233695_2__dsrA__NZ_CM001488.1_1306	A0A5C4RXN4|dsrA|oxidative|Chlorobaculum_thiosulfatiphilum	41.5	414	331
GCF_000233695_2__dsrA__NZ_CM001488.1_1306	Q8K5E9|dsrA|oxidative|Chlorobaculum_tepidum	41.1	414	330
GCF_000233695_2__dsrA__NZ_CM001488.1_1306	A1BCS1|dsrA|oxidative|Chlorobium_phaeobacteroides	40.8	412	329
GCF_000233695_2__dsrA__NZ_CM001488.1_1306	E0D1Z2|dsrA|oxidative|Thiocapsa_marina	41.2	296	251
GCF_000233695_2__dsrA__NZ_CM001488.1_1306	Q251E3|dsrB|reductive|Desulfitobacterium_hafniense	22.7	330	81.6
GCF_000233695_2__dsrA__NZ_CM001488.1_1306	B5YIF3|dsrB|reductive|Thermodesulfovibrio_yellowstonii	25.6	320	80.1
GCF_000233695_2__dsrA__NZ_CM001488.1_1306	N0BL33|dsrB|reductive|Archaeoglobus_sulfaticallidus_PM70-1	23.4	342	75.1
GCF_000233695_2__dsrA__NZ_CM001488.1_1306	A0ABT8QNA5|dsrB|reductive|Desulfosporosinus_nitroreducens	23.3	262	71.2
GCF_000233695_2__dsrA__NZ_CM001488.1_1306	Q59110|dsrB|reductive|Archaeoglobus_fulgidus	22.5	244	63.9
GCF_000233695_2__dsrA__NZ_CM001488.1_1306	E1QFJ3|dsrB|reductive|Desulfarculus_baarsii	21.8	271	60.8
GCF_000233695_2__dsrA__NZ_CM001488.1_1306	T2G8V8|dsrB|reductive|Megalodesulfovibrio_gigas	22.7	264	60.8
GCF_000233695_2__dsrA__NZ_CM001488.1_1306	P45575|dsrB|reductive|Nitratidesulfovibrio_vulgaris	21.6	268	55.1
GCF_000233695_2__dsrA__NZ_CM001488.1_1306	Q9K5B8|dsrB|reductive|Desulfobulbus_rhabdoformis	22.0	255	53.5
GCF_000233695_2__dsrA__NZ_CM001488.1_1306	S0G5M9|dsrB|reductive|Desulfotignum_phosphitoxidans_DSM_13687	20.1	369	53.5
GCF_000233695_2__dsrA__NZ_CM001488.1_1306	Q9F4A2|dsrB|reductive|Desulfovibrio_desulfuricans	20.1	264	52.4
GCF_000233695_2__dsrA__NZ_CM001488.1_1306	Q9K5B4|dsrB|reductive|Desulfobacter_vibrioformis	20.0	260	50.8
GCF_000233695_2__dsrA__NZ_CM001488.1_1306	Q8KE39|dsrB|oxidative|Chlorobaculum_tepidum	21.0	334	50.1
GCF_000233695_2__dsrA__NZ_CM001488.1_1306	A0L9L5|dsrB|oxidative|Magnetococcus_marinus	21.1	331	48.5
GCF_000233695_2__dsrA__NZ_CM001488.1_1306	A0A5C4RYG3|dsrB|oxidative|Chlorobaculum_thiosulfatiphilum	20.4	334	45.4
GCF_000233695_2__dsrA__NZ_CM001488.1_1306	A0ABS1E5W7|dsrB|oxidative|Halorhodospira_neutriphila	19.2	250	40.8
GCF_000233695_2__dsrA__NZ_CM001488.1_1306	A1BCS2|dsrB|oxidative|Chlorobium_phaeobacteroides	19.6	336	40.0
GCF_000233695_2__dsrB__NZ_CM001488.1_1307	Q9K5B4|dsrB|reductive|Desulfobacter_vibrioformis	95.8	382	782
GCF_000233695_2__dsrB__NZ_CM001488.1_1307	S0G5M9|dsrB|reductive|Desulfotignum_phosphitoxidans_DSM_13687	90.3	382	743
GCF_000233695_2__dsrB__NZ_CM001488.1_1307	P45575|dsrB|reductive|Nitratidesulfovibrio_vulgaris	71.5	382	611
GCF_000233695_2__dsrB__NZ_CM001488.1_1307	Q9F4A2|dsrB|reductive|Desulfovibrio_desulfuricans	70.7	382	608
GCF_000233695_2__dsrB__NZ_CM001488.1_1307	T2G8V8|dsrB|reductive|Megalodesulfovibrio_gigas	68.1	382	580
GCF_000233695_2__dsrB__NZ_CM001488.1_1307	Q9K5B8|dsrB|reductive|Desulfobulbus_rhabdoformis	63.8	376	517
GCF_000233695_2__dsrB__NZ_CM001488.1_1307	E1QFJ3|dsrB|reductive|Desulfarculus_baarsii	63.2	367	496
GCF_000233695_2__dsrB__NZ_CM001488.1_1307	N0BL33|dsrB|reductive|Archaeoglobus_sulfaticallidus_PM70-1	53.6	377	436
GCF_000233695_2__dsrB__NZ_CM001488.1_1307	A4J9D5|dsrB|reductive|Desulforamulus_reducens	55.0	369	435
GCF_000233695_2__dsrB__NZ_CM001488.1_1307	Q251E3|dsrB|reductive|Desulfitobacterium_hafniense	54.0	365	420
GCF_000233695_2__dsrB__NZ_CM001488.1_1307	B5YIF3|dsrB|reductive|Thermodesulfovibrio_yellowstonii	52.3	369	417
GCF_000233695_2__dsrB__NZ_CM001488.1_1307	Q59110|dsrB|reductive|Archaeoglobus_fulgidus	52.3	377	409
GCF_000233695_2__dsrB__NZ_CM001488.1_1307	A0ABT8QNA5|dsrB|reductive|Desulfosporosinus_nitroreducens	52.0	367	407
GCF_000233695_2__dsrB__NZ_CM001488.1_1307	A1BCS2|dsrB|oxidative|Chlorobium_phaeobacteroides	44.8	366	342
GCF_000233695_2__dsrB__NZ_CM001488.1_1307	Q8KE39|dsrB|oxidative|Chlorobaculum_tepidum	42.6	366	330
GCF_000233695_2__dsrB__NZ_CM001488.1_1307	A0A5C4RYG3|dsrB|oxidative|Chlorobaculum_thiosulfatiphilum	42.6	366	327
GCF_000233695_2__dsrB__NZ_CM001488.1_1307	A0L9L5|dsrB|oxidative|Magnetococcus_marinus	41.6	368	312
GCF_000233695_2__dsrB__NZ_CM001488.1_1307	A0ABS1E5W7|dsrB|oxidative|Halorhodospira_neutriphila	43.1	371	308
GCF_000233695_2__dsrB__NZ_CM001488.1_1307	O33999|dsrB|oxidative|Allochromatium_vinosum	42.8	355	305
GCF_000233695_2__dsrB__NZ_CM001488.1_1307	A0A9X0WG77|dsrB|oxidative|Thiocapsa_imhoffii	42.8	355	305
GCF_000233695_2__dsrB__NZ_CM001488.1_1307	L0DSF9|dsrB|oxidative|Thioalkalivibrio_nitratireducens	42.3	355	301
GCF_000233695_2__dsrB__NZ_CM001488.1_1307	A0ABY9MNZ8|dsrB|oxidative|Thiothrix_lacustris	42.0	355	295
GCF_000233695_2__dsrB__NZ_CM001488.1_1307	A0ABS1E8E7|dsrA|oxidative|Halorhodospira_neutriphila	23.0	309	88.6
GCF_000233695_2__dsrB__NZ_CM001488.1_1307	A0ABT8QKK2|dsrA|reductive|Desulfosporosinus_nitroreducens	22.1	367	80.1
GCF_000233695_2__dsrB__NZ_CM001488.1_1307	Q8K5E9|dsrA|oxidative|Chlorobaculum_tepidum	23.5	311	77.8
GCF_000233695_2__dsrB__NZ_CM001488.1_1307	A0L9L4|dsrA|oxidative|Magnetococcus_marinus	22.5	307	76.3
GCF_000233695_2__dsrB__NZ_CM001488.1_1307	E0D1Z2|dsrA|oxidative|Thiocapsa_marina	24.3	292	75.1
GCF_000233695_2__dsrB__NZ_CM001488.1_1307	A0A5C4RXN4|dsrA|oxidative|Chlorobaculum_thiosulfatiphilum	23.6	313	73.2
GCF_000233695_2__dsrB__NZ_CM001488.1_1307	A1BCS1|dsrA|oxidative|Chlorobium_phaeobacteroides	22.2	315	67.8
GCF_000233695_2__dsrB__NZ_CM001488.1_1307	Q5ZQR5|dsrA|reductive|Desulfosudis_oleivorans	20.4	343	60.1
GCF_000233695_2__dsrB__NZ_CM001488.1_1307	Q9K5B9|dsrA|reductive|Desulfobulbus_rhabdoformis	20.2	346	57.8
GCF_000233695_2__dsrB__NZ_CM001488.1_1307	Q93EV7|dsrA|reductive|Thermodesulfobacterium_commune	21.5	302	55.8
GCF_000233695_2__dsrB__NZ_CM001488.1_1307	S0FXQ9|dsrA|reductive|Desulfotignum_phosphitoxidans_DSM_13687	19.7	346	53.1
GCF_000233695_2__dsrB__NZ_CM001488.1_1307	Q9K5B5|dsrA|reductive|Desulfobacter_vibrioformis	19.1	367	51.2
GCF_000233695_2__dsrB__NZ_CM001488.1_1307	P45574|dsrA|reductive|Nitratidesulfovibrio_vulgaris	18.1	342	49.3
GCF_000233695_2__dsrB__NZ_CM001488.1_1307	Q9F4A3|dsrA|reductive|Desulfovibrio_desulfuricans	19.9	341	46.6
GCF_000233695_2__dsrB__NZ_CM001488.1_1307	T2G7Q3|dsrA|reductive|Megalodesulfovibrio_gigas	18.7	342	45.8
GCF_000260135_1__dsrA__NZ_JH651384.1_3767	A0ABY9MRG6|dsrA|oxidative|Thiothrix_lacustris	96.3	431	881
GCF_000260135_1__dsrA__NZ_JH651384.1_3767	O33998|dsrA|oxidative|Allochromatium_vinosum	77.2	426	698
GCF_000260135_1__dsrA__NZ_JH651384.1_3767	A0ABS1E8E7|dsrA|oxidative|Halorhodospira_neutriphila	60.5	430	561
GCF_000260135_1__dsrA__NZ_JH651384.1_3767	E0D1Z2|dsrA|oxidative|Thiocapsa_marina	79.3	294	487
GCF_000260135_1__dsrA__NZ_JH651384.1_3767	A0L9L4|dsrA|oxidative|Magnetococcus_marinus	52.5	404	464
GCF_000260135_1__dsrA__NZ_JH651384.1_3767	Q8K5E9|dsrA|oxidative|Chlorobaculum_tepidum	53.0	404	446
GCF_000260135_1__dsrA__NZ_JH651384.1_3767	A1BCS1|dsrA|oxidative|Chlorobium_phaeobacteroides	51.6	403	441
GCF_000260135_1__dsrA__NZ_JH651384.1_3767	A0A5C4RXN4|dsrA|oxidative|Chlorobaculum_thiosulfatiphilum	52.0	402	437
GCF_000260135_1__dsrA__NZ_JH651384.1_3767	N0BK96|dsrA|reductive|Archaeoglobus_sulfaticallidus_PM70-1	46.3	417	386
GCF_000260135_1__dsrA__NZ_JH651384.1_3767	Q59109|dsrA|reductive|Archaeoglobus_fulgidus	45.3	411	359
GCF_000260135_1__dsrA__NZ_JH651384.1_3767	Q9K5B9|dsrA|reductive|Desulfobulbus_rhabdoformis	42.4	406	359
GCF_000260135_1__dsrA__NZ_JH651384.1_3767	A0ABT8QKK2|dsrA|reductive|Desulfosporosinus_nitroreducens	42.8	411	349
GCF_000260135_1__dsrA__NZ_JH651384.1_3767	S0FXQ9|dsrA|reductive|Desulfotignum_phosphitoxidans_DSM_13687	40.3	437	345
GCF_000260135_1__dsrA__NZ_JH651384.1_3767	Q251E4|dsrA|reductive|Desulfitobacterium_hafniense	42.7	405	340
GCF_000260135_1__dsrA__NZ_JH651384.1_3767	Q9K5B5|dsrA|reductive|Desulfobacter_vibrioformis	39.4	431	338
GCF_000260135_1__dsrA__NZ_JH651384.1_3767	Q9F4A3|dsrA|reductive|Desulfovibrio_desulfuricans	41.6	423	337
GCF_000260135_1__dsrA__NZ_JH651384.1_3767	P45574|dsrA|reductive|Nitratidesulfovibrio_vulgaris	41.2	432	336
GCF_000260135_1__dsrA__NZ_JH651384.1_3767	T2G7Q3|dsrA|reductive|Megalodesulfovibrio_gigas	40.0	417	334
GCF_000260135_1__dsrA__NZ_JH651384.1_3767	B5YIF2|dsrA|reductive|Thermodesulfovibrio_yellowstonii	38.9	406	309
GCF_000260135_1__dsrA__NZ_JH651384.1_3767	Q93EU9|dsrA|reductive|Desulfarculus_baarsii	43.2	347	307
GCF_000260135_1__dsrA__NZ_JH651384.1_3767	Q5ZQS3|dsrA|reductive|Desulfomicrobium_baculatum	42.7	349	305
GCF_000260135_1__dsrA__NZ_JH651384.1_3767	Q93EV7|dsrA|reductive|Thermodesulfobacterium_commune	42.0	350	291
GCF_000260135_1__dsrA__NZ_JH651384.1_3767	Q5ZQT9|dsrA|reductive|Archaeoglobus_veneficus	43.1	348	287
GCF_000260135_1__dsrA__NZ_JH651384.1_3767	Q5ZQR5|dsrA|reductive|Desulfosudis_oleivorans	41.0	346	281
GCF_000260135_1__dsrA__NZ_JH651384.1_3767	A0ABT8QNA5|dsrB|reductive|Desulfosporosinus_nitroreducens	23.7	316	100
GCF_000260135_1__dsrA__NZ_JH651384.1_3767	Q8KE39|dsrB|oxidative|Chlorobaculum_tepidum	23.7	337	100
GCF_000260135_1__dsrA__NZ_JH651384.1_3767	B5YIF3|dsrB|reductive|Thermodesulfovibrio_yellowstonii	25.5	314	100
GCF_000260135_1__dsrA__NZ_JH651384.1_3767	Q251E3|dsrB|reductive|Desulfitobacterium_hafniense	21.6	328	97.1
GCF_000260135_1__dsrA__NZ_JH651384.1_3767	A0A5C4RYG3|dsrB|oxidative|Chlorobaculum_thiosulfatiphilum	23.4	337	95.5
GCF_000260135_1__dsrA__NZ_JH651384.1_3767	A1BCS2|dsrB|oxidative|Chlorobium_phaeobacteroides	23.2	336	91.7
GCF_000260135_1__dsrA__NZ_JH651384.1_3767	N0BL33|dsrB|reductive|Archaeoglobus_sulfaticallidus_PM70-1	24.3	341	91.7
GCF_000260135_1__dsrA__NZ_JH651384.1_3767	Q59110|dsrB|reductive|Archaeoglobus_fulgidus	24.3	346	85.1
GCF_000260135_1__dsrA__NZ_JH651384.1_3767	A0ABS1E5W7|dsrB|oxidative|Halorhodospira_neutriphila	22.3	345	73.2
GCF_000260135_1__dsrA__NZ_JH651384.1_3767	T2G8V8|dsrB|reductive|Megalodesulfovibrio_gigas	20.1	328	70.5
GCF_000260135_1__dsrA__NZ_JH651384.1_3767	E1QFJ3|dsrB|reductive|Desulfarculus_baarsii	21.1	317	68.2
GCF_000260135_1__dsrA__NZ_JH651384.1_3767	L0DSF9|dsrB|oxidative|Thioalkalivibrio_nitratireducens	20.1	289	63.5
GCF_000260135_1__dsrA__NZ_JH651384.1_3767	A0ABY9MNZ8|dsrB|oxidative|Thiothrix_lacustris	20.7	324	55.5
GCF_000260135_1__dsrB__NZ_JH651384.1_3768	A0ABY9MNZ8|dsrB|oxidative|Thiothrix_lacustris	97.2	358	749
GCF_000260135_1__dsrB__NZ_JH651384.1_3768	L0DSF9|dsrB|oxidative|Thioalkalivibrio_nitratireducens	82.4	358	655
GCF_000260135_1__dsrB__NZ_JH651384.1_3768	O33999|dsrB|oxidative|Allochromatium_vinosum	81.6	354	644
GCF_000260135_1__dsrB__NZ_JH651384.1_3768	A0A9X0WG77|dsrB|oxidative|Thiocapsa_imhoffii	81.4	354	643
GCF_000260135_1__dsrB__NZ_JH651384.1_3768	A0ABS1E5W7|dsrB|oxidative|Halorhodospira_neutriphila	69.2	357	558
GCF_000260135_1__dsrB__NZ_JH651384.1_3768	A0L9L5|dsrB|oxidative|Magnetococcus_marinus	61.6	349	479
GCF_000260135_1__dsrB__NZ_JH651384.1_3768	A1BCS2|dsrB|oxidative|Chlorobium_phaeobacteroides	56.8	359	454
GCF_000260135_1__dsrB__NZ_JH651384.1_3768	A0A5C4RYG3|dsrB|oxidative|Chlorobaculum_thiosulfatiphilum	57.9	349	451
GCF_000260135_1__dsrB__NZ_JH651384.1_3768	Q8KE39|dsrB|oxidative|Chlorobaculum_tepidum	57.6	349	447
GCF_000260135_1__dsrB__NZ_JH651384.1_3768	A4J9D5|dsrB|reductive|Desulforamulus_reducens	45.6	342	335
GCF_000260135_1__dsrB__NZ_JH651384.1_3768	N0BL33|dsrB|reductive|Archaeoglobus_sulfaticallidus_PM70-1	43.1	364	324
GCF_000260135_1__dsrB__NZ_JH651384.1_3768	E1QFJ3|dsrB|reductive|Desulfarculus_baarsii	44.3	348	315
GCF_000260135_1__dsrB__NZ_JH651384.1_3768	Q251E3|dsrB|reductive|Desulfitobacterium_hafniense	43.3	342	313
GCF_000260135_1__dsrB__NZ_JH651384.1_3768	A0ABT8QNA5|dsrB|reductive|Desulfosporosinus_nitroreducens	43.5	352	311
GCF_000260135_1__dsrB__NZ_JH651384.1_3768	B5YIF3|dsrB|reductive|Thermodesulfovibrio_yellowstonii	42.2	348	311
GCF_000260135_1__dsrB__NZ_JH651384.1_3768	Q59110|dsrB|reductive|Archaeoglobus_fulgidus	43.5	333	300
GCF_000260135_1__dsrB__NZ_JH651384.1_3768	P45575|dsrB|reductive|Nitratidesulfovibrio_vulgaris	41.8	354	298
GCF_000260135_1__dsrB__NZ_JH651384.1_3768	Q9F4A2|dsrB|reductive|Desulfovibrio_desulfuricans	42.7	354	298
GCF_000260135_1__dsrB__NZ_JH651384.1_3768	T2G8V8|dsrB|reductive|Megalodesulfovibrio_gigas	42.4	354	298
GCF_000260135_1__dsrB__NZ_JH651384.1_3768	Q9K5B4|dsrB|reductive|Desulfobacter_vibrioformis	42.1	361	298
GCF_000260135_1__dsrB__NZ_JH651384.1_3768	S0G5M9|dsrB|reductive|Desulfotignum_phosphitoxidans_DSM_13687	41.3	361	296
GCF_000260135_1__dsrB__NZ_JH651384.1_3768	Q9K5B8|dsrB|reductive|Desulfobulbus_rhabdoformis	41.4	348	295
GCF_000260135_1__dsrB__NZ_JH651384.1_3768	A0ABY9MRG6|dsrA|oxidative|Thiothrix_lacustris	20.7	324	58.5
GCF_000260135_1__dsrB__NZ_JH651384.1_3768	B5YIF2|dsrA|reductive|Thermodesulfovibrio_yellowstonii	24.7	288	57.8
GCF_000260135_1__dsrB__NZ_JH651384.1_3768	A0ABS1E8E7|dsrA|oxidative|Halorhodospira_neutriphila	20.9	277	57.4
GCF_000260135_1__dsrB__NZ_JH651384.1_3768	O33998|dsrA|oxidative|Allochromatium_vinosum	20.3	276	57.0
GCF_000260135_1__dsrB__NZ_JH651384.1_3768	E0D1Z2|dsrA|oxidative|Thiocapsa_marina	20.9	268	54.3
GCF_000260135_1__dsrB__NZ_JH651384.1_3768	N0BK96|dsrA|reductive|Archaeoglobus_sulfaticallidus_PM70-1	22.6	274	53.5
GCF_000260135_1__dsrB__NZ_JH651384.1_3768	A0L9L4|dsrA|oxidative|Magnetococcus_marinus	20.7	276	52.4
GCF_000260135_1__dsrB__NZ_JH651384.1_3768	Q8K5E9|dsrA|oxidative|Chlorobaculum_tepidum	21.8	285	46.6
GCF_000260135_1__dsrB__NZ_JH651384.1_3768	P45574|dsrA|reductive|Nitratidesulfovibrio_vulgaris	21.5	298	43.5
GCF_000260135_1__dsrB__NZ_JH651384.1_3768	Q9F4A3|dsrA|reductive|Desulfovibrio_desulfuricans	25.6	133	42.7
GCF_000260135_1__dsrB__NZ_JH651384.1_3768	T2G7Q3|dsrA|reductive|Megalodesulfovibrio_gigas	24.1	137	42.4
GCF_000260135_1__dsrB__NZ_JH651384.1_3768	Q9K5B9|dsrA|reductive|Desulfobulbus_rhabdoformis	21.3	300	42.0
GCF_000260135_1__dsrB__NZ_JH651384.1_3768	Q5ZQR5|dsrA|reductive|Desulfosudis_oleivorans	23.5	132	40.8
GCF_000260135_1__dsrB__NZ_JH651384.1_3768	S0FXQ9|dsrA|reductive|Desulfotignum_phosphitoxidans_DSM_13687	21.7	300	40.8
GCF_000260135_1__dsrB__NZ_JH651384.1_3768	Q9K5B5|dsrA|reductive|Desulfobacter_vibrioformis	19.7	299	39.3
GCF_000260135_1__dsrB__NZ_JH651384.1_3768	Q93EV7|dsrA|reductive|Thermodesulfobacterium_commune	23.0	305	38.9
GCF_000260135_1__dsrB__NZ_JH651384.1_3768	A0A5C4RXN4|dsrA|oxidative|Chlorobaculum_thiosulfatiphilum	22.5	293	38.1
GCF_000315365_1__dsrA__NZ_CAOS01000010.1_80	Q59109|dsrA|reductive|Archaeoglobus_fulgidus	64.9	402	552
GCF_000315365_1__dsrA__NZ_CAOS01000010.1_80	Q251E4|dsrA|reductive|Desulfitobacterium_hafniense	62.5	395	545
GCF_000315365_1__dsrA__NZ_CAOS01000010.1_80	A0ABT8QKK2|dsrA|reductive|Desulfosporosinus_nitroreducens	64.0	394	542
GCF_000315365_1__dsrA__NZ_CAOS01000010.1_80	N0BK96|dsrA|reductive|Archaeoglobus_sulfaticallidus_PM70-1	62.2	392	538
GCF_000315365_1__dsrA__NZ_CAOS01000010.1_80	B5YIF2|dsrA|reductive|Thermodesulfovibrio_yellowstonii	60.0	395	513
GCF_000315365_1__dsrA__NZ_CAOS01000010.1_80	Q9K5B9|dsrA|reductive|Desulfobulbus_rhabdoformis	56.9	408	495
GCF_000315365_1__dsrA__NZ_CAOS01000010.1_80	P45574|dsrA|reductive|Nitratidesulfovibrio_vulgaris	55.4	417	479
GCF_000315365_1__dsrA__NZ_CAOS01000010.1_80	T2G7Q3|dsrA|reductive|Megalodesulfovibrio_gigas	54.4	417	469
GCF_000315365_1__dsrA__NZ_CAOS01000010.1_80	Q9F4A3|dsrA|reductive|Desulfovibrio_desulfuricans	52.9	418	465
GCF_000315365_1__dsrA__NZ_CAOS01000010.1_80	S0FXQ9|dsrA|reductive|Desulfotignum_phosphitoxidans_DSM_13687	53.8	422	464
GCF_000315365_1__dsrA__NZ_CAOS01000010.1_80	Q9K5B5|dsrA|reductive|Desulfobacter_vibrioformis	54.2	424	461
GCF_000315365_1__dsrA__NZ_CAOS01000010.1_80	Q5ZQT9|dsrA|reductive|Archaeoglobus_veneficus	60.7	341	452
GCF_000315365_1__dsrA__NZ_CAOS01000010.1_80	Q93EU9|dsrA|reductive|Desulfarculus_baarsii	58.6	353	438
GCF_000315365_1__dsrA__NZ_CAOS01000010.1_80	Q5ZQS3|dsrA|reductive|Desulfomicrobium_baculatum	55.8	353	416
GCF_000315365_1__dsrA__NZ_CAOS01000010.1_80	Q93EV7|dsrA|reductive|Thermodesulfobacterium_commune	56.6	357	412
GCF_000315365_1__dsrA__NZ_CAOS01000010.1_80	Q5ZQR5|dsrA|reductive|Desulfosudis_oleivorans	52.7	353	394
GCF_000315365_1__dsrA__NZ_CAOS01000010.1_80	O33998|dsrA|oxidative|Allochromatium_vinosum	48.6	393	380
GCF_000315365_1__dsrA__NZ_CAOS01000010.1_80	A1BCS1|dsrA|oxidative|Chlorobium_phaeobacteroides	47.8	389	369
GCF_000315365_1__dsrA__NZ_CAOS01000010.1_80	A0ABS1E8E7|dsrA|oxidative|Halorhodospira_neutriphila	46.8	389	363
GCF_000315365_1__dsrA__NZ_CAOS01000010.1_80	Q8K5E9|dsrA|oxidative|Chlorobaculum_tepidum	46.6	388	363
GCF_000315365_1__dsrA__NZ_CAOS01000010.1_80	A0A5C4RXN4|dsrA|oxidative|Chlorobaculum_thiosulfatiphilum	46.6	388	356
GCF_000315365_1__dsrA__NZ_CAOS01000010.1_80	A0L9L4|dsrA|oxidative|Magnetococcus_marinus	46.0	391	355
GCF_000315365_1__dsrA__NZ_CAOS01000010.1_80	A0ABY9MRG6|dsrA|oxidative|Thiothrix_lacustris	45.5	400	350
GCF_000315365_1__dsrA__NZ_CAOS01000010.1_80	E0D1Z2|dsrA|oxidative|Thiocapsa_marina	45.5	312	276
GCF_000315365_1__dsrA__NZ_CAOS01000010.1_80	A0A5C4RYG3|dsrB|oxidative|Chlorobaculum_thiosulfatiphilum	23.2	298	57.0
GCF_000315365_1__dsrA__NZ_CAOS01000010.1_80	Q8KE39|dsrB|oxidative|Chlorobaculum_tepidum	22.8	298	55.5
GCF_000315365_1__dsrB__NZ_CAOS01000010.1_81	A4J9D5|dsrB|reductive|Desulforamulus_reducens	91.8	354	690
GCF_000315365_1__dsrB__NZ_CAOS01000010.1_81	Q251E3|dsrB|reductive|Desulfitobacterium_hafniense	67.8	348	531
GCF_000315365_1__dsrB__NZ_CAOS01000010.1_81	A0ABT8QNA5|dsrB|reductive|Desulfosporosinus_nitroreducens	64.9	348	513
GCF_000315365_1__dsrB__NZ_CAOS01000010.1_81	N0BL33|dsrB|reductive|Archaeoglobus_sulfaticallidus_PM70-1	64.5	355	507
GCF_000315365_1__dsrB__NZ_CAOS01000010.1_81	B5YIF3|dsrB|reductive|Thermodesulfovibrio_yellowstonii	60.5	352	489
GCF_000315365_1__dsrB__NZ_CAOS01000010.1_81	E1QFJ3|dsrB|reductive|Desulfarculus_baarsii	60.2	357	480
GCF_000315365_1__dsrB__NZ_CAOS01000010.1_81	Q59110|dsrB|reductive|Archaeoglobus_fulgidus	58.6	360	469
GCF_000315365_1__dsrB__NZ_CAOS01000010.1_81	Q9K5B8|dsrB|reductive|Desulfobulbus_rhabdoformis	60.1	358	464
GCF_000315365_1__dsrB__NZ_CAOS01000010.1_81	P45575|dsrB|reductive|Nitratidesulfovibrio_vulgaris	57.3	368	449
GCF_000315365_1__dsrB__NZ_CAOS01000010.1_81	Q9F4A2|dsrB|reductive|Desulfovibrio_desulfuricans	58.7	363	442
GCF_000315365_1__dsrB__NZ_CAOS01000010.1_81	T2G8V8|dsrB|reductive|Megalodesulfovibrio_gigas	57.3	363	437
GCF_000315365_1__dsrB__NZ_CAOS01000010.1_81	Q9K5B4|dsrB|reductive|Desulfobacter_vibrioformis	55.8	364	435
GCF_000315365_1__dsrB__NZ_CAOS01000010.1_81	S0G5M9|dsrB|reductive|Desulfotignum_phosphitoxidans_DSM_13687	54.9	364	434
GCF_000315365_1__dsrB__NZ_CAOS01000010.1_81	A1BCS2|dsrB|oxidative|Chlorobium_phaeobacteroides	49.6	343	374
GCF_000315365_1__dsrB__NZ_CAOS01000010.1_81	Q8KE39|dsrB|oxidative|Chlorobaculum_tepidum	47.0	351	362
GCF_000315365_1__dsrB__NZ_CAOS01000010.1_81	A0A5C4RYG3|dsrB|oxidative|Chlorobaculum_thiosulfatiphilum	47.1	350	361
GCF_000315365_1__dsrB__NZ_CAOS01000010.1_81	A0ABY9MNZ8|dsrB|oxidative|Thiothrix_lacustris	46.4	338	339
GCF_000315365_1__dsrB__NZ_CAOS01000010.1_81	A0ABS1E5W7|dsrB|oxidative|Halorhodospira_neutriphila	48.8	326	337
GCF_000315365_1__dsrB__NZ_CAOS01000010.1_81	L0DSF9|dsrB|oxidative|Thioalkalivibrio_nitratireducens	45.4	339	337
GCF_000315365_1__dsrB__NZ_CAOS01000010.1_81	A0L9L5|dsrB|oxidative|Magnetococcus_marinus	44.2	353	335
GCF_000315365_1__dsrB__NZ_CAOS01000010.1_81	O33999|dsrB|oxidative|Allochromatium_vinosum	44.0	359	331
GCF_000315365_1__dsrB__NZ_CAOS01000010.1_81	A0A9X0WG77|dsrB|oxidative|Thiocapsa_imhoffii	43.2	359	328
GCF_000315365_1__dsrB__NZ_CAOS01000010.1_81	A0L9L4|dsrA|oxidative|Magnetococcus_marinus	25.1	275	92.8
GCF_000315365_1__dsrB__NZ_CAOS01000010.1_81	A0ABS1E8E7|dsrA|oxidative|Halorhodospira_neutriphila	23.8	282	89.7
GCF_000315365_1__dsrB__NZ_CAOS01000010.1_81	N0BK96|dsrA|reductive|Archaeoglobus_sulfaticallidus_PM70-1	25.7	292	85.1
GCF_000315365_1__dsrB__NZ_CAOS01000010.1_81	E0D1Z2|dsrA|oxidative|Thiocapsa_marina	23.8	286	84.0
GCF_000315365_1__dsrB__NZ_CAOS01000010.1_81	A1BCS1|dsrA|oxidative|Chlorobium_phaeobacteroides	23.7	278	76.6
GCF_000315365_1__dsrB__NZ_CAOS01000010.1_81	Q8K5E9|dsrA|oxidative|Chlorobaculum_tepidum	23.2	280	76.3
GCF_000315365_1__dsrB__NZ_CAOS01000010.1_81	A0A5C4RXN4|dsrA|oxidative|Chlorobaculum_thiosulfatiphilum	23.6	280	73.6
GCF_000315365_1__dsrB__NZ_CAOS01000010.1_81	Q9F4A3|dsrA|reductive|Desulfovibrio_desulfuricans	22.6	318	70.1
GCF_000315365_1__dsrB__NZ_CAOS01000010.1_81	P45574|dsrA|reductive|Nitratidesulfovibrio_vulgaris	22.3	318	69.3
GCF_000315365_1__dsrB__NZ_CAOS01000010.1_81	Q93EV7|dsrA|reductive|Thermodesulfobacterium_commune	24.7	300	67.4
GCF_000315365_1__dsrB__NZ_CAOS01000010.1_81	T2G7Q3|dsrA|reductive|Megalodesulfovibrio_gigas	23.3	318	65.5
GCF_000321415_2__dsrA__NC_019902.2_827	O33998|dsrA|oxidative|Allochromatium_vinosum	76.7	421	684
GCF_000321415_2__dsrA__NC_019902.2_827	A0ABY9MRG6|dsrA|oxidative|Thiothrix_lacustris	71.5	432	658
GCF_000321415_2__dsrA__NC_019902.2_827	A0ABS1E8E7|dsrA|oxidative|Halorhodospira_neutriphila	61.4	425	551
GCF_000321415_2__dsrA__NC_019902.2_827	E0D1Z2|dsrA|oxidative|Thiocapsa_marina	76.2	282	464
GCF_000321415_2__dsrA__NC_019902.2_827	A0L9L4|dsrA|oxidative|Magnetococcus_marinus	53.8	396	459
GCF_000321415_2__dsrA__NC_019902.2_827	Q8K5E9|dsrA|oxidative|Chlorobaculum_tepidum	54.6	390	454
GCF_000321415_2__dsrA__NC_019902.2_827	A0A5C4RXN4|dsrA|oxidative|Chlorobaculum_thiosulfatiphilum	55.1	390	454
GCF_000321415_2__dsrA__NC_019902.2_827	A1BCS1|dsrA|oxidative|Chlorobium_phaeobacteroides	53.1	392	445
GCF_000321415_2__dsrA__NC_019902.2_827	N0BK96|dsrA|reductive|Archaeoglobus_sulfaticallidus_PM70-1	49.7	396	394
GCF_000321415_2__dsrA__NC_019902.2_827	Q251E4|dsrA|reductive|Desulfitobacterium_hafniense	49.2	392	380
GCF_000321415_2__dsrA__NC_019902.2_827	A0ABT8QKK2|dsrA|reductive|Desulfosporosinus_nitroreducens	46.7	398	370
GCF_000321415_2__dsrA__NC_019902.2_827	Q9K5B9|dsrA|reductive|Desulfobulbus_rhabdoformis	44.2	412	367
GCF_000321415_2__dsrA__NC_019902.2_827	T2G7Q3|dsrA|reductive|Megalodesulfovibrio_gigas	44.4	417	352
GCF_000321415_2__dsrA__NC_019902.2_827	Q59109|dsrA|reductive|Archaeoglobus_fulgidus	45.9	399	351
GCF_000321415_2__dsrA__NC_019902.2_827	S0FXQ9|dsrA|reductive|Desulfotignum_phosphitoxidans_DSM_13687	41.9	420	346
GCF_000321415_2__dsrA__NC_019902.2_827	Q9K5B5|dsrA|reductive|Desulfobacter_vibrioformis	41.4	442	346
GCF_000321415_2__dsrA__NC_019902.2_827	P45574|dsrA|reductive|Nitratidesulfovibrio_vulgaris	44.3	413	343
GCF_000321415_2__dsrA__NC_019902.2_827	Q9F4A3|dsrA|reductive|Desulfovibrio_desulfuricans	44.1	413	339
GCF_000321415_2__dsrA__NC_019902.2_827	B5YIF2|dsrA|reductive|Thermodesulfovibrio_yellowstonii	44.3	386	325
GCF_000321415_2__dsrA__NC_019902.2_827	Q5ZQS3|dsrA|reductive|Desulfomicrobium_baculatum	44.0	352	303
GCF_000321415_2__dsrA__NC_019902.2_827	Q93EU9|dsrA|reductive|Desulfarculus_baarsii	44.8	346	300
GCF_000321415_2__dsrA__NC_019902.2_827	Q93EV7|dsrA|reductive|Thermodesulfobacterium_commune	43.7	350	285
GCF_000321415_2__dsrA__NC_019902.2_827	Q5ZQT9|dsrA|reductive|Archaeoglobus_veneficus	43.8	331	282
GCF_000321415_2__dsrA__NC_019902.2_827	Q5ZQR5|dsrA|reductive|Desulfosudis_oleivorans	41.0	346	276
GCF_000321415_2__dsrA__NC_019902.2_827	B5YIF3|dsrB|reductive|Thermodesulfovibrio_yellowstonii	26.8	291	92.4
GCF_000321415_2__dsrA__NC_019902.2_827	Q251E3|dsrB|reductive|Desulfitobacterium_hafniense	22.9	323	90.1
GCF_000321415_2__dsrA__NC_019902.2_827	A0ABT8QNA5|dsrB|reductive|Desulfosporosinus_nitroreducens	24.7	296	82.0
GCF_000321415_2__dsrA__NC_019902.2_827	Q8KE39|dsrB|oxidative|Chlorobaculum_tepidum	22.8	303	79.3
GCF_000321415_2__dsrA__NC_019902.2_827	P45575|dsrB|reductive|Nitratidesulfovibrio_vulgaris	24.6	321	76.6
GCF_000321415_2__dsrA__NC_019902.2_827	A0A5C4RYG3|dsrB|oxidative|Chlorobaculum_thiosulfatiphilum	22.4	303	74.3
GCF_000321415_2__dsrA__NC_019902.2_827	Q9F4A2|dsrB|reductive|Desulfovibrio_desulfuricans	24.8	322	72.8
GCF_000321415_2__dsrA__NC_019902.2_827	T2G8V8|dsrB|reductive|Megalodesulfovibrio_gigas	23.3	313	71.2
GCF_000321415_2__dsrA__NC_019902.2_827	A1BCS2|dsrB|oxidative|Chlorobium_phaeobacteroides	20.9	321	68.9
GCF_000321415_2__dsrA__NC_019902.2_827	E1QFJ3|dsrB|reductive|Desulfarculus_baarsii	23.0	318	63.5
GCF_000321415_2__dsrA__NC_019902.2_827	A0ABS1E5W7|dsrB|oxidative|Halorhodospira_neutriphila	21.9	297	55.8
GCF_000321415_2__dsrB__NC_019902.2_1697	A0A9X0WG77|dsrB|oxidative|Thiocapsa_imhoffii	72.9	354	577
GCF_000321415_2__dsrB__NC_019902.2_1697	L0DSF9|dsrB|oxidative|Thioalkalivibrio_nitratireducens	71.5	358	576
GCF_000321415_2__dsrB__NC_019902.2_1697	O33999|dsrB|oxidative|Allochromatium_vinosum	72.3	354	574
GCF_000321415_2__dsrB__NC_019902.2_1697	A0ABS1E5W7|dsrB|oxidative|Halorhodospira_neutriphila	69.9	355	563
GCF_000321415_2__dsrB__NC_019902.2_1697	A0ABY9MNZ8|dsrB|oxidative|Thiothrix_lacustris	69.0	358	551
GCF_000321415_2__dsrB__NC_019902.2_1697	A0L9L5|dsrB|oxidative|Magnetococcus_marinus	62.0	358	496
GCF_000321415_2__dsrB__NC_019902.2_1697	Q8KE39|dsrB|oxidative|Chlorobaculum_tepidum	61.3	357	482
GCF_000321415_2__dsrB__NC_019902.2_1697	A0A5C4RYG3|dsrB|oxidative|Chlorobaculum_thiosulfatiphilum	60.2	357	476
GCF_000321415_2__dsrB__NC_019902.2_1697	A1BCS2|dsrB|oxidative|Chlorobium_phaeobacteroides	61.6	349	473
GCF_000321415_2__dsrB__NC_019902.2_1697	A4J9D5|dsrB|reductive|Desulforamulus_reducens	46.1	349	340
GCF_000321415_2__dsrB__NC_019902.2_1697	Q251E3|dsrB|reductive|Desulfitobacterium_hafniense	44.4	351	336
GCF_000321415_2__dsrB__NC_019902.2_1697	T2G8V8|dsrB|reductive|Megalodesulfovibrio_gigas	45.9	368	334
GCF_000321415_2__dsrB__NC_019902.2_1697	A0ABT8QNA5|dsrB|reductive|Desulfosporosinus_nitroreducens	45.0	351	332
GCF_000321415_2__dsrB__NC_019902.2_1697	N0BL33|dsrB|reductive|Archaeoglobus_sulfaticallidus_PM70-1	46.0	354	330
GCF_000321415_2__dsrB__NC_019902.2_1697	B5YIF3|dsrB|reductive|Thermodesulfovibrio_yellowstonii	44.5	348	324
GCF_000321415_2__dsrB__NC_019902.2_1697	P45575|dsrB|reductive|Nitratidesulfovibrio_vulgaris	46.2	353	320
GCF_000321415_2__dsrB__NC_019902.2_1697	Q59110|dsrB|reductive|Archaeoglobus_fulgidus	44.0	348	313
GCF_000321415_2__dsrB__NC_019902.2_1697	E1QFJ3|dsrB|reductive|Desulfarculus_baarsii	42.1	361	311
GCF_000321415_2__dsrB__NC_019902.2_1697	S0G5M9|dsrB|reductive|Desulfotignum_phosphitoxidans_DSM_13687	42.3	369	308
GCF_000321415_2__dsrB__NC_019902.2_1697	Q9K5B4|dsrB|reductive|Desulfobacter_vibrioformis	43.5	361	305
GCF_000321415_2__dsrB__NC_019902.2_1697	Q9K5B8|dsrB|reductive|Desulfobulbus_rhabdoformis	41.9	363	304
GCF_000321415_2__dsrB__NC_019902.2_1697	Q9F4A2|dsrB|reductive|Desulfovibrio_desulfuricans	43.5	368	301
GCF_000321415_2__dsrB__NC_019902.2_1697	A0ABS1E8E7|dsrA|oxidative|Halorhodospira_neutriphila	23.2	280	72.4
GCF_000321415_2__dsrB__NC_019902.2_1697	B5YIF2|dsrA|reductive|Thermodesulfovibrio_yellowstonii	23.7	312	70.9
GCF_000321415_2__dsrB__NC_019902.2_1697	O33998|dsrA|oxidative|Allochromatium_vinosum	22.2	315	69.3
GCF_000321415_2__dsrB__NC_019902.2_1697	A0ABY9MRG6|dsrA|oxidative|Thiothrix_lacustris	21.7	322	67.8
GCF_000321415_2__dsrB__NC_019902.2_1697	Q251E4|dsrA|reductive|Desulfitobacterium_hafniense	20.8	308	63.2
GCF_000321415_2__dsrB__NC_019902.2_1697	E0D1Z2|dsrA|oxidative|Thiocapsa_marina	21.8	271	63.2
GCF_000321415_2__dsrB__NC_019902.2_1697	N0BK96|dsrA|reductive|Archaeoglobus_sulfaticallidus_PM70-1	22.3	274	63.2
GCF_000321415_2__dsrB__NC_019902.2_1697	Q8K5E9|dsrA|oxidative|Chlorobaculum_tepidum	22.5	285	57.4
GCF_000321415_2__dsrB__NC_019902.2_1697	Q5ZQR5|dsrA|reductive|Desulfosudis_oleivorans	21.4	336	57.0
GCF_000321415_2__dsrB__NC_019902.2_1697	A0ABT8QKK2|dsrA|reductive|Desulfosporosinus_nitroreducens	20.8	274	52.0
GCF_000321415_2__dsrB__NC_019902.2_1697	Q59109|dsrA|reductive|Archaeoglobus_fulgidus	21.5	307	51.2
GCF_000321415_2__dsrB__NC_019902.2_1697	A0L9L4|dsrA|oxidative|Magnetococcus_marinus	19.4	279	50.1
GCF_000321415_2__dsrB__NC_019902.2_1697	Q93EV7|dsrA|reductive|Thermodesulfobacterium_commune	21.9	311	48.9
GCF_000321415_2__dsrB__NC_019902.2_1697	A1BCS1|dsrA|oxidative|Chlorobium_phaeobacteroides	21.1	284	48.9
GCF_000321415_2__dsrB__NC_019902.2_1697	A0A5C4RXN4|dsrA|oxidative|Chlorobaculum_thiosulfatiphilum	21.1	284	48.5
GCF_000321415_2__dsrB__NC_019902.2_1697	P45574|dsrA|reductive|Nitratidesulfovibrio_vulgaris	22.8	338	48.5
GCF_000321415_2__dsrB__NC_019902.2_1697	T2G7Q3|dsrA|reductive|Megalodesulfovibrio_gigas	21.7	253	47.4
GCF_000321415_2__dsrB__NC_019902.2_1697	Q9F4A3|dsrA|reductive|Desulfovibrio_desulfuricans	21.0	347	46.6
GCF_000321415_2__dsrB__NC_019902.2_1697	S0FXQ9|dsrA|reductive|Desulfotignum_phosphitoxidans_DSM_13687	21.1	303	44.7
GCF_000321415_2__dsrB__NC_019902.2_1697	Q93EU9|dsrA|reductive|Desulfarculus_baarsii	20.4	260	42.4
GCF_000321415_2__dsrB__NC_019902.2_1697	Q9K5B5|dsrA|reductive|Desulfobacter_vibrioformis	21.1	251	42.4
GCF_000321415_2__dsrB__NC_019902.2_1697	Q9K5B9|dsrA|reductive|Desulfobulbus_rhabdoformis	22.0	341	41.6
GCF_000321415_2__dsrB__NC_019902.2_1697	Q5ZQS3|dsrA|reductive|Desulfomicrobium_baculatum	20.1	334	40.0
GCF_000378965_1__dsrA__NZ_KB900536.1_1023	O33998|dsrA|oxidative|Allochromatium_vinosum	80.7	414	716
GCF_000378965_1__dsrA__NZ_KB900536.1_1023	A0ABY9MRG6|dsrA|oxidative|Thiothrix_lacustris	75.2	428	682
GCF_000378965_1__dsrA__NZ_KB900536.1_1023	A0ABS1E8E7|dsrA|oxidative|Halorhodospira_neutriphila	63.5	416	573
GCF_000378965_1__dsrA__NZ_KB900536.1_1023	E0D1Z2|dsrA|oxidative|Thiocapsa_marina	78.7	282	484
GCF_000378965_1__dsrA__NZ_KB900536.1_1023	A0L9L4|dsrA|oxidative|Magnetococcus_marinus	55.4	399	482
GCF_000378965_1__dsrA__NZ_KB900536.1_1023	A1BCS1|dsrA|oxidative|Chlorobium_phaeobacteroides	54.8	392	466
GCF_000378965_1__dsrA__NZ_KB900536.1_1023	Q8K5E9|dsrA|oxidative|Chlorobaculum_tepidum	55.4	390	465
GCF_000378965_1__dsrA__NZ_KB900536.1_1023	A0A5C4RXN4|dsrA|oxidative|Chlorobaculum_thiosulfatiphilum	54.9	390	459
GCF_000378965_1__dsrA__NZ_KB900536.1_1023	N0BK96|dsrA|reductive|Archaeoglobus_sulfaticallidus_PM70-1	49.5	392	395
GCF_000378965_1__dsrA__NZ_KB900536.1_1023	A0ABT8QKK2|dsrA|reductive|Desulfosporosinus_nitroreducens	47.9	397	383
GCF_000378965_1__dsrA__NZ_KB900536.1_1023	Q251E4|dsrA|reductive|Desulfitobacterium_hafniense	46.8	391	378
GCF_000378965_1__dsrA__NZ_KB900536.1_1023	Q9K5B9|dsrA|reductive|Desulfobulbus_rhabdoformis	45.3	413	378
GCF_000378965_1__dsrA__NZ_KB900536.1_1023	Q9K5B5|dsrA|reductive|Desulfobacter_vibrioformis	44.8	420	365
GCF_000378965_1__dsrA__NZ_KB900536.1_1023	Q59109|dsrA|reductive|Archaeoglobus_fulgidus	46.6	399	362
GCF_000378965_1__dsrA__NZ_KB900536.1_1023	T2G7Q3|dsrA|reductive|Megalodesulfovibrio_gigas	44.7	418	357
GCF_000378965_1__dsrA__NZ_KB900536.1_1023	S0FXQ9|dsrA|reductive|Desulfotignum_phosphitoxidans_DSM_13687	43.0	421	354
GCF_000378965_1__dsrA__NZ_KB900536.1_1023	P45574|dsrA|reductive|Nitratidesulfovibrio_vulgaris	43.5	418	340
GCF_000378965_1__dsrA__NZ_KB900536.1_1023	Q9F4A3|dsrA|reductive|Desulfovibrio_desulfuricans	43.1	418	337
GCF_000378965_1__dsrA__NZ_KB900536.1_1023	B5YIF2|dsrA|reductive|Thermodesulfovibrio_yellowstonii	42.9	392	325
GCF_000378965_1__dsrA__NZ_KB900536.1_1023	Q93EU9|dsrA|reductive|Desulfarculus_baarsii	46.0	346	315
GCF_000378965_1__dsrA__NZ_KB900536.1_1023	Q5ZQS3|dsrA|reductive|Desulfomicrobium_baculatum	44.5	346	308
GCF_000378965_1__dsrA__NZ_KB900536.1_1023	Q5ZQT9|dsrA|reductive|Archaeoglobus_veneficus	44.0	336	291
GCF_000378965_1__dsrA__NZ_KB900536.1_1023	Q93EV7|dsrA|reductive|Thermodesulfobacterium_commune	42.0	350	287
GCF_000378965_1__dsrA__NZ_KB900536.1_1023	Q5ZQR5|dsrA|reductive|Desulfosudis_oleivorans	40.8	346	281
GCF_000378965_1__dsrA__NZ_KB900536.1_1023	Q251E3|dsrB|reductive|Desulfitobacterium_hafniense	24.0	321	104
GCF_000378965_1__dsrA__NZ_KB900536.1_1023	B5YIF3|dsrB|reductive|Thermodesulfovibrio_yellowstonii	26.1	291	97.4
GCF_000378965_1__dsrA__NZ_KB900536.1_1023	Q8KE39|dsrB|oxidative|Chlorobaculum_tepidum	24.1	303	95.1
GCF_000378965_1__dsrA__NZ_KB900536.1_1023	A0ABT8QNA5|dsrB|reductive|Desulfosporosinus_nitroreducens	24.4	307	91.7
GCF_000378965_1__dsrA__NZ_KB900536.1_1023	A0A5C4RYG3|dsrB|oxidative|Chlorobaculum_thiosulfatiphilum	23.4	303	89.4
GCF_000378965_1__dsrA__NZ_KB900536.1_1023	N0BL33|dsrB|reductive|Archaeoglobus_sulfaticallidus_PM70-1	24.3	313	88.6
GCF_000378965_1__dsrA__NZ_KB900536.1_1023	P45575|dsrB|reductive|Nitratidesulfovibrio_vulgaris	24.4	320	88.6
GCF_000378965_1__dsrA__NZ_KB900536.1_1023	Q9F4A2|dsrB|reductive|Desulfovibrio_desulfuricans	25.1	323	86.7
GCF_000378965_1__dsrA__NZ_KB900536.1_1023	A1BCS2|dsrB|oxidative|Chlorobium_phaeobacteroides	22.1	321	85.5
GCF_000378965_1__dsrA__NZ_KB900536.1_1023	T2G8V8|dsrB|reductive|Megalodesulfovibrio_gigas	22.1	312	78.6
GCF_000378965_1__dsrA__NZ_KB900536.1_1023	S0G5M9|dsrB|reductive|Desulfotignum_phosphitoxidans_DSM_13687	21.7	327	74.3
GCF_000378965_1__dsrA__NZ_KB900536.1_1023	A0ABS1E5W7|dsrB|oxidative|Halorhodospira_neutriphila	23.0	374	72.4
GCF_000378965_1__dsrA__NZ_KB900536.1_1023	E1QFJ3|dsrB|reductive|Desulfarculus_baarsii	23.2	298	70.9
GCF_000378965_1__dsrA__NZ_KB900536.1_1023	A0ABY9MNZ8|dsrB|oxidative|Thiothrix_lacustris	20.3	276	52.0
GCF_000378965_1__dsrB__NZ_KB900536.1_1024	L0DSF9|dsrB|oxidative|Thioalkalivibrio_nitratireducens	92.7	354	717
GCF_000378965_1__dsrB__NZ_KB900536.1_1024	O33999|dsrB|oxidative|Allochromatium_vinosum	85.6	353	667
GCF_000378965_1__dsrB__NZ_KB900536.1_1024	A0A9X0WG77|dsrB|oxidative|Thiocapsa_imhoffii	85.0	353	665
GCF_000378965_1__dsrB__NZ_KB900536.1_1024	A0ABY9MNZ8|dsrB|oxidative|Thiothrix_lacustris	79.8	356	635
GCF_000378965_1__dsrB__NZ_KB900536.1_1024	A0ABS1E5W7|dsrB|oxidative|Halorhodospira_neutriphila	71.3	362	575
GCF_000378965_1__dsrB__NZ_KB900536.1_1024	A0L9L5|dsrB|oxidative|Magnetococcus_marinus	60.5	349	477
GCF_000378965_1__dsrB__NZ_KB900536.1_1024	Q8KE39|dsrB|oxidative|Chlorobaculum_tepidum	57.3	349	456
GCF_000378965_1__dsrB__NZ_KB900536.1_1024	A1BCS2|dsrB|oxidative|Chlorobium_phaeobacteroides	57.6	349	454
GCF_000378965_1__dsrB__NZ_KB900536.1_1024	A0A5C4RYG3|dsrB|oxidative|Chlorobaculum_thiosulfatiphilum	56.7	349	453
GCF_000378965_1__dsrB__NZ_KB900536.1_1024	A4J9D5|dsrB|reductive|Desulforamulus_reducens	44.2	362	338
GCF_000378965_1__dsrB__NZ_KB900536.1_1024	N0BL33|dsrB|reductive|Archaeoglobus_sulfaticallidus_PM70-1	44.6	354	335
GCF_000378965_1__dsrB__NZ_KB900536.1_1024	A0ABT8QNA5|dsrB|reductive|Desulfosporosinus_nitroreducens	42.7	351	323
GCF_000378965_1__dsrB__NZ_KB900536.1_1024	Q251E3|dsrB|reductive|Desulfitobacterium_hafniense	43.1	343	319
GCF_000378965_1__dsrB__NZ_KB900536.1_1024	B5YIF3|dsrB|reductive|Thermodesulfovibrio_yellowstonii	42.0	348	313
GCF_000378965_1__dsrB__NZ_KB900536.1_1024	Q59110|dsrB|reductive|Archaeoglobus_fulgidus	44.1	333	310
GCF_000378965_1__dsrB__NZ_KB900536.1_1024	T2G8V8|dsrB|reductive|Megalodesulfovibrio_gigas	42.9	354	310
GCF_000378965_1__dsrB__NZ_KB900536.1_1024	E1QFJ3|dsrB|reductive|Desulfarculus_baarsii	43.4	348	308
GCF_000378965_1__dsrB__NZ_KB900536.1_1024	Q9K5B8|dsrB|reductive|Desulfobulbus_rhabdoformis	42.8	348	308
GCF_000378965_1__dsrB__NZ_KB900536.1_1024	Q9F4A2|dsrB|reductive|Desulfovibrio_desulfuricans	44.4	354	308
GCF_000378965_1__dsrB__NZ_KB900536.1_1024	P45575|dsrB|reductive|Nitratidesulfovibrio_vulgaris	42.8	360	308
GCF_000378965_1__dsrB__NZ_KB900536.1_1024	Q9K5B4|dsrB|reductive|Desulfobacter_vibrioformis	42.9	361	299
GCF_000378965_1__dsrB__NZ_KB900536.1_1024	S0G5M9|dsrB|reductive|Desulfotignum_phosphitoxidans_DSM_13687	41.6	361	299
GCF_000378965_1__dsrB__NZ_KB900536.1_1024	A0ABS1E8E7|dsrA|oxidative|Halorhodospira_neutriphila	22.0	277	68.2
GCF_000378965_1__dsrB__NZ_KB900536.1_1024	A0ABY9MRG6|dsrA|oxidative|Thiothrix_lacustris	20.4	324	64.7
GCF_000378965_1__dsrB__NZ_KB900536.1_1024	O33998|dsrA|oxidative|Allochromatium_vinosum	19.9	276	63.9
GCF_000378965_1__dsrB__NZ_KB900536.1_1024	E0D1Z2|dsrA|oxidative|Thiocapsa_marina	20.5	268	61.6
GCF_000378965_1__dsrB__NZ_KB900536.1_1024	B5YIF2|dsrA|reductive|Thermodesulfovibrio_yellowstonii	22.3	282	59.7
GCF_000378965_1__dsrB__NZ_KB900536.1_1024	N0BK96|dsrA|reductive|Archaeoglobus_sulfaticallidus_PM70-1	21.5	274	53.5
GCF_000378965_1__dsrB__NZ_KB900536.1_1024	Q8K5E9|dsrA|oxidative|Chlorobaculum_tepidum	21.9	279	53.1
GCF_000378965_1__dsrB__NZ_KB900536.1_1024	Q59109|dsrA|reductive|Archaeoglobus_fulgidus	23.1	312	53.1
GCF_000378965_1__dsrB__NZ_KB900536.1_1024	A0L9L4|dsrA|oxidative|Magnetococcus_marinus	19.6	276	52.0
GCF_000378965_1__dsrB__NZ_KB900536.1_1024	A1BCS1|dsrA|oxidative|Chlorobium_phaeobacteroides	20.3	276	48.1
GCF_000378965_1__dsrB__NZ_KB900536.1_1024	A0A5C4RXN4|dsrA|oxidative|Chlorobaculum_thiosulfatiphilum	22.0	282	46.6
GCF_000378965_1__dsrB__NZ_KB900536.1_1024	Q251E4|dsrA|reductive|Desulfitobacterium_hafniense	21.0	276	45.8
GCF_000378965_1__dsrB__NZ_KB900536.1_1024	Q5ZQR5|dsrA|reductive|Desulfosudis_oleivorans	24.3	136	43.5
GCF_000378965_1__dsrB__NZ_KB900536.1_1024	T2G7Q3|dsrA|reductive|Megalodesulfovibrio_gigas	22.8	136	42.0
GCF_000428825_1__dsrA__NZ_AUAR01000016.1_19	Q5ZQS3|dsrA|reductive|Desulfomicrobium_baculatum	97.6	368	777
GCF_000428825_1__dsrA__NZ_AUAR01000016.1_19	T2G7Q3|dsrA|reductive|Megalodesulfovibrio_gigas	73.9	437	733
GCF_000428825_1__dsrA__NZ_AUAR01000016.1_19	P45574|dsrA|reductive|Nitratidesulfovibrio_vulgaris	72.8	437	715
GCF_000428825_1__dsrA__NZ_AUAR01000016.1_19	Q9F4A3|dsrA|reductive|Desulfovibrio_desulfuricans	71.6	437	702
GCF_000428825_1__dsrA__NZ_AUAR01000016.1_19	Q9K5B5|dsrA|reductive|Desulfobacter_vibrioformis	72.1	441	696
GCF_000428825_1__dsrA__NZ_AUAR01000016.1_19	S0FXQ9|dsrA|reductive|Desulfotignum_phosphitoxidans_DSM_13687	71.9	442	689
GCF_000428825_1__dsrA__NZ_AUAR01000016.1_19	Q9K5B9|dsrA|reductive|Desulfobulbus_rhabdoformis	63.6	439	622
GCF_000428825_1__dsrA__NZ_AUAR01000016.1_19	Q5ZQR5|dsrA|reductive|Desulfosudis_oleivorans	72.3	368	597
GCF_000428825_1__dsrA__NZ_AUAR01000016.1_19	Q93EV7|dsrA|reductive|Thermodesulfobacterium_commune	66.8	370	540
GCF_000428825_1__dsrA__NZ_AUAR01000016.1_19	Q93EU9|dsrA|reductive|Desulfarculus_baarsii	63.5	373	496
GCF_000428825_1__dsrA__NZ_AUAR01000016.1_19	Q59109|dsrA|reductive|Archaeoglobus_fulgidus	53.2	417	465
GCF_000428825_1__dsrA__NZ_AUAR01000016.1_19	N0BK96|dsrA|reductive|Archaeoglobus_sulfaticallidus_PM70-1	53.6	422	464
GCF_000428825_1__dsrA__NZ_AUAR01000016.1_19	Q251E4|dsrA|reductive|Desulfitobacterium_hafniense	52.1	424	454
GCF_000428825_1__dsrA__NZ_AUAR01000016.1_19	A0ABT8QKK2|dsrA|reductive|Desulfosporosinus_nitroreducens	50.1	425	449
GCF_000428825_1__dsrA__NZ_AUAR01000016.1_19	B5YIF2|dsrA|reductive|Thermodesulfovibrio_yellowstonii	51.2	420	438
GCF_000428825_1__dsrA__NZ_AUAR01000016.1_19	Q5ZQT9|dsrA|reductive|Archaeoglobus_veneficus	49.7	354	370
GCF_000428825_1__dsrA__NZ_AUAR01000016.1_19	O33998|dsrA|oxidative|Allochromatium_vinosum	44.7	414	365
GCF_000428825_1__dsrA__NZ_AUAR01000016.1_19	A1BCS1|dsrA|oxidative|Chlorobium_phaeobacteroides	43.2	412	347
GCF_000428825_1__dsrA__NZ_AUAR01000016.1_19	Q8K5E9|dsrA|oxidative|Chlorobaculum_tepidum	42.5	412	346
GCF_000428825_1__dsrA__NZ_AUAR01000016.1_19	A0ABY9MRG6|dsrA|oxidative|Thiothrix_lacustris	42.4	420	345
GCF_000428825_1__dsrA__NZ_AUAR01000016.1_19	A0A5C4RXN4|dsrA|oxidative|Chlorobaculum_thiosulfatiphilum	42.0	412	338
GCF_000428825_1__dsrA__NZ_AUAR01000016.1_19	A0L9L4|dsrA|oxidative|Magnetococcus_marinus	41.7	415	337
GCF_000428825_1__dsrA__NZ_AUAR01000016.1_19	A0ABS1E8E7|dsrA|oxidative|Halorhodospira_neutriphila	41.9	427	331
GCF_000428825_1__dsrA__NZ_AUAR01000016.1_19	E0D1Z2|dsrA|oxidative|Thiocapsa_marina	42.9	308	259
GCF_000428825_1__dsrA__NZ_AUAR01000016.1_19	B5YIF3|dsrB|reductive|Thermodesulfovibrio_yellowstonii	26.3	312	76.3
GCF_000428825_1__dsrA__NZ_AUAR01000016.1_19	Q251E3|dsrB|reductive|Desulfitobacterium_hafniense	22.3	309	66.2
GCF_000428825_1__dsrA__NZ_AUAR01000016.1_19	A0ABT8QNA5|dsrB|reductive|Desulfosporosinus_nitroreducens	23.0	330	61.6
GCF_000428825_1__dsrA__NZ_AUAR01000016.1_19	N0BL33|dsrB|reductive|Archaeoglobus_sulfaticallidus_PM70-1	20.9	350	57.0
GCF_000428825_1__dsrA__NZ_AUAR01000016.1_19	Q59110|dsrB|reductive|Archaeoglobus_fulgidus	18.9	354	49.7
GCF_000428825_1__dsrA__NZ_AUAR01000016.1_19	E1QFJ3|dsrB|reductive|Desulfarculus_baarsii	20.6	344	47.8
GCF_000428825_1__dsrA__NZ_AUAR01000016.1_19	A0L9L5|dsrB|oxidative|Magnetococcus_marinus	20.8	327	42.4
GCF_000428825_1__dsrB__NZ_AUAR01000016.1_20	P45575|dsrB|reductive|Nitratidesulfovibrio_vulgaris	74.9	386	636
GCF_000428825_1__dsrB__NZ_AUAR01000016.1_20	Q9F4A2|dsrB|reductive|Desulfovibrio_desulfuricans	70.5	386	605
GCF_000428825_1__dsrB__NZ_AUAR01000016.1_20	T2G8V8|dsrB|reductive|Megalodesulfovibrio_gigas	71.8	386	605
GCF_000428825_1__dsrB__NZ_AUAR01000016.1_20	S0G5M9|dsrB|reductive|Desulfotignum_phosphitoxidans_DSM_13687	70.2	386	604
GCF_000428825_1__dsrB__NZ_AUAR01000016.1_20	Q9K5B4|dsrB|reductive|Desulfobacter_vibrioformis	70.2	386	598
GCF_000428825_1__dsrB__NZ_AUAR01000016.1_20	Q9K5B8|dsrB|reductive|Desulfobulbus_rhabdoformis	62.3	382	511
GCF_000428825_1__dsrB__NZ_AUAR01000016.1_20	E1QFJ3|dsrB|reductive|Desulfarculus_baarsii	57.4	371	465
GCF_000428825_1__dsrB__NZ_AUAR01000016.1_20	N0BL33|dsrB|reductive|Archaeoglobus_sulfaticallidus_PM70-1	50.7	381	420
GCF_000428825_1__dsrB__NZ_AUAR01000016.1_20	A4J9D5|dsrB|reductive|Desulforamulus_reducens	53.4	373	414
GCF_000428825_1__dsrB__NZ_AUAR01000016.1_20	Q251E3|dsrB|reductive|Desulfitobacterium_hafniense	50.9	369	406
GCF_000428825_1__dsrB__NZ_AUAR01000016.1_20	Q59110|dsrB|reductive|Archaeoglobus_fulgidus	51.2	381	405
GCF_000428825_1__dsrB__NZ_AUAR01000016.1_20	A0ABT8QNA5|dsrB|reductive|Desulfosporosinus_nitroreducens	50.9	369	397
GCF_000428825_1__dsrB__NZ_AUAR01000016.1_20	B5YIF3|dsrB|reductive|Thermodesulfovibrio_yellowstonii	48.8	373	393
GCF_000428825_1__dsrB__NZ_AUAR01000016.1_20	A1BCS2|dsrB|oxidative|Chlorobium_phaeobacteroides	41.8	378	320
GCF_000428825_1__dsrB__NZ_AUAR01000016.1_20	Q8KE39|dsrB|oxidative|Chlorobaculum_tepidum	41.1	367	313
GCF_000428825_1__dsrB__NZ_AUAR01000016.1_20	A0A5C4RYG3|dsrB|oxidative|Chlorobaculum_thiosulfatiphilum	42.0	367	312
GCF_000428825_1__dsrB__NZ_AUAR01000016.1_20	A0ABS1E5W7|dsrB|oxidative|Halorhodospira_neutriphila	42.1	378	303
GCF_000428825_1__dsrB__NZ_AUAR01000016.1_20	A0L9L5|dsrB|oxidative|Magnetococcus_marinus	41.1	372	302
GCF_000428825_1__dsrB__NZ_AUAR01000016.1_20	A0A9X0WG77|dsrB|oxidative|Thiocapsa_imhoffii	42.3	343	292
GCF_000428825_1__dsrB__NZ_AUAR01000016.1_20	L0DSF9|dsrB|oxidative|Thioalkalivibrio_nitratireducens	39.3	361	288
GCF_000428825_1__dsrB__NZ_AUAR01000016.1_20	O33999|dsrB|oxidative|Allochromatium_vinosum	41.1	343	287
GCF_000428825_1__dsrB__NZ_AUAR01000016.1_20	A0ABY9MNZ8|dsrB|oxidative|Thiothrix_lacustris	39.9	358	286
GCF_000428825_1__dsrB__NZ_AUAR01000016.1_20	A0ABS1E8E7|dsrA|oxidative|Halorhodospira_neutriphila	22.7	308	83.2
GCF_000428825_1__dsrB__NZ_AUAR01000016.1_20	A0L9L4|dsrA|oxidative|Magnetococcus_marinus	23.0	309	74.3
GCF_000428825_1__dsrB__NZ_AUAR01000016.1_20	A0A5C4RXN4|dsrA|oxidative|Chlorobaculum_thiosulfatiphilum	23.8	311	72.8
GCF_000428825_1__dsrB__NZ_AUAR01000016.1_20	B5YIF2|dsrA|reductive|Thermodesulfovibrio_yellowstonii	22.3	310	72.4
GCF_000428825_1__dsrB__NZ_AUAR01000016.1_20	N0BK96|dsrA|reductive|Archaeoglobus_sulfaticallidus_PM70-1	24.8	311	71.6
GCF_000428825_1__dsrB__NZ_AUAR01000016.1_20	Q8K5E9|dsrA|oxidative|Chlorobaculum_tepidum	24.6	313	68.6
GCF_000428825_1__dsrB__NZ_AUAR01000016.1_20	E0D1Z2|dsrA|oxidative|Thiocapsa_marina	21.3	287	68.2
GCF_000428825_1__dsrB__NZ_AUAR01000016.1_20	A1BCS1|dsrA|oxidative|Chlorobium_phaeobacteroides	22.3	345	68.2
GCF_000428825_1__dsrB__NZ_AUAR01000016.1_20	S0FXQ9|dsrA|reductive|Desulfotignum_phosphitoxidans_DSM_13687	20.5	322	57.8
GCF_000428825_1__dsrB__NZ_AUAR01000016.1_20	A0ABT8QKK2|dsrA|reductive|Desulfosporosinus_nitroreducens	22.7	260	53.9
GCF_000428825_1__dsrB__NZ_AUAR01000016.1_20	Q9K5B5|dsrA|reductive|Desulfobacter_vibrioformis	19.7	274	53.9
GCF_000428825_1__dsrB__NZ_AUAR01000016.1_20	Q93EV7|dsrA|reductive|Thermodesulfobacterium_commune	21.5	325	52.8
GCF_000428825_1__dsrB__NZ_AUAR01000016.1_20	T2G7Q3|dsrA|reductive|Megalodesulfovibrio_gigas	20.1	274	51.6
GCF_000428825_1__dsrB__NZ_AUAR01000016.1_20	Q9F4A3|dsrA|reductive|Desulfovibrio_desulfuricans	19.8	324	50.8
GCF_000428825_1__dsrB__NZ_AUAR01000016.1_20	Q5ZQR5|dsrA|reductive|Desulfosudis_oleivorans	20.1	273	50.4
GCF_000428825_1__dsrB__NZ_AUAR01000016.1_20	Q93EU9|dsrA|reductive|Desulfarculus_baarsii	19.2	266	50.1
GCF_000428825_1__dsrB__NZ_AUAR01000016.1_20	Q9K5B9|dsrA|reductive|Desulfobulbus_rhabdoformis	20.7	266	42.4
GCF_000621145_1__dsrA__NZ_JHZB01000005.1_46	Q9K5B9|dsrA|reductive|Desulfobulbus_rhabdoformis	90.2	428	845
GCF_000621145_1__dsrA__NZ_JHZB01000005.1_46	Q9K5B5|dsrA|reductive|Desulfobacter_vibrioformis	67.9	439	637
GCF_000621145_1__dsrA__NZ_JHZB01000005.1_46	S0FXQ9|dsrA|reductive|Desulfotignum_phosphitoxidans_DSM_13687	65.7	440	622
GCF_000621145_1__dsrA__NZ_JHZB01000005.1_46	P45574|dsrA|reductive|Nitratidesulfovibrio_vulgaris	64.7	439	615
GCF_000621145_1__dsrA__NZ_JHZB01000005.1_46	T2G7Q3|dsrA|reductive|Megalodesulfovibrio_gigas	63.3	439	603
GCF_000621145_1__dsrA__NZ_JHZB01000005.1_46	Q9F4A3|dsrA|reductive|Desulfovibrio_desulfuricans	62.2	439	592
GCF_000621145_1__dsrA__NZ_JHZB01000005.1_46	Q5ZQS3|dsrA|reductive|Desulfomicrobium_baculatum	65.1	370	543
GCF_000621145_1__dsrA__NZ_JHZB01000005.1_46	Q5ZQR5|dsrA|reductive|Desulfosudis_oleivorans	64.3	370	515
GCF_000621145_1__dsrA__NZ_JHZB01000005.1_46	Q93EV7|dsrA|reductive|Thermodesulfobacterium_commune	62.2	376	497
GCF_000621145_1__dsrA__NZ_JHZB01000005.1_46	Q93EU9|dsrA|reductive|Desulfarculus_baarsii	59.0	376	476
GCF_000621145_1__dsrA__NZ_JHZB01000005.1_46	N0BK96|dsrA|reductive|Archaeoglobus_sulfaticallidus_PM70-1	55.2	413	473
GCF_000621145_1__dsrA__NZ_JHZB01000005.1_46	Q59109|dsrA|reductive|Archaeoglobus_fulgidus	53.9	421	469
GCF_000621145_1__dsrA__NZ_JHZB01000005.1_46	A0ABT8QKK2|dsrA|reductive|Desulfosporosinus_nitroreducens	51.6	413	467
GCF_000621145_1__dsrA__NZ_JHZB01000005.1_46	Q251E4|dsrA|reductive|Desulfitobacterium_hafniense	52.8	413	465
GCF_000621145_1__dsrA__NZ_JHZB01000005.1_46	B5YIF2|dsrA|reductive|Thermodesulfovibrio_yellowstonii	53.4	410	457
GCF_000621145_1__dsrA__NZ_JHZB01000005.1_46	Q5ZQT9|dsrA|reductive|Archaeoglobus_veneficus	52.1	357	379
GCF_000621145_1__dsrA__NZ_JHZB01000005.1_46	O33998|dsrA|oxidative|Allochromatium_vinosum	45.2	409	374
GCF_000621145_1__dsrA__NZ_JHZB01000005.1_46	A0L9L4|dsrA|oxidative|Magnetococcus_marinus	44.0	402	360
GCF_000621145_1__dsrA__NZ_JHZB01000005.1_46	A0ABS1E8E7|dsrA|oxidative|Halorhodospira_neutriphila	43.9	415	360
GCF_000621145_1__dsrA__NZ_JHZB01000005.1_46	Q8K5E9|dsrA|oxidative|Chlorobaculum_tepidum	43.2	405	353
GCF_000621145_1__dsrA__NZ_JHZB01000005.1_46	A0ABY9MRG6|dsrA|oxidative|Thiothrix_lacustris	41.3	429	352
GCF_000621145_1__dsrA__NZ_JHZB01000005.1_46	A0A5C4RXN4|dsrA|oxidative|Chlorobaculum_thiosulfatiphilum	43.0	405	349
GCF_000621145_1__dsrA__NZ_JHZB01000005.1_46	A1BCS1|dsrA|oxidative|Chlorobium_phaeobacteroides	42.0	400	348
GCF_000621145_1__dsrA__NZ_JHZB01000005.1_46	E0D1Z2|dsrA|oxidative|Thiocapsa_marina	42.0	312	269
GCF_000621145_1__dsrA__NZ_JHZB01000005.1_46	B5YIF3|dsrB|reductive|Thermodesulfovibrio_yellowstonii	25.9	316	82.4
GCF_000621145_1__dsrA__NZ_JHZB01000005.1_46	Q251E3|dsrB|reductive|Desulfitobacterium_hafniense	23.3	309	75.5
GCF_000621145_1__dsrA__NZ_JHZB01000005.1_46	A0ABT8QNA5|dsrB|reductive|Desulfosporosinus_nitroreducens	23.3	331	74.7
GCF_000621145_1__dsrA__NZ_JHZB01000005.1_46	E1QFJ3|dsrB|reductive|Desulfarculus_baarsii	25.0	284	63.9
GCF_000621145_1__dsrA__NZ_JHZB01000005.1_46	Q9K5B4|dsrB|reductive|Desulfobacter_vibrioformis	20.7	367	61.6
GCF_000621145_1__dsrA__NZ_JHZB01000005.1_46	S0G5M9|dsrB|reductive|Desulfotignum_phosphitoxidans_DSM_13687	20.8	361	58.5
GCF_000621145_1__dsrA__NZ_JHZB01000005.1_46	T2G8V8|dsrB|reductive|Megalodesulfovibrio_gigas	21.3	328	56.6
GCF_000621145_1__dsrA__NZ_JHZB01000005.1_46	A1BCS2|dsrB|oxidative|Chlorobium_phaeobacteroides	23.2	323	55.8
GCF_000621145_1__dsrA__NZ_JHZB01000005.1_46	Q8KE39|dsrB|oxidative|Chlorobaculum_tepidum	23.0	331	55.1
GCF_000621145_1__dsrA__NZ_JHZB01000005.1_46	A0A5C4RYG3|dsrB|oxidative|Chlorobaculum_thiosulfatiphilum	22.8	324	53.9
GCF_000621145_1__dsrA__NZ_JHZB01000005.1_46	P45575|dsrB|reductive|Nitratidesulfovibrio_vulgaris	19.9	341	48.1
GCF_000621145_1__dsrA__NZ_JHZB01000005.1_46	A0L9L5|dsrB|oxidative|Magnetococcus_marinus	22.9	292	45.4
GCF_000621145_1__dsrA__NZ_JHZB01000005.1_46	Q9F4A2|dsrB|reductive|Desulfovibrio_desulfuricans	20.1	344	45.4
GCF_000621145_1__dsrA__NZ_JHZB01000005.1_46	O33999|dsrB|oxidative|Allochromatium_vinosum	21.3	300	41.6
GCF_000621145_1__dsrA__NZ_JHZB01000005.1_46	A0ABS1E5W7|dsrB|oxidative|Halorhodospira_neutriphila	19.8	328	40.8
GCF_000621145_1__dsrA__NZ_JHZB01000005.1_46	A0ABY9MNZ8|dsrB|oxidative|Thiothrix_lacustris	21.7	290	40.4
GCF_000621145_1__dsrA__NZ_JHZB01000005.1_46	A0A9X0WG77|dsrB|oxidative|Thiocapsa_imhoffii	21.0	300	40.0
GCF_000621145_1__dsrA__NZ_JHZB01000005.1_46	L0DSF9|dsrB|oxidative|Thioalkalivibrio_nitratireducens	22.8	289	38.5
GCF_000621145_1__dsrB__NZ_JHZB01000005.1_47	Q9K5B8|dsrB|reductive|Desulfobulbus_rhabdoformis	90.8	380	731
GCF_000621145_1__dsrB__NZ_JHZB01000005.1_47	Q9K5B4|dsrB|reductive|Desulfobacter_vibrioformis	66.0	376	528
GCF_000621145_1__dsrB__NZ_JHZB01000005.1_47	T2G8V8|dsrB|reductive|Megalodesulfovibrio_gigas	63.9	379	523
GCF_000621145_1__dsrB__NZ_JHZB01000005.1_47	S0G5M9|dsrB|reductive|Desulfotignum_phosphitoxidans_DSM_13687	65.4	376	521
GCF_000621145_1__dsrB__NZ_JHZB01000005.1_47	E1QFJ3|dsrB|reductive|Desulfarculus_baarsii	67.2	360	516
GCF_000621145_1__dsrB__NZ_JHZB01000005.1_47	Q9F4A2|dsrB|reductive|Desulfovibrio_desulfuricans	63.3	376	508
GCF_000621145_1__dsrB__NZ_JHZB01000005.1_47	P45575|dsrB|reductive|Nitratidesulfovibrio_vulgaris	63.0	376	506
GCF_000621145_1__dsrB__NZ_JHZB01000005.1_47	A4J9D5|dsrB|reductive|Desulforamulus_reducens	63.1	358	479
GCF_000621145_1__dsrB__NZ_JHZB01000005.1_47	N0BL33|dsrB|reductive|Archaeoglobus_sulfaticallidus_PM70-1	57.5	372	466
GCF_000621145_1__dsrB__NZ_JHZB01000005.1_47	Q251E3|dsrB|reductive|Desulfitobacterium_hafniense	59.9	359	454
GCF_000621145_1__dsrB__NZ_JHZB01000005.1_47	A0ABT8QNA5|dsrB|reductive|Desulfosporosinus_nitroreducens	57.9	359	450
GCF_000621145_1__dsrB__NZ_JHZB01000005.1_47	B5YIF3|dsrB|reductive|Thermodesulfovibrio_yellowstonii	56.8	361	441
GCF_000621145_1__dsrB__NZ_JHZB01000005.1_47	Q59110|dsrB|reductive|Archaeoglobus_fulgidus	55.6	372	431
GCF_000621145_1__dsrB__NZ_JHZB01000005.1_47	A1BCS2|dsrB|oxidative|Chlorobium_phaeobacteroides	47.2	360	357
GCF_000621145_1__dsrB__NZ_JHZB01000005.1_47	Q8KE39|dsrB|oxidative|Chlorobaculum_tepidum	46.4	360	347
GCF_000621145_1__dsrB__NZ_JHZB01000005.1_47	A0A5C4RYG3|dsrB|oxidative|Chlorobaculum_thiosulfatiphilum	46.1	360	347
GCF_000621145_1__dsrB__NZ_JHZB01000005.1_47	A0L9L5|dsrB|oxidative|Magnetococcus_marinus	45.3	362	334
GCF_000621145_1__dsrB__NZ_JHZB01000005.1_47	L0DSF9|dsrB|oxidative|Thioalkalivibrio_nitratireducens	45.4	348	322
GCF_000621145_1__dsrB__NZ_JHZB01000005.1_47	A0ABS1E5W7|dsrB|oxidative|Halorhodospira_neutriphila	47.0	353	318
GCF_000621145_1__dsrB__NZ_JHZB01000005.1_47	A0ABY9MNZ8|dsrB|oxidative|Thiothrix_lacustris	44.8	348	315
GCF_000621145_1__dsrB__NZ_JHZB01000005.1_47	O33999|dsrB|oxidative|Allochromatium_vinosum	44.0	348	312
GCF_000621145_1__dsrB__NZ_JHZB01000005.1_47	A0A9X0WG77|dsrB|oxidative|Thiocapsa_imhoffii	44.0	348	311
GCF_000621145_1__dsrB__NZ_JHZB01000005.1_47	A0ABS1E8E7|dsrA|oxidative|Halorhodospira_neutriphila	25.4	284	84.7
GCF_000621145_1__dsrB__NZ_JHZB01000005.1_47	E0D1Z2|dsrA|oxidative|Thiocapsa_marina	24.5	277	73.9
GCF_000621145_1__dsrB__NZ_JHZB01000005.1_47	A0L9L4|dsrA|oxidative|Magnetococcus_marinus	25.0	288	73.9
GCF_000621145_1__dsrB__NZ_JHZB01000005.1_47	A0ABT8QKK2|dsrA|reductive|Desulfosporosinus_nitroreducens	23.7	308	71.6
GCF_000621145_1__dsrB__NZ_JHZB01000005.1_47	Q8K5E9|dsrA|oxidative|Chlorobaculum_tepidum	24.5	314	69.7
GCF_000621145_1__dsrB__NZ_JHZB01000005.1_47	A0A5C4RXN4|dsrA|oxidative|Chlorobaculum_thiosulfatiphilum	24.8	314	68.9
GCF_000621145_1__dsrB__NZ_JHZB01000005.1_47	A1BCS1|dsrA|oxidative|Chlorobium_phaeobacteroides	25.6	309	68.9
GCF_000621145_1__dsrB__NZ_JHZB01000005.1_47	B5YIF2|dsrA|reductive|Thermodesulfovibrio_yellowstonii	24.1	307	66.2
GCF_000621145_1__dsrB__NZ_JHZB01000005.1_47	T2G7Q3|dsrA|reductive|Megalodesulfovibrio_gigas	23.2	327	64.7
GCF_000621145_1__dsrB__NZ_JHZB01000005.1_47	N0BK96|dsrA|reductive|Archaeoglobus_sulfaticallidus_PM70-1	23.6	301	63.2
GCF_000621145_1__dsrB__NZ_JHZB01000005.1_47	Q9K5B9|dsrA|reductive|Desulfobulbus_rhabdoformis	21.6	306	52.8
GCF_000621145_1__dsrB__NZ_JHZB01000005.1_47	Q9K5B5|dsrA|reductive|Desulfobacter_vibrioformis	21.5	256	52.8
GCF_000621145_1__dsrB__NZ_JHZB01000005.1_47	S0FXQ9|dsrA|reductive|Desulfotignum_phosphitoxidans_DSM_13687	22.5	329	52.4
GCF_000621145_1__dsrB__NZ_JHZB01000005.1_47	P45574|dsrA|reductive|Nitratidesulfovibrio_vulgaris	21.3	328	50.8
GCF_000621145_1__dsrB__NZ_JHZB01000005.1_47	Q9F4A3|dsrA|reductive|Desulfovibrio_desulfuricans	20.9	350	50.8
GCF_000621145_1__dsrB__NZ_JHZB01000005.1_47	Q93EV7|dsrA|reductive|Thermodesulfobacterium_commune	22.1	294	48.9
GCF_000621145_1__dsrB__NZ_JHZB01000005.1_47	Q5ZQR5|dsrA|reductive|Desulfosudis_oleivorans	19.0	348	48.1
GCF_000621145_1__dsrB__NZ_JHZB01000005.1_47	Q93EU9|dsrA|reductive|Desulfarculus_baarsii	20.1	314	43.9
GCF_001514535_1__dsrA__NZ_BCNO01000001.1_649	B5YIF2|dsrA|reductive|Thermodesulfovibrio_yellowstonii	95.0	402	821
GCF_001514535_1__dsrA__NZ_BCNO01000001.1_649	N0BK96|dsrA|reductive|Archaeoglobus_sulfaticallidus_PM70-1	60.8	395	513
GCF_001514535_1__dsrA__NZ_BCNO01000001.1_649	Q59109|dsrA|reductive|Archaeoglobus_fulgidus	56.3	412	479
GCF_001514535_1__dsrA__NZ_BCNO01000001.1_649	Q251E4|dsrA|reductive|Desulfitobacterium_hafniense	54.3	392	459
GCF_001514535_1__dsrA__NZ_BCNO01000001.1_649	Q9K5B9|dsrA|reductive|Desulfobulbus_rhabdoformis	53.5	409	458
GCF_001514535_1__dsrA__NZ_BCNO01000001.1_649	A0ABT8QKK2|dsrA|reductive|Desulfosporosinus_nitroreducens	53.0	398	446
GCF_001514535_1__dsrA__NZ_BCNO01000001.1_649	P45574|dsrA|reductive|Nitratidesulfovibrio_vulgaris	50.7	418	421
GCF_001514535_1__dsrA__NZ_BCNO01000001.1_649	S0FXQ9|dsrA|reductive|Desulfotignum_phosphitoxidans_DSM_13687	50.4	423	421
GCF_001514535_1__dsrA__NZ_BCNO01000001.1_649	T2G7Q3|dsrA|reductive|Megalodesulfovibrio_gigas	50.7	418	420
GCF_001514535_1__dsrA__NZ_BCNO01000001.1_649	Q9F4A3|dsrA|reductive|Desulfovibrio_desulfuricans	50.2	418	418
GCF_001514535_1__dsrA__NZ_BCNO01000001.1_649	Q9K5B5|dsrA|reductive|Desulfobacter_vibrioformis	50.2	422	414
GCF_001514535_1__dsrA__NZ_BCNO01000001.1_649	Q93EU9|dsrA|reductive|Desulfarculus_baarsii	54.6	350	409
GCF_001514535_1__dsrA__NZ_BCNO01000001.1_649	Q5ZQT9|dsrA|reductive|Archaeoglobus_veneficus	55.3	338	408
GCF_001514535_1__dsrA__NZ_BCNO01000001.1_649	Q93EV7|dsrA|reductive|Thermodesulfobacterium_commune	54.2	356	402
GCF_001514535_1__dsrA__NZ_BCNO01000001.1_649	Q5ZQS3|dsrA|reductive|Desulfomicrobium_baculatum	51.3	353	381
GCF_001514535_1__dsrA__NZ_BCNO01000001.1_649	Q5ZQR5|dsrA|reductive|Desulfosudis_oleivorans	48.4	351	349
GCF_001514535_1__dsrA__NZ_BCNO01000001.1_649	A0ABS1E8E7|dsrA|oxidative|Halorhodospira_neutriphila	43.7	405	334
GCF_001514535_1__dsrA__NZ_BCNO01000001.1_649	A1BCS1|dsrA|oxidative|Chlorobium_phaeobacteroides	42.1	385	329
GCF_001514535_1__dsrA__NZ_BCNO01000001.1_649	Q8K5E9|dsrA|oxidative|Chlorobaculum_tepidum	40.9	386	327
GCF_001514535_1__dsrA__NZ_BCNO01000001.1_649	A0A5C4RXN4|dsrA|oxidative|Chlorobaculum_thiosulfatiphilum	41.2	386	325
GCF_001514535_1__dsrA__NZ_BCNO01000001.1_649	O33998|dsrA|oxidative|Allochromatium_vinosum	42.6	392	322
GCF_001514535_1__dsrA__NZ_BCNO01000001.1_649	A0L9L4|dsrA|oxidative|Magnetococcus_marinus	42.1	387	322
GCF_001514535_1__dsrA__NZ_BCNO01000001.1_649	A0ABY9MRG6|dsrA|oxidative|Thiothrix_lacustris	39.9	406	307
GCF_001514535_1__dsrA__NZ_BCNO01000001.1_649	E0D1Z2|dsrA|oxidative|Thiocapsa_marina	39.9	278	226
GCF_001514535_1__dsrA__NZ_BCNO01000001.1_649	N0BL33|dsrB|reductive|Archaeoglobus_sulfaticallidus_PM70-1	28.1	310	94.7
GCF_001514535_1__dsrA__NZ_BCNO01000001.1_649	Q8KE39|dsrB|oxidative|Chlorobaculum_tepidum	24.2	297	78.6
GCF_001514535_1__dsrA__NZ_BCNO01000001.1_649	Q59110|dsrB|reductive|Archaeoglobus_fulgidus	24.7	332	76.6
GCF_001514535_1__dsrA__NZ_BCNO01000001.1_649	A0A5C4RYG3|dsrB|oxidative|Chlorobaculum_thiosulfatiphilum	23.6	297	75.5
GCF_001514535_1__dsrA__NZ_BCNO01000001.1_649	A0ABS1E5W7|dsrB|oxidative|Halorhodospira_neutriphila	24.2	285	75.1
GCF_001514535_1__dsrA__NZ_BCNO01000001.1_649	S0G5M9|dsrB|reductive|Desulfotignum_phosphitoxidans_DSM_13687	25.1	327	72.8
GCF_001514535_1__dsrA__NZ_BCNO01000001.1_649	T2G8V8|dsrB|reductive|Megalodesulfovibrio_gigas	24.0	317	69.3
GCF_001514535_1__dsrA__NZ_BCNO01000001.1_649	A0L9L5|dsrB|oxidative|Magnetococcus_marinus	22.6	279	65.5
GCF_001514535_1__dsrA__NZ_BCNO01000001.1_649	L0DSF9|dsrB|oxidative|Thioalkalivibrio_nitratireducens	23.2	285	62.0
GCF_001514535_1__dsrA__NZ_BCNO01000001.1_649	Q9K5B8|dsrB|reductive|Desulfobulbus_rhabdoformis	23.1	307	60.5
GCF_001514535_1__dsrA__NZ_BCNO01000001.1_649	O33999|dsrB|oxidative|Allochromatium_vinosum	22.5	285	58.9
GCF_001514535_1__dsrA__NZ_BCNO01000001.1_649	A0ABY9MNZ8|dsrB|oxidative|Thiothrix_lacustris	23.7	287	58.9
GCF_001514535_1__dsrB__NZ_BCNO01000001.1_650	B5YIF3|dsrB|reductive|Thermodesulfovibrio_yellowstonii	94.5	364	730
GCF_001514535_1__dsrB__NZ_BCNO01000001.1_650	A4J9D5|dsrB|reductive|Desulforamulus_reducens	60.5	352	474
GCF_001514535_1__dsrB__NZ_BCNO01000001.1_650	N0BL33|dsrB|reductive|Archaeoglobus_sulfaticallidus_PM70-1	59.4	360	464
GCF_001514535_1__dsrB__NZ_BCNO01000001.1_650	A0ABT8QNA5|dsrB|reductive|Desulfosporosinus_nitroreducens	56.6	348	452
GCF_001514535_1__dsrB__NZ_BCNO01000001.1_650	E1QFJ3|dsrB|reductive|Desulfarculus_baarsii	57.1	357	449
GCF_001514535_1__dsrB__NZ_BCNO01000001.1_650	Q251E3|dsrB|reductive|Desulfitobacterium_hafniense	54.9	348	436
GCF_001514535_1__dsrB__NZ_BCNO01000001.1_650	T2G8V8|dsrB|reductive|Megalodesulfovibrio_gigas	54.2	369	427
GCF_001514535_1__dsrB__NZ_BCNO01000001.1_650	Q9K5B8|dsrB|reductive|Desulfobulbus_rhabdoformis	55.4	361	425
GCF_001514535_1__dsrB__NZ_BCNO01000001.1_650	Q59110|dsrB|reductive|Archaeoglobus_fulgidus	54.7	360	422
GCF_001514535_1__dsrB__NZ_BCNO01000001.1_650	P45575|dsrB|reductive|Nitratidesulfovibrio_vulgaris	55.5	364	421
GCF_001514535_1__dsrB__NZ_BCNO01000001.1_650	Q9F4A2|dsrB|reductive|Desulfovibrio_desulfuricans	54.4	364	414
GCF_001514535_1__dsrB__NZ_BCNO01000001.1_650	Q9K5B4|dsrB|reductive|Desulfobacter_vibrioformis	52.7	368	410
GCF_001514535_1__dsrB__NZ_BCNO01000001.1_650	S0G5M9|dsrB|reductive|Desulfotignum_phosphitoxidans_DSM_13687	51.4	368	406
GCF_001514535_1__dsrB__NZ_BCNO01000001.1_650	A1BCS2|dsrB|oxidative|Chlorobium_phaeobacteroides	48.1	347	343
GCF_001514535_1__dsrB__NZ_BCNO01000001.1_650	Q8KE39|dsrB|oxidative|Chlorobaculum_tepidum	48.2	340	337
GCF_001514535_1__dsrB__NZ_BCNO01000001.1_650	A0A5C4RYG3|dsrB|oxidative|Chlorobaculum_thiosulfatiphilum	48.2	340	337
GCF_001514535_1__dsrB__NZ_BCNO01000001.1_650	O33999|dsrB|oxidative|Allochromatium_vinosum	47.8	343	332
GCF_001514535_1__dsrB__NZ_BCNO01000001.1_650	A0ABS1E5W7|dsrB|oxidative|Halorhodospira_neutriphila	47.7	333	329
GCF_001514535_1__dsrB__NZ_BCNO01000001.1_650	A0A9X0WG77|dsrB|oxidative|Thiocapsa_imhoffii	46.6	343	328
GCF_001514535_1__dsrB__NZ_BCNO01000001.1_650	A0L9L5|dsrB|oxidative|Magnetococcus_marinus	46.2	340	322
GCF_001514535_1__dsrB__NZ_BCNO01000001.1_650	L0DSF9|dsrB|oxidative|Thioalkalivibrio_nitratireducens	44.4	347	320
GCF_001514535_1__dsrB__NZ_BCNO01000001.1_650	A0ABY9MNZ8|dsrB|oxidative|Thiothrix_lacustris	45.8	336	317
GCF_001514535_1__dsrB__NZ_BCNO01000001.1_650	A0L9L4|dsrA|oxidative|Magnetococcus_marinus	28.9	291	105
GCF_001514535_1__dsrB__NZ_BCNO01000001.1_650	N0BK96|dsrA|reductive|Archaeoglobus_sulfaticallidus_PM70-1	29.1	289	99.0
GCF_001514535_1__dsrB__NZ_BCNO01000001.1_650	E0D1Z2|dsrA|oxidative|Thiocapsa_marina	28.4	289	97.4
GCF_001514535_1__dsrB__NZ_BCNO01000001.1_650	O33998|dsrA|oxidative|Allochromatium_vinosum	27.2	302	96.7
GCF_001514535_1__dsrB__NZ_BCNO01000001.1_650	A0ABS1E8E7|dsrA|oxidative|Halorhodospira_neutriphila	26.3	293	96.7
GCF_001514535_1__dsrB__NZ_BCNO01000001.1_650	A0ABY9MRG6|dsrA|oxidative|Thiothrix_lacustris	26.1	314	94.7
GCF_001514535_1__dsrB__NZ_BCNO01000001.1_650	Q8K5E9|dsrA|oxidative|Chlorobaculum_tepidum	27.6	286	92.4
GCF_001514535_1__dsrB__NZ_BCNO01000001.1_650	A0A5C4RXN4|dsrA|oxidative|Chlorobaculum_thiosulfatiphilum	27.6	286	90.1
GCF_001514535_1__dsrB__NZ_BCNO01000001.1_650	Q251E4|dsrA|reductive|Desulfitobacterium_hafniense	27.1	295	85.5
GCF_001514535_1__dsrB__NZ_BCNO01000001.1_650	A0ABT8QKK2|dsrA|reductive|Desulfosporosinus_nitroreducens	26.6	304	84.7
GCF_001514535_1__dsrB__NZ_BCNO01000001.1_650	A1BCS1|dsrA|oxidative|Chlorobium_phaeobacteroides	26.5	279	84.0
GCF_001514535_1__dsrB__NZ_BCNO01000001.1_650	Q93EV7|dsrA|reductive|Thermodesulfobacterium_commune	26.5	317	80.5
GCF_001514535_1__dsrB__NZ_BCNO01000001.1_650	Q9K5B5|dsrA|reductive|Desulfobacter_vibrioformis	26.5	324	80.5
GCF_001514535_1__dsrB__NZ_BCNO01000001.1_650	B5YIF2|dsrA|reductive|Thermodesulfovibrio_yellowstonii	26.6	289	79.7
GCF_001514535_1__dsrB__NZ_BCNO01000001.1_650	Q9K5B9|dsrA|reductive|Desulfobulbus_rhabdoformis	25.8	322	79.3
GCF_001514535_1__dsrB__NZ_BCNO01000001.1_650	S0FXQ9|dsrA|reductive|Desulfotignum_phosphitoxidans_DSM_13687	26.6	316	77.8
GCF_001514535_1__dsrB__NZ_BCNO01000001.1_650	Q5ZQS3|dsrA|reductive|Desulfomicrobium_baculatum	27.7	318	75.1
GCF_001514535_1__dsrB__NZ_BCNO01000001.1_650	P45574|dsrA|reductive|Nitratidesulfovibrio_vulgaris	26.1	314	73.9
GCF_001514535_1__dsrB__NZ_BCNO01000001.1_650	Q5ZQR5|dsrA|reductive|Desulfosudis_oleivorans	23.3	313	72.8
GCF_001514535_1__dsrB__NZ_BCNO01000001.1_650	Q9F4A3|dsrA|reductive|Desulfovibrio_desulfuricans	26.1	314	72.4
GCF_001514535_1__dsrB__NZ_BCNO01000001.1_650	T2G7Q3|dsrA|reductive|Megalodesulfovibrio_gigas	24.5	314	70.1
GCF_001514535_1__dsrB__NZ_BCNO01000001.1_650	Q93EU9|dsrA|reductive|Desulfarculus_baarsii	24.0	300	68.2
GCF_001655685_1__dsrA__NZ_LYVF01000171.1_2	T2G7Q3|dsrA|reductive|Megalodesulfovibrio_gigas	68.3	438	646
GCF_001655685_1__dsrA__NZ_LYVF01000171.1_2	P45574|dsrA|reductive|Nitratidesulfovibrio_vulgaris	67.6	438	645
GCF_001655685_1__dsrA__NZ_LYVF01000171.1_2	S0FXQ9|dsrA|reductive|Desulfotignum_phosphitoxidans_DSM_13687	67.7	440	634
GCF_001655685_1__dsrA__NZ_LYVF01000171.1_2	Q9K5B5|dsrA|reductive|Desulfobacter_vibrioformis	67.2	439	630
GCF_001655685_1__dsrA__NZ_LYVF01000171.1_2	Q9F4A3|dsrA|reductive|Desulfovibrio_desulfuricans	64.4	438	619
GCF_001655685_1__dsrA__NZ_LYVF01000171.1_2	Q9K5B9|dsrA|reductive|Desulfobulbus_rhabdoformis	64.7	436	610
GCF_001655685_1__dsrA__NZ_LYVF01000171.1_2	Q5ZQS3|dsrA|reductive|Desulfomicrobium_baculatum	72.6	368	598
GCF_001655685_1__dsrA__NZ_LYVF01000171.1_2	Q5ZQR5|dsrA|reductive|Desulfosudis_oleivorans	67.9	368	552
GCF_001655685_1__dsrA__NZ_LYVF01000171.1_2	Q93EV7|dsrA|reductive|Thermodesulfobacterium_commune	67.6	370	550
GCF_001655685_1__dsrA__NZ_LYVF01000171.1_2	Q93EU9|dsrA|reductive|Desulfarculus_baarsii	64.6	373	509
GCF_001655685_1__dsrA__NZ_LYVF01000171.1_2	N0BK96|dsrA|reductive|Archaeoglobus_sulfaticallidus_PM70-1	55.9	417	478
GCF_001655685_1__dsrA__NZ_LYVF01000171.1_2	Q59109|dsrA|reductive|Archaeoglobus_fulgidus	53.6	427	473
GCF_001655685_1__dsrA__NZ_LYVF01000171.1_2	Q251E4|dsrA|reductive|Desulfitobacterium_hafniense	52.9	418	464
GCF_001655685_1__dsrA__NZ_LYVF01000171.1_2	B5YIF2|dsrA|reductive|Thermodesulfovibrio_yellowstonii	53.0	417	454
GCF_001655685_1__dsrA__NZ_LYVF01000171.1_2	A0ABT8QKK2|dsrA|reductive|Desulfosporosinus_nitroreducens	51.3	419	444
GCF_001655685_1__dsrA__NZ_LYVF01000171.1_2	Q5ZQT9|dsrA|reductive|Archaeoglobus_veneficus	52.4	353	386
GCF_001655685_1__dsrA__NZ_LYVF01000171.1_2	O33998|dsrA|oxidative|Allochromatium_vinosum	45.5	431	364
GCF_001655685_1__dsrA__NZ_LYVF01000171.1_2	A0ABY9MRG6|dsrA|oxidative|Thiothrix_lacustris	43.6	431	349
GCF_001655685_1__dsrA__NZ_LYVF01000171.1_2	A1BCS1|dsrA|oxidative|Chlorobium_phaeobacteroides	44.2	414	348
GCF_001655685_1__dsrA__NZ_LYVF01000171.1_2	A0ABS1E8E7|dsrA|oxidative|Halorhodospira_neutriphila	44.2	425	348
GCF_001655685_1__dsrA__NZ_LYVF01000171.1_2	Q8K5E9|dsrA|oxidative|Chlorobaculum_tepidum	43.7	414	346
GCF_001655685_1__dsrA__NZ_LYVF01000171.1_2	A0A5C4RXN4|dsrA|oxidative|Chlorobaculum_thiosulfatiphilum	43.0	414	345
GCF_001655685_1__dsrA__NZ_LYVF01000171.1_2	A0L9L4|dsrA|oxidative|Magnetococcus_marinus	41.6	418	330
GCF_001655685_1__dsrA__NZ_LYVF01000171.1_2	E0D1Z2|dsrA|oxidative|Thiocapsa_marina	43.1	318	256
GCF_001655685_1__dsrA__NZ_LYVF01000171.1_2	B5YIF3|dsrB|reductive|Thermodesulfovibrio_yellowstonii	24.3	305	77.8
GCF_001655685_1__dsrA__NZ_LYVF01000171.1_2	A0ABT8QNA5|dsrB|reductive|Desulfosporosinus_nitroreducens	20.7	348	74.3
GCF_001655685_1__dsrA__NZ_LYVF01000171.1_2	N0BL33|dsrB|reductive|Archaeoglobus_sulfaticallidus_PM70-1	22.2	311	71.6
GCF_001655685_1__dsrA__NZ_LYVF01000171.1_2	Q251E3|dsrB|reductive|Desulfitobacterium_hafniense	21.0	309	70.9
GCF_001655685_1__dsrA__NZ_LYVF01000171.1_2	Q59110|dsrB|reductive|Archaeoglobus_fulgidus	23.9	226	60.8
GCF_001655685_1__dsrA__NZ_LYVF01000171.1_2	Q9K5B4|dsrB|reductive|Desulfobacter_vibrioformis	18.8	340	57.8
GCF_001655685_1__dsrA__NZ_LYVF01000171.1_2	T2G8V8|dsrB|reductive|Megalodesulfovibrio_gigas	19.8	329	57.8
GCF_001655685_1__dsrA__NZ_LYVF01000171.1_2	E1QFJ3|dsrB|reductive|Desulfarculus_baarsii	20.6	306	55.5
GCF_001655685_1__dsrA__NZ_LYVF01000171.1_2	P45575|dsrB|reductive|Nitratidesulfovibrio_vulgaris	19.5	333	55.5
GCF_001655685_1__dsrA__NZ_LYVF01000171.1_2	Q9K5B8|dsrB|reductive|Desulfobulbus_rhabdoformis	19.9	322	53.5
GCF_001655685_1__dsrA__NZ_LYVF01000171.1_2	S0G5M9|dsrB|reductive|Desulfotignum_phosphitoxidans_DSM_13687	18.5	335	52.0
GCF_001655685_1__dsrA__NZ_LYVF01000171.1_2	A1BCS2|dsrB|oxidative|Chlorobium_phaeobacteroides	19.5	303	43.9
GCF_001655685_1__dsrA__NZ_LYVF01000171.1_2	A0L9L5|dsrB|oxidative|Magnetococcus_marinus	21.2	326	43.1
GCF_001655685_1__dsrA__NZ_LYVF01000171.1_2	A0ABY9MNZ8|dsrB|oxidative|Thiothrix_lacustris	23.5	136	41.2
GCF_001655685_1__dsrA__NZ_LYVF01000171.1_2	A0A5C4RYG3|dsrB|oxidative|Chlorobaculum_thiosulfatiphilum	19.7	304	41.2
GCF_001655685_1__dsrA__NZ_LYVF01000171.1_2	Q8KE39|dsrB|oxidative|Chlorobaculum_tepidum	18.9	302	40.8
GCF_001655685_1__dsrA__NZ_LYVF01000171.1_2	A0ABS1E5W7|dsrB|oxidative|Halorhodospira_neutriphila	21.3	291	40.8
GCF_001655685_1__dsrA__NZ_LYVF01000171.1_2	L0DSF9|dsrB|oxidative|Thioalkalivibrio_nitratireducens	24.0	129	40.4
GCF_001655685_1__dsrB__NZ_LYVF01000171.1_3	Q9K5B4|dsrB|reductive|Desulfobacter_vibrioformis	67.5	375	561
GCF_001655685_1__dsrB__NZ_LYVF01000171.1_3	S0G5M9|dsrB|reductive|Desulfotignum_phosphitoxidans_DSM_13687	66.9	375	558
GCF_001655685_1__dsrB__NZ_LYVF01000171.1_3	Q9K5B8|dsrB|reductive|Desulfobulbus_rhabdoformis	64.5	383	533
GCF_001655685_1__dsrB__NZ_LYVF01000171.1_3	Q9F4A2|dsrB|reductive|Desulfovibrio_desulfuricans	65.0	374	531
GCF_001655685_1__dsrB__NZ_LYVF01000171.1_3	P45575|dsrB|reductive|Nitratidesulfovibrio_vulgaris	64.4	374	531
GCF_001655685_1__dsrB__NZ_LYVF01000171.1_3	T2G8V8|dsrB|reductive|Megalodesulfovibrio_gigas	64.8	375	525
GCF_001655685_1__dsrB__NZ_LYVF01000171.1_3	E1QFJ3|dsrB|reductive|Desulfarculus_baarsii	59.9	362	479
GCF_001655685_1__dsrB__NZ_LYVF01000171.1_3	A4J9D5|dsrB|reductive|Desulforamulus_reducens	56.8	359	444
GCF_001655685_1__dsrB__NZ_LYVF01000171.1_3	N0BL33|dsrB|reductive|Archaeoglobus_sulfaticallidus_PM70-1	54.3	372	442
GCF_001655685_1__dsrB__NZ_LYVF01000171.1_3	B5YIF3|dsrB|reductive|Thermodesulfovibrio_yellowstonii	53.2	365	430
GCF_001655685_1__dsrB__NZ_LYVF01000171.1_3	Q59110|dsrB|reductive|Archaeoglobus_fulgidus	53.3	368	422
GCF_001655685_1__dsrB__NZ_LYVF01000171.1_3	A0ABT8QNA5|dsrB|reductive|Desulfosporosinus_nitroreducens	52.8	360	421
GCF_001655685_1__dsrB__NZ_LYVF01000171.1_3	Q251E3|dsrB|reductive|Desulfitobacterium_hafniense	51.4	360	417
GCF_001655685_1__dsrB__NZ_LYVF01000171.1_3	A1BCS2|dsrB|oxidative|Chlorobium_phaeobacteroides	44.3	361	339
GCF_001655685_1__dsrB__NZ_LYVF01000171.1_3	A0L9L5|dsrB|oxidative|Magnetococcus_marinus	43.8	363	334
GCF_001655685_1__dsrB__NZ_LYVF01000171.1_3	A0A5C4RYG3|dsrB|oxidative|Chlorobaculum_thiosulfatiphilum	43.8	361	332
GCF_001655685_1__dsrB__NZ_LYVF01000171.1_3	Q8KE39|dsrB|oxidative|Chlorobaculum_tepidum	43.8	361	331
GCF_001655685_1__dsrB__NZ_LYVF01000171.1_3	A0ABS1E5W7|dsrB|oxidative|Halorhodospira_neutriphila	43.6	351	311
GCF_001655685_1__dsrB__NZ_LYVF01000171.1_3	O33999|dsrB|oxidative|Allochromatium_vinosum	41.9	351	307
GCF_001655685_1__dsrB__NZ_LYVF01000171.1_3	A0ABY9MNZ8|dsrB|oxidative|Thiothrix_lacustris	42.7	351	306
GCF_001655685_1__dsrB__NZ_LYVF01000171.1_3	L0DSF9|dsrB|oxidative|Thioalkalivibrio_nitratireducens	41.6	351	305
GCF_001655685_1__dsrB__NZ_LYVF01000171.1_3	A0A9X0WG77|dsrB|oxidative|Thiocapsa_imhoffii	41.0	351	303
GCF_001655685_1__dsrB__NZ_LYVF01000171.1_3	A0ABS1E8E7|dsrA|oxidative|Halorhodospira_neutriphila	25.8	298	98.6
GCF_001655685_1__dsrB__NZ_LYVF01000171.1_3	N0BK96|dsrA|reductive|Archaeoglobus_sulfaticallidus_PM70-1	24.2	322	80.1
GCF_001655685_1__dsrB__NZ_LYVF01000171.1_3	E0D1Z2|dsrA|oxidative|Thiocapsa_marina	26.1	284	78.2
GCF_001655685_1__dsrB__NZ_LYVF01000171.1_3	A0L9L4|dsrA|oxidative|Magnetococcus_marinus	23.8	294	77.0
GCF_001655685_1__dsrB__NZ_LYVF01000171.1_3	A0ABY9MRG6|dsrA|oxidative|Thiothrix_lacustris	23.7	342	77.0
GCF_001655685_1__dsrB__NZ_LYVF01000171.1_3	A1BCS1|dsrA|oxidative|Chlorobium_phaeobacteroides	23.8	286	73.2
GCF_001655685_1__dsrB__NZ_LYVF01000171.1_3	Q8K5E9|dsrA|oxidative|Chlorobaculum_tepidum	25.3	293	71.6
GCF_001655685_1__dsrB__NZ_LYVF01000171.1_3	A0A5C4RXN4|dsrA|oxidative|Chlorobaculum_thiosulfatiphilum	25.9	293	70.9
GCF_001655685_1__dsrB__NZ_LYVF01000171.1_3	T2G7Q3|dsrA|reductive|Megalodesulfovibrio_gigas	22.3	305	64.7
GCF_001655685_1__dsrB__NZ_LYVF01000171.1_3	A0ABT8QKK2|dsrA|reductive|Desulfosporosinus_nitroreducens	21.7	290	61.2
GCF_001655685_1__dsrB__NZ_LYVF01000171.1_3	Q93EV7|dsrA|reductive|Thermodesulfobacterium_commune	21.9	301	58.9
GCF_001655685_1__dsrB__NZ_LYVF01000171.1_3	Q9F4A3|dsrA|reductive|Desulfovibrio_desulfuricans	21.7	309	58.9
GCF_001655685_1__dsrB__NZ_LYVF01000171.1_3	Q9K5B9|dsrA|reductive|Desulfobulbus_rhabdoformis	20.8	313	57.0
GCF_001655685_1__dsrB__NZ_LYVF01000171.1_3	P45574|dsrA|reductive|Nitratidesulfovibrio_vulgaris	21.3	324	56.2
GCF_001655685_1__dsrB__NZ_LYVF01000171.1_3	Q93EU9|dsrA|reductive|Desulfarculus_baarsii	22.1	335	55.5
GCF_001655685_1__dsrB__NZ_LYVF01000171.1_3	S0FXQ9|dsrA|reductive|Desulfotignum_phosphitoxidans_DSM_13687	20.4	319	50.1
GCF_001655685_1__dsrB__NZ_LYVF01000171.1_3	Q9K5B5|dsrA|reductive|Desulfobacter_vibrioformis	21.7	249	49.3
GCF_002000365_1__dsrA__NZ_MVBK01000100.1_16	O33998|dsrA|oxidative|Allochromatium_vinosum	80.2	414	719
GCF_002000365_1__dsrA__NZ_MVBK01000100.1_16	A0ABY9MRG6|dsrA|oxidative|Thiothrix_lacustris	74.5	428	682
GCF_002000365_1__dsrA__NZ_MVBK01000100.1_16	A0ABS1E8E7|dsrA|oxidative|Halorhodospira_neutriphila	63.5	416	573
GCF_002000365_1__dsrA__NZ_MVBK01000100.1_16	E0D1Z2|dsrA|oxidative|Thiocapsa_marina	78.4	282	487
GCF_002000365_1__dsrA__NZ_MVBK01000100.1_16	A0L9L4|dsrA|oxidative|Magnetococcus_marinus	54.9	399	479
GCF_002000365_1__dsrA__NZ_MVBK01000100.1_16	A1BCS1|dsrA|oxidative|Chlorobium_phaeobacteroides	55.1	392	468
GCF_002000365_1__dsrA__NZ_MVBK01000100.1_16	Q8K5E9|dsrA|oxidative|Chlorobaculum_tepidum	54.9	390	465
GCF_002000365_1__dsrA__NZ_MVBK01000100.1_16	A0A5C4RXN4|dsrA|oxidative|Chlorobaculum_thiosulfatiphilum	54.6	390	459
GCF_002000365_1__dsrA__NZ_MVBK01000100.1_16	N0BK96|dsrA|reductive|Archaeoglobus_sulfaticallidus_PM70-1	48.8	389	394
GCF_002000365_1__dsrA__NZ_MVBK01000100.1_16	A0ABT8QKK2|dsrA|reductive|Desulfosporosinus_nitroreducens	48.4	397	386
GCF_002000365_1__dsrA__NZ_MVBK01000100.1_16	Q251E4|dsrA|reductive|Desulfitobacterium_hafniense	47.6	391	382
GCF_002000365_1__dsrA__NZ_MVBK01000100.1_16	Q9K5B9|dsrA|reductive|Desulfobulbus_rhabdoformis	45.3	413	377
GCF_002000365_1__dsrA__NZ_MVBK01000100.1_16	Q9K5B5|dsrA|reductive|Desulfobacter_vibrioformis	44.8	420	366
GCF_002000365_1__dsrA__NZ_MVBK01000100.1_16	Q59109|dsrA|reductive|Archaeoglobus_fulgidus	46.1	399	365
GCF_002000365_1__dsrA__NZ_MVBK01000100.1_16	T2G7Q3|dsrA|reductive|Megalodesulfovibrio_gigas	45.7	418	364
GCF_002000365_1__dsrA__NZ_MVBK01000100.1_16	S0FXQ9|dsrA|reductive|Desulfotignum_phosphitoxidans_DSM_13687	43.5	421	353
GCF_002000365_1__dsrA__NZ_MVBK01000100.1_16	P45574|dsrA|reductive|Nitratidesulfovibrio_vulgaris	44.3	418	347
GCF_002000365_1__dsrA__NZ_MVBK01000100.1_16	Q9F4A3|dsrA|reductive|Desulfovibrio_desulfuricans	43.8	418	340
GCF_002000365_1__dsrA__NZ_MVBK01000100.1_16	B5YIF2|dsrA|reductive|Thermodesulfovibrio_yellowstonii	42.6	392	326
GCF_002000365_1__dsrA__NZ_MVBK01000100.1_16	Q93EU9|dsrA|reductive|Desulfarculus_baarsii	45.4	346	317
GCF_002000365_1__dsrA__NZ_MVBK01000100.1_16	Q5ZQS3|dsrA|reductive|Desulfomicrobium_baculatum	45.2	352	313
GCF_002000365_1__dsrA__NZ_MVBK01000100.1_16	Q5ZQT9|dsrA|reductive|Archaeoglobus_veneficus	43.8	336	293
GCF_002000365_1__dsrA__NZ_MVBK01000100.1_16	Q93EV7|dsrA|reductive|Thermodesulfobacterium_commune	42.3	350	288
GCF_002000365_1__dsrA__NZ_MVBK01000100.1_16	Q5ZQR5|dsrA|reductive|Desulfosudis_oleivorans	41.0	346	284
GCF_002000365_1__dsrA__NZ_MVBK01000100.1_16	Q251E3|dsrB|reductive|Desulfitobacterium_hafniense	23.1	321	105
GCF_002000365_1__dsrA__NZ_MVBK01000100.1_16	B5YIF3|dsrB|reductive|Thermodesulfovibrio_yellowstonii	26.8	291	103
GCF_002000365_1__dsrA__NZ_MVBK01000100.1_16	Q8KE39|dsrB|oxidative|Chlorobaculum_tepidum	25.6	316	101
GCF_002000365_1__dsrA__NZ_MVBK01000100.1_16	A0A5C4RYG3|dsrB|oxidative|Chlorobaculum_thiosulfatiphilum	25.0	316	95.5
GCF_002000365_1__dsrA__NZ_MVBK01000100.1_16	A0ABT8QNA5|dsrB|reductive|Desulfosporosinus_nitroreducens	24.5	306	93.6
GCF_002000365_1__dsrA__NZ_MVBK01000100.1_16	A1BCS2|dsrB|oxidative|Chlorobium_phaeobacteroides	23.4	334	92.4
GCF_002000365_1__dsrA__NZ_MVBK01000100.1_16	N0BL33|dsrB|reductive|Archaeoglobus_sulfaticallidus_PM70-1	24.3	313	92.0
GCF_002000365_1__dsrA__NZ_MVBK01000100.1_16	P45575|dsrB|reductive|Nitratidesulfovibrio_vulgaris	25.0	320	91.7
GCF_002000365_1__dsrA__NZ_MVBK01000100.1_16	Q9F4A2|dsrB|reductive|Desulfovibrio_desulfuricans	25.4	323	90.1
GCF_002000365_1__dsrA__NZ_MVBK01000100.1_16	S0G5M9|dsrB|reductive|Desulfotignum_phosphitoxidans_DSM_13687	22.9	327	82.8
GCF_002000365_1__dsrA__NZ_MVBK01000100.1_16	T2G8V8|dsrB|reductive|Megalodesulfovibrio_gigas	22.4	312	81.3
GCF_002000365_1__dsrA__NZ_MVBK01000100.1_16	A0ABS1E5W7|dsrB|oxidative|Halorhodospira_neutriphila	22.6	376	75.5
GCF_002000365_1__dsrA__NZ_MVBK01000100.1_16	E1QFJ3|dsrB|reductive|Desulfarculus_baarsii	23.2	298	74.7
GCF_002000365_1__dsrA__NZ_MVBK01000100.1_16	L0DSF9|dsrB|oxidative|Thioalkalivibrio_nitratireducens	21.7	276	67.4
GCF_002000365_1__dsrA__NZ_MVBK01000100.1_16	A0ABY9MNZ8|dsrB|oxidative|Thiothrix_lacustris	21.0	276	58.9
GCF_002000365_1__dsrB__NZ_MVBK01000099.1_9	A0A9X0WG77|dsrB|oxidative|Thiocapsa_imhoffii	75.1	354	590
GCF_002000365_1__dsrB__NZ_MVBK01000099.1_9	L0DSF9|dsrB|oxidative|Thioalkalivibrio_nitratireducens	74.0	358	590
GCF_002000365_1__dsrB__NZ_MVBK01000099.1_9	O33999|dsrB|oxidative|Allochromatium_vinosum	74.3	354	586
GCF_002000365_1__dsrB__NZ_MVBK01000099.1_9	A0ABS1E5W7|dsrB|oxidative|Halorhodospira_neutriphila	71.0	355	565
GCF_002000365_1__dsrB__NZ_MVBK01000099.1_9	A0ABY9MNZ8|dsrB|oxidative|Thiothrix_lacustris	69.8	358	561
GCF_002000365_1__dsrB__NZ_MVBK01000099.1_9	A0L9L5|dsrB|oxidative|Magnetococcus_marinus	64.4	351	501
GCF_002000365_1__dsrB__NZ_MVBK01000099.1_9	Q8KE39|dsrB|oxidative|Chlorobaculum_tepidum	59.4	357	478
GCF_002000365_1__dsrB__NZ_MVBK01000099.1_9	A0A5C4RYG3|dsrB|oxidative|Chlorobaculum_thiosulfatiphilum	58.8	357	474
GCF_002000365_1__dsrB__NZ_MVBK01000099.1_9	A1BCS2|dsrB|oxidative|Chlorobium_phaeobacteroides	60.7	349	473
GCF_002000365_1__dsrB__NZ_MVBK01000099.1_9	A0ABT8QNA5|dsrB|reductive|Desulfosporosinus_nitroreducens	46.2	351	341
GCF_002000365_1__dsrB__NZ_MVBK01000099.1_9	A4J9D5|dsrB|reductive|Desulforamulus_reducens	45.6	349	337
GCF_002000365_1__dsrB__NZ_MVBK01000099.1_9	Q251E3|dsrB|reductive|Desulfitobacterium_hafniense	44.6	352	335
GCF_002000365_1__dsrB__NZ_MVBK01000099.1_9	T2G8V8|dsrB|reductive|Megalodesulfovibrio_gigas	47.2	339	330
GCF_002000365_1__dsrB__NZ_MVBK01000099.1_9	N0BL33|dsrB|reductive|Archaeoglobus_sulfaticallidus_PM70-1	44.9	354	328
GCF_002000365_1__dsrB__NZ_MVBK01000099.1_9	B5YIF3|dsrB|reductive|Thermodesulfovibrio_yellowstonii	43.7	348	325
GCF_002000365_1__dsrB__NZ_MVBK01000099.1_9	E1QFJ3|dsrB|reductive|Desulfarculus_baarsii	44.3	348	318
GCF_002000365_1__dsrB__NZ_MVBK01000099.1_9	Q59110|dsrB|reductive|Archaeoglobus_fulgidus	44.9	341	314
GCF_002000365_1__dsrB__NZ_MVBK01000099.1_9	Q9K5B4|dsrB|reductive|Desulfobacter_vibrioformis	44.3	361	311
GCF_002000365_1__dsrB__NZ_MVBK01000099.1_9	S0G5M9|dsrB|reductive|Desulfotignum_phosphitoxidans_DSM_13687	42.9	361	311
GCF_002000365_1__dsrB__NZ_MVBK01000099.1_9	Q9K5B8|dsrB|reductive|Desulfobulbus_rhabdoformis	42.2	348	304
GCF_002000365_1__dsrB__NZ_MVBK01000099.1_9	P45575|dsrB|reductive|Nitratidesulfovibrio_vulgaris	43.7	339	303
GCF_002000365_1__dsrB__NZ_MVBK01000099.1_9	Q9F4A2|dsrB|reductive|Desulfovibrio_desulfuricans	44.0	339	298
GCF_002000365_1__dsrB__NZ_MVBK01000099.1_9	A0ABS1E8E7|dsrA|oxidative|Halorhodospira_neutriphila	23.6	280	76.3
GCF_002000365_1__dsrB__NZ_MVBK01000099.1_9	A0ABY9MRG6|dsrA|oxidative|Thiothrix_lacustris	22.0	318	72.8
GCF_002000365_1__dsrB__NZ_MVBK01000099.1_9	B5YIF2|dsrA|reductive|Thermodesulfovibrio_yellowstonii	23.1	312	72.4
GCF_002000365_1__dsrB__NZ_MVBK01000099.1_9	O33998|dsrA|oxidative|Allochromatium_vinosum	21.6	305	68.9
GCF_002000365_1__dsrB__NZ_MVBK01000099.1_9	N0BK96|dsrA|reductive|Archaeoglobus_sulfaticallidus_PM70-1	21.9	311	67.0
GCF_002000365_1__dsrB__NZ_MVBK01000099.1_9	E0D1Z2|dsrA|oxidative|Thiocapsa_marina	21.5	270	64.7
GCF_002000365_1__dsrB__NZ_MVBK01000099.1_9	Q8K5E9|dsrA|oxidative|Chlorobaculum_tepidum	23.5	277	63.9
GCF_002000365_1__dsrB__NZ_MVBK01000099.1_9	Q251E4|dsrA|reductive|Desulfitobacterium_hafniense	21.1	308	62.8
GCF_002000365_1__dsrB__NZ_MVBK01000099.1_9	Q59109|dsrA|reductive|Archaeoglobus_fulgidus	22.4	308	58.2
GCF_002000365_1__dsrB__NZ_MVBK01000099.1_9	Q5ZQR5|dsrA|reductive|Desulfosudis_oleivorans	20.9	340	57.0
GCF_002000365_1__dsrB__NZ_MVBK01000099.1_9	A0A5C4RXN4|dsrA|oxidative|Chlorobaculum_thiosulfatiphilum	22.0	277	55.1
GCF_002000365_1__dsrB__NZ_MVBK01000099.1_9	A0L9L4|dsrA|oxidative|Magnetococcus_marinus	21.0	281	53.9
GCF_002000365_1__dsrB__NZ_MVBK01000099.1_9	A0ABT8QKK2|dsrA|reductive|Desulfosporosinus_nitroreducens	19.7	274	53.9
GCF_002000365_1__dsrB__NZ_MVBK01000099.1_9	A1BCS1|dsrA|oxidative|Chlorobium_phaeobacteroides	20.9	277	53.1
GCF_002000365_1__dsrB__NZ_MVBK01000099.1_9	P45574|dsrA|reductive|Nitratidesulfovibrio_vulgaris	21.5	339	50.4
GCF_002000365_1__dsrB__NZ_MVBK01000099.1_9	Q93EV7|dsrA|reductive|Thermodesulfobacterium_commune	20.5	298	48.1
GCF_002000365_1__dsrB__NZ_MVBK01000099.1_9	S0FXQ9|dsrA|reductive|Desulfotignum_phosphitoxidans_DSM_13687	19.5	303	45.8
GCF_002000365_1__dsrB__NZ_MVBK01000099.1_9	Q9K5B9|dsrA|reductive|Desulfobulbus_rhabdoformis	20.5	332	44.7
GCF_002000365_1__dsrB__NZ_MVBK01000099.1_9	T2G7Q3|dsrA|reductive|Megalodesulfovibrio_gigas	20.2	252	44.3
GCF_002000365_1__dsrB__NZ_MVBK01000099.1_9	Q9K5B5|dsrA|reductive|Desulfobacter_vibrioformis	19.7	335	43.9
GCF_002000365_1__dsrB__NZ_MVBK01000099.1_9	Q5ZQS3|dsrA|reductive|Desulfomicrobium_baculatum	20.5	337	43.1
GCF_002000365_1__dsrB__NZ_MVBK01000099.1_9	Q93EU9|dsrA|reductive|Desulfarculus_baarsii	20.2	257	42.7
GCF_002000365_1__dsrB__NZ_MVBK01000099.1_9	Q9F4A3|dsrA|reductive|Desulfovibrio_desulfuricans	19.5	338	42.7
GCF_002005145_1__dsrA__NZ_CP019698.1_3128	Q251E4|dsrA|reductive|Desulfitobacterium_hafniense	63.0	397	551
GCF_002005145_1__dsrA__NZ_CP019698.1_3128	A0ABT8QKK2|dsrA|reductive|Desulfosporosinus_nitroreducens	63.3	401	551
GCF_002005145_1__dsrA__NZ_CP019698.1_3128	Q59109|dsrA|reductive|Archaeoglobus_fulgidus	65.2	405	551
GCF_002005145_1__dsrA__NZ_CP019698.1_3128	N0BK96|dsrA|reductive|Archaeoglobus_sulfaticallidus_PM70-1	61.9	394	533
GCF_002005145_1__dsrA__NZ_CP019698.1_3128	B5YIF2|dsrA|reductive|Thermodesulfovibrio_yellowstonii	59.6	399	509
GCF_002005145_1__dsrA__NZ_CP019698.1_3128	Q9K5B9|dsrA|reductive|Desulfobulbus_rhabdoformis	56.4	408	498
GCF_002005145_1__dsrA__NZ_CP019698.1_3128	P45574|dsrA|reductive|Nitratidesulfovibrio_vulgaris	55.1	419	469
GCF_002005145_1__dsrA__NZ_CP019698.1_3128	Q9K5B5|dsrA|reductive|Desulfobacter_vibrioformis	53.7	421	468
GCF_002005145_1__dsrA__NZ_CP019698.1_3128	S0FXQ9|dsrA|reductive|Desulfotignum_phosphitoxidans_DSM_13687	53.1	422	467
GCF_002005145_1__dsrA__NZ_CP019698.1_3128	T2G7Q3|dsrA|reductive|Megalodesulfovibrio_gigas	53.9	419	465
GCF_002005145_1__dsrA__NZ_CP019698.1_3128	Q9F4A3|dsrA|reductive|Desulfovibrio_desulfuricans	53.0	419	461
GCF_002005145_1__dsrA__NZ_CP019698.1_3128	Q5ZQT9|dsrA|reductive|Archaeoglobus_veneficus	60.1	343	445
GCF_002005145_1__dsrA__NZ_CP019698.1_3128	Q93EU9|dsrA|reductive|Desulfarculus_baarsii	58.9	355	436
GCF_002005145_1__dsrA__NZ_CP019698.1_3128	Q5ZQS3|dsrA|reductive|Desulfomicrobium_baculatum	55.0	358	412
GCF_002005145_1__dsrA__NZ_CP019698.1_3128	Q93EV7|dsrA|reductive|Thermodesulfobacterium_commune	54.7	360	397
GCF_002005145_1__dsrA__NZ_CP019698.1_3128	Q5ZQR5|dsrA|reductive|Desulfosudis_oleivorans	52.1	355	387
GCF_002005145_1__dsrA__NZ_CP019698.1_3128	O33998|dsrA|oxidative|Allochromatium_vinosum	48.6	405	388
GCF_002005145_1__dsrA__NZ_CP019698.1_3128	A1BCS1|dsrA|oxidative|Chlorobium_phaeobacteroides	47.2	388	369
GCF_002005145_1__dsrA__NZ_CP019698.1_3128	A0ABS1E8E7|dsrA|oxidative|Halorhodospira_neutriphila	45.8	404	366
GCF_002005145_1__dsrA__NZ_CP019698.1_3128	Q8K5E9|dsrA|oxidative|Chlorobaculum_tepidum	45.9	388	365
GCF_002005145_1__dsrA__NZ_CP019698.1_3128	A0L9L4|dsrA|oxidative|Magnetococcus_marinus	46.1	395	363
GCF_002005145_1__dsrA__NZ_CP019698.1_3128	A0A5C4RXN4|dsrA|oxidative|Chlorobaculum_thiosulfatiphilum	46.1	388	359
GCF_002005145_1__dsrA__NZ_CP019698.1_3128	A0ABY9MRG6|dsrA|oxidative|Thiothrix_lacustris	45.0	400	353
GCF_002005145_1__dsrA__NZ_CP019698.1_3128	E0D1Z2|dsrA|oxidative|Thiocapsa_marina	44.6	314	280
GCF_002005145_1__dsrA__NZ_CP019698.1_3128	Q8KE39|dsrB|oxidative|Chlorobaculum_tepidum	22.3	310	49.3
GCF_002005145_1__dsrA__NZ_CP019698.1_3128	A0A5C4RYG3|dsrB|oxidative|Chlorobaculum_thiosulfatiphilum	22.3	310	48.5
GCF_002005145_1__dsrB__NZ_CP019698.1_3127	A4J9D5|dsrB|reductive|Desulforamulus_reducens	91.0	354	689
GCF_002005145_1__dsrB__NZ_CP019698.1_3127	Q251E3|dsrB|reductive|Desulfitobacterium_hafniense	68.1	348	529
GCF_002005145_1__dsrB__NZ_CP019698.1_3127	A0ABT8QNA5|dsrB|reductive|Desulfosporosinus_nitroreducens	64.7	348	508
GCF_002005145_1__dsrB__NZ_CP019698.1_3127	N0BL33|dsrB|reductive|Archaeoglobus_sulfaticallidus_PM70-1	63.7	355	497
GCF_002005145_1__dsrB__NZ_CP019698.1_3127	E1QFJ3|dsrB|reductive|Desulfarculus_baarsii	60.5	357	480
GCF_002005145_1__dsrB__NZ_CP019698.1_3127	B5YIF3|dsrB|reductive|Thermodesulfovibrio_yellowstonii	60.2	352	479
GCF_002005145_1__dsrB__NZ_CP019698.1_3127	Q59110|dsrB|reductive|Archaeoglobus_fulgidus	58.6	360	462
GCF_002005145_1__dsrB__NZ_CP019698.1_3127	Q9K5B8|dsrB|reductive|Desulfobulbus_rhabdoformis	60.1	358	460
GCF_002005145_1__dsrB__NZ_CP019698.1_3127	P45575|dsrB|reductive|Nitratidesulfovibrio_vulgaris	57.6	368	449
GCF_002005145_1__dsrB__NZ_CP019698.1_3127	Q9F4A2|dsrB|reductive|Desulfovibrio_desulfuricans	58.4	363	441
GCF_002005145_1__dsrB__NZ_CP019698.1_3127	T2G8V8|dsrB|reductive|Megalodesulfovibrio_gigas	57.0	363	436
GCF_002005145_1__dsrB__NZ_CP019698.1_3127	Q9K5B4|dsrB|reductive|Desulfobacter_vibrioformis	55.2	364	429
GCF_002005145_1__dsrB__NZ_CP019698.1_3127	S0G5M9|dsrB|reductive|Desulfotignum_phosphitoxidans_DSM_13687	54.7	364	428
GCF_002005145_1__dsrB__NZ_CP019698.1_3127	A1BCS2|dsrB|oxidative|Chlorobium_phaeobacteroides	48.4	351	366
GCF_002005145_1__dsrB__NZ_CP019698.1_3127	Q8KE39|dsrB|oxidative|Chlorobaculum_tepidum	46.4	351	353
GCF_002005145_1__dsrB__NZ_CP019698.1_3127	A0A5C4RYG3|dsrB|oxidative|Chlorobaculum_thiosulfatiphilum	46.6	350	352
GCF_002005145_1__dsrB__NZ_CP019698.1_3127	A0ABY9MNZ8|dsrB|oxidative|Thiothrix_lacustris	45.9	338	331
GCF_002005145_1__dsrB__NZ_CP019698.1_3127	L0DSF9|dsrB|oxidative|Thioalkalivibrio_nitratireducens	44.8	339	330
GCF_002005145_1__dsrB__NZ_CP019698.1_3127	O33999|dsrB|oxidative|Allochromatium_vinosum	44.3	359	327
GCF_002005145_1__dsrB__NZ_CP019698.1_3127	A0A9X0WG77|dsrB|oxidative|Thiocapsa_imhoffii	43.7	359	326
GCF_002005145_1__dsrB__NZ_CP019698.1_3127	A0ABS1E5W7|dsrB|oxidative|Halorhodospira_neutriphila	47.5	326	326
GCF_002005145_1__dsrB__NZ_CP019698.1_3127	A0L9L5|dsrB|oxidative|Magnetococcus_marinus	43.6	351	325
GCF_002005145_1__dsrB__NZ_CP019698.1_3127	A0L9L4|dsrA|oxidative|Magnetococcus_marinus	25.1	275	92.0
GCF_002005145_1__dsrB__NZ_CP019698.1_3127	A0ABS1E8E7|dsrA|oxidative|Halorhodospira_neutriphila	24.3	280	90.9
GCF_002005145_1__dsrB__NZ_CP019698.1_3127	E0D1Z2|dsrA|oxidative|Thiocapsa_marina	24.1	286	83.2
GCF_002005145_1__dsrB__NZ_CP019698.1_3127	N0BK96|dsrA|reductive|Archaeoglobus_sulfaticallidus_PM70-1	25.7	292	80.9
GCF_002005145_1__dsrB__NZ_CP019698.1_3127	Q8K5E9|dsrA|oxidative|Chlorobaculum_tepidum	23.9	285	79.3
GCF_002005145_1__dsrB__NZ_CP019698.1_3127	A1BCS1|dsrA|oxidative|Chlorobium_phaeobacteroides	24.1	278	77.4
GCF_002005145_1__dsrB__NZ_CP019698.1_3127	A0A5C4RXN4|dsrA|oxidative|Chlorobaculum_thiosulfatiphilum	23.8	286	72.8
GCF_002005145_1__dsrB__NZ_CP019698.1_3127	Q9F4A3|dsrA|reductive|Desulfovibrio_desulfuricans	22.6	318	69.3
GCF_002005145_1__dsrB__NZ_CP019698.1_3127	P45574|dsrA|reductive|Nitratidesulfovibrio_vulgaris	22.0	318	68.2
GCF_002005145_1__dsrB__NZ_CP019698.1_3127	Q93EV7|dsrA|reductive|Thermodesulfobacterium_commune	24.1	299	64.7
GCF_002005145_1__dsrB__NZ_CP019698.1_3127	T2G7Q3|dsrA|reductive|Megalodesulfovibrio_gigas	23.0	318	64.3
GCF_002813775_1__dsrA__NZ_CP020370.1_4515	O33998|dsrA|oxidative|Allochromatium_vinosum	89.0	417	783
GCF_002813775_1__dsrA__NZ_CP020370.1_4515	A0ABY9MRG6|dsrA|oxidative|Thiothrix_lacustris	76.5	421	680
GCF_002813775_1__dsrA__NZ_CP020370.1_4515	A0ABS1E8E7|dsrA|oxidative|Halorhodospira_neutriphila	63.8	420	572
GCF_002813775_1__dsrA__NZ_CP020370.1_4515	E0D1Z2|dsrA|oxidative|Thiocapsa_marina	89.7	282	536
GCF_002813775_1__dsrA__NZ_CP020370.1_4515	A0L9L4|dsrA|oxidative|Magnetococcus_marinus	53.7	393	468
GCF_002813775_1__dsrA__NZ_CP020370.1_4515	Q8K5E9|dsrA|oxidative|Chlorobaculum_tepidum	55.1	392	467
GCF_002813775_1__dsrA__NZ_CP020370.1_4515	A1BCS1|dsrA|oxidative|Chlorobium_phaeobacteroides	53.8	392	461
GCF_002813775_1__dsrA__NZ_CP020370.1_4515	A0A5C4RXN4|dsrA|oxidative|Chlorobaculum_thiosulfatiphilum	54.3	392	459
GCF_002813775_1__dsrA__NZ_CP020370.1_4515	N0BK96|dsrA|reductive|Archaeoglobus_sulfaticallidus_PM70-1	49.5	396	394
GCF_002813775_1__dsrA__NZ_CP020370.1_4515	A0ABT8QKK2|dsrA|reductive|Desulfosporosinus_nitroreducens	47.3	400	382
GCF_002813775_1__dsrA__NZ_CP020370.1_4515	Q251E4|dsrA|reductive|Desulfitobacterium_hafniense	46.8	391	372
GCF_002813775_1__dsrA__NZ_CP020370.1_4515	Q9K5B9|dsrA|reductive|Desulfobulbus_rhabdoformis	43.3	413	367
GCF_002813775_1__dsrA__NZ_CP020370.1_4515	Q59109|dsrA|reductive|Archaeoglobus_fulgidus	45.1	399	353
GCF_002813775_1__dsrA__NZ_CP020370.1_4515	P45574|dsrA|reductive|Nitratidesulfovibrio_vulgaris	42.1	418	332
GCF_002813775_1__dsrA__NZ_CP020370.1_4515	S0FXQ9|dsrA|reductive|Desulfotignum_phosphitoxidans_DSM_13687	40.5	417	331
GCF_002813775_1__dsrA__NZ_CP020370.1_4515	Q9K5B5|dsrA|reductive|Desulfobacter_vibrioformis	40.3	432	329
GCF_002813775_1__dsrA__NZ_CP020370.1_4515	T2G7Q3|dsrA|reductive|Megalodesulfovibrio_gigas	41.0	422	328
GCF_002813775_1__dsrA__NZ_CP020370.1_4515	Q9F4A3|dsrA|reductive|Desulfovibrio_desulfuricans	41.9	418	326
GCF_002813775_1__dsrA__NZ_CP020370.1_4515	B5YIF2|dsrA|reductive|Thermodesulfovibrio_yellowstonii	39.8	405	317
GCF_002813775_1__dsrA__NZ_CP020370.1_4515	Q93EU9|dsrA|reductive|Desulfarculus_baarsii	43.6	346	309
GCF_002813775_1__dsrA__NZ_CP020370.1_4515	Q5ZQS3|dsrA|reductive|Desulfomicrobium_baculatum	42.6	352	294
GCF_002813775_1__dsrA__NZ_CP020370.1_4515	Q5ZQT9|dsrA|reductive|Archaeoglobus_veneficus	42.9	336	290
GCF_002813775_1__dsrA__NZ_CP020370.1_4515	Q93EV7|dsrA|reductive|Thermodesulfobacterium_commune	41.1	350	277
GCF_002813775_1__dsrA__NZ_CP020370.1_4515	Q5ZQR5|dsrA|reductive|Desulfosudis_oleivorans	41.6	346	274
GCF_002813775_1__dsrA__NZ_CP020370.1_4515	Q251E3|dsrB|reductive|Desulfitobacterium_hafniense	24.6	313	100
GCF_002813775_1__dsrA__NZ_CP020370.1_4515	N0BL33|dsrB|reductive|Archaeoglobus_sulfaticallidus_PM70-1	27.9	312	100
GCF_002813775_1__dsrA__NZ_CP020370.1_4515	B5YIF3|dsrB|reductive|Thermodesulfovibrio_yellowstonii	26.5	291	100
GCF_002813775_1__dsrA__NZ_CP020370.1_4515	Q8KE39|dsrB|oxidative|Chlorobaculum_tepidum	24.2	335	98.2
GCF_002813775_1__dsrA__NZ_CP020370.1_4515	A0ABT8QNA5|dsrB|reductive|Desulfosporosinus_nitroreducens	24.7	304	95.1
GCF_002813775_1__dsrA__NZ_CP020370.1_4515	A1BCS2|dsrB|oxidative|Chlorobium_phaeobacteroides	23.9	335	92.4
GCF_002813775_1__dsrA__NZ_CP020370.1_4515	A0A5C4RYG3|dsrB|oxidative|Chlorobaculum_thiosulfatiphilum	23.3	335	91.7
GCF_002813775_1__dsrA__NZ_CP020370.1_4515	Q59110|dsrB|reductive|Archaeoglobus_fulgidus	25.1	299	82.8
GCF_002813775_1__dsrA__NZ_CP020370.1_4515	A0ABS1E5W7|dsrB|oxidative|Halorhodospira_neutriphila	23.7	299	79.0
GCF_002813775_1__dsrA__NZ_CP020370.1_4515	E1QFJ3|dsrB|reductive|Desulfarculus_baarsii	25.3	285	78.2
GCF_002813775_1__dsrA__NZ_CP020370.1_4515	A0L9L5|dsrB|oxidative|Magnetococcus_marinus	23.7	312	77.4
GCF_002813775_1__dsrA__NZ_CP020370.1_4515	T2G8V8|dsrB|reductive|Megalodesulfovibrio_gigas	21.2	316	74.3
GCF_002813775_1__dsrA__NZ_CP020370.1_4515	O33999|dsrB|oxidative|Allochromatium_vinosum	21.9	274	72.8
GCF_002813775_1__dsrA__NZ_CP020370.1_4515	L0DSF9|dsrB|oxidative|Thioalkalivibrio_nitratireducens	21.4	276	69.7
GCF_002813775_1__dsrA__NZ_CP020370.1_4515	A0A9X0WG77|dsrB|oxidative|Thiocapsa_imhoffii	21.5	274	69.3
GCF_002813775_1__dsrA__NZ_CP020370.1_4515	A0ABY9MNZ8|dsrB|oxidative|Thiothrix_lacustris	22.1	276	60.5
GCF_002813775_1__dsrB__NZ_CP020370.1_4514	O33999|dsrB|oxidative|Allochromatium_vinosum	93.0	356	720
GCF_002813775_1__dsrB__NZ_CP020370.1_4514	A0A9X0WG77|dsrB|oxidative|Thiocapsa_imhoffii	92.7	356	719
GCF_002813775_1__dsrB__NZ_CP020370.1_4514	L0DSF9|dsrB|oxidative|Thioalkalivibrio_nitratireducens	84.1	352	655
GCF_002813775_1__dsrB__NZ_CP020370.1_4514	A0ABY9MNZ8|dsrB|oxidative|Thiothrix_lacustris	78.5	354	619
GCF_002813775_1__dsrB__NZ_CP020370.1_4514	A0ABS1E5W7|dsrB|oxidative|Halorhodospira_neutriphila	70.7	352	562
GCF_002813775_1__dsrB__NZ_CP020370.1_4514	A0L9L5|dsrB|oxidative|Magnetococcus_marinus	63.3	349	488
GCF_002813775_1__dsrB__NZ_CP020370.1_4514	Q8KE39|dsrB|oxidative|Chlorobaculum_tepidum	61.5	353	474
GCF_002813775_1__dsrB__NZ_CP020370.1_4514	A0A5C4RYG3|dsrB|oxidative|Chlorobaculum_thiosulfatiphilum	61.2	353	471
GCF_002813775_1__dsrB__NZ_CP020370.1_4514	A1BCS2|dsrB|oxidative|Chlorobium_phaeobacteroides	61.3	349	468
GCF_002813775_1__dsrB__NZ_CP020370.1_4514	A0ABT8QNA5|dsrB|reductive|Desulfosporosinus_nitroreducens	44.4	351	331
GCF_002813775_1__dsrB__NZ_CP020370.1_4514	N0BL33|dsrB|reductive|Archaeoglobus_sulfaticallidus_PM70-1	44.0	364	329
GCF_002813775_1__dsrB__NZ_CP020370.1_4514	A4J9D5|dsrB|reductive|Desulforamulus_reducens	44.0	359	326
GCF_002813775_1__dsrB__NZ_CP020370.1_4514	Q251E3|dsrB|reductive|Desulfitobacterium_hafniense	43.5	352	321
GCF_002813775_1__dsrB__NZ_CP020370.1_4514	B5YIF3|dsrB|reductive|Thermodesulfovibrio_yellowstonii	44.0	348	320
GCF_002813775_1__dsrB__NZ_CP020370.1_4514	Q59110|dsrB|reductive|Archaeoglobus_fulgidus	45.0	333	306
GCF_002813775_1__dsrB__NZ_CP020370.1_4514	E1QFJ3|dsrB|reductive|Desulfarculus_baarsii	44.0	348	306
GCF_002813775_1__dsrB__NZ_CP020370.1_4514	T2G8V8|dsrB|reductive|Megalodesulfovibrio_gigas	44.2	339	302
GCF_002813775_1__dsrB__NZ_CP020370.1_4514	S0G5M9|dsrB|reductive|Desulfotignum_phosphitoxidans_DSM_13687	41.0	361	297
GCF_002813775_1__dsrB__NZ_CP020370.1_4514	P45575|dsrB|reductive|Nitratidesulfovibrio_vulgaris	41.8	354	297
GCF_002813775_1__dsrB__NZ_CP020370.1_4514	Q9K5B4|dsrB|reductive|Desulfobacter_vibrioformis	41.4	374	297
GCF_002813775_1__dsrB__NZ_CP020370.1_4514	Q9K5B8|dsrB|reductive|Desulfobulbus_rhabdoformis	40.2	368	292
GCF_002813775_1__dsrB__NZ_CP020370.1_4514	Q9F4A2|dsrB|reductive|Desulfovibrio_desulfuricans	40.7	354	283
GCF_002813775_1__dsrB__NZ_CP020370.1_4514	A0ABS1E8E7|dsrA|oxidative|Halorhodospira_neutriphila	22.4	277	57.8
GCF_002813775_1__dsrB__NZ_CP020370.1_4514	B5YIF2|dsrA|reductive|Thermodesulfovibrio_yellowstonii	21.9	283	53.1
GCF_002813775_1__dsrB__NZ_CP020370.1_4514	N0BK96|dsrA|reductive|Archaeoglobus_sulfaticallidus_PM70-1	22.5	275	51.6
GCF_002813775_1__dsrB__NZ_CP020370.1_4514	E0D1Z2|dsrA|oxidative|Thiocapsa_marina	20.1	268	50.8
GCF_002813775_1__dsrB__NZ_CP020370.1_4514	A0L9L4|dsrA|oxidative|Magnetococcus_marinus	20.7	276	47.4
GCF_002813775_1__dsrB__NZ_CP020370.1_4514	Q8K5E9|dsrA|oxidative|Chlorobaculum_tepidum	21.3	356	46.2
GCF_002813775_1__dsrB__NZ_CP020370.1_4514	A0ABT8QKK2|dsrA|reductive|Desulfosporosinus_nitroreducens	20.3	276	43.9
GCF_002813775_1__dsrB__NZ_CP020370.1_4514	Q5ZQR5|dsrA|reductive|Desulfosudis_oleivorans	24.2	132	43.5
GCF_002813775_1__dsrB__NZ_CP020370.1_4514	A1BCS1|dsrA|oxidative|Chlorobium_phaeobacteroides	20.1	353	39.3
GCF_002813775_1__dsrB__NZ_CP020370.1_4514	A0A5C4RXN4|dsrA|oxidative|Chlorobaculum_thiosulfatiphilum	21.0	281	38.5
GCF_013389365_1__dsrA__NZ_JACADJ010000002.1_91	Q9K5B5|dsrA|reductive|Desulfobacter_vibrioformis	94.1	441	911
GCF_013389365_1__dsrA__NZ_JACADJ010000002.1_91	S0FXQ9|dsrA|reductive|Desulfotignum_phosphitoxidans_DSM_13687	89.4	442	853
GCF_013389365_1__dsrA__NZ_JACADJ010000002.1_91	T2G7Q3|dsrA|reductive|Megalodesulfovibrio_gigas	69.8	441	694
GCF_013389365_1__dsrA__NZ_JACADJ010000002.1_91	P45574|dsrA|reductive|Nitratidesulfovibrio_vulgaris	71.7	441	693
GCF_013389365_1__dsrA__NZ_JACADJ010000002.1_91	Q9F4A3|dsrA|reductive|Desulfovibrio_desulfuricans	67.3	441	655
GCF_013389365_1__dsrA__NZ_JACADJ010000002.1_91	Q9K5B9|dsrA|reductive|Desulfobulbus_rhabdoformis	65.2	440	627
GCF_013389365_1__dsrA__NZ_JACADJ010000002.1_91	Q5ZQR5|dsrA|reductive|Desulfosudis_oleivorans	73.4	372	597
GCF_013389365_1__dsrA__NZ_JACADJ010000002.1_91	Q5ZQS3|dsrA|reductive|Desulfomicrobium_baculatum	72.3	372	586
GCF_013389365_1__dsrA__NZ_JACADJ010000002.1_91	Q93EV7|dsrA|reductive|Thermodesulfobacterium_commune	61.2	374	479
GCF_013389365_1__dsrA__NZ_JACADJ010000002.1_91	Q59109|dsrA|reductive|Archaeoglobus_fulgidus	55.0	422	470
GCF_013389365_1__dsrA__NZ_JACADJ010000002.1_91	Q93EU9|dsrA|reductive|Desulfarculus_baarsii	59.4	377	462
GCF_013389365_1__dsrA__NZ_JACADJ010000002.1_91	Q251E4|dsrA|reductive|Desulfitobacterium_hafniense	51.2	426	448
GCF_013389365_1__dsrA__NZ_JACADJ010000002.1_91	A0ABT8QKK2|dsrA|reductive|Desulfosporosinus_nitroreducens	49.0	429	441
GCF_013389365_1__dsrA__NZ_JACADJ010000002.1_91	N0BK96|dsrA|reductive|Archaeoglobus_sulfaticallidus_PM70-1	50.7	426	432
GCF_013389365_1__dsrA__NZ_JACADJ010000002.1_91	B5YIF2|dsrA|reductive|Thermodesulfovibrio_yellowstonii	50.0	422	420
GCF_013389365_1__dsrA__NZ_JACADJ010000002.1_91	Q5ZQT9|dsrA|reductive|Archaeoglobus_veneficus	51.5	357	372
GCF_013389365_1__dsrA__NZ_JACADJ010000002.1_91	O33998|dsrA|oxidative|Allochromatium_vinosum	40.6	434	352
GCF_013389365_1__dsrA__NZ_JACADJ010000002.1_91	A0L9L4|dsrA|oxidative|Magnetococcus_marinus	41.9	415	338
GCF_013389365_1__dsrA__NZ_JACADJ010000002.1_91	Q8K5E9|dsrA|oxidative|Chlorobaculum_tepidum	41.3	414	334
GCF_013389365_1__dsrA__NZ_JACADJ010000002.1_91	A1BCS1|dsrA|oxidative|Chlorobium_phaeobacteroides	41.5	412	333
GCF_013389365_1__dsrA__NZ_JACADJ010000002.1_91	A0ABY9MRG6|dsrA|oxidative|Thiothrix_lacustris	39.0	433	331
GCF_013389365_1__dsrA__NZ_JACADJ010000002.1_91	A0A5C4RXN4|dsrA|oxidative|Chlorobaculum_thiosulfatiphilum	41.3	414	328
GCF_013389365_1__dsrA__NZ_JACADJ010000002.1_91	A0ABS1E8E7|dsrA|oxidative|Halorhodospira_neutriphila	39.8	435	328
GCF_013389365_1__dsrA__NZ_JACADJ010000002.1_91	E0D1Z2|dsrA|oxidative|Thiocapsa_marina	40.9	296	248
GCF_013389365_1__dsrA__NZ_JACADJ010000002.1_91	B5YIF3|dsrB|reductive|Thermodesulfovibrio_yellowstonii	26.6	320	85.1
GCF_013389365_1__dsrA__NZ_JACADJ010000002.1_91	Q251E3|dsrB|reductive|Desulfitobacterium_hafniense	23.3	309	81.3
GCF_013389365_1__dsrA__NZ_JACADJ010000002.1_91	A0ABT8QNA5|dsrB|reductive|Desulfosporosinus_nitroreducens	23.3	262	73.6
GCF_013389365_1__dsrA__NZ_JACADJ010000002.1_91	N0BL33|dsrB|reductive|Archaeoglobus_sulfaticallidus_PM70-1	23.1	346	73.2
GCF_013389365_1__dsrA__NZ_JACADJ010000002.1_91	E1QFJ3|dsrB|reductive|Desulfarculus_baarsii	22.1	271	60.8
GCF_013389365_1__dsrA__NZ_JACADJ010000002.1_91	Q59110|dsrB|reductive|Archaeoglobus_fulgidus	20.3	380	59.7
GCF_013389365_1__dsrA__NZ_JACADJ010000002.1_91	T2G8V8|dsrB|reductive|Megalodesulfovibrio_gigas	21.7	272	58.2
GCF_013389365_1__dsrA__NZ_JACADJ010000002.1_91	Q9K5B8|dsrB|reductive|Desulfobulbus_rhabdoformis	22.4	255	56.2
GCF_013389365_1__dsrA__NZ_JACADJ010000002.1_91	P45575|dsrB|reductive|Nitratidesulfovibrio_vulgaris	20.9	268	51.2
GCF_013389365_1__dsrA__NZ_JACADJ010000002.1_91	A0L9L5|dsrB|oxidative|Magnetococcus_marinus	21.5	331	50.1
GCF_013389365_1__dsrA__NZ_JACADJ010000002.1_91	Q9K5B4|dsrB|reductive|Desulfobacter_vibrioformis	18.6	365	50.1
GCF_013389365_1__dsrA__NZ_JACADJ010000002.1_91	S0G5M9|dsrB|reductive|Desulfotignum_phosphitoxidans_DSM_13687	20.2	277	49.7
GCF_013389365_1__dsrA__NZ_JACADJ010000002.1_91	Q9F4A2|dsrB|reductive|Desulfovibrio_desulfuricans	20.6	272	49.3
GCF_013389365_1__dsrA__NZ_JACADJ010000002.1_91	Q8KE39|dsrB|oxidative|Chlorobaculum_tepidum	20.3	306	42.0
GCF_013389365_1__dsrA__NZ_JACADJ010000002.1_91	A0A5C4RYG3|dsrB|oxidative|Chlorobaculum_thiosulfatiphilum	19.4	310	38.9
GCF_013389365_1__dsrB__NZ_JACADJ010000002.1_92	Q9K5B4|dsrB|reductive|Desulfobacter_vibrioformis	94.8	382	775
GCF_013389365_1__dsrB__NZ_JACADJ010000002.1_92	S0G5M9|dsrB|reductive|Desulfotignum_phosphitoxidans_DSM_13687	90.3	382	741
GCF_013389365_1__dsrB__NZ_JACADJ010000002.1_92	P45575|dsrB|reductive|Nitratidesulfovibrio_vulgaris	70.2	382	600
GCF_013389365_1__dsrB__NZ_JACADJ010000002.1_92	Q9F4A2|dsrB|reductive|Desulfovibrio_desulfuricans	69.6	382	598
GCF_013389365_1__dsrB__NZ_JACADJ010000002.1_92	T2G8V8|dsrB|reductive|Megalodesulfovibrio_gigas	67.8	382	577
GCF_013389365_1__dsrB__NZ_JACADJ010000002.1_92	Q9K5B8|dsrB|reductive|Desulfobulbus_rhabdoformis	63.6	376	513
GCF_013389365_1__dsrB__NZ_JACADJ010000002.1_92	E1QFJ3|dsrB|reductive|Desulfarculus_baarsii	62.7	367	489
GCF_013389365_1__dsrB__NZ_JACADJ010000002.1_92	A4J9D5|dsrB|reductive|Desulforamulus_reducens	54.5	369	430
GCF_013389365_1__dsrB__NZ_JACADJ010000002.1_92	N0BL33|dsrB|reductive|Archaeoglobus_sulfaticallidus_PM70-1	53.1	377	430
GCF_013389365_1__dsrB__NZ_JACADJ010000002.1_92	Q251E3|dsrB|reductive|Desulfitobacterium_hafniense	53.2	365	414
GCF_013389365_1__dsrB__NZ_JACADJ010000002.1_92	B5YIF3|dsrB|reductive|Thermodesulfovibrio_yellowstonii	51.2	369	407
GCF_013389365_1__dsrB__NZ_JACADJ010000002.1_92	Q59110|dsrB|reductive|Archaeoglobus_fulgidus	52.3	377	407
GCF_013389365_1__dsrB__NZ_JACADJ010000002.1_92	A0ABT8QNA5|dsrB|reductive|Desulfosporosinus_nitroreducens	51.2	367	400
GCF_013389365_1__dsrB__NZ_JACADJ010000002.1_92	A1BCS2|dsrB|oxidative|Chlorobium_phaeobacteroides	44.5	366	338
GCF_013389365_1__dsrB__NZ_JACADJ010000002.1_92	Q8KE39|dsrB|oxidative|Chlorobaculum_tepidum	42.3	366	326
GCF_013389365_1__dsrB__NZ_JACADJ010000002.1_92	A0A5C4RYG3|dsrB|oxidative|Chlorobaculum_thiosulfatiphilum	42.3	366	323
GCF_013389365_1__dsrB__NZ_JACADJ010000002.1_92	A0L9L5|dsrB|oxidative|Magnetococcus_marinus	42.1	368	313
GCF_013389365_1__dsrB__NZ_JACADJ010000002.1_92	A0ABS1E5W7|dsrB|oxidative|Halorhodospira_neutriphila	43.1	371	303
GCF_013389365_1__dsrB__NZ_JACADJ010000002.1_92	O33999|dsrB|oxidative|Allochromatium_vinosum	43.0	351	301
GCF_013389365_1__dsrB__NZ_JACADJ010000002.1_92	A0A9X0WG77|dsrB|oxidative|Thiocapsa_imhoffii	42.7	351	300
GCF_013389365_1__dsrB__NZ_JACADJ010000002.1_92	L0DSF9|dsrB|oxidative|Thioalkalivibrio_nitratireducens	42.2	351	297
GCF_013389365_1__dsrB__NZ_JACADJ010000002.1_92	A0ABY9MNZ8|dsrB|oxidative|Thiothrix_lacustris	42.5	351	291
GCF_013389365_1__dsrB__NZ_JACADJ010000002.1_92	A0ABS1E8E7|dsrA|oxidative|Halorhodospira_neutriphila	23.0	309	90.1
GCF_013389365_1__dsrB__NZ_JACADJ010000002.1_92	Q8K5E9|dsrA|oxidative|Chlorobaculum_tepidum	23.5	311	79.3
GCF_013389365_1__dsrB__NZ_JACADJ010000002.1_92	A0L9L4|dsrA|oxidative|Magnetococcus_marinus	22.8	307	79.0
GCF_013389365_1__dsrB__NZ_JACADJ010000002.1_92	N0BK96|dsrA|reductive|Archaeoglobus_sulfaticallidus_PM70-1	23.8	332	78.6
GCF_013389365_1__dsrB__NZ_JACADJ010000002.1_92	A0ABT8QKK2|dsrA|reductive|Desulfosporosinus_nitroreducens	22.3	367	78.2
GCF_013389365_1__dsrB__NZ_JACADJ010000002.1_92	A0A5C4RXN4|dsrA|oxidative|Chlorobaculum_thiosulfatiphilum	23.2	311	73.2
GCF_013389365_1__dsrB__NZ_JACADJ010000002.1_92	E0D1Z2|dsrA|oxidative|Thiocapsa_marina	24.0	292	72.4
GCF_013389365_1__dsrB__NZ_JACADJ010000002.1_92	B5YIF2|dsrA|reductive|Thermodesulfovibrio_yellowstonii	23.9	327	71.6
GCF_013389365_1__dsrB__NZ_JACADJ010000002.1_92	A1BCS1|dsrA|oxidative|Chlorobium_phaeobacteroides	22.9	315	69.7
GCF_013389365_1__dsrB__NZ_JACADJ010000002.1_92	Q93EV7|dsrA|reductive|Thermodesulfobacterium_commune	21.7	327	59.7
GCF_013389365_1__dsrB__NZ_JACADJ010000002.1_92	Q5ZQR5|dsrA|reductive|Desulfosudis_oleivorans	20.1	343	57.0
GCF_013389365_1__dsrB__NZ_JACADJ010000002.1_92	Q9K5B9|dsrA|reductive|Desulfobulbus_rhabdoformis	19.5	344	55.1
GCF_013389365_1__dsrB__NZ_JACADJ010000002.1_92	S0FXQ9|dsrA|reductive|Desulfotignum_phosphitoxidans_DSM_13687	19.7	346	54.7
GCF_013389365_1__dsrB__NZ_JACADJ010000002.1_92	Q93EU9|dsrA|reductive|Desulfarculus_baarsii	20.3	335	53.5
GCF_013389365_1__dsrB__NZ_JACADJ010000002.1_92	Q9K5B5|dsrA|reductive|Desulfobacter_vibrioformis	19.3	269	52.4
GCF_013389365_1__dsrB__NZ_JACADJ010000002.1_92	T2G7Q3|dsrA|reductive|Megalodesulfovibrio_gigas	19.3	342	51.2
GCF_013389365_1__dsrB__NZ_JACADJ010000002.1_92	P45574|dsrA|reductive|Nitratidesulfovibrio_vulgaris	18.1	343	50.1
GCF_013389365_1__dsrB__NZ_JACADJ010000002.1_92	Q9F4A3|dsrA|reductive|Desulfovibrio_desulfuricans	19.5	339	48.5
GCF_021650935_1__dsrA__NZ_CP091244.1_2260	A0ABY9MRG6|dsrA|oxidative|Thiothrix_lacustris	97.2	431	886
GCF_021650935_1__dsrA__NZ_CP091244.1_2260	O33998|dsrA|oxidative|Allochromatium_vinosum	76.3	426	694
GCF_021650935_1__dsrA__NZ_CP091244.1_2260	A0ABS1E8E7|dsrA|oxidative|Halorhodospira_neutriphila	60.2	430	562
GCF_021650935_1__dsrA__NZ_CP091244.1_2260	E0D1Z2|dsrA|oxidative|Thiocapsa_marina	78.6	294	485
GCF_021650935_1__dsrA__NZ_CP091244.1_2260	A0L9L4|dsrA|oxidative|Magnetococcus_marinus	52.1	411	466
GCF_021650935_1__dsrA__NZ_CP091244.1_2260	Q8K5E9|dsrA|oxidative|Chlorobaculum_tepidum	52.2	404	442
GCF_021650935_1__dsrA__NZ_CP091244.1_2260	A1BCS1|dsrA|oxidative|Chlorobium_phaeobacteroides	51.6	403	441
GCF_021650935_1__dsrA__NZ_CP091244.1_2260	A0A5C4RXN4|dsrA|oxidative|Chlorobaculum_thiosulfatiphilum	51.2	402	433
GCF_021650935_1__dsrA__NZ_CP091244.1_2260	N0BK96|dsrA|reductive|Archaeoglobus_sulfaticallidus_PM70-1	46.5	417	389
GCF_021650935_1__dsrA__NZ_CP091244.1_2260	Q9K5B9|dsrA|reductive|Desulfobulbus_rhabdoformis	42.6	406	359
GCF_021650935_1__dsrA__NZ_CP091244.1_2260	Q59109|dsrA|reductive|Archaeoglobus_fulgidus	44.8	411	359
GCF_021650935_1__dsrA__NZ_CP091244.1_2260	A0ABT8QKK2|dsrA|reductive|Desulfosporosinus_nitroreducens	42.8	411	350
GCF_021650935_1__dsrA__NZ_CP091244.1_2260	S0FXQ9|dsrA|reductive|Desulfotignum_phosphitoxidans_DSM_13687	40.6	414	343
GCF_021650935_1__dsrA__NZ_CP091244.1_2260	Q251E4|dsrA|reductive|Desulfitobacterium_hafniense	42.5	405	340
GCF_021650935_1__dsrA__NZ_CP091244.1_2260	Q9F4A3|dsrA|reductive|Desulfovibrio_desulfuricans	40.5	437	335
GCF_021650935_1__dsrA__NZ_CP091244.1_2260	Q9K5B5|dsrA|reductive|Desulfobacter_vibrioformis	38.5	431	333
GCF_021650935_1__dsrA__NZ_CP091244.1_2260	T2G7Q3|dsrA|reductive|Megalodesulfovibrio_gigas	39.8	417	332
GCF_021650935_1__dsrA__NZ_CP091244.1_2260	P45574|dsrA|reductive|Nitratidesulfovibrio_vulgaris	41.4	411	332
GCF_021650935_1__dsrA__NZ_CP091244.1_2260	B5YIF2|dsrA|reductive|Thermodesulfovibrio_yellowstonii	38.9	406	311
GCF_021650935_1__dsrA__NZ_CP091244.1_2260	Q93EU9|dsrA|reductive|Desulfarculus_baarsii	43.2	347	307
GCF_021650935_1__dsrA__NZ_CP091244.1_2260	Q5ZQS3|dsrA|reductive|Desulfomicrobium_baculatum	42.1	349	305
GCF_021650935_1__dsrA__NZ_CP091244.1_2260	Q93EV7|dsrA|reductive|Thermodesulfobacterium_commune	42.0	350	292
GCF_021650935_1__dsrA__NZ_CP091244.1_2260	Q5ZQT9|dsrA|reductive|Archaeoglobus_veneficus	43.1	348	290
GCF_021650935_1__dsrA__NZ_CP091244.1_2260	Q5ZQR5|dsrA|reductive|Desulfosudis_oleivorans	40.5	346	281
GCF_021650935_1__dsrA__NZ_CP091244.1_2260	Q8KE39|dsrB|oxidative|Chlorobaculum_tepidum	23.7	337	102
GCF_021650935_1__dsrA__NZ_CP091244.1_2260	Q251E3|dsrB|reductive|Desulfitobacterium_hafniense	22.3	328	100
GCF_021650935_1__dsrA__NZ_CP091244.1_2260	A0ABT8QNA5|dsrB|reductive|Desulfosporosinus_nitroreducens	23.7	316	99.4
GCF_021650935_1__dsrA__NZ_CP091244.1_2260	B5YIF3|dsrB|reductive|Thermodesulfovibrio_yellowstonii	24.8	314	98.6
GCF_021650935_1__dsrA__NZ_CP091244.1_2260	A0A5C4RYG3|dsrB|oxidative|Chlorobaculum_thiosulfatiphilum	23.4	337	97.4
GCF_021650935_1__dsrA__NZ_CP091244.1_2260	N0BL33|dsrB|reductive|Archaeoglobus_sulfaticallidus_PM70-1	24.3	341	95.1
GCF_021650935_1__dsrA__NZ_CP091244.1_2260	A1BCS2|dsrB|oxidative|Chlorobium_phaeobacteroides	23.2	336	93.6
GCF_021650935_1__dsrA__NZ_CP091244.1_2260	Q59110|dsrB|reductive|Archaeoglobus_fulgidus	24.0	346	84.7
GCF_021650935_1__dsrA__NZ_CP091244.1_2260	A0L9L5|dsrB|oxidative|Magnetococcus_marinus	21.2	306	75.1
GCF_021650935_1__dsrA__NZ_CP091244.1_2260	A0ABS1E5W7|dsrB|oxidative|Halorhodospira_neutriphila	22.6	345	75.1
GCF_021650935_1__dsrA__NZ_CP091244.1_2260	T2G8V8|dsrB|reductive|Megalodesulfovibrio_gigas	19.8	328	70.9
GCF_021650935_1__dsrA__NZ_CP091244.1_2260	E1QFJ3|dsrB|reductive|Desulfarculus_baarsii	22.0	318	70.1
GCF_021650935_1__dsrA__NZ_CP091244.1_2260	L0DSF9|dsrB|oxidative|Thioalkalivibrio_nitratireducens	20.1	289	65.9
GCF_021650935_1__dsrA__NZ_CP091244.1_2260	A0ABY9MNZ8|dsrB|oxidative|Thiothrix_lacustris	20.4	324	57.8
GCF_021650935_1__dsrB__NZ_CP091244.1_2261	A0ABY9MNZ8|dsrB|oxidative|Thiothrix_lacustris	98.3	358	763
GCF_021650935_1__dsrB__NZ_CP091244.1_2261	L0DSF9|dsrB|oxidative|Thioalkalivibrio_nitratireducens	82.1	358	655
GCF_021650935_1__dsrB__NZ_CP091244.1_2261	O33999|dsrB|oxidative|Allochromatium_vinosum	81.6	354	644
GCF_021650935_1__dsrB__NZ_CP091244.1_2261	A0A9X0WG77|dsrB|oxidative|Thiocapsa_imhoffii	80.5	354	639
GCF_021650935_1__dsrB__NZ_CP091244.1_2261	A0ABS1E5W7|dsrB|oxidative|Halorhodospira_neutriphila	68.1	357	552
GCF_021650935_1__dsrB__NZ_CP091244.1_2261	A0L9L5|dsrB|oxidative|Magnetococcus_marinus	60.7	349	472
GCF_021650935_1__dsrB__NZ_CP091244.1_2261	A0A5C4RYG3|dsrB|oxidative|Chlorobaculum_thiosulfatiphilum	58.7	349	456
GCF_021650935_1__dsrB__NZ_CP091244.1_2261	Q8KE39|dsrB|oxidative|Chlorobaculum_tepidum	58.2	349	451
GCF_021650935_1__dsrB__NZ_CP091244.1_2261	A1BCS2|dsrB|oxidative|Chlorobium_phaeobacteroides	57.1	359	451
GCF_021650935_1__dsrB__NZ_CP091244.1_2261	A4J9D5|dsrB|reductive|Desulforamulus_reducens	47.7	342	350
GCF_021650935_1__dsrB__NZ_CP091244.1_2261	N0BL33|dsrB|reductive|Archaeoglobus_sulfaticallidus_PM70-1	43.7	364	328
GCF_021650935_1__dsrB__NZ_CP091244.1_2261	E1QFJ3|dsrB|reductive|Desulfarculus_baarsii	45.4	348	322
GCF_021650935_1__dsrB__NZ_CP091244.1_2261	Q251E3|dsrB|reductive|Desulfitobacterium_hafniense	43.6	342	319
GCF_021650935_1__dsrB__NZ_CP091244.1_2261	B5YIF3|dsrB|reductive|Thermodesulfovibrio_yellowstonii	42.8	348	316
GCF_021650935_1__dsrB__NZ_CP091244.1_2261	A0ABT8QNA5|dsrB|reductive|Desulfosporosinus_nitroreducens	43.5	352	314
GCF_021650935_1__dsrB__NZ_CP091244.1_2261	P45575|dsrB|reductive|Nitratidesulfovibrio_vulgaris	42.1	354	305
GCF_021650935_1__dsrB__NZ_CP091244.1_2261	Q59110|dsrB|reductive|Archaeoglobus_fulgidus	43.8	333	303
GCF_021650935_1__dsrB__NZ_CP091244.1_2261	Q9F4A2|dsrB|reductive|Desulfovibrio_desulfuricans	42.4	354	296
GCF_021650935_1__dsrB__NZ_CP091244.1_2261	Q9K5B4|dsrB|reductive|Desulfobacter_vibrioformis	41.3	361	293
GCF_021650935_1__dsrB__NZ_CP091244.1_2261	S0G5M9|dsrB|reductive|Desulfotignum_phosphitoxidans_DSM_13687	40.4	361	293
GCF_021650935_1__dsrB__NZ_CP091244.1_2261	T2G8V8|dsrB|reductive|Megalodesulfovibrio_gigas	41.2	354	292
GCF_021650935_1__dsrB__NZ_CP091244.1_2261	Q9K5B8|dsrB|reductive|Desulfobulbus_rhabdoformis	40.8	348	291
GCF_021650935_1__dsrB__NZ_CP091244.1_2261	A0ABS1E8E7|dsrA|oxidative|Halorhodospira_neutriphila	20.9	277	58.5
GCF_021650935_1__dsrB__NZ_CP091244.1_2261	O33998|dsrA|oxidative|Allochromatium_vinosum	20.7	276	57.8
GCF_021650935_1__dsrB__NZ_CP091244.1_2261	A0ABY9MRG6|dsrA|oxidative|Thiothrix_lacustris	20.7	324	57.8
GCF_021650935_1__dsrB__NZ_CP091244.1_2261	B5YIF2|dsrA|reductive|Thermodesulfovibrio_yellowstonii	23.2	284	55.5
GCF_021650935_1__dsrB__NZ_CP091244.1_2261	E0D1Z2|dsrA|oxidative|Thiocapsa_marina	20.5	268	52.8
GCF_021650935_1__dsrB__NZ_CP091244.1_2261	A0L9L4|dsrA|oxidative|Magnetococcus_marinus	20.3	276	52.8
GCF_021650935_1__dsrB__NZ_CP091244.1_2261	N0BK96|dsrA|reductive|Archaeoglobus_sulfaticallidus_PM70-1	22.3	274	51.2
GCF_021650935_1__dsrB__NZ_CP091244.1_2261	Q8K5E9|dsrA|oxidative|Chlorobaculum_tepidum	21.8	285	49.7
GCF_021650935_1__dsrB__NZ_CP091244.1_2261	T2G7Q3|dsrA|reductive|Megalodesulfovibrio_gigas	24.8	137	43.5
GCF_021650935_1__dsrB__NZ_CP091244.1_2261	Q9F4A3|dsrA|reductive|Desulfovibrio_desulfuricans	25.6	133	43.1
GCF_021650935_1__dsrB__NZ_CP091244.1_2261	P45574|dsrA|reductive|Nitratidesulfovibrio_vulgaris	22.0	304	42.7
GCF_021650935_1__dsrB__NZ_CP091244.1_2261	Q5ZQR5|dsrA|reductive|Desulfosudis_oleivorans	23.5	132	41.2
GCF_021650935_1__dsrB__NZ_CP091244.1_2261	A0A5C4RXN4|dsrA|oxidative|Chlorobaculum_thiosulfatiphilum	22.8	285	40.8
GCF_021650935_1__dsrB__NZ_CP091244.1_2261	A1BCS1|dsrA|oxidative|Chlorobium_phaeobacteroides	20.8	284	40.4
GCF_021650935_1__dsrB__NZ_CP091244.1_2261	S0FXQ9|dsrA|reductive|Desulfotignum_phosphitoxidans_DSM_13687	20.3	306	39.3
GCF_021650935_1__dsrB__NZ_CP091244.1_2261	Q9K5B9|dsrA|reductive|Desulfobulbus_rhabdoformis	21.7	300	38.5
GCF_021650935_1__dsrB__NZ_CP091244.1_2261	Q9K5B5|dsrA|reductive|Desulfobacter_vibrioformis	24.1	112	38.5
GCF_024204645_1__dsrA__NZ_CP100351.1_2241	Q5ZQS3|dsrA|reductive|Desulfomicrobium_baculatum	92.7	368	738
GCF_024204645_1__dsrA__NZ_CP100351.1_2241	T2G7Q3|dsrA|reductive|Megalodesulfovibrio_gigas	73.9	437	723
GCF_024204645_1__dsrA__NZ_CP100351.1_2241	P45574|dsrA|reductive|Nitratidesulfovibrio_vulgaris	73.7	437	717
GCF_024204645_1__dsrA__NZ_CP100351.1_2241	Q9K5B5|dsrA|reductive|Desulfobacter_vibrioformis	73.5	441	699
GCF_024204645_1__dsrA__NZ_CP100351.1_2241	Q9F4A3|dsrA|reductive|Desulfovibrio_desulfuricans	71.4	437	697
GCF_024204645_1__dsrA__NZ_CP100351.1_2241	S0FXQ9|dsrA|reductive|Desulfotignum_phosphitoxidans_DSM_13687	73.1	442	697
GCF_024204645_1__dsrA__NZ_CP100351.1_2241	Q9K5B9|dsrA|reductive|Desulfobulbus_rhabdoformis	63.3	439	615
GCF_024204645_1__dsrA__NZ_CP100351.1_2241	Q5ZQR5|dsrA|reductive|Desulfosudis_oleivorans	72.3	368	589
GCF_024204645_1__dsrA__NZ_CP100351.1_2241	Q93EV7|dsrA|reductive|Thermodesulfobacterium_commune	67.0	370	545
GCF_024204645_1__dsrA__NZ_CP100351.1_2241	Q93EU9|dsrA|reductive|Desulfarculus_baarsii	63.8	373	496
GCF_024204645_1__dsrA__NZ_CP100351.1_2241	Q59109|dsrA|reductive|Archaeoglobus_fulgidus	53.6	416	474
GCF_024204645_1__dsrA__NZ_CP100351.1_2241	N0BK96|dsrA|reductive|Archaeoglobus_sulfaticallidus_PM70-1	53.1	422	464
GCF_024204645_1__dsrA__NZ_CP100351.1_2241	Q251E4|dsrA|reductive|Desulfitobacterium_hafniense	52.1	424	459
GCF_024204645_1__dsrA__NZ_CP100351.1_2241	A0ABT8QKK2|dsrA|reductive|Desulfosporosinus_nitroreducens	49.4	425	444
GCF_024204645_1__dsrA__NZ_CP100351.1_2241	B5YIF2|dsrA|reductive|Thermodesulfovibrio_yellowstonii	51.1	419	442
GCF_024204645_1__dsrA__NZ_CP100351.1_2241	Q5ZQT9|dsrA|reductive|Archaeoglobus_veneficus	49.6	353	380
GCF_024204645_1__dsrA__NZ_CP100351.1_2241	O33998|dsrA|oxidative|Allochromatium_vinosum	44.7	414	360
GCF_024204645_1__dsrA__NZ_CP100351.1_2241	A1BCS1|dsrA|oxidative|Chlorobium_phaeobacteroides	44.4	410	353
GCF_024204645_1__dsrA__NZ_CP100351.1_2241	Q8K5E9|dsrA|oxidative|Chlorobaculum_tepidum	44.1	410	350
GCF_024204645_1__dsrA__NZ_CP100351.1_2241	A0A5C4RXN4|dsrA|oxidative|Chlorobaculum_thiosulfatiphilum	43.7	410	344
GCF_024204645_1__dsrA__NZ_CP100351.1_2241	A0L9L4|dsrA|oxidative|Magnetococcus_marinus	42.2	412	338
GCF_024204645_1__dsrA__NZ_CP100351.1_2241	A0ABY9MRG6|dsrA|oxidative|Thiothrix_lacustris	41.7	420	336
GCF_024204645_1__dsrA__NZ_CP100351.1_2241	A0ABS1E8E7|dsrA|oxidative|Halorhodospira_neutriphila	41.5	424	325
GCF_024204645_1__dsrA__NZ_CP100351.1_2241	E0D1Z2|dsrA|oxidative|Thiocapsa_marina	42.2	308	255
GCF_024204645_1__dsrA__NZ_CP100351.1_2241	B5YIF3|dsrB|reductive|Thermodesulfovibrio_yellowstonii	25.3	312	67.0
GCF_024204645_1__dsrA__NZ_CP100351.1_2241	Q251E3|dsrB|reductive|Desulfitobacterium_hafniense	22.0	309	64.7
GCF_024204645_1__dsrA__NZ_CP100351.1_2241	A0ABT8QNA5|dsrB|reductive|Desulfosporosinus_nitroreducens	21.7	309	58.2
GCF_024204645_1__dsrA__NZ_CP100351.1_2241	N0BL33|dsrB|reductive|Archaeoglobus_sulfaticallidus_PM70-1	20.6	326	52.0
GCF_024204645_1__dsrA__NZ_CP100351.1_2241	E1QFJ3|dsrB|reductive|Desulfarculus_baarsii	22.7	309	48.9
GCF_024204645_1__dsrA__NZ_CP100351.1_2241	Q59110|dsrB|reductive|Archaeoglobus_fulgidus	19.7	361	47.0
GCF_024204645_1__dsrA__NZ_CP100351.1_2241	A1BCS2|dsrB|oxidative|Chlorobium_phaeobacteroides	20.1	309	39.7
GCF_024204645_1__dsrB__NZ_CP100351.1_2240	P45575|dsrB|reductive|Nitratidesulfovibrio_vulgaris	74.4	386	634
GCF_024204645_1__dsrB__NZ_CP100351.1_2240	T2G8V8|dsrB|reductive|Megalodesulfovibrio_gigas	72.5	386	613
GCF_024204645_1__dsrB__NZ_CP100351.1_2240	Q9F4A2|dsrB|reductive|Desulfovibrio_desulfuricans	71.2	386	613
GCF_024204645_1__dsrB__NZ_CP100351.1_2240	S0G5M9|dsrB|reductive|Desulfotignum_phosphitoxidans_DSM_13687	69.4	386	596
GCF_024204645_1__dsrB__NZ_CP100351.1_2240	Q9K5B4|dsrB|reductive|Desulfobacter_vibrioformis	69.4	386	593
GCF_024204645_1__dsrB__NZ_CP100351.1_2240	Q9K5B8|dsrB|reductive|Desulfobulbus_rhabdoformis	63.2	380	517
GCF_024204645_1__dsrB__NZ_CP100351.1_2240	E1QFJ3|dsrB|reductive|Desulfarculus_baarsii	58.2	376	474
GCF_024204645_1__dsrB__NZ_CP100351.1_2240	N0BL33|dsrB|reductive|Archaeoglobus_sulfaticallidus_PM70-1	50.8	382	422
GCF_024204645_1__dsrB__NZ_CP100351.1_2240	A4J9D5|dsrB|reductive|Desulforamulus_reducens	54.6	368	420
GCF_024204645_1__dsrB__NZ_CP100351.1_2240	Q59110|dsrB|reductive|Archaeoglobus_fulgidus	53.2	376	412
GCF_024204645_1__dsrB__NZ_CP100351.1_2240	Q251E3|dsrB|reductive|Desulfitobacterium_hafniense	51.5	369	408
GCF_024204645_1__dsrB__NZ_CP100351.1_2240	A0ABT8QNA5|dsrB|reductive|Desulfosporosinus_nitroreducens	50.1	369	394
GCF_024204645_1__dsrB__NZ_CP100351.1_2240	B5YIF3|dsrB|reductive|Thermodesulfovibrio_yellowstonii	49.1	373	394
GCF_024204645_1__dsrB__NZ_CP100351.1_2240	A1BCS2|dsrB|oxidative|Chlorobium_phaeobacteroides	43.8	370	329
GCF_024204645_1__dsrB__NZ_CP100351.1_2240	Q8KE39|dsrB|oxidative|Chlorobaculum_tepidum	43.6	367	323
GCF_024204645_1__dsrB__NZ_CP100351.1_2240	A0A5C4RYG3|dsrB|oxidative|Chlorobaculum_thiosulfatiphilum	43.1	367	321
GCF_024204645_1__dsrB__NZ_CP100351.1_2240	A0ABS1E5W7|dsrB|oxidative|Halorhodospira_neutriphila	42.9	375	305
GCF_024204645_1__dsrB__NZ_CP100351.1_2240	A0L9L5|dsrB|oxidative|Magnetococcus_marinus	42.2	372	303
GCF_024204645_1__dsrB__NZ_CP100351.1_2240	A0A9X0WG77|dsrB|oxidative|Thiocapsa_imhoffii	43.3	344	289
GCF_024204645_1__dsrB__NZ_CP100351.1_2240	L0DSF9|dsrB|oxidative|Thioalkalivibrio_nitratireducens	40.9	359	288
GCF_024204645_1__dsrB__NZ_CP100351.1_2240	O33999|dsrB|oxidative|Allochromatium_vinosum	42.4	344	285
GCF_024204645_1__dsrB__NZ_CP100351.1_2240	A0ABY9MNZ8|dsrB|oxidative|Thiothrix_lacustris	40.4	359	285
GCF_024204645_1__dsrB__NZ_CP100351.1_2240	A0ABS1E8E7|dsrA|oxidative|Halorhodospira_neutriphila	24.1	253	80.5
GCF_024204645_1__dsrB__NZ_CP100351.1_2240	A0A5C4RXN4|dsrA|oxidative|Chlorobaculum_thiosulfatiphilum	24.3	313	72.8
GCF_024204645_1__dsrB__NZ_CP100351.1_2240	A0L9L4|dsrA|oxidative|Magnetococcus_marinus	23.1	286	70.9
GCF_024204645_1__dsrB__NZ_CP100351.1_2240	Q8K5E9|dsrA|oxidative|Chlorobaculum_tepidum	24.9	313	70.1
GCF_024204645_1__dsrB__NZ_CP100351.1_2240	N0BK96|dsrA|reductive|Archaeoglobus_sulfaticallidus_PM70-1	24.8	311	69.7
GCF_024204645_1__dsrB__NZ_CP100351.1_2240	E0D1Z2|dsrA|oxidative|Thiocapsa_marina	22.2	288	68.2
GCF_024204645_1__dsrB__NZ_CP100351.1_2240	A1BCS1|dsrA|oxidative|Chlorobium_phaeobacteroides	22.6	350	68.2
GCF_024204645_1__dsrB__NZ_CP100351.1_2240	Q9K5B5|dsrA|reductive|Desulfobacter_vibrioformis	20.4	274	56.6
GCF_024204645_1__dsrB__NZ_CP100351.1_2240	S0FXQ9|dsrA|reductive|Desulfotignum_phosphitoxidans_DSM_13687	21.3	286	55.8
GCF_024204645_1__dsrB__NZ_CP100351.1_2240	A0ABT8QKK2|dsrA|reductive|Desulfosporosinus_nitroreducens	23.1	260	55.1
GCF_024204645_1__dsrB__NZ_CP100351.1_2240	Q5ZQR5|dsrA|reductive|Desulfosudis_oleivorans	20.6	272	54.3
GCF_024204645_1__dsrB__NZ_CP100351.1_2240	T2G7Q3|dsrA|reductive|Megalodesulfovibrio_gigas	20.4	274	53.9
GCF_024204645_1__dsrB__NZ_CP100351.1_2240	Q93EU9|dsrA|reductive|Desulfarculus_baarsii	18.8	266	48.9
GCF_024204645_1__dsrB__NZ_CP100351.1_2240	Q9F4A3|dsrA|reductive|Desulfovibrio_desulfuricans	19.9	276	47.8
GCF_024204645_1__dsrB__NZ_CP100351.1_2240	Q9K5B9|dsrA|reductive|Desulfobulbus_rhabdoformis	20.3	261	40.8
GCF_030913135_1__dsrA__NZ_JAVFKN010000017.1_10	A0ABY9MRG6|dsrA|oxidative|Thiothrix_lacustris	97.0	433	892
GCF_030913135_1__dsrA__NZ_JAVFKN010000017.1_10	O33998|dsrA|oxidative|Allochromatium_vinosum	75.8	426	694
GCF_030913135_1__dsrA__NZ_JAVFKN010000017.1_10	A0ABS1E8E7|dsrA|oxidative|Halorhodospira_neutriphila	58.8	430	555
GCF_030913135_1__dsrA__NZ_JAVFKN010000017.1_10	E0D1Z2|dsrA|oxidative|Thiocapsa_marina	77.9	294	484
GCF_030913135_1__dsrA__NZ_JAVFKN010000017.1_10	A0L9L4|dsrA|oxidative|Magnetococcus_marinus	52.4	412	464
GCF_030913135_1__dsrA__NZ_JAVFKN010000017.1_10	Q8K5E9|dsrA|oxidative|Chlorobaculum_tepidum	52.5	402	442
GCF_030913135_1__dsrA__NZ_JAVFKN010000017.1_10	A1BCS1|dsrA|oxidative|Chlorobium_phaeobacteroides	51.9	403	439
GCF_030913135_1__dsrA__NZ_JAVFKN010000017.1_10	A0A5C4RXN4|dsrA|oxidative|Chlorobaculum_thiosulfatiphilum	51.7	402	433
GCF_030913135_1__dsrA__NZ_JAVFKN010000017.1_10	N0BK96|dsrA|reductive|Archaeoglobus_sulfaticallidus_PM70-1	45.9	423	387
GCF_030913135_1__dsrA__NZ_JAVFKN010000017.1_10	Q59109|dsrA|reductive|Archaeoglobus_fulgidus	44.8	411	360
GCF_030913135_1__dsrA__NZ_JAVFKN010000017.1_10	Q9K5B9|dsrA|reductive|Desulfobulbus_rhabdoformis	41.9	406	357
GCF_030913135_1__dsrA__NZ_JAVFKN010000017.1_10	A0ABT8QKK2|dsrA|reductive|Desulfosporosinus_nitroreducens	42.6	411	348
GCF_030913135_1__dsrA__NZ_JAVFKN010000017.1_10	S0FXQ9|dsrA|reductive|Desulfotignum_phosphitoxidans_DSM_13687	40.6	414	342
GCF_030913135_1__dsrA__NZ_JAVFKN010000017.1_10	Q251E4|dsrA|reductive|Desulfitobacterium_hafniense	42.0	405	338
GCF_030913135_1__dsrA__NZ_JAVFKN010000017.1_10	Q9F4A3|dsrA|reductive|Desulfovibrio_desulfuricans	40.7	437	337
GCF_030913135_1__dsrA__NZ_JAVFKN010000017.1_10	Q9K5B5|dsrA|reductive|Desulfobacter_vibrioformis	38.7	431	335
GCF_030913135_1__dsrA__NZ_JAVFKN010000017.1_10	T2G7Q3|dsrA|reductive|Megalodesulfovibrio_gigas	40.0	417	333
GCF_030913135_1__dsrA__NZ_JAVFKN010000017.1_10	P45574|dsrA|reductive|Nitratidesulfovibrio_vulgaris	41.6	411	333
GCF_030913135_1__dsrA__NZ_JAVFKN010000017.1_10	Q93EU9|dsrA|reductive|Desulfarculus_baarsii	43.2	347	308
GCF_030913135_1__dsrA__NZ_JAVFKN010000017.1_10	Q5ZQS3|dsrA|reductive|Desulfomicrobium_baculatum	42.1	349	305
GCF_030913135_1__dsrA__NZ_JAVFKN010000017.1_10	B5YIF2|dsrA|reductive|Thermodesulfovibrio_yellowstonii	38.9	409	306
GCF_030913135_1__dsrA__NZ_JAVFKN010000017.1_10	Q5ZQT9|dsrA|reductive|Archaeoglobus_veneficus	42.5	348	289
GCF_030913135_1__dsrA__NZ_JAVFKN010000017.1_10	Q93EV7|dsrA|reductive|Thermodesulfobacterium_commune	41.1	350	288
GCF_030913135_1__dsrA__NZ_JAVFKN010000017.1_10	Q5ZQR5|dsrA|reductive|Desulfosudis_oleivorans	40.5	346	281
GCF_030913135_1__dsrA__NZ_JAVFKN010000017.1_10	Q8KE39|dsrB|oxidative|Chlorobaculum_tepidum	23.7	337	100
GCF_030913135_1__dsrA__NZ_JAVFKN010000017.1_10	A0ABT8QNA5|dsrB|reductive|Desulfosporosinus_nitroreducens	23.4	316	99.4
GCF_030913135_1__dsrA__NZ_JAVFKN010000017.1_10	B5YIF3|dsrB|reductive|Thermodesulfovibrio_yellowstonii	24.5	314	99.0
GCF_030913135_1__dsrA__NZ_JAVFKN010000017.1_10	Q251E3|dsrB|reductive|Desulfitobacterium_hafniense	21.3	328	96.3
GCF_030913135_1__dsrA__NZ_JAVFKN010000017.1_10	A0A5C4RYG3|dsrB|oxidative|Chlorobaculum_thiosulfatiphilum	23.4	337	95.5
GCF_030913135_1__dsrA__NZ_JAVFKN010000017.1_10	N0BL33|dsrB|reductive|Archaeoglobus_sulfaticallidus_PM70-1	23.5	341	90.9
GCF_030913135_1__dsrA__NZ_JAVFKN010000017.1_10	A1BCS2|dsrB|oxidative|Chlorobium_phaeobacteroides	22.6	336	90.1
GCF_030913135_1__dsrA__NZ_JAVFKN010000017.1_10	Q59110|dsrB|reductive|Archaeoglobus_fulgidus	23.4	346	84.0
GCF_030913135_1__dsrA__NZ_JAVFKN010000017.1_10	A0ABS1E5W7|dsrB|oxidative|Halorhodospira_neutriphila	22.0	345	72.8
GCF_030913135_1__dsrA__NZ_JAVFKN010000017.1_10	A0L9L5|dsrB|oxidative|Magnetococcus_marinus	20.6	306	72.4
GCF_030913135_1__dsrA__NZ_JAVFKN010000017.1_10	E1QFJ3|dsrB|reductive|Desulfarculus_baarsii	21.1	317	69.7
GCF_030913135_1__dsrA__NZ_JAVFKN010000017.1_10	T2G8V8|dsrB|reductive|Megalodesulfovibrio_gigas	19.1	329	69.3
GCF_030913135_1__dsrA__NZ_JAVFKN010000017.1_10	L0DSF9|dsrB|oxidative|Thioalkalivibrio_nitratireducens	19.4	289	61.6
GCF_030913135_1__dsrA__NZ_JAVFKN010000017.1_10	A0ABY9MNZ8|dsrB|oxidative|Thiothrix_lacustris	20.7	324	54.3
GCF_030913135_1__dsrB__NZ_JAVFKN010000017.1_11	A0ABY9MNZ8|dsrB|oxidative|Thiothrix_lacustris	98.3	358	758
GCF_030913135_1__dsrB__NZ_JAVFKN010000017.1_11	L0DSF9|dsrB|oxidative|Thioalkalivibrio_nitratireducens	82.7	358	655
GCF_030913135_1__dsrB__NZ_JAVFKN010000017.1_11	A0A9X0WG77|dsrB|oxidative|Thiocapsa_imhoffii	81.6	354	642
GCF_030913135_1__dsrB__NZ_JAVFKN010000017.1_11	O33999|dsrB|oxidative|Allochromatium_vinosum	81.6	354	642
GCF_030913135_1__dsrB__NZ_JAVFKN010000017.1_11	A0ABS1E5W7|dsrB|oxidative|Halorhodospira_neutriphila	69.2	357	553
GCF_030913135_1__dsrB__NZ_JAVFKN010000017.1_11	A0L9L5|dsrB|oxidative|Magnetococcus_marinus	60.2	349	466
GCF_030913135_1__dsrB__NZ_JAVFKN010000017.1_11	A0A5C4RYG3|dsrB|oxidative|Chlorobaculum_thiosulfatiphilum	58.5	349	452
GCF_030913135_1__dsrB__NZ_JAVFKN010000017.1_11	Q8KE39|dsrB|oxidative|Chlorobaculum_tepidum	57.9	349	446
GCF_030913135_1__dsrB__NZ_JAVFKN010000017.1_11	A1BCS2|dsrB|oxidative|Chlorobium_phaeobacteroides	56.5	359	446
GCF_030913135_1__dsrB__NZ_JAVFKN010000017.1_11	A4J9D5|dsrB|reductive|Desulforamulus_reducens	46.5	342	343
GCF_030913135_1__dsrB__NZ_JAVFKN010000017.1_11	N0BL33|dsrB|reductive|Archaeoglobus_sulfaticallidus_PM70-1	43.1	364	325
GCF_030913135_1__dsrB__NZ_JAVFKN010000017.1_11	E1QFJ3|dsrB|reductive|Desulfarculus_baarsii	44.5	348	319
GCF_030913135_1__dsrB__NZ_JAVFKN010000017.1_11	B5YIF3|dsrB|reductive|Thermodesulfovibrio_yellowstonii	42.8	348	315
GCF_030913135_1__dsrB__NZ_JAVFKN010000017.1_11	Q251E3|dsrB|reductive|Desulfitobacterium_hafniense	43.0	342	314
GCF_030913135_1__dsrB__NZ_JAVFKN010000017.1_11	A0ABT8QNA5|dsrB|reductive|Desulfosporosinus_nitroreducens	43.2	352	311
GCF_030913135_1__dsrB__NZ_JAVFKN010000017.1_11	P45575|dsrB|reductive|Nitratidesulfovibrio_vulgaris	43.2	354	308
GCF_030913135_1__dsrB__NZ_JAVFKN010000017.1_11	Q59110|dsrB|reductive|Archaeoglobus_fulgidus	43.5	333	301
GCF_030913135_1__dsrB__NZ_JAVFKN010000017.1_11	Q9F4A2|dsrB|reductive|Desulfovibrio_desulfuricans	43.2	354	300
GCF_030913135_1__dsrB__NZ_JAVFKN010000017.1_11	Q9K5B4|dsrB|reductive|Desulfobacter_vibrioformis	41.8	361	294
GCF_030913135_1__dsrB__NZ_JAVFKN010000017.1_11	S0G5M9|dsrB|reductive|Desulfotignum_phosphitoxidans_DSM_13687	41.3	361	294
GCF_030913135_1__dsrB__NZ_JAVFKN010000017.1_11	T2G8V8|dsrB|reductive|Megalodesulfovibrio_gigas	41.8	354	294
GCF_030913135_1__dsrB__NZ_JAVFKN010000017.1_11	Q9K5B8|dsrB|reductive|Desulfobulbus_rhabdoformis	41.4	348	293
GCF_030913135_1__dsrB__NZ_JAVFKN010000017.1_11	A0ABS1E8E7|dsrA|oxidative|Halorhodospira_neutriphila	21.3	277	60.8
GCF_030913135_1__dsrB__NZ_JAVFKN010000017.1_11	A0ABY9MRG6|dsrA|oxidative|Thiothrix_lacustris	20.7	324	58.9
GCF_030913135_1__dsrB__NZ_JAVFKN010000017.1_11	O33998|dsrA|oxidative|Allochromatium_vinosum	20.7	276	58.5
GCF_030913135_1__dsrB__NZ_JAVFKN010000017.1_11	E0D1Z2|dsrA|oxidative|Thiocapsa_marina	20.9	268	55.8
GCF_030913135_1__dsrB__NZ_JAVFKN010000017.1_11	B5YIF2|dsrA|reductive|Thermodesulfovibrio_yellowstonii	24.6	284	53.9
GCF_030913135_1__dsrB__NZ_JAVFKN010000017.1_11	A0L9L4|dsrA|oxidative|Magnetococcus_marinus	20.7	276	53.1
GCF_030913135_1__dsrB__NZ_JAVFKN010000017.1_11	N0BK96|dsrA|reductive|Archaeoglobus_sulfaticallidus_PM70-1	21.9	274	50.8
GCF_030913135_1__dsrB__NZ_JAVFKN010000017.1_11	Q8K5E9|dsrA|oxidative|Chlorobaculum_tepidum	22.1	285	50.4
GCF_030913135_1__dsrB__NZ_JAVFKN010000017.1_11	T2G7Q3|dsrA|reductive|Megalodesulfovibrio_gigas	24.8	137	42.7
GCF_030913135_1__dsrB__NZ_JAVFKN010000017.1_11	Q9F4A3|dsrA|reductive|Desulfovibrio_desulfuricans	25.6	133	42.4
GCF_030913135_1__dsrB__NZ_JAVFKN010000017.1_11	A0A5C4RXN4|dsrA|oxidative|Chlorobaculum_thiosulfatiphilum	22.2	293	41.6
GCF_030913135_1__dsrB__NZ_JAVFKN010000017.1_11	Q5ZQR5|dsrA|reductive|Desulfosudis_oleivorans	22.7	132	40.4
GCF_030913135_1__dsrB__NZ_JAVFKN010000017.1_11	P45574|dsrA|reductive|Nitratidesulfovibrio_vulgaris	25.6	133	40.4
GCF_030913135_1__dsrB__NZ_JAVFKN010000017.1_11	Q9K5B9|dsrA|reductive|Desulfobulbus_rhabdoformis	21.0	300	40.0
GCF_030913135_1__dsrB__NZ_JAVFKN010000017.1_11	A1BCS1|dsrA|oxidative|Chlorobium_phaeobacteroides	19.6	276	39.3
GCF_030913135_1__dsrB__NZ_JAVFKN010000017.1_11	S0FXQ9|dsrA|reductive|Desulfotignum_phosphitoxidans_DSM_13687	19.9	306	38.1
GCF_031280615_1__dsrA__NZ_JAITGO010000023.1_161	Q9K5B9|dsrA|reductive|Desulfobulbus_rhabdoformis	88.8	428	832
GCF_031280615_1__dsrA__NZ_JAITGO010000023.1_161	Q9K5B5|dsrA|reductive|Desulfobacter_vibrioformis	66.5	439	629
GCF_031280615_1__dsrA__NZ_JAITGO010000023.1_161	S0FXQ9|dsrA|reductive|Desulfotignum_phosphitoxidans_DSM_13687	64.5	440	616
GCF_031280615_1__dsrA__NZ_JAITGO010000023.1_161	P45574|dsrA|reductive|Nitratidesulfovibrio_vulgaris	64.4	441	612
GCF_031280615_1__dsrA__NZ_JAITGO010000023.1_161	T2G7Q3|dsrA|reductive|Megalodesulfovibrio_gigas	63.1	439	597
GCF_031280615_1__dsrA__NZ_JAITGO010000023.1_161	Q9F4A3|dsrA|reductive|Desulfovibrio_desulfuricans	61.3	439	583
GCF_031280615_1__dsrA__NZ_JAITGO010000023.1_161	Q5ZQS3|dsrA|reductive|Desulfomicrobium_baculatum	63.8	370	533
GCF_031280615_1__dsrA__NZ_JAITGO010000023.1_161	Q5ZQR5|dsrA|reductive|Desulfosudis_oleivorans	62.7	370	504
GCF_031280615_1__dsrA__NZ_JAITGO010000023.1_161	Q93EV7|dsrA|reductive|Thermodesulfobacterium_commune	62.0	376	494
GCF_031280615_1__dsrA__NZ_JAITGO010000023.1_161	Q93EU9|dsrA|reductive|Desulfarculus_baarsii	59.3	376	475
GCF_031280615_1__dsrA__NZ_JAITGO010000023.1_161	Q59109|dsrA|reductive|Archaeoglobus_fulgidus	53.9	421	467
GCF_031280615_1__dsrA__NZ_JAITGO010000023.1_161	N0BK96|dsrA|reductive|Archaeoglobus_sulfaticallidus_PM70-1	54.7	413	465
GCF_031280615_1__dsrA__NZ_JAITGO010000023.1_161	Q251E4|dsrA|reductive|Desulfitobacterium_hafniense	52.3	413	460
GCF_031280615_1__dsrA__NZ_JAITGO010000023.1_161	B5YIF2|dsrA|reductive|Thermodesulfovibrio_yellowstonii	54.3	409	460
GCF_031280615_1__dsrA__NZ_JAITGO010000023.1_161	A0ABT8QKK2|dsrA|reductive|Desulfosporosinus_nitroreducens	50.6	413	459
GCF_031280615_1__dsrA__NZ_JAITGO010000023.1_161	Q5ZQT9|dsrA|reductive|Archaeoglobus_veneficus	51.8	357	378
GCF_031280615_1__dsrA__NZ_JAITGO010000023.1_161	O33998|dsrA|oxidative|Allochromatium_vinosum	43.1	432	366
GCF_031280615_1__dsrA__NZ_JAITGO010000023.1_161	A0L9L4|dsrA|oxidative|Magnetococcus_marinus	43.7	410	357
GCF_031280615_1__dsrA__NZ_JAITGO010000023.1_161	A0ABS1E8E7|dsrA|oxidative|Halorhodospira_neutriphila	43.7	407	353
GCF_031280615_1__dsrA__NZ_JAITGO010000023.1_161	A0ABY9MRG6|dsrA|oxidative|Thiothrix_lacustris	42.2	408	345
GCF_031280615_1__dsrA__NZ_JAITGO010000023.1_161	Q8K5E9|dsrA|oxidative|Chlorobaculum_tepidum	42.0	402	343
GCF_031280615_1__dsrA__NZ_JAITGO010000023.1_161	A1BCS1|dsrA|oxidative|Chlorobium_phaeobacteroides	41.8	400	340
GCF_031280615_1__dsrA__NZ_JAITGO010000023.1_161	A0A5C4RXN4|dsrA|oxidative|Chlorobaculum_thiosulfatiphilum	41.8	402	339
GCF_031280615_1__dsrA__NZ_JAITGO010000023.1_161	E0D1Z2|dsrA|oxidative|Thiocapsa_marina	42.0	312	267
GCF_031280615_1__dsrA__NZ_JAITGO010000023.1_161	B5YIF3|dsrB|reductive|Thermodesulfovibrio_yellowstonii	25.9	316	85.1
GCF_031280615_1__dsrA__NZ_JAITGO010000023.1_161	A0ABT8QNA5|dsrB|reductive|Desulfosporosinus_nitroreducens	24.0	334	74.7
GCF_031280615_1__dsrA__NZ_JAITGO010000023.1_161	Q251E3|dsrB|reductive|Desulfitobacterium_hafniense	23.0	309	73.6
GCF_031280615_1__dsrA__NZ_JAITGO010000023.1_161	Q9K5B4|dsrB|reductive|Desulfobacter_vibrioformis	22.2	324	66.2
GCF_031280615_1__dsrA__NZ_JAITGO010000023.1_161	S0G5M9|dsrB|reductive|Desulfotignum_phosphitoxidans_DSM_13687	22.1	340	63.2
GCF_031280615_1__dsrA__NZ_JAITGO010000023.1_161	T2G8V8|dsrB|reductive|Megalodesulfovibrio_gigas	21.6	320	62.8
GCF_031280615_1__dsrA__NZ_JAITGO010000023.1_161	E1QFJ3|dsrB|reductive|Desulfarculus_baarsii	24.6	284	62.0
GCF_031280615_1__dsrA__NZ_JAITGO010000023.1_161	A1BCS2|dsrB|oxidative|Chlorobium_phaeobacteroides	22.0	322	54.3
GCF_031280615_1__dsrA__NZ_JAITGO010000023.1_161	P45575|dsrB|reductive|Nitratidesulfovibrio_vulgaris	21.0	333	53.1
GCF_031280615_1__dsrA__NZ_JAITGO010000023.1_161	Q8KE39|dsrB|oxidative|Chlorobaculum_tepidum	21.5	330	52.0
GCF_031280615_1__dsrA__NZ_JAITGO010000023.1_161	A0A5C4RYG3|dsrB|oxidative|Chlorobaculum_thiosulfatiphilum	21.4	323	50.8
GCF_031280615_1__dsrA__NZ_JAITGO010000023.1_161	Q9F4A2|dsrB|reductive|Desulfovibrio_desulfuricans	20.1	333	49.3
GCF_031280615_1__dsrA__NZ_JAITGO010000023.1_161	A0L9L5|dsrB|oxidative|Magnetococcus_marinus	22.1	253	43.9
GCF_031280615_1__dsrA__NZ_JAITGO010000023.1_161	A0ABS1E5W7|dsrB|oxidative|Halorhodospira_neutriphila	19.8	328	41.6
GCF_031280615_1__dsrA__NZ_JAITGO010000023.1_161	A0ABY9MNZ8|dsrB|oxidative|Thiothrix_lacustris	21.0	290	39.7
GCF_031280615_1__dsrA__NZ_JAITGO010000023.1_161	O33999|dsrB|oxidative|Allochromatium_vinosum	20.0	300	38.5
GCF_031280615_1__dsrB__NZ_JAITGO010000023.1_162	Q9K5B8|dsrB|reductive|Desulfobulbus_rhabdoformis	91.8	380	735
GCF_031280615_1__dsrB__NZ_JAITGO010000023.1_162	E1QFJ3|dsrB|reductive|Desulfarculus_baarsii	68.1	360	526
GCF_031280615_1__dsrB__NZ_JAITGO010000023.1_162	T2G8V8|dsrB|reductive|Megalodesulfovibrio_gigas	64.1	379	521
GCF_031280615_1__dsrB__NZ_JAITGO010000023.1_162	Q9K5B4|dsrB|reductive|Desulfobacter_vibrioformis	64.4	376	515
GCF_031280615_1__dsrB__NZ_JAITGO010000023.1_162	S0G5M9|dsrB|reductive|Desulfotignum_phosphitoxidans_DSM_13687	64.6	376	514
GCF_031280615_1__dsrB__NZ_JAITGO010000023.1_162	Q9F4A2|dsrB|reductive|Desulfovibrio_desulfuricans	63.3	376	506
GCF_031280615_1__dsrB__NZ_JAITGO010000023.1_162	P45575|dsrB|reductive|Nitratidesulfovibrio_vulgaris	63.0	376	506
GCF_031280615_1__dsrB__NZ_JAITGO010000023.1_162	A4J9D5|dsrB|reductive|Desulforamulus_reducens	61.2	358	470
GCF_031280615_1__dsrB__NZ_JAITGO010000023.1_162	N0BL33|dsrB|reductive|Archaeoglobus_sulfaticallidus_PM70-1	57.8	370	460
GCF_031280615_1__dsrB__NZ_JAITGO010000023.1_162	Q251E3|dsrB|reductive|Desulfitobacterium_hafniense	58.5	359	447
GCF_031280615_1__dsrB__NZ_JAITGO010000023.1_162	A0ABT8QNA5|dsrB|reductive|Desulfosporosinus_nitroreducens	57.7	362	445
GCF_031280615_1__dsrB__NZ_JAITGO010000023.1_162	B5YIF3|dsrB|reductive|Thermodesulfovibrio_yellowstonii	57.3	361	442
GCF_031280615_1__dsrB__NZ_JAITGO010000023.1_162	Q59110|dsrB|reductive|Archaeoglobus_fulgidus	56.2	372	426
GCF_031280615_1__dsrB__NZ_JAITGO010000023.1_162	A1BCS2|dsrB|oxidative|Chlorobium_phaeobacteroides	46.1	360	350
GCF_031280615_1__dsrB__NZ_JAITGO010000023.1_162	Q8KE39|dsrB|oxidative|Chlorobaculum_tepidum	44.4	360	336
GCF_031280615_1__dsrB__NZ_JAITGO010000023.1_162	A0A5C4RYG3|dsrB|oxidative|Chlorobaculum_thiosulfatiphilum	44.2	360	336
GCF_031280615_1__dsrB__NZ_JAITGO010000023.1_162	A0L9L5|dsrB|oxidative|Magnetococcus_marinus	43.6	362	324
GCF_031280615_1__dsrB__NZ_JAITGO010000023.1_162	L0DSF9|dsrB|oxidative|Thioalkalivibrio_nitratireducens	43.7	348	312
GCF_031280615_1__dsrB__NZ_JAITGO010000023.1_162	A0ABS1E5W7|dsrB|oxidative|Halorhodospira_neutriphila	46.5	353	311
GCF_031280615_1__dsrB__NZ_JAITGO010000023.1_162	O33999|dsrB|oxidative|Allochromatium_vinosum	43.1	348	308
GCF_031280615_1__dsrB__NZ_JAITGO010000023.1_162	A0A9X0WG77|dsrB|oxidative|Thiocapsa_imhoffii	43.1	348	307
GCF_031280615_1__dsrB__NZ_JAITGO010000023.1_162	A0ABY9MNZ8|dsrB|oxidative|Thiothrix_lacustris	43.7	348	306
GCF_031280615_1__dsrB__NZ_JAITGO010000023.1_162	A0ABS1E8E7|dsrA|oxidative|Halorhodospira_neutriphila	25.4	236	73.6
GCF_031280615_1__dsrB__NZ_JAITGO010000023.1_162	E0D1Z2|dsrA|oxidative|Thiocapsa_marina	25.3	225	68.9
GCF_031280615_1__dsrB__NZ_JAITGO010000023.1_162	A0L9L4|dsrA|oxidative|Magnetococcus_marinus	25.6	238	67.8
GCF_031280615_1__dsrB__NZ_JAITGO010000023.1_162	A1BCS1|dsrA|oxidative|Chlorobium_phaeobacteroides	26.2	313	66.6
GCF_031280615_1__dsrB__NZ_JAITGO010000023.1_162	Q8K5E9|dsrA|oxidative|Chlorobaculum_tepidum	25.2	318	66.2
GCF_031280615_1__dsrB__NZ_JAITGO010000023.1_162	A0A5C4RXN4|dsrA|oxidative|Chlorobaculum_thiosulfatiphilum	25.6	320	65.9
GCF_031280615_1__dsrB__NZ_JAITGO010000023.1_162	N0BK96|dsrA|reductive|Archaeoglobus_sulfaticallidus_PM70-1	24.4	303	63.9
GCF_031280615_1__dsrB__NZ_JAITGO010000023.1_162	A0ABT8QKK2|dsrA|reductive|Desulfosporosinus_nitroreducens	23.1	308	61.6
GCF_031280615_1__dsrB__NZ_JAITGO010000023.1_162	B5YIF2|dsrA|reductive|Thermodesulfovibrio_yellowstonii	24.2	310	59.3
GCF_031280615_1__dsrB__NZ_JAITGO010000023.1_162	T2G7Q3|dsrA|reductive|Megalodesulfovibrio_gigas	24.1	257	56.6
GCF_031280615_1__dsrB__NZ_JAITGO010000023.1_162	Q9K5B5|dsrA|reductive|Desulfobacter_vibrioformis	22.7	251	50.8
GCF_031280615_1__dsrB__NZ_JAITGO010000023.1_162	Q9K5B9|dsrA|reductive|Desulfobulbus_rhabdoformis	22.1	308	48.9
GCF_031280615_1__dsrB__NZ_JAITGO010000023.1_162	S0FXQ9|dsrA|reductive|Desulfotignum_phosphitoxidans_DSM_13687	24.0	246	48.9
GCF_031280615_1__dsrB__NZ_JAITGO010000023.1_162	Q9F4A3|dsrA|reductive|Desulfovibrio_desulfuricans	21.8	257	46.2
GCF_031280615_1__dsrB__NZ_JAITGO010000023.1_162	Q93EV7|dsrA|reductive|Thermodesulfobacterium_commune	29.8	104	45.1
GCF_031280615_1__dsrB__NZ_JAITGO010000023.1_162	Q5ZQR5|dsrA|reductive|Desulfosudis_oleivorans	18.9	265	44.7
GCF_031280615_1__dsrB__NZ_JAITGO010000023.1_162	P45574|dsrA|reductive|Nitratidesulfovibrio_vulgaris	22.1	258	43.5
GCF_031280615_1__dsrB__NZ_JAITGO010000023.1_162	Q93EU9|dsrA|reductive|Desulfarculus_baarsii	18.7	246	38.9
GCF_032027065_1__dsrA__NZ_JAVSMT010000002.1_89	A0ABS1E8E7|dsrA|oxidative|Halorhodospira_neutriphila	60.0	427	534
GCF_032027065_1__dsrA__NZ_JAVSMT010000002.1_89	O33998|dsrA|oxidative|Allochromatium_vinosum	57.5	431	498
GCF_032027065_1__dsrA__NZ_JAVSMT010000002.1_89	A0ABY9MRG6|dsrA|oxidative|Thiothrix_lacustris	53.6	442	470
GCF_032027065_1__dsrA__NZ_JAVSMT010000002.1_89	A1BCS1|dsrA|oxidative|Chlorobium_phaeobacteroides	49.8	410	427
GCF_032027065_1__dsrA__NZ_JAVSMT010000002.1_89	A0L9L4|dsrA|oxidative|Magnetococcus_marinus	50.0	410	425
GCF_032027065_1__dsrA__NZ_JAVSMT010000002.1_89	Q8K5E9|dsrA|oxidative|Chlorobaculum_tepidum	50.1	411	423
GCF_032027065_1__dsrA__NZ_JAVSMT010000002.1_89	A0A5C4RXN4|dsrA|oxidative|Chlorobaculum_thiosulfatiphilum	50.4	411	420
GCF_032027065_1__dsrA__NZ_JAVSMT010000002.1_89	N0BK96|dsrA|reductive|Archaeoglobus_sulfaticallidus_PM70-1	46.3	423	370
GCF_032027065_1__dsrA__NZ_JAVSMT010000002.1_89	Q251E4|dsrA|reductive|Desulfitobacterium_hafniense	44.8	406	359
GCF_032027065_1__dsrA__NZ_JAVSMT010000002.1_89	Q9K5B9|dsrA|reductive|Desulfobulbus_rhabdoformis	43.0	423	358
GCF_032027065_1__dsrA__NZ_JAVSMT010000002.1_89	E0D1Z2|dsrA|oxidative|Thiocapsa_marina	57.0	298	352
GCF_032027065_1__dsrA__NZ_JAVSMT010000002.1_89	A0ABT8QKK2|dsrA|reductive|Desulfosporosinus_nitroreducens	43.7	410	352
GCF_032027065_1__dsrA__NZ_JAVSMT010000002.1_89	S0FXQ9|dsrA|reductive|Desulfotignum_phosphitoxidans_DSM_13687	41.3	438	338
GCF_032027065_1__dsrA__NZ_JAVSMT010000002.1_89	Q9K5B5|dsrA|reductive|Desulfobacter_vibrioformis	40.7	437	335
GCF_032027065_1__dsrA__NZ_JAVSMT010000002.1_89	B5YIF2|dsrA|reductive|Thermodesulfovibrio_yellowstonii	41.8	423	332
GCF_032027065_1__dsrA__NZ_JAVSMT010000002.1_89	Q59109|dsrA|reductive|Archaeoglobus_fulgidus	42.1	423	327
GCF_032027065_1__dsrA__NZ_JAVSMT010000002.1_89	T2G7Q3|dsrA|reductive|Megalodesulfovibrio_gigas	40.1	434	326
GCF_032027065_1__dsrA__NZ_JAVSMT010000002.1_89	P45574|dsrA|reductive|Nitratidesulfovibrio_vulgaris	40.8	434	325
GCF_032027065_1__dsrA__NZ_JAVSMT010000002.1_89	Q9F4A3|dsrA|reductive|Desulfovibrio_desulfuricans	39.2	457	316
GCF_032027065_1__dsrA__NZ_JAVSMT010000002.1_89	Q5ZQS3|dsrA|reductive|Desulfomicrobium_baculatum	40.6	392	290
GCF_032027065_1__dsrA__NZ_JAVSMT010000002.1_89	Q93EU9|dsrA|reductive|Desulfarculus_baarsii	42.1	363	288
GCF_032027065_1__dsrA__NZ_JAVSMT010000002.1_89	Q93EV7|dsrA|reductive|Thermodesulfobacterium_commune	40.1	372	268
GCF_032027065_1__dsrA__NZ_JAVSMT010000002.1_89	Q5ZQT9|dsrA|reductive|Archaeoglobus_veneficus	39.3	359	265
GCF_032027065_1__dsrA__NZ_JAVSMT010000002.1_89	Q5ZQR5|dsrA|reductive|Desulfosudis_oleivorans	38.2	369	264
GCF_032027065_1__dsrA__NZ_JAVSMT010000002.1_89	A0ABT8QNA5|dsrB|reductive|Desulfosporosinus_nitroreducens	23.9	259	84.0
GCF_032027065_1__dsrA__NZ_JAVSMT010000002.1_89	Q251E3|dsrB|reductive|Desulfitobacterium_hafniense	24.0	329	82.0
GCF_032027065_1__dsrA__NZ_JAVSMT010000002.1_89	Q9F4A2|dsrB|reductive|Desulfovibrio_desulfuricans	25.1	335	80.9
GCF_032027065_1__dsrA__NZ_JAVSMT010000002.1_89	P45575|dsrB|reductive|Nitratidesulfovibrio_vulgaris	22.9	280	80.5
GCF_032027065_1__dsrA__NZ_JAVSMT010000002.1_89	T2G8V8|dsrB|reductive|Megalodesulfovibrio_gigas	23.8	261	78.6
GCF_032027065_1__dsrA__NZ_JAVSMT010000002.1_89	B5YIF3|dsrB|reductive|Thermodesulfovibrio_yellowstonii	24.6	264	77.4
GCF_032027065_1__dsrA__NZ_JAVSMT010000002.1_89	N0BL33|dsrB|reductive|Archaeoglobus_sulfaticallidus_PM70-1	23.6	331	70.9
GCF_032027065_1__dsrA__NZ_JAVSMT010000002.1_89	Q9K5B8|dsrB|reductive|Desulfobulbus_rhabdoformis	24.4	254	70.1
GCF_032027065_1__dsrA__NZ_JAVSMT010000002.1_89	Q59110|dsrB|reductive|Archaeoglobus_fulgidus	23.9	284	69.7
GCF_032027065_1__dsrA__NZ_JAVSMT010000002.1_89	A4J9D5|dsrB|reductive|Desulforamulus_reducens	24.5	253	67.8
GCF_032027065_1__dsrA__NZ_JAVSMT010000002.1_89	E1QFJ3|dsrB|reductive|Desulfarculus_baarsii	25.7	265	66.6
GCF_032027065_1__dsrA__NZ_JAVSMT010000002.1_89	Q9K5B4|dsrB|reductive|Desulfobacter_vibrioformis	20.7	261	65.9
GCF_032027065_1__dsrA__NZ_JAVSMT010000002.1_89	S0G5M9|dsrB|reductive|Desulfotignum_phosphitoxidans_DSM_13687	21.1	261	65.5
GCF_032027065_1__dsrA__NZ_JAVSMT010000002.1_89	A0L9L5|dsrB|oxidative|Magnetococcus_marinus	20.1	269	58.5
GCF_032027065_1__dsrA__NZ_JAVSMT010000002.1_89	A0ABS1E5W7|dsrB|oxidative|Halorhodospira_neutriphila	21.8	271	58.2
GCF_032027065_1__dsrA__NZ_JAVSMT010000002.1_89	A0A5C4RYG3|dsrB|oxidative|Chlorobaculum_thiosulfatiphilum	20.4	304	57.4
GCF_032027065_1__dsrA__NZ_JAVSMT010000002.1_89	Q8KE39|dsrB|oxidative|Chlorobaculum_tepidum	20.6	306	56.2
GCF_032027065_1__dsrA__NZ_JAVSMT010000002.1_89	A1BCS2|dsrB|oxidative|Chlorobium_phaeobacteroides	21.2	306	52.8
GCF_032027065_1__dsrA__NZ_JAVSMT010000002.1_89	A0A9X0WG77|dsrB|oxidative|Thiocapsa_imhoffii	21.6	292	51.6
GCF_032027065_1__dsrA__NZ_JAVSMT010000002.1_89	O33999|dsrB|oxidative|Allochromatium_vinosum	21.6	292	50.4
GCF_032027065_1__dsrA__NZ_JAVSMT010000002.1_89	L0DSF9|dsrB|oxidative|Thioalkalivibrio_nitratireducens	19.9	292	44.3
GCF_032027065_1__dsrA__NZ_JAVSMT010000002.1_89	A0ABY9MNZ8|dsrB|oxidative|Thiothrix_lacustris	20.5	293	42.7
GCF_032027065_1__dsrB__NZ_JAVSMT010000001.1_592	L0DSF9|dsrB|oxidative|Thioalkalivibrio_nitratireducens	74.5	353	588
GCF_032027065_1__dsrB__NZ_JAVSMT010000001.1_592	O33999|dsrB|oxidative|Allochromatium_vinosum	71.9	356	574
GCF_032027065_1__dsrB__NZ_JAVSMT010000001.1_592	A0A9X0WG77|dsrB|oxidative|Thiocapsa_imhoffii	71.1	356	571
GCF_032027065_1__dsrB__NZ_JAVSMT010000001.1_592	A0ABY9MNZ8|dsrB|oxidative|Thiothrix_lacustris	68.1	354	550
GCF_032027065_1__dsrB__NZ_JAVSMT010000001.1_592	A0ABS1E5W7|dsrB|oxidative|Halorhodospira_neutriphila	67.6	352	541
GCF_032027065_1__dsrB__NZ_JAVSMT010000001.1_592	A0L9L5|dsrB|oxidative|Magnetococcus_marinus	64.7	351	494
GCF_032027065_1__dsrB__NZ_JAVSMT010000001.1_592	A0A5C4RYG3|dsrB|oxidative|Chlorobaculum_thiosulfatiphilum	61.0	349	472
GCF_032027065_1__dsrB__NZ_JAVSMT010000001.1_592	Q8KE39|dsrB|oxidative|Chlorobaculum_tepidum	60.7	349	471
GCF_032027065_1__dsrB__NZ_JAVSMT010000001.1_592	A1BCS2|dsrB|oxidative|Chlorobium_phaeobacteroides	60.7	349	468
GCF_032027065_1__dsrB__NZ_JAVSMT010000001.1_592	N0BL33|dsrB|reductive|Archaeoglobus_sulfaticallidus_PM70-1	45.3	364	342
GCF_032027065_1__dsrB__NZ_JAVSMT010000001.1_592	Q251E3|dsrB|reductive|Desulfitobacterium_hafniense	48.4	339	340
GCF_032027065_1__dsrB__NZ_JAVSMT010000001.1_592	A4J9D5|dsrB|reductive|Desulforamulus_reducens	45.4	359	339
GCF_032027065_1__dsrB__NZ_JAVSMT010000001.1_592	A0ABT8QNA5|dsrB|reductive|Desulfosporosinus_nitroreducens	46.4	351	337
GCF_032027065_1__dsrB__NZ_JAVSMT010000001.1_592	B5YIF3|dsrB|reductive|Thermodesulfovibrio_yellowstonii	46.8	333	324
GCF_032027065_1__dsrB__NZ_JAVSMT010000001.1_592	Q59110|dsrB|reductive|Archaeoglobus_fulgidus	44.8	337	313
GCF_032027065_1__dsrB__NZ_JAVSMT010000001.1_592	T2G8V8|dsrB|reductive|Megalodesulfovibrio_gigas	43.6	342	308
GCF_032027065_1__dsrB__NZ_JAVSMT010000001.1_592	Q9K5B4|dsrB|reductive|Desulfobacter_vibrioformis	43.9	351	305
GCF_032027065_1__dsrB__NZ_JAVSMT010000001.1_592	S0G5M9|dsrB|reductive|Desulfotignum_phosphitoxidans_DSM_13687	42.0	371	305
GCF_032027065_1__dsrB__NZ_JAVSMT010000001.1_592	E1QFJ3|dsrB|reductive|Desulfarculus_baarsii	42.7	342	302
GCF_032027065_1__dsrB__NZ_JAVSMT010000001.1_592	P45575|dsrB|reductive|Nitratidesulfovibrio_vulgaris	40.7	359	297
GCF_032027065_1__dsrB__NZ_JAVSMT010000001.1_592	Q9K5B8|dsrB|reductive|Desulfobulbus_rhabdoformis	42.5	334	293
GCF_032027065_1__dsrB__NZ_JAVSMT010000001.1_592	Q9F4A2|dsrB|reductive|Desulfovibrio_desulfuricans	41.4	353	292
GCF_032027065_1__dsrB__NZ_JAVSMT010000001.1_592	O33998|dsrA|oxidative|Allochromatium_vinosum	21.5	298	76.3
GCF_032027065_1__dsrB__NZ_JAVSMT010000001.1_592	A0ABY9MRG6|dsrA|oxidative|Thiothrix_lacustris	21.4	295	73.9
GCF_032027065_1__dsrB__NZ_JAVSMT010000001.1_592	E0D1Z2|dsrA|oxidative|Thiocapsa_marina	21.7	276	72.8
GCF_032027065_1__dsrB__NZ_JAVSMT010000001.1_592	B5YIF2|dsrA|reductive|Thermodesulfovibrio_yellowstonii	23.4	282	72.0
GCF_032027065_1__dsrB__NZ_JAVSMT010000001.1_592	A0ABS1E8E7|dsrA|oxidative|Halorhodospira_neutriphila	22.1	285	72.0
GCF_032027065_1__dsrB__NZ_JAVSMT010000001.1_592	Q8K5E9|dsrA|oxidative|Chlorobaculum_tepidum	23.5	311	67.0
GCF_032027065_1__dsrB__NZ_JAVSMT010000001.1_592	N0BK96|dsrA|reductive|Archaeoglobus_sulfaticallidus_PM70-1	22.7	322	65.1
GCF_032027065_1__dsrB__NZ_JAVSMT010000001.1_592	A0A5C4RXN4|dsrA|oxidative|Chlorobaculum_thiosulfatiphilum	23.6	314	60.5
GCF_032027065_1__dsrB__NZ_JAVSMT010000001.1_592	A0L9L4|dsrA|oxidative|Magnetococcus_marinus	20.6	282	58.5
GCF_032027065_1__dsrB__NZ_JAVSMT010000001.1_592	Q251E4|dsrA|reductive|Desulfitobacterium_hafniense	21.4	290	57.8
GCF_032027065_1__dsrB__NZ_JAVSMT010000001.1_592	A1BCS1|dsrA|oxidative|Chlorobium_phaeobacteroides	21.6	306	55.1
GCF_032027065_1__dsrB__NZ_JAVSMT010000001.1_592	Q9K5B9|dsrA|reductive|Desulfobulbus_rhabdoformis	21.8	308	53.9
GCF_032027065_1__dsrB__NZ_JAVSMT010000001.1_592	Q5ZQR5|dsrA|reductive|Desulfosudis_oleivorans	20.7	256	52.8
GCF_032027065_1__dsrB__NZ_JAVSMT010000001.1_592	Q9F4A3|dsrA|reductive|Desulfovibrio_desulfuricans	20.7	305	51.6
GCF_032027065_1__dsrB__NZ_JAVSMT010000001.1_592	Q59109|dsrA|reductive|Archaeoglobus_fulgidus	21.0	310	51.2
GCF_032027065_1__dsrB__NZ_JAVSMT010000001.1_592	Q9K5B5|dsrA|reductive|Desulfobacter_vibrioformis	21.2	307	48.5
GCF_032027065_1__dsrB__NZ_JAVSMT010000001.1_592	A0ABT8QKK2|dsrA|reductive|Desulfosporosinus_nitroreducens	19.6	271	48.1
GCF_032027065_1__dsrB__NZ_JAVSMT010000001.1_592	T2G7Q3|dsrA|reductive|Megalodesulfovibrio_gigas	21.2	260	46.6
GCF_032027065_1__dsrB__NZ_JAVSMT010000001.1_592	S0FXQ9|dsrA|reductive|Desulfotignum_phosphitoxidans_DSM_13687	21.4	262	46.6
GCF_032027065_1__dsrB__NZ_JAVSMT010000001.1_592	P45574|dsrA|reductive|Nitratidesulfovibrio_vulgaris	20.8	308	45.8
GCF_032027065_1__dsrB__NZ_JAVSMT010000001.1_592	Q93EU9|dsrA|reductive|Desulfarculus_baarsii	20.4	309	44.3
GCF_032027065_1__dsrB__NZ_JAVSMT010000001.1_592	Q93EV7|dsrA|reductive|Thermodesulfobacterium_commune	20.5	346	43.5
GCF_032027065_1__dsrB__NZ_JAVSMT010000001.1_592	Q5ZQS3|dsrA|reductive|Desulfomicrobium_baculatum	20.0	305	41.6
GCF_040450955_1__dsrB__NZ_CP144373.1_1688	B5YIF3|dsrB|reductive|Thermodesulfovibrio_yellowstonii	95.6	366	742
GCF_040450955_1__dsrB__NZ_CP144373.1_1688	A4J9D5|dsrB|reductive|Desulforamulus_reducens	60.5	352	475
GCF_040450955_1__dsrB__NZ_CP144373.1_1688	N0BL33|dsrB|reductive|Archaeoglobus_sulfaticallidus_PM70-1	57.2	360	455
GCF_040450955_1__dsrB__NZ_CP144373.1_1688	A0ABT8QNA5|dsrB|reductive|Desulfosporosinus_nitroreducens	56.9	348	454
GCF_040450955_1__dsrB__NZ_CP144373.1_1688	E1QFJ3|dsrB|reductive|Desulfarculus_baarsii	57.1	357	449
GCF_040450955_1__dsrB__NZ_CP144373.1_1688	Q251E3|dsrB|reductive|Desulfitobacterium_hafniense	54.9	348	433
GCF_040450955_1__dsrB__NZ_CP144373.1_1688	T2G8V8|dsrB|reductive|Megalodesulfovibrio_gigas	54.7	369	429
GCF_040450955_1__dsrB__NZ_CP144373.1_1688	Q9K5B8|dsrB|reductive|Desulfobulbus_rhabdoformis	54.8	361	424
GCF_040450955_1__dsrB__NZ_CP144373.1_1688	P45575|dsrB|reductive|Nitratidesulfovibrio_vulgaris	54.4	364	418
GCF_040450955_1__dsrB__NZ_CP144373.1_1688	Q59110|dsrB|reductive|Archaeoglobus_fulgidus	52.8	360	416
GCF_040450955_1__dsrB__NZ_CP144373.1_1688	Q9F4A2|dsrB|reductive|Desulfovibrio_desulfuricans	52.7	364	408
GCF_040450955_1__dsrB__NZ_CP144373.1_1688	Q9K5B4|dsrB|reductive|Desulfobacter_vibrioformis	51.4	368	406
GCF_040450955_1__dsrB__NZ_CP144373.1_1688	S0G5M9|dsrB|reductive|Desulfotignum_phosphitoxidans_DSM_13687	50.3	368	402
GCF_040450955_1__dsrB__NZ_CP144373.1_1688	A1BCS2|dsrB|oxidative|Chlorobium_phaeobacteroides	47.0	347	336
GCF_040450955_1__dsrB__NZ_CP144373.1_1688	Q8KE39|dsrB|oxidative|Chlorobaculum_tepidum	47.4	340	330
GCF_040450955_1__dsrB__NZ_CP144373.1_1688	A0A5C4RYG3|dsrB|oxidative|Chlorobaculum_thiosulfatiphilum	47.4	340	330
GCF_040450955_1__dsrB__NZ_CP144373.1_1688	O33999|dsrB|oxidative|Allochromatium_vinosum	45.8	343	322
GCF_040450955_1__dsrB__NZ_CP144373.1_1688	A0ABS1E5W7|dsrB|oxidative|Halorhodospira_neutriphila	45.6	333	319
GCF_040450955_1__dsrB__NZ_CP144373.1_1688	A0L9L5|dsrB|oxidative|Magnetococcus_marinus	45.3	340	318
GCF_040450955_1__dsrB__NZ_CP144373.1_1688	A0A9X0WG77|dsrB|oxidative|Thiocapsa_imhoffii	44.3	343	317
GCF_040450955_1__dsrB__NZ_CP144373.1_1688	L0DSF9|dsrB|oxidative|Thioalkalivibrio_nitratireducens	42.4	347	310
GCF_040450955_1__dsrB__NZ_CP144373.1_1688	A0ABY9MNZ8|dsrB|oxidative|Thiothrix_lacustris	44.0	336	308
GCF_040450955_1__dsrB__NZ_CP144373.1_1688	A0L9L4|dsrA|oxidative|Magnetococcus_marinus	27.5	291	101
GCF_040450955_1__dsrB__NZ_CP144373.1_1688	N0BK96|dsrA|reductive|Archaeoglobus_sulfaticallidus_PM70-1	28.4	289	97.4
GCF_040450955_1__dsrB__NZ_CP144373.1_1688	O33998|dsrA|oxidative|Allochromatium_vinosum	26.5	302	93.2
GCF_040450955_1__dsrB__NZ_CP144373.1_1688	E0D1Z2|dsrA|oxidative|Thiocapsa_marina	27.5	287	92.8
GCF_040450955_1__dsrB__NZ_CP144373.1_1688	A0ABS1E8E7|dsrA|oxidative|Halorhodospira_neutriphila	25.3	293	91.7
GCF_040450955_1__dsrB__NZ_CP144373.1_1688	A0ABY9MRG6|dsrA|oxidative|Thiothrix_lacustris	25.2	314	90.9
GCF_040450955_1__dsrB__NZ_CP144373.1_1688	Q8K5E9|dsrA|oxidative|Chlorobaculum_tepidum	26.2	286	86.3
GCF_040450955_1__dsrB__NZ_CP144373.1_1688	A0A5C4RXN4|dsrA|oxidative|Chlorobaculum_thiosulfatiphilum	26.6	286	86.3
GCF_040450955_1__dsrB__NZ_CP144373.1_1688	Q251E4|dsrA|reductive|Desulfitobacterium_hafniense	26.1	295	82.4
GCF_040450955_1__dsrB__NZ_CP144373.1_1688	Q93EV7|dsrA|reductive|Thermodesulfobacterium_commune	26.5	317	80.5
GCF_040450955_1__dsrB__NZ_CP144373.1_1688	Q9K5B5|dsrA|reductive|Desulfobacter_vibrioformis	26.7	315	80.1
GCF_040450955_1__dsrB__NZ_CP144373.1_1688	A0ABT8QKK2|dsrA|reductive|Desulfosporosinus_nitroreducens	25.2	298	79.7
GCF_040450955_1__dsrB__NZ_CP144373.1_1688	A1BCS1|dsrA|oxidative|Chlorobium_phaeobacteroides	25.1	279	79.7
GCF_040450955_1__dsrB__NZ_CP144373.1_1688	Q9K5B9|dsrA|reductive|Desulfobulbus_rhabdoformis	25.9	316	79.7
GCF_040450955_1__dsrB__NZ_CP144373.1_1688	S0FXQ9|dsrA|reductive|Desulfotignum_phosphitoxidans_DSM_13687	26.9	316	77.8
GCF_040450955_1__dsrB__NZ_CP144373.1_1688	Q5ZQR5|dsrA|reductive|Desulfosudis_oleivorans	24.3	313	75.9
GCF_040450955_1__dsrB__NZ_CP144373.1_1688	Q5ZQS3|dsrA|reductive|Desulfomicrobium_baculatum	27.7	318	73.6
GCF_040450955_1__dsrB__NZ_CP144373.1_1688	Q9F4A3|dsrA|reductive|Desulfovibrio_desulfuricans	25.8	314	70.9
GCF_040450955_1__dsrB__NZ_CP144373.1_1688	P45574|dsrA|reductive|Nitratidesulfovibrio_vulgaris	25.5	314	70.5
GCF_040450955_1__dsrB__NZ_CP144373.1_1688	Q93EU9|dsrA|reductive|Desulfarculus_baarsii	24.0	300	68.2
GCF_040450955_1__dsrB__NZ_CP144373.1_1688	T2G7Q3|dsrA|reductive|Megalodesulfovibrio_gigas	24.2	314	66.6
GCF_040451425_1__dsrA__NZ_CP144374.1_1782	B5YIF2|dsrA|reductive|Thermodesulfovibrio_yellowstonii	83.8	402	734
GCF_040451425_1__dsrA__NZ_CP144374.1_1782	N0BK96|dsrA|reductive|Archaeoglobus_sulfaticallidus_PM70-1	60.9	399	519
GCF_040451425_1__dsrA__NZ_CP144374.1_1782	Q59109|dsrA|reductive|Archaeoglobus_fulgidus	58.0	402	471
GCF_040451425_1__dsrA__NZ_CP144374.1_1782	Q251E4|dsrA|reductive|Desulfitobacterium_hafniense	55.4	392	463
GCF_040451425_1__dsrA__NZ_CP144374.1_1782	Q9K5B9|dsrA|reductive|Desulfobulbus_rhabdoformis	53.7	410	454
GCF_040451425_1__dsrA__NZ_CP144374.1_1782	A0ABT8QKK2|dsrA|reductive|Desulfosporosinus_nitroreducens	53.8	398	449
GCF_040451425_1__dsrA__NZ_CP144374.1_1782	P45574|dsrA|reductive|Nitratidesulfovibrio_vulgaris	51.7	418	426
GCF_040451425_1__dsrA__NZ_CP144374.1_1782	S0FXQ9|dsrA|reductive|Desulfotignum_phosphitoxidans_DSM_13687	50.1	423	425
GCF_040451425_1__dsrA__NZ_CP144374.1_1782	Q9F4A3|dsrA|reductive|Desulfovibrio_desulfuricans	51.4	418	424
GCF_040451425_1__dsrA__NZ_CP144374.1_1782	T2G7Q3|dsrA|reductive|Megalodesulfovibrio_gigas	50.7	418	422
GCF_040451425_1__dsrA__NZ_CP144374.1_1782	Q9K5B5|dsrA|reductive|Desulfobacter_vibrioformis	49.8	422	414
GCF_040451425_1__dsrA__NZ_CP144374.1_1782	Q93EU9|dsrA|reductive|Desulfarculus_baarsii	55.4	350	409
GCF_040451425_1__dsrA__NZ_CP144374.1_1782	Q93EV7|dsrA|reductive|Thermodesulfobacterium_commune	53.4	365	401
GCF_040451425_1__dsrA__NZ_CP144374.1_1782	Q5ZQT9|dsrA|reductive|Archaeoglobus_veneficus	55.6	338	397
GCF_040451425_1__dsrA__NZ_CP144374.1_1782	Q5ZQS3|dsrA|reductive|Desulfomicrobium_baculatum	51.6	353	383
GCF_040451425_1__dsrA__NZ_CP144374.1_1782	Q5ZQR5|dsrA|reductive|Desulfosudis_oleivorans	48.7	351	358
GCF_040451425_1__dsrA__NZ_CP144374.1_1782	A1BCS1|dsrA|oxidative|Chlorobium_phaeobacteroides	43.6	385	333
GCF_040451425_1__dsrA__NZ_CP144374.1_1782	Q8K5E9|dsrA|oxidative|Chlorobaculum_tepidum	42.0	386	329
GCF_040451425_1__dsrA__NZ_CP144374.1_1782	A0ABS1E8E7|dsrA|oxidative|Halorhodospira_neutriphila	43.0	405	328
GCF_040451425_1__dsrA__NZ_CP144374.1_1782	O33998|dsrA|oxidative|Allochromatium_vinosum	42.6	392	324
GCF_040451425_1__dsrA__NZ_CP144374.1_1782	A0A5C4RXN4|dsrA|oxidative|Chlorobaculum_thiosulfatiphilum	41.7	386	322
GCF_040451425_1__dsrA__NZ_CP144374.1_1782	A0L9L4|dsrA|oxidative|Magnetococcus_marinus	42.4	387	316
GCF_040451425_1__dsrA__NZ_CP144374.1_1782	A0ABY9MRG6|dsrA|oxidative|Thiothrix_lacustris	40.0	403	307
GCF_040451425_1__dsrA__NZ_CP144374.1_1782	E0D1Z2|dsrA|oxidative|Thiocapsa_marina	38.8	294	222
GCF_040451425_1__dsrA__NZ_CP144374.1_1782	Q251E3|dsrB|reductive|Desulfitobacterium_hafniense	24.4	312	84.7
GCF_040451425_1__dsrA__NZ_CP144374.1_1782	N0BL33|dsrB|reductive|Archaeoglobus_sulfaticallidus_PM70-1	25.6	297	78.6
GCF_040451425_1__dsrA__NZ_CP144374.1_1782	B5YIF3|dsrB|reductive|Thermodesulfovibrio_yellowstonii	26.5	253	76.6
GCF_040451425_1__dsrA__NZ_CP144374.1_1782	Q8KE39|dsrB|oxidative|Chlorobaculum_tepidum	23.3	275	62.0
GCF_040451425_1__dsrA__NZ_CP144374.1_1782	A0A5C4RYG3|dsrB|oxidative|Chlorobaculum_thiosulfatiphilum	22.9	275	60.1
GCF_040451425_1__dsrA__NZ_CP144374.1_1782	A0ABS1E5W7|dsrB|oxidative|Halorhodospira_neutriphila	22.1	276	59.3
GCF_040451425_1__dsrA__NZ_CP144374.1_1782	A0L9L5|dsrB|oxidative|Magnetococcus_marinus	23.0	274	58.2
GCF_040451425_1__dsrA__NZ_CP144374.1_1782	A1BCS2|dsrB|oxidative|Chlorobium_phaeobacteroides	23.5	281	57.4
GCF_040451425_1__dsrA__NZ_CP144374.1_1782	E1QFJ3|dsrB|reductive|Desulfarculus_baarsii	23.5	281	55.1
GCF_040451425_1__dsrA__NZ_CP144374.1_1782	Q9K5B8|dsrB|reductive|Desulfobulbus_rhabdoformis	23.0	226	51.2
GCF_040451425_1__dsrB__NZ_CP144374.1_1783	B5YIF3|dsrB|reductive|Thermodesulfovibrio_yellowstonii	87.9	364	686
GCF_040451425_1__dsrB__NZ_CP144374.1_1783	A4J9D5|dsrB|reductive|Desulforamulus_reducens	61.4	352	481
GCF_040451425_1__dsrB__NZ_CP144374.1_1783	N0BL33|dsrB|reductive|Archaeoglobus_sulfaticallidus_PM70-1	57.2	360	462
GCF_040451425_1__dsrB__NZ_CP144374.1_1783	A0ABT8QNA5|dsrB|reductive|Desulfosporosinus_nitroreducens	58.6	348	461
GCF_040451425_1__dsrB__NZ_CP144374.1_1783	E1QFJ3|dsrB|reductive|Desulfarculus_baarsii	59.1	357	459
GCF_040451425_1__dsrB__NZ_CP144374.1_1783	Q251E3|dsrB|reductive|Desulfitobacterium_hafniense	56.0	348	440
GCF_040451425_1__dsrB__NZ_CP144374.1_1783	P45575|dsrB|reductive|Nitratidesulfovibrio_vulgaris	56.3	364	432
GCF_040451425_1__dsrB__NZ_CP144374.1_1783	T2G8V8|dsrB|reductive|Megalodesulfovibrio_gigas	54.8	367	429
GCF_040451425_1__dsrB__NZ_CP144374.1_1783	Q59110|dsrB|reductive|Archaeoglobus_fulgidus	53.6	360	425
GCF_040451425_1__dsrB__NZ_CP144374.1_1783	Q9K5B8|dsrB|reductive|Desulfobulbus_rhabdoformis	55.7	361	425
GCF_040451425_1__dsrB__NZ_CP144374.1_1783	Q9F4A2|dsrB|reductive|Desulfovibrio_desulfuricans	54.4	364	422
GCF_040451425_1__dsrB__NZ_CP144374.1_1783	S0G5M9|dsrB|reductive|Desulfotignum_phosphitoxidans_DSM_13687	51.6	368	412
GCF_040451425_1__dsrB__NZ_CP144374.1_1783	Q9K5B4|dsrB|reductive|Desulfobacter_vibrioformis	51.1	368	412
GCF_040451425_1__dsrB__NZ_CP144374.1_1783	A1BCS2|dsrB|oxidative|Chlorobium_phaeobacteroides	48.3	354	351
GCF_040451425_1__dsrB__NZ_CP144374.1_1783	A0A5C4RYG3|dsrB|oxidative|Chlorobaculum_thiosulfatiphilum	47.8	347	345
GCF_040451425_1__dsrB__NZ_CP144374.1_1783	Q8KE39|dsrB|oxidative|Chlorobaculum_tepidum	47.3	347	343
GCF_040451425_1__dsrB__NZ_CP144374.1_1783	O33999|dsrB|oxidative|Allochromatium_vinosum	45.8	347	335
GCF_040451425_1__dsrB__NZ_CP144374.1_1783	A0ABS1E5W7|dsrB|oxidative|Halorhodospira_neutriphila	46.5	333	334
GCF_040451425_1__dsrB__NZ_CP144374.1_1783	A0A9X0WG77|dsrB|oxidative|Thiocapsa_imhoffii	44.4	347	329
GCF_040451425_1__dsrB__NZ_CP144374.1_1783	A0L9L5|dsrB|oxidative|Magnetococcus_marinus	45.0	347	326
GCF_040451425_1__dsrB__NZ_CP144374.1_1783	A0ABY9MNZ8|dsrB|oxidative|Thiothrix_lacustris	46.2	333	324
GCF_040451425_1__dsrB__NZ_CP144374.1_1783	L0DSF9|dsrB|oxidative|Thioalkalivibrio_nitratireducens	44.7	333	320
GCF_040451425_1__dsrB__NZ_CP144374.1_1783	A0ABS1E8E7|dsrA|oxidative|Halorhodospira_neutriphila	25.8	314	99.0
GCF_040451425_1__dsrB__NZ_CP144374.1_1783	A0L9L4|dsrA|oxidative|Magnetococcus_marinus	27.5	291	97.1
GCF_040451425_1__dsrB__NZ_CP144374.1_1783	O33998|dsrA|oxidative|Allochromatium_vinosum	26.9	305	96.7
GCF_040451425_1__dsrB__NZ_CP144374.1_1783	E0D1Z2|dsrA|oxidative|Thiocapsa_marina	27.6	290	94.4
GCF_040451425_1__dsrB__NZ_CP144374.1_1783	A0ABY9MRG6|dsrA|oxidative|Thiothrix_lacustris	24.2	314	88.6
GCF_040451425_1__dsrB__NZ_CP144374.1_1783	N0BK96|dsrA|reductive|Archaeoglobus_sulfaticallidus_PM70-1	26.3	289	87.8
GCF_040451425_1__dsrB__NZ_CP144374.1_1783	Q251E4|dsrA|reductive|Desulfitobacterium_hafniense	27.3	297	84.7
GCF_040451425_1__dsrB__NZ_CP144374.1_1783	Q8K5E9|dsrA|oxidative|Chlorobaculum_tepidum	25.7	334	84.3
GCF_040451425_1__dsrB__NZ_CP144374.1_1783	A0A5C4RXN4|dsrA|oxidative|Chlorobaculum_thiosulfatiphilum	26.3	338	82.0
GCF_040451425_1__dsrB__NZ_CP144374.1_1783	A0ABT8QKK2|dsrA|reductive|Desulfosporosinus_nitroreducens	24.0	333	77.4
GCF_040451425_1__dsrB__NZ_CP144374.1_1783	A1BCS1|dsrA|oxidative|Chlorobium_phaeobacteroides	24.8	326	76.3
GCF_040451425_1__dsrB__NZ_CP144374.1_1783	Q9K5B9|dsrA|reductive|Desulfobulbus_rhabdoformis	25.0	316	72.8
GCF_040451425_1__dsrB__NZ_CP144374.1_1783	Q93EV7|dsrA|reductive|Thermodesulfobacterium_commune	25.4	299	68.9
GCF_040451425_1__dsrB__NZ_CP144374.1_1783	Q9K5B5|dsrA|reductive|Desulfobacter_vibrioformis	25.6	250	68.9
GCF_040451425_1__dsrB__NZ_CP144374.1_1783	Q9F4A3|dsrA|reductive|Desulfovibrio_desulfuricans	24.5	314	67.0
GCF_040451425_1__dsrB__NZ_CP144374.1_1783	S0FXQ9|dsrA|reductive|Desulfotignum_phosphitoxidans_DSM_13687	26.0	254	66.2
GCF_040451425_1__dsrB__NZ_CP144374.1_1783	Q5ZQS3|dsrA|reductive|Desulfomicrobium_baculatum	25.8	314	63.2
GCF_040451425_1__dsrB__NZ_CP144374.1_1783	Q5ZQR5|dsrA|reductive|Desulfosudis_oleivorans	20.8	313	62.4
GCF_040451425_1__dsrB__NZ_CP144374.1_1783	Q93EU9|dsrA|reductive|Desulfarculus_baarsii	21.9	301	62.0
GCF_040451425_1__dsrB__NZ_CP144374.1_1783	T2G7Q3|dsrA|reductive|Megalodesulfovibrio_gigas	24.5	249	61.6
GCF_040451425_1__dsrB__NZ_CP144374.1_1783	P45574|dsrA|reductive|Nitratidesulfovibrio_vulgaris	23.9	314	61.2
