sample	family	count
GCA_000158135_1	acuI	10
GCA_000158135_1	asrA	2
GCA_000158135_1	asrC	1
GCA_000158135_1	betA	10
GCA_000158135_1	betB	19
GCA_000158135_1	betC	8
GCA_000158135_1	comB	3
GCA_000158135_1	comC	2
GCA_000158135_1	comD	2
GCA_000158135_1	comE	3
GCA_000158135_1	cuyA	1
GCA_000158135_1	cysA	3
GCA_000158135_1	cysC	33
GCA_000158135_1	cysD	8
GCA_000158135_1	cysE	6
GCA_000158135_1	cysH	4
GCA_000158135_1	cysJ	6
GCA_000158135_1	cysK	24
GCA_000158135_1	cysM	3
GCA_000158135_1	cysN	7
GCA_000158135_1	cysN_cysC	7
GCA_000158135_1	cysP	2
GCA_000158135_1	cysQ	4
GCA_000158135_1	cysU	11
GCA_000158135_1	cysW	1
GCA_000158135_1	dddD	1
GCA_000158135_1	dddP	5
GCA_000158135_1	dddT	4
GCA_000158135_1	dmdA	4
GCA_000158135_1	dmdB	5
GCA_000158135_1	dmdC	5
GCA_000158135_1	dmdD	3
GCA_000158135_1	dmsA	10
GCA_000158135_1	dmsB	1
GCA_000158135_1	dmsC	4
GCA_000158135_1	dsrA	2
GCA_000158135_1	dsrB	1
GCA_000158135_1	dsrN	1
GCA_000158135_1	dsyB	2
GCA_000158135_1	gdh	2
GCA_000158135_1	glpE	8
GCA_000158135_1	hdrA1	1
GCA_000158135_1	hdrD	1
GCA_000158135_1	hpsK	2
GCA_000158135_1	hpsL	1
GCA_000158135_1	hpsM	2
GCA_000158135_1	hpsN	2
GCA_000158135_1	hpsO	1
GCA_000158135_1	hpsP	5
GCA_000158135_1	iseK	1
GCA_000158135_1	iseL	1
GCA_000158135_1	iseM	9
GCA_000158135_1	isfD	6
GCA_000158135_1	mdh	20
GCA_000158135_1	metA	2
GCA_000158135_1	metB	15
GCA_000158135_1	metC	18
GCA_000158135_1	metX	2
GCA_000158135_1	metY	3
GCA_000158135_1	metZ	12
GCA_000158135_1	msmA	1
GCA_000158135_1	mtsB	1
GCA_000158135_1	nrnA	2
GCA_000158135_1	phsA	1
GCA_000158135_1	prpE	9
GCA_000158135_1	pta	13
GCA_000158135_1	qmoA	1
GCA_000158135_1	qmoB	1
GCA_000158135_1	sat	4
GCA_000158135_1	sgpB	3
GCA_000158135_1	sgpC	1
GCA_000158135_1	sir	5
GCA_000158135_1	slcC	4
GCA_000158135_1	slcD	2
GCA_000158135_1	soeA	1
GCA_000158135_1	soeB	1
GCA_000158135_1	soeC	1
GCA_000158135_1	sorA	2
GCA_000158135_1	sorB	1
GCA_000158135_1	soxB	4
GCA_000158135_1	soxC	2
GCA_000158135_1	soxD	1
GCA_000158135_1	soxX	1
GCA_000158135_1	sqdX	3
GCA_000158135_1	sseA	1
GCA_000158135_1	ssuA	5
GCA_000158135_1	ssuB	23
GCA_000158135_1	ssuC	3
GCA_000158135_1	ssuD	9
GCA_000158135_1	ssuE	2
GCA_000158135_1	sudA	6
GCA_000158135_1	sulP	6
GCA_000158135_1	suyA	2
GCA_000158135_1	tauA	1
GCA_000158135_1	tauB	6
GCA_000158135_1	tauC	1
GCA_000158135_1	tauD	14
GCA_000158135_1	tbuC	1
GCA_000158135_1	tmoC	1
GCA_000158135_1	touF	1
GCA_000158135_1	tpa	11
GCA_000158135_1	tsdA	1
GCA_000158135_1	ttrA	5
GCA_000158135_1	tusA	5
GCA_000158135_1	tusB	9
GCA_000158135_1	tusD	2
GCA_000158135_1	tusE	1
GCA_000158135_1	xsc	10
GCA_000403075_1	acuI	3
GCA_000403075_1	asrA	1
GCA_000403075_1	asrB	1
GCA_000403075_1	betA	2
GCA_000403075_1	betB	5
GCA_000403075_1	betC	1
GCA_000403075_1	comE	1
GCA_000403075_1	cuyA	2
GCA_000403075_1	cysA	2
GCA_000403075_1	cysC	8
GCA_000403075_1	cysE	5
GCA_000403075_1	cysH	2
GCA_000403075_1	cysI	2
GCA_000403075_1	cysJ	4
GCA_000403075_1	cysK	2
GCA_000403075_1	cysM	3
GCA_000403075_1	cysN	3
GCA_000403075_1	cysN_cysC	3
GCA_000403075_1	cysQ	2
GCA_000403075_1	cysU	3
GCA_000403075_1	dddP	1
GCA_000403075_1	dmdA	1
GCA_000403075_1	dmdB	1
GCA_000403075_1	dmdC	12
GCA_000403075_1	dmdD	1
GCA_000403075_1	dmsC	1
GCA_000403075_1	dsrA	1
GCA_000403075_1	dsrN	1
GCA_000403075_1	gdh	1
GCA_000403075_1	glpE	6
GCA_000403075_1	hdrD	1
GCA_000403075_1	hpsP	2
GCA_000403075_1	isfD	3
GCA_000403075_1	mdh	9
GCA_000403075_1	metA	2
GCA_000403075_1	metB	1
GCA_000403075_1	metC	3
GCA_000403075_1	metY	1
GCA_000403075_1	metZ	4
GCA_000403075_1	nrnA	3
GCA_000403075_1	phsA	1
GCA_000403075_1	prpE	2
GCA_000403075_1	pta	3
GCA_000403075_1	sat	1
GCA_000403075_1	sfnG	1
GCA_000403075_1	sgpB	1
GCA_000403075_1	slcC	1
GCA_000403075_1	soxX	1
GCA_000403075_1	sqdB	2
GCA_000403075_1	sqdX	10
GCA_000403075_1	ssuA	2
GCA_000403075_1	ssuB	2
GCA_000403075_1	ssuC	4
GCA_000403075_1	ssuD	3
GCA_000403075_1	sudA	2
GCA_000403075_1	tauA	2
GCA_000403075_1	tauB	2
GCA_000403075_1	tpa	1
GCA_000403075_1	tsdA	1
GCA_000403075_1	ttrA	1
GCA_000403075_1	ttrB	2
GCA_000403075_1	tusA	3
GCA_000403075_1	xsc	2
GCA_000403075_1	yihQ	1
GCA_000405805_1	acuI	1
GCA_000405805_1	asrA	1
GCA_000405805_1	asrB	1
GCA_000405805_1	betA	1
GCA_000405805_1	betB	6
GCA_000405805_1	betC	1
GCA_000405805_1	cysA	1
GCA_000405805_1	cysC	10
GCA_000405805_1	cysD	2
GCA_000405805_1	cysH	1
GCA_000405805_1	cysJ	3
GCA_000405805_1	cysK	4
GCA_000405805_1	cysM	4
GCA_000405805_1	cysN_cysC	4
GCA_000405805_1	cysQ	1
GCA_000405805_1	cysU	6
GCA_000405805_1	dddP	1
GCA_000405805_1	dmdA	1
GCA_000405805_1	dmdB	1
GCA_000405805_1	dmdC	2
GCA_000405805_1	dmdD	1
GCA_000405805_1	dmsC	1
GCA_000405805_1	dsrA	1
GCA_000405805_1	gdh	2
GCA_000405805_1	glpE	3
GCA_000405805_1	hdrD	2
GCA_000405805_1	isfD	1
GCA_000405805_1	mdh	8
GCA_000405805_1	metB	1
GCA_000405805_1	metC	1
GCA_000405805_1	metZ	1
GCA_000405805_1	nrnA	1
GCA_000405805_1	pta	2
GCA_000405805_1	sat	1
GCA_000405805_1	slcC	4
GCA_000405805_1	soxB	1
GCA_000405805_1	soxX	1
GCA_000405805_1	sqdX	1
GCA_000405805_1	ssuA	1
GCA_000405805_1	ssuB	2
GCA_000405805_1	ssuD	2
GCA_000405805_1	sudA	1
GCA_000405805_1	sulP	1
GCA_000405805_1	tauB	2
GCA_000405805_1	tbuC	1
GCA_000405805_1	tpa	1
GCA_000405805_1	tsdA	1
GCA_000405805_1	tusB	1
GCA_000522425_1	acuI	20
GCA_000522425_1	aprA	7
GCA_000522425_1	asrA	1
GCA_000522425_1	asrC	1
GCA_000522425_1	betA	20
GCA_000522425_1	betB	16
GCA_000522425_1	betC	16
GCA_000522425_1	comA	1
GCA_000522425_1	comB	5
GCA_000522425_1	comC	2
GCA_000522425_1	comD	5
GCA_000522425_1	comE	7
GCA_000522425_1	cuyA	2
GCA_000522425_1	cysA	11
GCA_000522425_1	cysC	40
GCA_000522425_1	cysD	4
GCA_000522425_1	cysE	11
GCA_000522425_1	cysH	1
GCA_000522425_1	cysI	1
GCA_000522425_1	cysJ	15
GCA_000522425_1	cysK	37
GCA_000522425_1	cysM	9
GCA_000522425_1	cysN	6
GCA_000522425_1	cysN_cysC	8
GCA_000522425_1	cysP	17
GCA_000522425_1	cysQ	7
GCA_000522425_1	cysU	11
GCA_000522425_1	cysW	2
GCA_000522425_1	cysZ	2
GCA_000522425_1	dddD	2
GCA_000522425_1	dddL	2
GCA_000522425_1	dddP	1
GCA_000522425_1	dddT	1
GCA_000522425_1	dddW	1
GCA_000522425_1	dmdA	3
GCA_000522425_1	dmdB	22
GCA_000522425_1	dmdC	36
GCA_000522425_1	dmdD	10
GCA_000522425_1	dmoA	1
GCA_000522425_1	dmsA	27
GCA_000522425_1	dmsB	2
GCA_000522425_1	dmsC	2
GCA_000522425_1	dsrA	1
GCA_000522425_1	dsrN	1
GCA_000522425_1	dsyB	1
GCA_000522425_1	fccA	3
GCA_000522425_1	fccB	2
GCA_000522425_1	gdh	4
GCA_000522425_1	glpE	22
GCA_000522425_1	hdrA1	3
GCA_000522425_1	hdrA2	1
GCA_000522425_1	hdrD	3
GCA_000522425_1	hpsK	1
GCA_000522425_1	hpsL	1
GCA_000522425_1	hpsN	1
GCA_000522425_1	hpsO	3
GCA_000522425_1	hpsP	9
GCA_000522425_1	hydA	1
GCA_000522425_1	hydD	1
GCA_000522425_1	iseM	5
GCA_000522425_1	isfD	13
GCA_000522425_1	mccB	3
GCA_000522425_1	mdh	26
GCA_000522425_1	metA	2
GCA_000522425_1	metB	15
GCA_000522425_1	metC	10
GCA_000522425_1	metX	4
GCA_000522425_1	metY	3
GCA_000522425_1	metZ	9
GCA_000522425_1	msmA	13
GCA_000522425_1	nrnA	1
GCA_000522425_1	prpE	10
GCA_000522425_1	pta	13
GCA_000522425_1	sat	24
GCA_000522425_1	sfnG	17
GCA_000522425_1	sgpB	2
GCA_000522425_1	sgpC	2
GCA_000522425_1	shyC	1
GCA_000522425_1	sir	3
GCA_000522425_1	slcC	11
GCA_000522425_1	slcD	3
GCA_000522425_1	sorA	1
GCA_000522425_1	sorB	1
GCA_000522425_1	soxA	1
GCA_000522425_1	soxB	1
GCA_000522425_1	soxC	10
GCA_000522425_1	soxD	2
GCA_000522425_1	soxX	7
GCA_000522425_1	soxY	3
GCA_000522425_1	soxZ	1
GCA_000522425_1	sqdB	1
GCA_000522425_1	sqdX	21
GCA_000522425_1	sseA	5
GCA_000522425_1	ssuA	27
GCA_000522425_1	ssuB	22
GCA_000522425_1	ssuC	9
GCA_000522425_1	ssuD	103
GCA_000522425_1	ssuE	4
GCA_000522425_1	sudA	9
GCA_000522425_1	sulP	14
GCA_000522425_1	suyA	2
GCA_000522425_1	tauA	4
GCA_000522425_1	tauB	6
GCA_000522425_1	tauC	2
GCA_000522425_1	tauD	17
GCA_000522425_1	tauZ	2
GCA_000522425_1	tmm	1
GCA_000522425_1	tmoC	2
GCA_000522425_1	tpa	10
GCA_000522425_1	tsdA	6
GCA_000522425_1	tsdB	2
GCA_000522425_1	ttrA	11
GCA_000522425_1	ttrB	1
GCA_000522425_1	ttrC	1
GCA_000522425_1	tusA	1
GCA_000522425_1	tusB	6
GCA_000522425_1	tusC	1
GCA_000522425_1	tusD	3
GCA_000522425_1	xsc	26
GCA_000739515_1	acuI	4
GCA_000739515_1	asrA	2
GCA_000739515_1	asrB	2
GCA_000739515_1	asrC	3
GCA_000739515_1	betA	4
GCA_000739515_1	betB	12
GCA_000739515_1	betC	1
GCA_000739515_1	comB	2
GCA_000739515_1	comE	2
GCA_000739515_1	cuyA	1
GCA_000739515_1	cysA	8
GCA_000739515_1	cysC	24
GCA_000739515_1	cysD	3
GCA_000739515_1	cysE	13
GCA_000739515_1	cysI	5
GCA_000739515_1	cysJ	7
GCA_000739515_1	cysK	36
GCA_000739515_1	cysM	8
GCA_000739515_1	cysN	4
GCA_000739515_1	cysN_cysC	7
GCA_000739515_1	cysP	5
GCA_000739515_1	cysQ	1
GCA_000739515_1	cysU	30
GCA_000739515_1	cysW	3
GCA_000739515_1	cysZ	1
GCA_000739515_1	dmdB	4
GCA_000739515_1	dmdD	1
GCA_000739515_1	dmsA	12
GCA_000739515_1	dmsB	1
GCA_000739515_1	dmsC	4
GCA_000739515_1	dsrA	2
GCA_000739515_1	dsrN	1
GCA_000739515_1	dsyB	1
GCA_000739515_1	gdh	2
GCA_000739515_1	glpE	8
GCA_000739515_1	hdrA1	3
GCA_000739515_1	hdrA2	1
GCA_000739515_1	hpsK	1
GCA_000739515_1	hpsM	3
GCA_000739515_1	hpsN	2
GCA_000739515_1	hpsP	8
GCA_000739515_1	iseK	1
GCA_000739515_1	iseM	3
GCA_000739515_1	isfD	2
GCA_000739515_1	mccB	1
GCA_000739515_1	mdh	20
GCA_000739515_1	metB	4
GCA_000739515_1	metC	33
GCA_000739515_1	metX	1
GCA_000739515_1	metY	2
GCA_000739515_1	metZ	6
GCA_000739515_1	mtsA	1
GCA_000739515_1	mtsB	3
GCA_000739515_1	nrnA	15
GCA_000739515_1	phsC	1
GCA_000739515_1	pta	18
GCA_000739515_1	sat	3
GCA_000739515_1	sbp	2
GCA_000739515_1	sgpB	1
GCA_000739515_1	sir	2
GCA_000739515_1	slcC	7
GCA_000739515_1	soxB	3
GCA_000739515_1	soxC	1
GCA_000739515_1	soxX	1
GCA_000739515_1	soxY	1
GCA_000739515_1	sqdX	34
GCA_000739515_1	ssuA	45
GCA_000739515_1	ssuB	12
GCA_000739515_1	ssuC	7
GCA_000739515_1	ssuD	9
GCA_000739515_1	ssuE	2
GCA_000739515_1	sudA	7
GCA_000739515_1	sudB	2
GCA_000739515_1	sulP	13
GCA_000739515_1	tauA	1
GCA_000739515_1	tauB	5
GCA_000739515_1	tauC	1
GCA_000739515_1	tauD	4
GCA_000739515_1	tauZ	1
GCA_000739515_1	tbuC	1
GCA_000739515_1	toa	1
GCA_000739515_1	tpa	3
GCA_000739515_1	tsdA	1
GCA_000739515_1	ttrA	1
GCA_000739515_1	ttrB	1
GCA_000739515_1	tusA	6
GCA_000739515_1	tusB	22
GCA_000739515_1	tusD	1
GCA_000739515_1	xsc	3
GCA_000739515_1	yihQ	3
GCA_001180325_1	asrA	1
GCA_001180325_1	betA	3
GCA_001180325_1	betB	1
GCA_001180325_1	comB	1
GCA_001180325_1	cuyA	1
GCA_001180325_1	cysC	7
GCA_001180325_1	cysD	1
GCA_001180325_1	cysE	4
GCA_001180325_1	cysH	2
GCA_001180325_1	cysI	1
GCA_001180325_1	cysJ	4
GCA_001180325_1	cysK	9
GCA_001180325_1	cysM	2
GCA_001180325_1	cysN	4
GCA_001180325_1	cysN_cysC	4
GCA_001180325_1	cysP	1
GCA_001180325_1	cysQ	1
GCA_001180325_1	cysU	5
GCA_001180325_1	dmdA	1
GCA_001180325_1	dmsA	1
GCA_001180325_1	dsrN	1
GCA_001180325_1	glpE	3
GCA_001180325_1	hpsN	1
GCA_001180325_1	isfD	1
GCA_001180325_1	mdh	5
GCA_001180325_1	metA	2
GCA_001180325_1	metB	3
GCA_001180325_1	metC	2
GCA_001180325_1	metY	1
GCA_001180325_1	metZ	3
GCA_001180325_1	msmA	1
GCA_001180325_1	nrnA	2
GCA_001180325_1	prpE	1
GCA_001180325_1	pta	3
GCA_001180325_1	sat	3
GCA_001180325_1	sir	3
GCA_001180325_1	slcC	1
GCA_001180325_1	soxB	1
GCA_001180325_1	soxZ	1
GCA_001180325_1	sqdB	2
GCA_001180325_1	sqdX	3
GCA_001180325_1	sqr	1
GCA_001180325_1	ssuB	6
GCA_001180325_1	ssuC	2
GCA_001180325_1	ssuE	1
GCA_001180325_1	sudA	3
GCA_001180325_1	sulP	2
GCA_001180325_1	tauB	4
GCA_001180325_1	tmoF	1
GCA_001180325_1	tpa	2
GCA_001180325_1	tsdA	1
GCA_001180325_1	tusD	1
GCA_001302835_1	asrA	1
GCA_001302835_1	asrB	1
GCA_001302835_1	betA	4
GCA_001302835_1	betB	5
GCA_001302835_1	comB	2
GCA_001302835_1	comE	1
GCA_001302835_1	cuyA	1
GCA_001302835_1	cysA	3
GCA_001302835_1	cysC	11
GCA_001302835_1	cysD	2
GCA_001302835_1	cysE	6
GCA_001302835_1	cysH	2
GCA_001302835_1	cysJ	5
GCA_001302835_1	cysK	3
GCA_001302835_1	cysM	5
GCA_001302835_1	cysN	3
GCA_001302835_1	cysN_cysC	5
GCA_001302835_1	cysU	3
GCA_001302835_1	cysW	1
GCA_001302835_1	dddP	1
GCA_001302835_1	dmdA	1
GCA_001302835_1	dmdC	2
GCA_001302835_1	dmsA	6
GCA_001302835_1	dmsB	1
GCA_001302835_1	dmsC	1
GCA_001302835_1	dsrA	1
GCA_001302835_1	gdh	2
GCA_001302835_1	glpE	6
GCA_001302835_1	hdrA1	4
GCA_001302835_1	hdrA2	13
GCA_001302835_1	hdrB1	3
GCA_001302835_1	hdrB2	1
GCA_001302835_1	hdrC2	3
GCA_001302835_1	hdrD	4
GCA_001302835_1	hpsP	2
GCA_001302835_1	hydD	1
GCA_001302835_1	isfD	1
GCA_001302835_1	mdh	11
GCA_001302835_1	metB	3
GCA_001302835_1	metC	4
GCA_001302835_1	metZ	2
GCA_001302835_1	mtsA	2
GCA_001302835_1	nrnA	2
GCA_001302835_1	otr	1
GCA_001302835_1	prpE	1
GCA_001302835_1	pta	4
GCA_001302835_1	sat	4
GCA_001302835_1	shyB	1
GCA_001302835_1	shyC	2
GCA_001302835_1	sir	1
GCA_001302835_1	slcC	2
GCA_001302835_1	soxB	2
GCA_001302835_1	soxX	1
GCA_001302835_1	sqdB	2
GCA_001302835_1	sqdX	15
GCA_001302835_1	ssuA	11
GCA_001302835_1	ssuB	3
GCA_001302835_1	ssuD	1
GCA_001302835_1	sudA	9
GCA_001302835_1	sulP	1
GCA_001302835_1	tauA	1
GCA_001302835_1	tauB	3
GCA_001302835_1	tauD	2
GCA_001302835_1	tsdA	1
GCA_001302835_1	ttrA	1
GCA_001302835_1	tusA	4
GCA_001302835_1	tusB	1
GCA_001302835_1	tusD	1
GCA_001304035_1	acuI	2
GCA_001304035_1	aprA	1
GCA_001304035_1	asrA	1
GCA_001304035_1	asrC	1
GCA_001304035_1	betA	5
GCA_001304035_1	betB	3
GCA_001304035_1	betC	2
GCA_001304035_1	comB	2
GCA_001304035_1	comE	1
GCA_001304035_1	cuyA	1
GCA_001304035_1	cysA	5
GCA_001304035_1	cysC	11
GCA_001304035_1	cysD	2
GCA_001304035_1	cysE	8
GCA_001304035_1	cysH	4
GCA_001304035_1	cysI	2
GCA_001304035_1	cysJ	2
GCA_001304035_1	cysK	10
GCA_001304035_1	cysM	4
GCA_001304035_1	cysN	2
GCA_001304035_1	cysN_cysC	4
GCA_001304035_1	cysU	3
GCA_001304035_1	cysW	1
GCA_001304035_1	dddP	2
GCA_001304035_1	dmdB	1
GCA_001304035_1	dmdC	4
GCA_001304035_1	dmsA	7
GCA_001304035_1	dmsB	3
GCA_001304035_1	dmsC	1
GCA_001304035_1	dsrA	2
GCA_001304035_1	dsrB	1
GCA_001304035_1	dsrC	1
GCA_001304035_1	dsrK	2
GCA_001304035_1	dsrM	1
GCA_001304035_1	dsrN	1
GCA_001304035_1	fccB	1
GCA_001304035_1	gdh	1
GCA_001304035_1	glpE	4
GCA_001304035_1	hdrA1	4
GCA_001304035_1	hdrA2	2
GCA_001304035_1	hdrB1	1
GCA_001304035_1	hdrB2	1
GCA_001304035_1	hdrC2	1
GCA_001304035_1	hdrD	3
GCA_001304035_1	hpsN	1
GCA_001304035_1	hpsP	2
GCA_001304035_1	hydD	1
GCA_001304035_1	isfD	2
GCA_001304035_1	mddA	1
GCA_001304035_1	mdh	8
GCA_001304035_1	metB	1
GCA_001304035_1	metC	3
GCA_001304035_1	metX	1
GCA_001304035_1	metY	1
GCA_001304035_1	metZ	4
GCA_001304035_1	nrnA	3
GCA_001304035_1	prpE	1
GCA_001304035_1	pta	8
GCA_001304035_1	sat	4
GCA_001304035_1	sgpB	1
GCA_001304035_1	sgpC	1
GCA_001304035_1	shyA	1
GCA_001304035_1	shyC	1
GCA_001304035_1	sir	3
GCA_001304035_1	soxX	2
GCA_001304035_1	sqdX	6
GCA_001304035_1	ssuA	7
GCA_001304035_1	ssuB	6
GCA_001304035_1	ssuC	1
GCA_001304035_1	ssuD	2
GCA_001304035_1	sudA	8
GCA_001304035_1	sudB	1
GCA_001304035_1	sulP	3
GCA_001304035_1	tauA	2
GCA_001304035_1	tauB	2
GCA_001304035_1	tpa	1
GCA_001304035_1	tsdA	1
GCA_001304035_1	ttrA	1
GCA_001304035_1	ttrB	1
GCA_001304035_1	tusB	1
GCA_001304035_1	tusD	1
GCA_001304035_1	xsc	1
GCA_001443445_1	acuI	2
GCA_001443445_1	asrA	1
GCA_001443445_1	betA	4
GCA_001443445_1	betB	7
GCA_001443445_1	betC	2
GCA_001443445_1	comB	1
GCA_001443445_1	comE	1
GCA_001443445_1	cuyA	1
GCA_001443445_1	cysA	6
GCA_001443445_1	cysC	12
GCA_001443445_1	cysD	1
GCA_001443445_1	cysE	7
GCA_001443445_1	cysH	4
GCA_001443445_1	cysI	2
GCA_001443445_1	cysJ	5
GCA_001443445_1	cysK	9
GCA_001443445_1	cysM	3
GCA_001443445_1	cysN	5
GCA_001443445_1	cysN_cysC	3
GCA_001443445_1	cysP	2
GCA_001443445_1	cysQ	5
GCA_001443445_1	cysU	5
GCA_001443445_1	dddP	1
GCA_001443445_1	ddhA	1
GCA_001443445_1	dmdA	2
GCA_001443445_1	dmdB	5
GCA_001443445_1	dmdC	4
GCA_001443445_1	dmdD	3
GCA_001443445_1	dmsA	3
GCA_001443445_1	dmsC	2
GCA_001443445_1	dsyB	1
GCA_001443445_1	gdh	1
GCA_001443445_1	glpE	9
GCA_001443445_1	hpsN	1
GCA_001443445_1	hpsP	5
GCA_001443445_1	isfD	2
GCA_001443445_1	mddA	1
GCA_001443445_1	mdh	14
GCA_001443445_1	metB	2
GCA_001443445_1	metC	5
GCA_001443445_1	metX	3
GCA_001443445_1	metY	2
GCA_001443445_1	metZ	4
GCA_001443445_1	nrnA	3
GCA_001443445_1	prpE	3
GCA_001443445_1	pta	6
GCA_001443445_1	qmoB	1
GCA_001443445_1	sat	3
GCA_001443445_1	sfnG	1
GCA_001443445_1	sgpC	1
GCA_001443445_1	sir	2
GCA_001443445_1	slcC	1
GCA_001443445_1	soxD	1
GCA_001443445_1	soxX	4
GCA_001443445_1	sqdB	1
GCA_001443445_1	sqdX	9
GCA_001443445_1	sqr	1
GCA_001443445_1	sseA	1
GCA_001443445_1	ssuA	7
GCA_001443445_1	ssuB	5
GCA_001443445_1	ssuC	2
GCA_001443445_1	ssuD	8
GCA_001443445_1	ssuE	1
GCA_001443445_1	sudA	2
GCA_001443445_1	sudB	1
GCA_001443445_1	sulP	2
GCA_001443445_1	suyA	1
GCA_001443445_1	tauB	2
GCA_001443445_1	tmoC	4
GCA_001443445_1	tpa	4
GCA_001443445_1	tsdA	1
GCA_001443445_1	ttrA	1
GCA_001443445_1	ttrB	1
GCA_001443445_1	ttrC	1
GCA_001443445_1	tusA	2
GCA_001443445_1	tusB	1
GCA_001443445_1	tusD	1
GCA_001443445_1	xsc	2
GCA_001567115_1	acuI	2
GCA_001567115_1	aprA	2
GCA_001567115_1	asrA	1
GCA_001567115_1	betA	3
GCA_001567115_1	betB	4
GCA_001567115_1	betC	12
GCA_001567115_1	comB	2
GCA_001567115_1	cuyA	1
GCA_001567115_1	cysA	8
GCA_001567115_1	cysC	13
GCA_001567115_1	cysD	1
GCA_001567115_1	cysE	5
GCA_001567115_1	cysH	2
GCA_001567115_1	cysI	2
GCA_001567115_1	cysJ	3
GCA_001567115_1	cysK	10
GCA_001567115_1	cysM	4
GCA_001567115_1	cysN	2
GCA_001567115_1	cysN_cysC	3
GCA_001567115_1	cysP	1
GCA_001567115_1	cysQ	2
GCA_001567115_1	cysU	12
GCA_001567115_1	cysW	1
GCA_001567115_1	dmdA	1
GCA_001567115_1	dmdB	2
GCA_001567115_1	dmdC	1
GCA_001567115_1	dmsA	14
GCA_001567115_1	dmsB	3
GCA_001567115_1	dmsC	3
GCA_001567115_1	dsrA	2
GCA_001567115_1	dsyB	1
GCA_001567115_1	gdh	3
GCA_001567115_1	glpE	6
GCA_001567115_1	hdrD	2
GCA_001567115_1	hpsP	3
GCA_001567115_1	hydD	1
GCA_001567115_1	isfD	4
GCA_001567115_1	mccB	1
GCA_001567115_1	mdh	11
GCA_001567115_1	metB	2
GCA_001567115_1	metC	7
GCA_001567115_1	metX	1
GCA_001567115_1	metY	1
GCA_001567115_1	metZ	2
GCA_001567115_1	mtsA	1
GCA_001567115_1	mtsB	1
GCA_001567115_1	nrnA	1
GCA_001567115_1	otr	1
GCA_001567115_1	prpE	1
GCA_001567115_1	pta	4
GCA_001567115_1	sat	5
GCA_001567115_1	sbp	3
GCA_001567115_1	shyA	1
GCA_001567115_1	sir	1
GCA_001567115_1	slcC	6
GCA_001567115_1	soxA	1
GCA_001567115_1	soxB	1
GCA_001567115_1	soxX	1
GCA_001567115_1	soxY	1
GCA_001567115_1	sqdB	1
GCA_001567115_1	sqdX	19
GCA_001567115_1	ssuA	19
GCA_001567115_1	ssuB	6
GCA_001567115_1	ssuC	2
GCA_001567115_1	ssuD	5
GCA_001567115_1	sudA	7
GCA_001567115_1	sudB	2
GCA_001567115_1	sulP	3
GCA_001567115_1	suyA	1
GCA_001567115_1	tauB	4
GCA_001567115_1	tauC	1
GCA_001567115_1	tauD	1
GCA_001567115_1	tpa	7
GCA_001567115_1	tsdA	1
GCA_001567115_1	ttrB	3
GCA_001567115_1	tusB	5
GCA_001567115_1	tusD	1
GCA_001567115_1	tusE	1
GCA_001567115_1	xsc	1
GCA_001725525_1	acuI	1
GCA_001725525_1	aprA	4
GCA_001725525_1	aprB	1
GCA_001725525_1	asrA	1
GCA_001725525_1	betA	7
GCA_001725525_1	betB	5
GCA_001725525_1	betC	2
GCA_001725525_1	comB	3
GCA_001725525_1	cuyA	1
GCA_001725525_1	cysA	5
GCA_001725525_1	cysC	20
GCA_001725525_1	cysD	4
GCA_001725525_1	cysE	6
GCA_001725525_1	cysH	5
GCA_001725525_1	cysI	4
GCA_001725525_1	cysJ	9
GCA_001725525_1	cysK	20
GCA_001725525_1	cysM	12
GCA_001725525_1	cysN	8
GCA_001725525_1	cysN_cysC	9
GCA_001725525_1	cysP	2
GCA_001725525_1	cysQ	7
GCA_001725525_1	cysU	12
GCA_001725525_1	cysW	3
GCA_001725525_1	cysZ	3
GCA_001725525_1	dddP	1
GCA_001725525_1	dmdA	1
GCA_001725525_1	dmdC	1
GCA_001725525_1	dmsA	11
GCA_001725525_1	dmsB	1
GCA_001725525_1	dmsC	1
GCA_001725525_1	dsrA	3
GCA_001725525_1	dsrB	1
GCA_001725525_1	dsrC	2
GCA_001725525_1	dsrE	1
GCA_001725525_1	dsrF	1
GCA_001725525_1	dsrH	1
GCA_001725525_1	dsrK	2
GCA_001725525_1	dsrL	1
GCA_001725525_1	dsrM	1
GCA_001725525_1	dsrN	1
GCA_001725525_1	dsrP	1
GCA_001725525_1	dsyB	2
GCA_001725525_1	fccA	3
GCA_001725525_1	fccB	3
GCA_001725525_1	gdh	1
GCA_001725525_1	glpE	23
GCA_001725525_1	hdrB2	1
GCA_001725525_1	hdrC2	1
GCA_001725525_1	hpsN	1
GCA_001725525_1	hpsO	1
GCA_001725525_1	iseM	2
GCA_001725525_1	isfD	1
GCA_001725525_1	mdh	12
GCA_001725525_1	metA	1
GCA_001725525_1	metB	3
GCA_001725525_1	metC	10
GCA_001725525_1	metY	2
GCA_001725525_1	metZ	8
GCA_001725525_1	nrnA	1
GCA_001725525_1	phsA	1
GCA_001725525_1	phsB	1
GCA_001725525_1	phsC	1
GCA_001725525_1	prpE	2
GCA_001725525_1	pta	11
GCA_001725525_1	qmoA	1
GCA_001725525_1	qmoB	1
GCA_001725525_1	sat	8
GCA_001725525_1	sbp	1
GCA_001725525_1	sgpB	3
GCA_001725525_1	sgpC	1
GCA_001725525_1	shyA	1
GCA_001725525_1	shyC	1
GCA_001725525_1	sir	8
GCA_001725525_1	slcC	1
GCA_001725525_1	slcD	1
GCA_001725525_1	soeA	1
GCA_001725525_1	soeC	1
GCA_001725525_1	sorB	1
GCA_001725525_1	soxA	3
GCA_001725525_1	soxB	1
GCA_001725525_1	soxD	2
GCA_001725525_1	soxX	6
GCA_001725525_1	soxY	2
GCA_001725525_1	soxZ	3
GCA_001725525_1	sqdB	1
GCA_001725525_1	sqdX	10
GCA_001725525_1	sqr	2
GCA_001725525_1	sseA	1
GCA_001725525_1	ssuA	17
GCA_001725525_1	ssuB	14
GCA_001725525_1	ssuC	7
GCA_001725525_1	ssuD	7
GCA_001725525_1	ssuE	1
GCA_001725525_1	sudA	1
GCA_001725525_1	sulP	13
GCA_001725525_1	tauA	3
GCA_001725525_1	tauB	9
GCA_001725525_1	tauC	1
GCA_001725525_1	tauD	5
GCA_001725525_1	tmoC	1
GCA_001725525_1	touF	1
GCA_001725525_1	tsdA	3
GCA_001725525_1	tsdB	2
GCA_001725525_1	ttrA	5
GCA_001725525_1	ttrB	2
GCA_001725525_1	ttrC	2
GCA_001725525_1	tusA	7
GCA_001725525_1	tusB	1
GCA_001725525_1	tusD	1
GCA_001725525_1	tusE	3
GCA_001725525_1	xsc	3
GCA_001730085_1	aprA	1
GCA_001730085_1	asrA	1
GCA_001730085_1	betA	3
GCA_001730085_1	betB	1
GCA_001730085_1	comB	1
GCA_001730085_1	comD	1
GCA_001730085_1	cuyA	1
GCA_001730085_1	cysA	2
GCA_001730085_1	cysC	12
GCA_001730085_1	cysD	1
GCA_001730085_1	cysE	2
GCA_001730085_1	cysH	1
GCA_001730085_1	cysI	1
GCA_001730085_1	cysJ	1
GCA_001730085_1	cysK	7
GCA_001730085_1	cysN	2
GCA_001730085_1	cysN_cysC	6
GCA_001730085_1	cysQ	28
GCA_001730085_1	cysU	5
GCA_001730085_1	dddP	1
GCA_001730085_1	dmdA	1
GCA_001730085_1	dmdB	1
GCA_001730085_1	dmsA	2
GCA_001730085_1	dmsC	4
GCA_001730085_1	glpE	3
GCA_001730085_1	isfD	1
GCA_001730085_1	mdh	9
GCA_001730085_1	metB	1
GCA_001730085_1	metC	2
GCA_001730085_1	metX	1
GCA_001730085_1	metY	1
GCA_001730085_1	metZ	1
GCA_001730085_1	pta	3
GCA_001730085_1	sat	1
GCA_001730085_1	sir	1
GCA_001730085_1	slcC	1
GCA_001730085_1	ssuB	3
GCA_001730085_1	ssuC	2
GCA_001730085_1	ssuD	1
GCA_001730085_1	sudA	2
GCA_001730085_1	sulP	3
GCA_001730085_1	tauA	1
GCA_001730085_1	tauB	2
GCA_001730085_1	tpa	1
GCA_001730085_1	tsdA	1
GCA_001730085_1	ttrA	1
GCA_001730085_1	tusA	1
GCA_001730085_1	tusD	2
GCA_001730085_1	xsc	1
GCA_001771425_1	acuI	1
GCA_001771425_1	asrC	1
GCA_001771425_1	betA	2
GCA_001771425_1	betB	1
GCA_001771425_1	comB	1
GCA_001771425_1	cuyA	1
GCA_001771425_1	cysA	5
GCA_001771425_1	cysC	4
GCA_001771425_1	cysD	2
GCA_001771425_1	cysE	4
GCA_001771425_1	cysJ	4
GCA_001771425_1	cysK	8
GCA_001771425_1	cysM	2
GCA_001771425_1	cysN	2
GCA_001771425_1	cysN_cysC	4
GCA_001771425_1	cysP	1
GCA_001771425_1	cysU	3
GCA_001771425_1	cysW	1
GCA_001771425_1	dmdA	1
GCA_001771425_1	dmdC	1
GCA_001771425_1	dmsA	6
GCA_001771425_1	dmsB	2
GCA_001771425_1	dmsC	1
GCA_001771425_1	dsrA	1
GCA_001771425_1	fccB	1
GCA_001771425_1	gdh	2
GCA_001771425_1	glpE	4
GCA_001771425_1	hpsN	1
GCA_001771425_1	mdh	13
GCA_001771425_1	metC	2
GCA_001771425_1	metX	2
GCA_001771425_1	metY	1
GCA_001771425_1	metZ	1
GCA_001771425_1	nrnA	3
GCA_001771425_1	pta	2
GCA_001771425_1	sat	1
GCA_001771425_1	sbp	1
GCA_001771425_1	shyC	1
GCA_001771425_1	sir	1
GCA_001771425_1	slcC	1
GCA_001771425_1	soxA	1
GCA_001771425_1	soxX	1
GCA_001771425_1	sqdX	7
GCA_001771425_1	ssuA	4
GCA_001771425_1	ssuB	3
GCA_001771425_1	ssuD	3
GCA_001771425_1	ssuE	1
GCA_001771425_1	sudA	4
GCA_001771425_1	sudB	2
GCA_001771425_1	sulP	2
GCA_001771425_1	tauA	1
GCA_001771425_1	tauB	3
GCA_001771425_1	tpa	2
GCA_001771425_1	tsdA	1
GCA_001771425_1	ttrA	1
GCA_001771425_1	tusB	1
GCA_001771425_1	tusD	2
GCA_001771425_1	xsc	1
GCA_001782795_1	acuI	2
GCA_001782795_1	asrA	1
GCA_001782795_1	asrB	3
GCA_001782795_1	betA	8
GCA_001782795_1	betB	4
GCA_001782795_1	betC	1
GCA_001782795_1	comB	1
GCA_001782795_1	comE	1
GCA_001782795_1	cuyA	1
GCA_001782795_1	cysA	5
GCA_001782795_1	cysC	13
GCA_001782795_1	cysD	2
GCA_001782795_1	cysE	7
GCA_001782795_1	cysH	4
GCA_001782795_1	cysI	2
GCA_001782795_1	cysJ	2
GCA_001782795_1	cysK	18
GCA_001782795_1	cysM	5
GCA_001782795_1	cysN	4
GCA_001782795_1	cysN_cysC	6
GCA_001782795_1	cysQ	1
GCA_001782795_1	cysU	4
GCA_001782795_1	dddP	1
GCA_001782795_1	ddhC	1
GCA_001782795_1	dmdA	1
GCA_001782795_1	dmdB	1
GCA_001782795_1	dmdC	2
GCA_001782795_1	dmsA	8
GCA_001782795_1	dmsC	2
GCA_001782795_1	dsrB	1
GCA_001782795_1	dsrN	1
GCA_001782795_1	dsrP	1
GCA_001782795_1	dsyB	1
GCA_001782795_1	glpE	6
GCA_001782795_1	hpsN	1
GCA_001782795_1	hpsP	2
GCA_001782795_1	hydB	1
GCA_001782795_1	iseM	1
GCA_001782795_1	mdh	9
GCA_001782795_1	metA	1
GCA_001782795_1	metB	2
GCA_001782795_1	metC	4
GCA_001782795_1	metX	1
GCA_001782795_1	metY	2
GCA_001782795_1	metZ	2
GCA_001782795_1	nrnA	3
GCA_001782795_1	prpE	1
GCA_001782795_1	psrA	1
GCA_001782795_1	psrC	1
GCA_001782795_1	pta	6
GCA_001782795_1	sat	4
GCA_001782795_1	sbp	1
GCA_001782795_1	shyA	1
GCA_001782795_1	shyD	1
GCA_001782795_1	sir	3
GCA_001782795_1	slcC	3
GCA_001782795_1	soxB	3
GCA_001782795_1	soxC	3
GCA_001782795_1	soxX	1
GCA_001782795_1	soxY	1
GCA_001782795_1	sqdB	3
GCA_001782795_1	sqdX	4
GCA_001782795_1	ssuA	19
GCA_001782795_1	ssuB	6
GCA_001782795_1	ssuC	3
GCA_001782795_1	ssuD	5
GCA_001782795_1	sudA	5
GCA_001782795_1	sulP	8
GCA_001782795_1	suyA	1
GCA_001782795_1	tauA	1
GCA_001782795_1	tauB	1
GCA_001782795_1	tmoC	1
GCA_001782795_1	tpa	5
GCA_001782795_1	tsdA	1
GCA_001782795_1	ttrA	2
GCA_001782795_1	ttrB	3
GCA_001782795_1	tusA	4
GCA_001782795_1	tusB	1
GCA_001782795_1	tusD	1
GCA_001782795_1	xsc	4
GCA_001790675_1	acuI	1
GCA_001790675_1	asrA	1
GCA_001790675_1	asrC	1
GCA_001790675_1	betA	2
GCA_001790675_1	betB	4
GCA_001790675_1	betC	7
GCA_001790675_1	comB	1
GCA_001790675_1	cysA	6
GCA_001790675_1	cysC	12
GCA_001790675_1	cysD	1
GCA_001790675_1	cysE	7
GCA_001790675_1	cysH	2
GCA_001790675_1	cysI	3
GCA_001790675_1	cysJ	5
GCA_001790675_1	cysK	12
GCA_001790675_1	cysM	6
GCA_001790675_1	cysN	1
GCA_001790675_1	cysN_cysC	8
GCA_001790675_1	cysP	2
GCA_001790675_1	cysQ	2
GCA_001790675_1	cysU	6
GCA_001790675_1	cysW	1
GCA_001790675_1	dddP	1
GCA_001790675_1	ddhA	1
GCA_001790675_1	dmdA	1
GCA_001790675_1	dmdB	1
GCA_001790675_1	dmdC	4
GCA_001790675_1	dmsA	10
GCA_001790675_1	dmsB	3
GCA_001790675_1	dmsC	1
GCA_001790675_1	dsrA	1
GCA_001790675_1	dsrL	1
GCA_001790675_1	dsrP	1
GCA_001790675_1	dsyB	1
GCA_001790675_1	fsr	2
GCA_001790675_1	gdh	2
GCA_001790675_1	glpE	4
GCA_001790675_1	hdrA2	6
GCA_001790675_1	hdrB1	2
GCA_001790675_1	hdrB2	1
GCA_001790675_1	hdrC2	2
GCA_001790675_1	hdrD	5
GCA_001790675_1	hpsP	5
GCA_001790675_1	mdh	14
GCA_001790675_1	metB	3
GCA_001790675_1	metC	5
GCA_001790675_1	metZ	1
GCA_001790675_1	nrnA	4
GCA_001790675_1	phsA	2
GCA_001790675_1	prpE	1
GCA_001790675_1	pta	6
GCA_001790675_1	sat	3
GCA_001790675_1	shyC	2
GCA_001790675_1	sir	1
GCA_001790675_1	slcC	2
GCA_001790675_1	soxB	1
GCA_001790675_1	soxX	1
GCA_001790675_1	sqdB	1
GCA_001790675_1	sqdX	23
GCA_001790675_1	ssuA	14
GCA_001790675_1	ssuB	7
GCA_001790675_1	ssuC	5
GCA_001790675_1	ssuD	2
GCA_001790675_1	ssuE	1
GCA_001790675_1	sudA	10
GCA_001790675_1	sudB	1
GCA_001790675_1	sulP	9
GCA_001790675_1	tauA	2
GCA_001790675_1	tauB	2
GCA_001790675_1	tauC	1
GCA_001790675_1	tauD	1
GCA_001790675_1	tpa	3
GCA_001790675_1	ttrA	3
GCA_001790675_1	ttrB	3
GCA_001790675_1	tusA	3
GCA_001790675_1	tusB	1
GCA_001790675_1	xsc	3
GCA_001797465_1	acuI	1
GCA_001797465_1	asrA	2
GCA_001797465_1	asrB	1
GCA_001797465_1	asrC	2
GCA_001797465_1	betA	4
GCA_001797465_1	betB	3
GCA_001797465_1	betC	1
GCA_001797465_1	comB	1
GCA_001797465_1	comE	1
GCA_001797465_1	cuyA	1
GCA_001797465_1	cysA	4
GCA_001797465_1	cysC	17
GCA_001797465_1	cysD	6
GCA_001797465_1	cysE	9
GCA_001797465_1	cysH	2
GCA_001797465_1	cysI	1
GCA_001797465_1	cysJ	5
GCA_001797465_1	cysK	10
GCA_001797465_1	cysM	7
GCA_001797465_1	cysN	5
GCA_001797465_1	cysN_cysC	5
GCA_001797465_1	cysP	2
GCA_001797465_1	cysQ	6
GCA_001797465_1	cysU	3
GCA_001797465_1	cysW	1
GCA_001797465_1	cysZ	1
GCA_001797465_1	dddP	1
GCA_001797465_1	dmdA	1
GCA_001797465_1	dmdB	1
GCA_001797465_1	dmsA	14
GCA_001797465_1	dmsB	1
GCA_001797465_1	dmsC	1
GCA_001797465_1	dsrA	1
GCA_001797465_1	dsrN	1
GCA_001797465_1	fccB	1
GCA_001797465_1	gdh	2
GCA_001797465_1	glpE	13
GCA_001797465_1	hdrA2	2
GCA_001797465_1	hdrB1	2
GCA_001797465_1	hdrB2	1
GCA_001797465_1	hdrD	2
GCA_001797465_1	hpsN	1
GCA_001797465_1	hpsP	4
GCA_001797465_1	hydB	1
GCA_001797465_1	mdh	10
GCA_001797465_1	metB	1
GCA_001797465_1	metC	3
GCA_001797465_1	metZ	2
GCA_001797465_1	nrnA	2
GCA_001797465_1	prpE	2
GCA_001797465_1	pta	10
GCA_001797465_1	sat	6
GCA_001797465_1	sbp	3
GCA_001797465_1	shyA	1
GCA_001797465_1	shyC	2
GCA_001797465_1	shyD	1
GCA_001797465_1	sir	1
GCA_001797465_1	slcC	1
GCA_001797465_1	soxX	3
GCA_001797465_1	sqdX	14
GCA_001797465_1	sqr	2
GCA_001797465_1	ssuA	14
GCA_001797465_1	ssuB	11
GCA_001797465_1	ssuC	3
GCA_001797465_1	ssuD	3
GCA_001797465_1	ssuE	1
GCA_001797465_1	sudA	2
GCA_001797465_1	sudB	1
GCA_001797465_1	sulP	4
GCA_001797465_1	suyA	1
GCA_001797465_1	tauA	1
GCA_001797465_1	tauB	3
GCA_001797465_1	tauD	2
GCA_001797465_1	tpa	5
GCA_001797465_1	tsdA	1
GCA_001797465_1	ttrA	1
GCA_001797465_1	ttrB	1
GCA_001797465_1	tusA	3
GCA_001797465_1	tusB	1
GCA_001797465_1	tusD	1
GCA_001797465_1	xsc	1
GCA_001799195_1	aprA	3
GCA_001799195_1	aprB	1
GCA_001799195_1	asrA	1
GCA_001799195_1	asrC	1
GCA_001799195_1	betA	3
GCA_001799195_1	betB	9
GCA_001799195_1	betC	7
GCA_001799195_1	cuyA	1
GCA_001799195_1	cysA	5
GCA_001799195_1	cysC	19
GCA_001799195_1	cysD	2
GCA_001799195_1	cysE	7
GCA_001799195_1	cysH	2
GCA_001799195_1	cysI	1
GCA_001799195_1	cysJ	6
GCA_001799195_1	cysK	9
GCA_001799195_1	cysM	7
GCA_001799195_1	cysN	4
GCA_001799195_1	cysN_cysC	6
GCA_001799195_1	cysU	6
GCA_001799195_1	cysZ	1
GCA_001799195_1	dddP	1
GCA_001799195_1	dmdA	1
GCA_001799195_1	dmdB	1
GCA_001799195_1	dmdC	6
GCA_001799195_1	dmdD	1
GCA_001799195_1	dmsA	6
GCA_001799195_1	dmsB	2
GCA_001799195_1	dmsC	2
GCA_001799195_1	dsrA	1
GCA_001799195_1	dsrB	1
GCA_001799195_1	dsrC	1
GCA_001799195_1	dsrJ	1
GCA_001799195_1	dsrK	5
GCA_001799195_1	dsrM	1
GCA_001799195_1	dsrN	1
GCA_001799195_1	dsrT	1
GCA_001799195_1	gdh	2
GCA_001799195_1	glpE	3
GCA_001799195_1	hdrB2	1
GCA_001799195_1	hdrC2	1
GCA_001799195_1	hdrD	1
GCA_001799195_1	hpsO	1
GCA_001799195_1	mccB	1
GCA_001799195_1	mdh	14
GCA_001799195_1	metA	1
GCA_001799195_1	metB	3
GCA_001799195_1	metC	4
GCA_001799195_1	metZ	1
GCA_001799195_1	nrnA	2
GCA_001799195_1	otr	1
GCA_001799195_1	phsB	1
GCA_001799195_1	phsC	1
GCA_001799195_1	pta	11
GCA_001799195_1	qmoA	1
GCA_001799195_1	qmoB	1
GCA_001799195_1	qmoC	1
GCA_001799195_1	sat	5
GCA_001799195_1	sbp	2
GCA_001799195_1	sgpB	2
GCA_001799195_1	slcC	1
GCA_001799195_1	soxA	1
GCA_001799195_1	soxB	1
GCA_001799195_1	soxC	2
GCA_001799195_1	soxX	1
GCA_001799195_1	sqdB	1
GCA_001799195_1	sqdX	12
GCA_001799195_1	sqr	1
GCA_001799195_1	ssuA	25
GCA_001799195_1	ssuB	4
GCA_001799195_1	ssuC	6
GCA_001799195_1	ssuD	5
GCA_001799195_1	sudA	6
GCA_001799195_1	sulP	9
GCA_001799195_1	tauA	1
GCA_001799195_1	tauB	3
GCA_001799195_1	tauD	1
GCA_001799195_1	tpa	3
GCA_001799195_1	ttrB	2
GCA_001799195_1	tusA	1
GCA_001799195_1	tusB	1
GCA_001799195_1	tusD	1
GCA_001799195_1	xsc	1
GCA_001803565_1	acuI	2
GCA_001803565_1	aprA	1
GCA_001803565_1	asrA	1
GCA_001803565_1	asrC	2
GCA_001803565_1	betA	3
GCA_001803565_1	betB	5
GCA_001803565_1	betC	5
GCA_001803565_1	comB	1
GCA_001803565_1	comE	1
GCA_001803565_1	cuyA	1
GCA_001803565_1	cysA	6
GCA_001803565_1	cysC	18
GCA_001803565_1	cysD	2
GCA_001803565_1	cysE	12
GCA_001803565_1	cysH	3
GCA_001803565_1	cysI	4
GCA_001803565_1	cysJ	14
GCA_001803565_1	cysK	10
GCA_001803565_1	cysM	4
GCA_001803565_1	cysN	3
GCA_001803565_1	cysN_cysC	6
GCA_001803565_1	cysQ	1
GCA_001803565_1	cysU	2
GCA_001803565_1	ddhA	6
GCA_001803565_1	ddhC	1
GCA_001803565_1	dmdB	1
GCA_001803565_1	dmdC	24
GCA_001803565_1	dmdD	1
GCA_001803565_1	dmsA	15
GCA_001803565_1	dmsB	2
GCA_001803565_1	dmsC	1
GCA_001803565_1	dsrA	1
GCA_001803565_1	dsrF	1
GCA_001803565_1	dsrP	1
GCA_001803565_1	dsyB	1
GCA_001803565_1	gdh	2
GCA_001803565_1	glpE	11
GCA_001803565_1	hdrA1	5
GCA_001803565_1	hdrA2	2
GCA_001803565_1	hdrB2	1
GCA_001803565_1	hdrD	4
GCA_001803565_1	hpsO	1
GCA_001803565_1	hpsP	3
GCA_001803565_1	mdh	15
GCA_001803565_1	metA	1
GCA_001803565_1	metB	1
GCA_001803565_1	metC	3
GCA_001803565_1	metX	1
GCA_001803565_1	metZ	4
GCA_001803565_1	mtsB	1
GCA_001803565_1	nrnA	3
GCA_001803565_1	phsA	3
GCA_001803565_1	psrC	1
GCA_001803565_1	pta	11
GCA_001803565_1	sat	3
GCA_001803565_1	sbp	3
GCA_001803565_1	sgpB	1
GCA_001803565_1	sgpC	1
GCA_001803565_1	shyC	1
GCA_001803565_1	sir	1
GCA_001803565_1	slcC	3
GCA_001803565_1	soeA	4
GCA_001803565_1	sorA	1
GCA_001803565_1	soxB	1
GCA_001803565_1	soxX	2
GCA_001803565_1	sqdB	3
GCA_001803565_1	sqdX	23
GCA_001803565_1	sreA	1
GCA_001803565_1	ssuA	24
GCA_001803565_1	ssuB	5
GCA_001803565_1	ssuC	3
GCA_001803565_1	ssuD	2
GCA_001803565_1	ssuE	1
GCA_001803565_1	sudA	13
GCA_001803565_1	sudB	2
GCA_001803565_1	sulP	7
GCA_001803565_1	tauB	6
GCA_001803565_1	tauD	2
GCA_001803565_1	tpa	2
GCA_001803565_1	tsdA	1
GCA_001803565_1	ttrA	5
GCA_001803565_1	ttrB	7
GCA_001803565_1	tusA	3
GCA_001803565_1	tusB	1
GCA_001803565_1	tusD	1
GCA_001803565_1	xsc	3
GCA_001871015_1	asrC	1
GCA_001871015_1	betA	3
GCA_001871015_1	betB	2
GCA_001871015_1	betC	2
GCA_001871015_1	comB	1
GCA_001871015_1	cuyA	1
GCA_001871015_1	cysA	2
GCA_001871015_1	cysC	7
GCA_001871015_1	cysE	7
GCA_001871015_1	cysI	1
GCA_001871015_1	cysJ	3
GCA_001871015_1	cysK	5
GCA_001871015_1	cysM	3
GCA_001871015_1	cysN	1
GCA_001871015_1	cysN_cysC	4
GCA_001871015_1	cysQ	1
GCA_001871015_1	cysU	2
GCA_001871015_1	dddP	1
GCA_001871015_1	dmdC	1
GCA_001871015_1	dmsA	2
GCA_001871015_1	dmsB	2
GCA_001871015_1	dmsC	1
GCA_001871015_1	dsrA	2
GCA_001871015_1	dsyB	1
GCA_001871015_1	fccB	1
GCA_001871015_1	gdh	2
GCA_001871015_1	glpE	3
GCA_001871015_1	hdrA1	3
GCA_001871015_1	hdrA2	1
GCA_001871015_1	hpsN	1
GCA_001871015_1	hpsP	5
GCA_001871015_1	mdh	9
GCA_001871015_1	metB	2
GCA_001871015_1	metC	5
GCA_001871015_1	metX	1
GCA_001871015_1	metY	2
GCA_001871015_1	metZ	1
GCA_001871015_1	mtsB	1
GCA_001871015_1	nrnA	4
GCA_001871015_1	prpE	1
GCA_001871015_1	pta	2
GCA_001871015_1	sat	8
GCA_001871015_1	sbp	1
GCA_001871015_1	shyB	1
GCA_001871015_1	shyC	1
GCA_001871015_1	sir	1
GCA_001871015_1	slcC	2
GCA_001871015_1	soxB	2
GCA_001871015_1	soxC	1
GCA_001871015_1	sqdB	2
GCA_001871015_1	sqdX	2
GCA_001871015_1	ssuA	3
GCA_001871015_1	ssuB	5
GCA_001871015_1	ssuD	3
GCA_001871015_1	ssuE	2
GCA_001871015_1	sudA	4
GCA_001871015_1	sudB	2
GCA_001871015_1	sulP	5
GCA_001871015_1	tauA	2
GCA_001871015_1	tauB	2
GCA_001871015_1	tsdA	1
GCA_001871015_1	ttrA	1
GCA_001871015_1	ttrB	1
GCA_001871015_1	tusA	1
GCA_001871015_1	tusB	1
GCA_001871015_1	tusD	1
GCA_001871015_1	xsc	1
GCA_001871075_1	asrC	2
GCA_001871075_1	betA	6
GCA_001871075_1	betB	2
GCA_001871075_1	betC	9
GCA_001871075_1	cuyA	1
GCA_001871075_1	cysA	2
GCA_001871075_1	cysC	9
GCA_001871075_1	cysD	1
GCA_001871075_1	cysE	7
GCA_001871075_1	cysH	1
GCA_001871075_1	cysI	1
GCA_001871075_1	cysJ	3
GCA_001871075_1	cysK	7
GCA_001871075_1	cysM	4
GCA_001871075_1	cysN	1
GCA_001871075_1	cysN_cysC	6
GCA_001871075_1	cysP	1
GCA_001871075_1	cysQ	4
GCA_001871075_1	cysU	1
GCA_001871075_1	cysW	1
GCA_001871075_1	dddP	1
GCA_001871075_1	dmdC	1
GCA_001871075_1	dmsA	3
GCA_001871075_1	dmsB	2
GCA_001871075_1	dmsC	2
GCA_001871075_1	dsrA	3
GCA_001871075_1	dsrB	1
GCA_001871075_1	fccB	1
GCA_001871075_1	gdh	1
GCA_001871075_1	glpE	4
GCA_001871075_1	hdrA1	1
GCA_001871075_1	hdrA2	1
GCA_001871075_1	hpsN	1
GCA_001871075_1	hpsP	10
GCA_001871075_1	hydB	1
GCA_001871075_1	mdh	8
GCA_001871075_1	metB	5
GCA_001871075_1	metX	3
GCA_001871075_1	metY	2
GCA_001871075_1	metZ	2
GCA_001871075_1	mtsA	1
GCA_001871075_1	nrnA	3
GCA_001871075_1	prpE	1
GCA_001871075_1	pta	5
GCA_001871075_1	sat	6
GCA_001871075_1	sgpB	1
GCA_001871075_1	shyC	1
GCA_001871075_1	slcC	2
GCA_001871075_1	soxB	3
GCA_001871075_1	sqdB	2
GCA_001871075_1	sqdX	4
GCA_001871075_1	ssuA	3
GCA_001871075_1	ssuB	9
GCA_001871075_1	ssuC	3
GCA_001871075_1	ssuD	3
GCA_001871075_1	ssuE	2
GCA_001871075_1	sudA	4
GCA_001871075_1	sudB	2
GCA_001871075_1	sulP	2
GCA_001871075_1	tauA	1
GCA_001871075_1	tauB	3
GCA_001871075_1	tauD	1
GCA_001871075_1	tbuC	1
GCA_001871075_1	ttrA	1
GCA_001871075_1	ttrB	1
GCA_001871075_1	tusA	1
GCA_001871075_1	tusB	1
GCA_001871075_1	tusD	1
GCA_001871075_1	xsc	2
GCA_001872885_1	cysC	1
GCA_001872885_1	mdh	2
GCA_001872885_1	pta	1
GCA_001872885_1	sir	1
GCA_001872885_1	sqdX	1
GCA_001872885_1	ssuB	1
GCA_001897675_1	acuI	1
GCA_001897675_1	aprA	3
GCA_001897675_1	asrA	2
GCA_001897675_1	asrB	1
GCA_001897675_1	betA	3
GCA_001897675_1	betB	8
GCA_001897675_1	betC	2
GCA_001897675_1	comB	1
GCA_001897675_1	cuyA	1
GCA_001897675_1	cysA	4
GCA_001897675_1	cysC	24
GCA_001897675_1	cysD	4
GCA_001897675_1	cysE	6
GCA_001897675_1	cysH	3
GCA_001897675_1	cysI	3
GCA_001897675_1	cysJ	3
GCA_001897675_1	cysK	12
GCA_001897675_1	cysM	10
GCA_001897675_1	cysN	6
GCA_001897675_1	cysN_cysC	6
GCA_001897675_1	cysP	1
GCA_001897675_1	cysQ	4
GCA_001897675_1	cysU	10
GCA_001897675_1	cysW	2
GCA_001897675_1	cysZ	2
GCA_001897675_1	dmdA	1
GCA_001897675_1	dmdC	1
GCA_001897675_1	dmsA	6
GCA_001897675_1	dmsB	2
GCA_001897675_1	dmsC	3
GCA_001897675_1	dsrA	5
GCA_001897675_1	dsrB	1
GCA_001897675_1	dsrC	2
GCA_001897675_1	dsrE	1
GCA_001897675_1	dsrF	1
GCA_001897675_1	dsrH	1
GCA_001897675_1	dsrK	2
GCA_001897675_1	dsrL	1
GCA_001897675_1	dsrM	2
GCA_001897675_1	dsrN	1
GCA_001897675_1	dsrO	1
GCA_001897675_1	dsrP	1
GCA_001897675_1	dsyB	2
GCA_001897675_1	fccA	2
GCA_001897675_1	fccB	1
GCA_001897675_1	gdh	1
GCA_001897675_1	glpE	25
GCA_001897675_1	hdrB2	1
GCA_001897675_1	hdrC2	1
GCA_001897675_1	hdrD	1
GCA_001897675_1	hpsN	1
GCA_001897675_1	hpsP	1
GCA_001897675_1	hydD	2
GCA_001897675_1	iseM	1
GCA_001897675_1	mdh	13
GCA_001897675_1	metA	1
GCA_001897675_1	metB	4
GCA_001897675_1	metC	11
GCA_001897675_1	metY	1
GCA_001897675_1	metZ	7
GCA_001897675_1	nrnA	1
GCA_001897675_1	phsA	1
GCA_001897675_1	phsB	1
GCA_001897675_1	phsC	2
GCA_001897675_1	prpE	2
GCA_001897675_1	pta	10
GCA_001897675_1	qmoA	1
GCA_001897675_1	qmoB	1
GCA_001897675_1	sat	6
GCA_001897675_1	sbp	2
GCA_001897675_1	sgpB	2
GCA_001897675_1	sgpC	1
GCA_001897675_1	shyA	1
GCA_001897675_1	shyC	1
GCA_001897675_1	sir	7
GCA_001897675_1	slcC	2
GCA_001897675_1	soeA	1
GCA_001897675_1	soeC	1
GCA_001897675_1	sorA	1
GCA_001897675_1	soxA	5
GCA_001897675_1	soxB	2
GCA_001897675_1	soxD	3
GCA_001897675_1	soxX	6
GCA_001897675_1	soxY	4
GCA_001897675_1	soxZ	3
GCA_001897675_1	sqdB	1
GCA_001897675_1	sqdX	8
GCA_001897675_1	sqr	2
GCA_001897675_1	sseA	1
GCA_001897675_1	ssuA	13
GCA_001897675_1	ssuB	9
GCA_001897675_1	ssuC	3
GCA_001897675_1	ssuD	8
GCA_001897675_1	ssuE	2
GCA_001897675_1	sudA	2
GCA_001897675_1	sulP	11
GCA_001897675_1	tauA	2
GCA_001897675_1	tauB	9
GCA_001897675_1	tauD	1
GCA_001897675_1	tbuC	1
GCA_001897675_1	touF	1
GCA_001897675_1	tsdA	4
GCA_001897675_1	tsdB	3
GCA_001897675_1	ttrA	2
GCA_001897675_1	ttrB	3
GCA_001897675_1	ttrC	2
GCA_001897675_1	tusA	6
GCA_001897675_1	tusB	2
GCA_001897675_1	tusD	1
GCA_001897675_1	tusE	5
GCA_001897675_1	xsc	2
GCA_002010385_1	acuI	2
GCA_002010385_1	aprA	1
GCA_002010385_1	betA	6
GCA_002010385_1	comB	1
GCA_002010385_1	comE	1
GCA_002010385_1	cuyA	1
GCA_002010385_1	cysA	5
GCA_002010385_1	cysC	7
GCA_002010385_1	cysD	1
GCA_002010385_1	cysE	5
GCA_002010385_1	cysI	2
GCA_002010385_1	cysJ	5
GCA_002010385_1	cysK	7
GCA_002010385_1	cysM	3
GCA_002010385_1	cysN	3
GCA_002010385_1	cysN_cysC	3
GCA_002010385_1	cysP	8
GCA_002010385_1	cysQ	1
GCA_002010385_1	cysU	11
GCA_002010385_1	cysW	2
GCA_002010385_1	dddP	3
GCA_002010385_1	dmdB	1
GCA_002010385_1	dmsC	1
GCA_002010385_1	dsrA	1
GCA_002010385_1	dsyB	1
GCA_002010385_1	gdh	2
GCA_002010385_1	glpE	7
GCA_002010385_1	hdrA1	1
GCA_002010385_1	hdrA2	1
GCA_002010385_1	hdrB2	1
GCA_002010385_1	hpsP	3
GCA_002010385_1	hydD	2
GCA_002010385_1	isfD	1
GCA_002010385_1	mccB	1
GCA_002010385_1	mdh	7
GCA_002010385_1	metA	2
GCA_002010385_1	metB	1
GCA_002010385_1	metC	1
GCA_002010385_1	metY	1
GCA_002010385_1	metZ	3
GCA_002010385_1	nrnA	5
GCA_002010385_1	prpE	3
GCA_002010385_1	pta	3
GCA_002010385_1	rdlA	1
GCA_002010385_1	sat	5
GCA_002010385_1	shyA	2
GCA_002010385_1	shyC	1
GCA_002010385_1	slcC	1
GCA_002010385_1	soxA	1
GCA_002010385_1	soxB	3
GCA_002010385_1	soxC	1
GCA_002010385_1	sqdX	3
GCA_002010385_1	ssuB	3
GCA_002010385_1	ssuC	2
GCA_002010385_1	ssuD	1
GCA_002010385_1	sudA	4
GCA_002010385_1	sulP	1
GCA_002010385_1	tauA	1
GCA_002010385_1	tauB	3
GCA_002010385_1	tauC	2
GCA_002010385_1	tpa	1
GCA_002010385_1	tsdA	1
GCA_002010385_1	ttrB	2
GCA_002010385_1	tusA	3
GCA_002010385_1	tusB	1
GCA_002010385_1	tusD	1
GCA_002067565_1	aprA	1
GCA_002067565_1	asrA	1
GCA_002067565_1	asrC	2
GCA_002067565_1	betA	3
GCA_002067565_1	betB	1
GCA_002067565_1	betC	1
GCA_002067565_1	comA	1
GCA_002067565_1	comB	1
GCA_002067565_1	comC	1
GCA_002067565_1	comD	1
GCA_002067565_1	cysA	2
GCA_002067565_1	cysC	5
GCA_002067565_1	cysE	7
GCA_002067565_1	cysJ	6
GCA_002067565_1	cysK	5
GCA_002067565_1	cysN	2
GCA_002067565_1	dmdB	1
GCA_002067565_1	dmsA	3
GCA_002067565_1	dmsB	2
GCA_002067565_1	dmsC	1
GCA_002067565_1	dsrB	1
GCA_002067565_1	dsrF	1
GCA_002067565_1	dsrN	1
GCA_002067565_1	dsyB	4
GCA_002067565_1	glpE	5
GCA_002067565_1	hdrA1	2
GCA_002067565_1	hdrA2	2
GCA_002067565_1	hdrB1	1
GCA_002067565_1	hdrC1	1
GCA_002067565_1	hdrD	1
GCA_002067565_1	hpsP	3
GCA_002067565_1	hydA	1
GCA_002067565_1	hydD	1
GCA_002067565_1	isfD	2
GCA_002067565_1	mddA	1
GCA_002067565_1	mdh	9
GCA_002067565_1	metA	1
GCA_002067565_1	metB	3
GCA_002067565_1	metX	5
GCA_002067565_1	metZ	1
GCA_002067565_1	nrnA	3
GCA_002067565_1	otr	2
GCA_002067565_1	prpE	2
GCA_002067565_1	pta	3
GCA_002067565_1	sat	2
GCA_002067565_1	sfnG	1
GCA_002067565_1	shyA	1
GCA_002067565_1	sir	1
GCA_002067565_1	soxC	1
GCA_002067565_1	sqdB	1
GCA_002067565_1	sqdX	8
GCA_002067565_1	ssuB	3
GCA_002067565_1	ssuE	2
GCA_002067565_1	sudA	5
GCA_002067565_1	tauD	2
GCA_002067565_1	ttrA	2
GCA_002067565_1	tusA	1
GCA_002067565_1	xsc	3
GCA_002083355_1	acuI	1
GCA_002083355_1	aprA	1
GCA_002083355_1	asrA	1
GCA_002083355_1	asrB	1
GCA_002083355_1	betA	4
GCA_002083355_1	betB	3
GCA_002083355_1	comB	2
GCA_002083355_1	comD	1
GCA_002083355_1	comE	1
GCA_002083355_1	cuyA	1
GCA_002083355_1	cysA	2
GCA_002083355_1	cysC	14
GCA_002083355_1	cysD	9
GCA_002083355_1	cysE	6
GCA_002083355_1	cysH	4
GCA_002083355_1	cysI	2
GCA_002083355_1	cysJ	3
GCA_002083355_1	cysK	16
GCA_002083355_1	cysM	8
GCA_002083355_1	cysN	1
GCA_002083355_1	cysN_cysC	4
GCA_002083355_1	cysP	1
GCA_002083355_1	cysQ	2
GCA_002083355_1	cysU	9
GCA_002083355_1	cysZ	1
GCA_002083355_1	ddhA	2
GCA_002083355_1	ddhC	1
GCA_002083355_1	dmdA	2
GCA_002083355_1	dmdB	1
GCA_002083355_1	dmsA	7
GCA_002083355_1	dmsB	1
GCA_002083355_1	dmsC	2
GCA_002083355_1	dsrB	1
GCA_002083355_1	dsrN	2
GCA_002083355_1	dsyB	2
GCA_002083355_1	gdh	1
GCA_002083355_1	glpE	9
GCA_002083355_1	hpsP	2
GCA_002083355_1	hydB	1
GCA_002083355_1	isfD	1
GCA_002083355_1	mdh	8
GCA_002083355_1	metA	1
GCA_002083355_1	metB	1
GCA_002083355_1	metC	3
GCA_002083355_1	metX	1
GCA_002083355_1	metZ	2
GCA_002083355_1	nrnA	3
GCA_002083355_1	phsA	1
GCA_002083355_1	pta	6
GCA_002083355_1	sat	5
GCA_002083355_1	sbp	3
GCA_002083355_1	shyA	1
GCA_002083355_1	soxB	1
GCA_002083355_1	soxC	3
GCA_002083355_1	soxX	4
GCA_002083355_1	soxZ	2
GCA_002083355_1	sqdB	2
GCA_002083355_1	sqdX	4
GCA_002083355_1	sqr	2
GCA_002083355_1	sseA	1
GCA_002083355_1	ssuA	15
GCA_002083355_1	ssuB	6
GCA_002083355_1	ssuC	2
GCA_002083355_1	ssuD	4
GCA_002083355_1	sudA	6
GCA_002083355_1	sulP	8
GCA_002083355_1	tauA	1
GCA_002083355_1	tauB	2
GCA_002083355_1	tauD	3
GCA_002083355_1	tpa	3
GCA_002083355_1	tsdA	1
GCA_002083355_1	ttrA	2
GCA_002083355_1	tusA	5
GCA_002083355_1	tusB	1
GCA_002083355_1	tusD	1
GCA_002083355_1	xsc	2
GCA_002084665_1	acuI	3
GCA_002084665_1	aprA	1
GCA_002084665_1	asrC	1
GCA_002084665_1	betA	3
GCA_002084665_1	betB	3
GCA_002084665_1	comB	4
GCA_002084665_1	cysA	4
GCA_002084665_1	cysC	14
GCA_002084665_1	cysD	1
GCA_002084665_1	cysE	2
GCA_002084665_1	cysH	3
GCA_002084665_1	cysI	1
GCA_002084665_1	cysJ	3
GCA_002084665_1	cysK	9
GCA_002084665_1	cysM	5
GCA_002084665_1	cysN_cysC	4
GCA_002084665_1	cysP	1
GCA_002084665_1	cysQ	1
GCA_002084665_1	cysU	5
GCA_002084665_1	cysW	1
GCA_002084665_1	cysZ	2
GCA_002084665_1	dddP	1
GCA_002084665_1	dmdB	3
GCA_002084665_1	dmsA	7
GCA_002084665_1	dmsB	2
GCA_002084665_1	dmsC	4
GCA_002084665_1	dsrA	1
GCA_002084665_1	dsyB	3
GCA_002084665_1	gdh	1
GCA_002084665_1	glpE	5
GCA_002084665_1	hdrA1	1
GCA_002084665_1	hpsL	1
GCA_002084665_1	hpsM	1
GCA_002084665_1	iseM	1
GCA_002084665_1	isfD	1
GCA_002084665_1	mdh	9
GCA_002084665_1	metB	1
GCA_002084665_1	metC	6
GCA_002084665_1	metX	1
GCA_002084665_1	metY	3
GCA_002084665_1	metZ	4
GCA_002084665_1	nrnA	5
GCA_002084665_1	otr	2
GCA_002084665_1	phsC	1
GCA_002084665_1	prpE	2
GCA_002084665_1	pta	12
GCA_002084665_1	sat	3
GCA_002084665_1	sbp	2
GCA_002084665_1	sgpB	1
GCA_002084665_1	sgpC	1
GCA_002084665_1	shyC	2
GCA_002084665_1	shyD	1
GCA_002084665_1	sir	7
GCA_002084665_1	slcC	1
GCA_002084665_1	soxB	1
GCA_002084665_1	soxX	1
GCA_002084665_1	sqdX	2
GCA_002084665_1	sseA	1
GCA_002084665_1	ssuA	13
GCA_002084665_1	ssuB	5
GCA_002084665_1	ssuC	3
GCA_002084665_1	ssuD	4
GCA_002084665_1	sudA	2
GCA_002084665_1	sulP	4
GCA_002084665_1	tauB	3
GCA_002084665_1	tauD	3
GCA_002084665_1	tbuC	1
GCA_002084665_1	ttrA	1
GCA_002084665_1	tusA	1
GCA_002084665_1	tusB	1
GCA_002084665_1	tusD	1
GCA_002084665_1	xsc	1
GCA_002084765_1	acuI	1
GCA_002084765_1	aprA	1
GCA_002084765_1	betA	1
GCA_002084765_1	betB	7
GCA_002084765_1	betC	1
GCA_002084765_1	comB	1
GCA_002084765_1	cuyA	1
GCA_002084765_1	cysA	2
GCA_002084765_1	cysC	10
GCA_002084765_1	cysD	1
GCA_002084765_1	cysE	5
GCA_002084765_1	cysI	1
GCA_002084765_1	cysJ	3
GCA_002084765_1	cysK	14
GCA_002084765_1	cysM	3
GCA_002084765_1	cysN	1
GCA_002084765_1	cysN_cysC	4
GCA_002084765_1	cysP	3
GCA_002084765_1	cysQ	2
GCA_002084765_1	cysU	4
GCA_002084765_1	cysW	1
GCA_002084765_1	cysZ	1
GCA_002084765_1	dddP	1
GCA_002084765_1	dmdA	1
GCA_002084765_1	dmdB	3
GCA_002084765_1	dmdC	3
GCA_002084765_1	dmsA	8
GCA_002084765_1	dmsB	3
GCA_002084765_1	dmsC	1
GCA_002084765_1	dsrB	1
GCA_002084765_1	gdh	2
GCA_002084765_1	glpE	3
GCA_002084765_1	hpsM	1
GCA_002084765_1	hpsN	1
GCA_002084765_1	isfD	1
GCA_002084765_1	mdh	9
GCA_002084765_1	metB	5
GCA_002084765_1	metC	9
GCA_002084765_1	metZ	2
GCA_002084765_1	nrnA	3
GCA_002084765_1	otr	1
GCA_002084765_1	prpE	1
GCA_002084765_1	pta	4
GCA_002084765_1	rdlA	1
GCA_002084765_1	sat	3
GCA_002084765_1	sbp	7
GCA_002084765_1	sgpC	1
GCA_002084765_1	sir	2
GCA_002084765_1	slcC	1
GCA_002084765_1	soxX	1
GCA_002084765_1	sqdX	17
GCA_002084765_1	ssuA	15
GCA_002084765_1	ssuB	5
GCA_002084765_1	ssuC	4
GCA_002084765_1	ssuD	2
GCA_002084765_1	sudA	6
GCA_002084765_1	sulP	8
GCA_002084765_1	tauA	3
GCA_002084765_1	tauB	3
GCA_002084765_1	tauD	1
GCA_002084765_1	tauE	1
GCA_002084765_1	tsdA	1
GCA_002084765_1	ttrA	1
GCA_002084765_1	ttrB	1
GCA_002084765_1	tusA	2
GCA_002084765_1	tusB	1
GCA_002084765_1	tusD	1
GCA_002255225_1	acuI	5
GCA_002255225_1	aprA	1
GCA_002255225_1	asrA	2
GCA_002255225_1	asrB	1
GCA_002255225_1	betA	4
GCA_002255225_1	betB	3
GCA_002255225_1	comB	2
GCA_002255225_1	cuyA	1
GCA_002255225_1	cysA	4
GCA_002255225_1	cysC	18
GCA_002255225_1	cysD	4
GCA_002255225_1	cysE	7
GCA_002255225_1	cysI	4
GCA_002255225_1	cysJ	3
GCA_002255225_1	cysK	11
GCA_002255225_1	cysM	9
GCA_002255225_1	cysN	4
GCA_002255225_1	cysN_cysC	7
GCA_002255225_1	cysP	1
GCA_002255225_1	cysQ	3
GCA_002255225_1	cysU	7
GCA_002255225_1	cysW	1
GCA_002255225_1	cysZ	3
GCA_002255225_1	dddP	1
GCA_002255225_1	dmdB	1
GCA_002255225_1	dmsA	8
GCA_002255225_1	dmsB	1
GCA_002255225_1	dmsC	3
GCA_002255225_1	fccA	2
GCA_002255225_1	fccB	2
GCA_002255225_1	glpE	7
GCA_002255225_1	hdrD	1
GCA_002255225_1	hpsN	1
GCA_002255225_1	hpsP	1
GCA_002255225_1	hydA	1
GCA_002255225_1	hydD	1
GCA_002255225_1	isfD	3
GCA_002255225_1	mdh	7
GCA_002255225_1	metA	1
GCA_002255225_1	metB	3
GCA_002255225_1	metC	8
GCA_002255225_1	metX	2
GCA_002255225_1	metZ	6
GCA_002255225_1	nrnA	2
GCA_002255225_1	phsA	3
GCA_002255225_1	phsB	1
GCA_002255225_1	prpE	3
GCA_002255225_1	pta	8
GCA_002255225_1	sat	5
GCA_002255225_1	sgpB	1
GCA_002255225_1	sgpC	1
GCA_002255225_1	sir	5
GCA_002255225_1	slcC	1
GCA_002255225_1	sor	1
GCA_002255225_1	soxA	2
GCA_002255225_1	soxB	1
GCA_002255225_1	soxC	4
GCA_002255225_1	soxD	2
GCA_002255225_1	soxX	3
GCA_002255225_1	soxY	2
GCA_002255225_1	soxZ	2
GCA_002255225_1	sqdX	4
GCA_002255225_1	sqr	2
GCA_002255225_1	sseA	1
GCA_002255225_1	ssuA	8
GCA_002255225_1	ssuB	11
GCA_002255225_1	ssuC	3
GCA_002255225_1	ssuD	2
GCA_002255225_1	sudA	1
GCA_002255225_1	sulP	3
GCA_002255225_1	tauA	1
GCA_002255225_1	tauB	4
GCA_002255225_1	tauD	5
GCA_002255225_1	tmoC	1
GCA_002255225_1	toa	1
GCA_002255225_1	tsdA	3
GCA_002255225_1	tsdB	8
GCA_002255225_1	ttrA	1
GCA_002255225_1	tusA	2
GCA_002255225_1	tusD	1
GCA_002255225_1	tusE	1
GCA_002255225_1	xsc	1
GCA_002320695_1	acuI	11
GCA_002320695_1	aprA	1
GCA_002320695_1	asrA	1
GCA_002320695_1	asrB	2
GCA_002320695_1	betA	7
GCA_002320695_1	betB	17
GCA_002320695_1	betC	2
GCA_002320695_1	comB	4
GCA_002320695_1	cuyA	2
GCA_002320695_1	cysA	4
GCA_002320695_1	cysC	19
GCA_002320695_1	cysD	8
GCA_002320695_1	cysE	7
GCA_002320695_1	cysH	6
GCA_002320695_1	cysI	2
GCA_002320695_1	cysJ	10
GCA_002320695_1	cysK	20
GCA_002320695_1	cysM	5
GCA_002320695_1	cysN	5
GCA_002320695_1	cysN_cysC	6
GCA_002320695_1	cysP	3
GCA_002320695_1	cysQ	4
GCA_002320695_1	cysU	1
GCA_002320695_1	cysW	1
GCA_002320695_1	dddP	1
GCA_002320695_1	dmdA	1
GCA_002320695_1	dmdB	5
GCA_002320695_1	dmdC	14
GCA_002320695_1	dmdD	5
GCA_002320695_1	dmsA	13
GCA_002320695_1	dmsB	1
GCA_002320695_1	dmsC	3
GCA_002320695_1	dsrA	1
GCA_002320695_1	dsrB	2
GCA_002320695_1	dsyB	1
GCA_002320695_1	gdh	2
GCA_002320695_1	glpE	21
GCA_002320695_1	hdrD	1
GCA_002320695_1	hpsM	1
GCA_002320695_1	hpsN	1
GCA_002320695_1	hpsP	3
GCA_002320695_1	iseK	1
GCA_002320695_1	iseM	1
GCA_002320695_1	isfD	7
GCA_002320695_1	mddA	2
GCA_002320695_1	mdh	18
GCA_002320695_1	metA	1
GCA_002320695_1	metB	7
GCA_002320695_1	metC	17
GCA_002320695_1	metX	2
GCA_002320695_1	metY	2
GCA_002320695_1	metZ	2
GCA_002320695_1	nrnA	2
GCA_002320695_1	prpE	7
GCA_002320695_1	pta	8
GCA_002320695_1	sat	4
GCA_002320695_1	sbp	3
GCA_002320695_1	sgpB	3
GCA_002320695_1	shyA	1
GCA_002320695_1	shyC	1
GCA_002320695_1	shyD	1
GCA_002320695_1	sir	8
GCA_002320695_1	slcC	3
GCA_002320695_1	sorA	1
GCA_002320695_1	sorB	1
GCA_002320695_1	soxB	7
GCA_002320695_1	soxC	1
GCA_002320695_1	soxD	1
GCA_002320695_1	soxX	2
GCA_002320695_1	soxY	1
GCA_002320695_1	sqdB	1
GCA_002320695_1	sqdX	6
GCA_002320695_1	sqr	1
GCA_002320695_1	sseA	3
GCA_002320695_1	ssuA	37
GCA_002320695_1	ssuB	14
GCA_002320695_1	ssuC	5
GCA_002320695_1	ssuD	9
GCA_002320695_1	ssuE	1
GCA_002320695_1	sudA	5
GCA_002320695_1	sulP	14
GCA_002320695_1	tauA	3
GCA_002320695_1	tauB	4
GCA_002320695_1	tauD	6
GCA_002320695_1	tbuC	1
GCA_002320695_1	tmoC	1
GCA_002320695_1	tpa	2
GCA_002320695_1	tsdA	2
GCA_002320695_1	ttrA	1
GCA_002320695_1	ttrC	1
GCA_002320695_1	tusA	1
GCA_002320695_1	tusB	2
GCA_002320695_1	tusD	3
GCA_002320695_1	yihQ	2
GCA_002347965_1	acuI	2
GCA_002347965_1	aprA	1
GCA_002347965_1	asrA	1
GCA_002347965_1	asrB	1
GCA_002347965_1	betA	3
GCA_002347965_1	betB	9
GCA_002347965_1	comB	2
GCA_002347965_1	comE	1
GCA_002347965_1	cuyA	1
GCA_002347965_1	cysA	2
GCA_002347965_1	cysC	11
GCA_002347965_1	cysD	2
GCA_002347965_1	cysE	3
GCA_002347965_1	cysI	2
GCA_002347965_1	cysJ	4
GCA_002347965_1	cysK	11
GCA_002347965_1	cysM	3
GCA_002347965_1	cysN	2
GCA_002347965_1	cysN_cysC	4
GCA_002347965_1	cysQ	3
GCA_002347965_1	cysU	6
GCA_002347965_1	cysZ	1
GCA_002347965_1	dddP	2
GCA_002347965_1	dmdB	10
GCA_002347965_1	dmdC	10
GCA_002347965_1	dmdD	3
GCA_002347965_1	dmsA	5
GCA_002347965_1	dmsB	4
GCA_002347965_1	dmsC	1
GCA_002347965_1	dsyB	1
GCA_002347965_1	fccA	2
GCA_002347965_1	gdh	4
GCA_002347965_1	glpE	14
GCA_002347965_1	hdrD	3
GCA_002347965_1	iseM	1
GCA_002347965_1	isfD	2
GCA_002347965_1	mdh	12
GCA_002347965_1	metA	1
GCA_002347965_1	metC	5
GCA_002347965_1	metX	1
GCA_002347965_1	metY	1
GCA_002347965_1	metZ	4
GCA_002347965_1	nrnA	2
GCA_002347965_1	phsA	2
GCA_002347965_1	prpE	5
GCA_002347965_1	pta	5
GCA_002347965_1	sat	1
GCA_002347965_1	sbp	1
GCA_002347965_1	shyA	1
GCA_002347965_1	sir	4
GCA_002347965_1	slcC	1
GCA_002347965_1	soxB	2
GCA_002347965_1	soxC	1
GCA_002347965_1	sqdX	5
GCA_002347965_1	sseA	1
GCA_002347965_1	ssuA	4
GCA_002347965_1	ssuB	9
GCA_002347965_1	ssuC	5
GCA_002347965_1	ssuD	2
GCA_002347965_1	ssuE	1
GCA_002347965_1	sudA	5
GCA_002347965_1	sudB	2
GCA_002347965_1	sulP	1
GCA_002347965_1	tauA	1
GCA_002347965_1	tauB	4
GCA_002347965_1	tauD	1
GCA_002347965_1	tmoC	1
GCA_002347965_1	tpa	3
GCA_002347965_1	tsdA	1
GCA_002347965_1	ttrA	1
GCA_002347965_1	ttrB	1
GCA_002347965_1	tusD	1
GCA_002347965_1	xsc	4
GCA_002347965_1	yihQ	2
GCA_002382735_1	asrB	1
GCA_002382735_1	asrC	1
GCA_002382735_1	betA	4
GCA_002382735_1	betB	3
GCA_002382735_1	betC	1
GCA_002382735_1	comE	1
GCA_002382735_1	cuyA	1
GCA_002382735_1	cysA	3
GCA_002382735_1	cysC	15
GCA_002382735_1	cysD	2
GCA_002382735_1	cysE	3
GCA_002382735_1	cysH	2
GCA_002382735_1	cysI	2
GCA_002382735_1	cysJ	7
GCA_002382735_1	cysK	5
GCA_002382735_1	cysM	6
GCA_002382735_1	cysN	2
GCA_002382735_1	cysN_cysC	4
GCA_002382735_1	cysQ	2
GCA_002382735_1	cysU	3
GCA_002382735_1	dddP	1
GCA_002382735_1	dmdA	1
GCA_002382735_1	dmdB	1
GCA_002382735_1	dmdC	1
GCA_002382735_1	dmsA	8
GCA_002382735_1	dmsB	1
GCA_002382735_1	dmsC	1
GCA_002382735_1	dsrB	1
GCA_002382735_1	fccB	1
GCA_002382735_1	gdh	4
GCA_002382735_1	glpE	4
GCA_002382735_1	hdrA1	2
GCA_002382735_1	hdrD	1
GCA_002382735_1	hpsO	1
GCA_002382735_1	hpsP	1
GCA_002382735_1	isfD	1
GCA_002382735_1	mdh	15
GCA_002382735_1	metA	1
GCA_002382735_1	metB	2
GCA_002382735_1	metC	4
GCA_002382735_1	metZ	2
GCA_002382735_1	nrnA	4
GCA_002382735_1	prpE	1
GCA_002382735_1	pta	9
GCA_002382735_1	sat	2
GCA_002382735_1	sbp	2
GCA_002382735_1	sgpB	1
GCA_002382735_1	sir	1
GCA_002382735_1	slcC	1
GCA_002382735_1	soeA	1
GCA_002382735_1	soxB	1
GCA_002382735_1	soxX	1
GCA_002382735_1	sqdB	1
GCA_002382735_1	sqdX	6
GCA_002382735_1	ssuA	1
GCA_002382735_1	ssuB	6
GCA_002382735_1	ssuC	3
GCA_002382735_1	ssuD	5
GCA_002382735_1	ssuE	2
GCA_002382735_1	sudA	4
GCA_002382735_1	sudB	1
GCA_002382735_1	sulP	3
GCA_002382735_1	tauA	3
GCA_002382735_1	tauB	3
GCA_002382735_1	tsdA	1
GCA_002382735_1	ttrA	2
GCA_002382735_1	tusA	1
GCA_002382735_1	tusB	2
GCA_002382735_1	tusD	1
GCA_002398225_1	acuI	1
GCA_002398225_1	aprA	2
GCA_002398225_1	asrB	2
GCA_002398225_1	betA	5
GCA_002398225_1	betB	1
GCA_002398225_1	betC	1
GCA_002398225_1	cuyA	1
GCA_002398225_1	cysA	5
GCA_002398225_1	cysC	20
GCA_002398225_1	cysE	8
GCA_002398225_1	cysJ	5
GCA_002398225_1	cysK	11
GCA_002398225_1	cysM	3
GCA_002398225_1	cysN	1
GCA_002398225_1	cysN_cysC	5
GCA_002398225_1	cysQ	1
GCA_002398225_1	cysU	1
GCA_002398225_1	cysW	1
GCA_002398225_1	dddP	3
GCA_002398225_1	dmdC	2
GCA_002398225_1	dmsA	6
GCA_002398225_1	dmsB	1
GCA_002398225_1	dmsC	1
GCA_002398225_1	gdh	2
GCA_002398225_1	glpE	2
GCA_002398225_1	hdrA1	1
GCA_002398225_1	hdrA2	2
GCA_002398225_1	hdrD	1
GCA_002398225_1	hpsP	2
GCA_002398225_1	isfD	2
GCA_002398225_1	mdh	10
GCA_002398225_1	metB	5
GCA_002398225_1	metC	6
GCA_002398225_1	metX	2
GCA_002398225_1	metY	3
GCA_002398225_1	metZ	1
GCA_002398225_1	mtsA	1
GCA_002398225_1	mtsB	1
GCA_002398225_1	nrnA	5
GCA_002398225_1	pta	9
GCA_002398225_1	sat	2
GCA_002398225_1	sir	1
GCA_002398225_1	slcC	3
GCA_002398225_1	slcD	1
GCA_002398225_1	soxB	2
GCA_002398225_1	soxY	1
GCA_002398225_1	sqdX	9
GCA_002398225_1	ssuA	1
GCA_002398225_1	ssuB	7
GCA_002398225_1	ssuD	2
GCA_002398225_1	sudA	7
GCA_002398225_1	sudB	1
GCA_002398225_1	sulP	1
GCA_002398225_1	tauA	2
GCA_002398225_1	tauB	6
GCA_002398225_1	tauD	5
GCA_002398225_1	tpa	2
GCA_002398225_1	tsdA	1
GCA_002398225_1	tusA	1
GCA_002398225_1	tusB	1
GCA_002398225_1	tusD	2
GCA_002398225_1	xsc	1
GCA_002403115_1	betA	4
GCA_002403115_1	betB	1
GCA_002403115_1	comB	2
GCA_002403115_1	comE	1
GCA_002403115_1	cuyA	2
GCA_002403115_1	cysA	2
GCA_002403115_1	cysC	13
GCA_002403115_1	cysD	2
GCA_002403115_1	cysE	4
GCA_002403115_1	cysH	1
GCA_002403115_1	cysI	1
GCA_002403115_1	cysJ	2
GCA_002403115_1	cysK	10
GCA_002403115_1	cysM	3
GCA_002403115_1	cysN	6
GCA_002403115_1	cysN_cysC	3
GCA_002403115_1	cysP	3
GCA_002403115_1	cysQ	1
GCA_002403115_1	cysU	4
GCA_002403115_1	cysW	1
GCA_002403115_1	dddP	1
GCA_002403115_1	dmdA	2
GCA_002403115_1	dmdB	1
GCA_002403115_1	dmdC	2
GCA_002403115_1	dmsA	6
GCA_002403115_1	dmsC	1
GCA_002403115_1	gdh	2
GCA_002403115_1	glpE	4
GCA_002403115_1	hdrA2	2
GCA_002403115_1	hdrB2	1
GCA_002403115_1	hdrC2	1
GCA_002403115_1	hydD	1
GCA_002403115_1	mccB	1
GCA_002403115_1	mdh	6
GCA_002403115_1	metA	1
GCA_002403115_1	metB	2
GCA_002403115_1	metC	4
GCA_002403115_1	metZ	2
GCA_002403115_1	nrnA	2
GCA_002403115_1	prpE	2
GCA_002403115_1	pta	9
GCA_002403115_1	sat	3
GCA_002403115_1	sbp	2
GCA_002403115_1	shyA	1
GCA_002403115_1	sir	1
GCA_002403115_1	slcC	2
GCA_002403115_1	soxB	1
GCA_002403115_1	soxC	1
GCA_002403115_1	soxX	1
GCA_002403115_1	sqdX	5
GCA_002403115_1	ssuA	8
GCA_002403115_1	ssuB	4
GCA_002403115_1	ssuC	3
GCA_002403115_1	ssuD	1
GCA_002403115_1	ssuE	1
GCA_002403115_1	sudA	4
GCA_002403115_1	sudB	1
GCA_002403115_1	sulP	6
GCA_002403115_1	tauA	1
GCA_002403115_1	tauB	3
GCA_002403115_1	tauD	1
GCA_002403115_1	tpa	1
GCA_002403115_1	tsdA	1
GCA_002403115_1	ttrA	1
GCA_002403115_1	ttrB	3
GCA_002403115_1	tusA	2
GCA_002403115_1	tusB	1
GCA_002412965_1	acuI	1
GCA_002412965_1	aprA	2
GCA_002412965_1	aprB	1
GCA_002412965_1	asrA	2
GCA_002412965_1	asrB	1
GCA_002412965_1	asrC	4
GCA_002412965_1	betA	7
GCA_002412965_1	betB	8
GCA_002412965_1	betC	2
GCA_002412965_1	comB	1
GCA_002412965_1	comE	3
GCA_002412965_1	cuyA	1
GCA_002412965_1	cysA	9
GCA_002412965_1	cysC	15
GCA_002412965_1	cysD	4
GCA_002412965_1	cysE	7
GCA_002412965_1	cysH	1
GCA_002412965_1	cysI	2
GCA_002412965_1	cysJ	8
GCA_002412965_1	cysK	16
GCA_002412965_1	cysM	9
GCA_002412965_1	cysN	4
GCA_002412965_1	cysN_cysC	4
GCA_002412965_1	cysP	6
GCA_002412965_1	cysQ	4
GCA_002412965_1	cysU	9
GCA_002412965_1	cysW	1
GCA_002412965_1	cysZ	2
GCA_002412965_1	dddP	3
GCA_002412965_1	dmdA	1
GCA_002412965_1	dmdB	6
GCA_002412965_1	dmsA	18
GCA_002412965_1	dmsB	4
GCA_002412965_1	dmsC	2
GCA_002412965_1	dsrA	1
GCA_002412965_1	dsrB	2
GCA_002412965_1	dsrC	1
GCA_002412965_1	dsrD	1
GCA_002412965_1	dsrK	5
GCA_002412965_1	dsrM	2
GCA_002412965_1	dsrN	1
GCA_002412965_1	dsyB	1
GCA_002412965_1	gdh	1
GCA_002412965_1	glpE	19
GCA_002412965_1	hdrA2	4
GCA_002412965_1	hdrB2	3
GCA_002412965_1	hdrC1	1
GCA_002412965_1	hdrC2	2
GCA_002412965_1	hdrD	3
GCA_002412965_1	hpsM	3
GCA_002412965_1	hpsN	3
GCA_002412965_1	hpsP	1
GCA_002412965_1	iseK	1
GCA_002412965_1	iseM	4
GCA_002412965_1	isfD	1
GCA_002412965_1	mccB	1
GCA_002412965_1	mddA	1
GCA_002412965_1	mdh	13
GCA_002412965_1	metB	3
GCA_002412965_1	metC	4
GCA_002412965_1	metX	6
GCA_002412965_1	metY	1
GCA_002412965_1	metZ	4
GCA_002412965_1	mtsB	1
GCA_002412965_1	nrnA	5
GCA_002412965_1	otr	1
GCA_002412965_1	phsA	1
GCA_002412965_1	phsC	1
GCA_002412965_1	prpE	3
GCA_002412965_1	psrA	1
GCA_002412965_1	pta	15
GCA_002412965_1	qmoA	1
GCA_002412965_1	qmoB	1
GCA_002412965_1	qmoC	1
GCA_002412965_1	sat	5
GCA_002412965_1	sgpB	1
GCA_002412965_1	sgpC	1
GCA_002412965_1	shyA	2
GCA_002412965_1	shyC	1
GCA_002412965_1	sir	3
GCA_002412965_1	slcC	2
GCA_002412965_1	slcD	1
GCA_002412965_1	soxB	1
GCA_002412965_1	soxX	1
GCA_002412965_1	sqdB	3
GCA_002412965_1	sqdX	22
GCA_002412965_1	sseA	1
GCA_002412965_1	ssuA	43
GCA_002412965_1	ssuB	9
GCA_002412965_1	ssuC	5
GCA_002412965_1	ssuD	2
GCA_002412965_1	sudA	6
GCA_002412965_1	sudB	2
GCA_002412965_1	sulP	15
GCA_002412965_1	suyA	1
GCA_002412965_1	suyB	1
GCA_002412965_1	tauA	3
GCA_002412965_1	tauB	9
GCA_002412965_1	tauC	2
GCA_002412965_1	tauD	5
GCA_002412965_1	tauZ	1
GCA_002412965_1	tsdA	1
GCA_002412965_1	ttrA	1
GCA_002412965_1	ttrB	6
GCA_002412965_1	ttrC	1
GCA_002412965_1	tusA	6
GCA_002412965_1	tusD	1
GCA_002412965_1	xsc	2
GCA_002428525_1	acuI	1
GCA_002428525_1	asrA	1
GCA_002428525_1	asrB	1
GCA_002428525_1	betA	2
GCA_002428525_1	betB	5
GCA_002428525_1	comB	2
GCA_002428525_1	comE	1
GCA_002428525_1	cuyA	1
GCA_002428525_1	cysA	2
GCA_002428525_1	cysC	17
GCA_002428525_1	cysD	3
GCA_002428525_1	cysE	5
GCA_002428525_1	cysI	2
GCA_002428525_1	cysJ	5
GCA_002428525_1	cysK	5
GCA_002428525_1	cysM	5
GCA_002428525_1	cysN	3
GCA_002428525_1	cysN_cysC	4
GCA_002428525_1	cysQ	1
GCA_002428525_1	cysU	3
GCA_002428525_1	dddP	1
GCA_002428525_1	dmdA	1
GCA_002428525_1	dmdB	1
GCA_002428525_1	dmdC	1
GCA_002428525_1	dmsA	6
GCA_002428525_1	dmsB	1
GCA_002428525_1	dmsC	1
GCA_002428525_1	dsrA	1
GCA_002428525_1	dsrO	1
GCA_002428525_1	gdh	2
GCA_002428525_1	glpE	3
GCA_002428525_1	mdh	12
GCA_002428525_1	metB	1
GCA_002428525_1	metC	4
GCA_002428525_1	metZ	1
GCA_002428525_1	nrnA	3
GCA_002428525_1	prpE	1
GCA_002428525_1	pta	9
GCA_002428525_1	sat	4
GCA_002428525_1	sgpB	1
GCA_002428525_1	shyC	2
GCA_002428525_1	sir	1
GCA_002428525_1	soxA	1
GCA_002428525_1	soxB	3
GCA_002428525_1	soxC	1
GCA_002428525_1	soxX	1
GCA_002428525_1	sqdB	1
GCA_002428525_1	sqdX	7
GCA_002428525_1	ssuA	7
GCA_002428525_1	ssuB	6
GCA_002428525_1	ssuC	1
GCA_002428525_1	ssuD	3
GCA_002428525_1	ssuE	1
GCA_002428525_1	sudA	3
GCA_002428525_1	sudB	1
GCA_002428525_1	sulP	2
GCA_002428525_1	tauA	1
GCA_002428525_1	tauB	3
GCA_002428525_1	tsdA	1
GCA_002428525_1	ttrA	1
GCA_002428525_1	ttrC	1
GCA_002428525_1	tusA	3
GCA_002428525_1	tusB	1
GCA_002428525_1	tusD	1
GCA_002441095_1	asrB	1
GCA_002441095_1	betA	6
GCA_002441095_1	betB	2
GCA_002441095_1	betC	2
GCA_002441095_1	comB	1
GCA_002441095_1	cysA	2
GCA_002441095_1	cysC	12
GCA_002441095_1	cysD	3
GCA_002441095_1	cysE	7
GCA_002441095_1	cysJ	4
GCA_002441095_1	cysK	7
GCA_002441095_1	cysM	6
GCA_002441095_1	cysN	4
GCA_002441095_1	cysN_cysC	4
GCA_002441095_1	cysP	1
GCA_002441095_1	cysQ	1
GCA_002441095_1	cysU	5
GCA_002441095_1	cysW	2
GCA_002441095_1	dddP	1
GCA_002441095_1	dmdA	1
GCA_002441095_1	dmdB	1
GCA_002441095_1	dmdC	2
GCA_002441095_1	dmsA	5
GCA_002441095_1	dmsB	2
GCA_002441095_1	dmsC	1
GCA_002441095_1	dsrA	2
GCA_002441095_1	dsrB	1
GCA_002441095_1	gdh	1
GCA_002441095_1	glpE	5
GCA_002441095_1	hdrA1	1
GCA_002441095_1	hpsN	1
GCA_002441095_1	hydA	1
GCA_002441095_1	hydB	1
GCA_002441095_1	mdh	12
GCA_002441095_1	metB	3
GCA_002441095_1	metC	4
GCA_002441095_1	metX	1
GCA_002441095_1	metY	2
GCA_002441095_1	metZ	3
GCA_002441095_1	nrnA	5
GCA_002441095_1	pta	4
GCA_002441095_1	sat	6
GCA_002441095_1	sbp	3
GCA_002441095_1	sgpB	1
GCA_002441095_1	shyD	1
GCA_002441095_1	sir	1
GCA_002441095_1	slcC	2
GCA_002441095_1	sqdB	1
GCA_002441095_1	sqdX	16
GCA_002441095_1	ssuB	4
GCA_002441095_1	ssuC	2
GCA_002441095_1	ssuD	3
GCA_002441095_1	sudA	3
GCA_002441095_1	sudB	2
GCA_002441095_1	sulP	5
GCA_002441095_1	tauA	2
GCA_002441095_1	tauB	2
GCA_002441095_1	tauD	2
GCA_002441095_1	tsdA	1
GCA_002441095_1	tusB	1
GCA_002441095_1	tusD	1
GCA_002441095_1	xsc	2
GCA_002452335_1	acuI	3
GCA_002452335_1	aprA	2
GCA_002452335_1	asrA	2
GCA_002452335_1	asrB	1
GCA_002452335_1	asrC	3
GCA_002452335_1	betA	6
GCA_002452335_1	betB	2
GCA_002452335_1	betC	1
GCA_002452335_1	comB	1
GCA_002452335_1	cysA	5
GCA_002452335_1	cysC	15
GCA_002452335_1	cysD	3
GCA_002452335_1	cysE	6
GCA_002452335_1	cysH	1
GCA_002452335_1	cysI	2
GCA_002452335_1	cysJ	4
GCA_002452335_1	cysK	11
GCA_002452335_1	cysM	5
GCA_002452335_1	cysN	10
GCA_002452335_1	cysN_cysC	6
GCA_002452335_1	cysP	2
GCA_002452335_1	cysQ	3
GCA_002452335_1	cysU	5
GCA_002452335_1	dddP	1
GCA_002452335_1	dmdB	1
GCA_002452335_1	dmsA	7
GCA_002452335_1	dmsB	1
GCA_002452335_1	dmsC	2
GCA_002452335_1	dsrN	1
GCA_002452335_1	dsrP	2
GCA_002452335_1	dsyB	2
GCA_002452335_1	fccA	1
GCA_002452335_1	fccB	1
GCA_002452335_1	gdh	2
GCA_002452335_1	glpE	13
GCA_002452335_1	hdrA2	1
GCA_002452335_1	hdrD	2
GCA_002452335_1	hpsN	2
GCA_002452335_1	hydA	1
GCA_002452335_1	hydD	1
GCA_002452335_1	mddA	1
GCA_002452335_1	mdh	14
GCA_002452335_1	metB	1
GCA_002452335_1	metC	12
GCA_002452335_1	metX	2
GCA_002452335_1	metY	3
GCA_002452335_1	metZ	1
GCA_002452335_1	nrnA	5
GCA_002452335_1	prpE	1
GCA_002452335_1	psrA	1
GCA_002452335_1	pta	10
GCA_002452335_1	sat	4
GCA_002452335_1	sbp	2
GCA_002452335_1	sgpB	1
GCA_002452335_1	shyA	1
GCA_002452335_1	shyC	1
GCA_002452335_1	shyD	1
GCA_002452335_1	sir	3
GCA_002452335_1	slcC	3
GCA_002452335_1	soxB	1
GCA_002452335_1	soxC	1
GCA_002452335_1	soxY	1
GCA_002452335_1	sqdB	1
GCA_002452335_1	sqdX	8
GCA_002452335_1	sqr	1
GCA_002452335_1	ssuA	12
GCA_002452335_1	ssuB	11
GCA_002452335_1	ssuC	4
GCA_002452335_1	ssuD	2
GCA_002452335_1	ssuE	1
GCA_002452335_1	sudA	4
GCA_002452335_1	sulP	6
GCA_002452335_1	tauA	2
GCA_002452335_1	tauB	6
GCA_002452335_1	tauD	2
GCA_002452335_1	tauZ	1
GCA_002452335_1	tbuC	1
GCA_002452335_1	tpa	2
GCA_002452335_1	tsdA	1
GCA_002452335_1	ttrA	1
GCA_002452335_1	ttrB	5
GCA_002452335_1	ttrC	1
GCA_002452335_1	tusA	1
GCA_002452335_1	tusB	2
GCA_002452335_1	tusD	2
GCA_002452335_1	xsc	1
GCA_002747145_1	aprA	1
GCA_002747145_1	aprB	1
GCA_002747145_1	asrC	1
GCA_002747145_1	betA	2
GCA_002747145_1	betB	4
GCA_002747145_1	comE	1
GCA_002747145_1	cuyA	1
GCA_002747145_1	cysA	3
GCA_002747145_1	cysC	5
GCA_002747145_1	cysD	2
GCA_002747145_1	cysE	4
GCA_002747145_1	cysH	1
GCA_002747145_1	cysJ	4
GCA_002747145_1	cysK	4
GCA_002747145_1	cysM	2
GCA_002747145_1	cysN_cysC	1
GCA_002747145_1	cysW	2
GCA_002747145_1	dmdA	1
GCA_002747145_1	dmdB	1
GCA_002747145_1	dmdC	1
GCA_002747145_1	dmsA	6
GCA_002747145_1	dsrC	1
GCA_002747145_1	fccB	1
GCA_002747145_1	glpE	12
GCA_002747145_1	hdrA1	2
GCA_002747145_1	hdrB2	1
GCA_002747145_1	hdrC1	1
GCA_002747145_1	hdrC2	2
GCA_002747145_1	hdrD	3
GCA_002747145_1	hpsN	1
GCA_002747145_1	iseM	1
GCA_002747145_1	mccB	1
GCA_002747145_1	mdh	6
GCA_002747145_1	metZ	2
GCA_002747145_1	nrnA	1
GCA_002747145_1	otr	2
GCA_002747145_1	phsC	1
GCA_002747145_1	prpE	3
GCA_002747145_1	pta	5
GCA_002747145_1	qmoA	2
GCA_002747145_1	qmoB	1
GCA_002747145_1	qmoC	1
GCA_002747145_1	sat	2
GCA_002747145_1	sgpB	1
GCA_002747145_1	sgpC	1
GCA_002747145_1	shyA	1
GCA_002747145_1	shyC	1
GCA_002747145_1	slcC	1
GCA_002747145_1	slcD	1
GCA_002747145_1	soxX	1
GCA_002747145_1	sqdB	2
GCA_002747145_1	sqdX	1
GCA_002747145_1	ssuA	13
GCA_002747145_1	ssuB	10
GCA_002747145_1	ssuC	3
GCA_002747145_1	ssuD	4
GCA_002747145_1	sudA	3
GCA_002747145_1	sudB	1
GCA_002747145_1	sulP	2
GCA_002747145_1	tauA	2
GCA_002747145_1	tauD	1
GCA_002747145_1	tauZ	1
GCA_002747145_1	tpa	1
GCA_002747145_1	ttrA	1
GCA_002747145_1	ttrB	3
GCA_002747145_1	tusA	1
GCA_002747145_1	tusB	1
GCA_002747145_1	xsc	1
GCA_002877985_1	aprA	1
GCA_002877985_1	aprB	1
GCA_002877985_1	asrA	1
GCA_002877985_1	betA	3
GCA_002877985_1	betB	3
GCA_002877985_1	cuyA	1
GCA_002877985_1	cysA	2
GCA_002877985_1	cysC	12
GCA_002877985_1	cysD	2
GCA_002877985_1	cysE	3
GCA_002877985_1	cysI	1
GCA_002877985_1	cysJ	3
GCA_002877985_1	cysK	7
GCA_002877985_1	cysM	2
GCA_002877985_1	cysN	2
GCA_002877985_1	cysN_cysC	5
GCA_002877985_1	cysQ	2
GCA_002877985_1	cysU	3
GCA_002877985_1	cysW	1
GCA_002877985_1	dmdC	1
GCA_002877985_1	dmsA	4
GCA_002877985_1	dmsB	5
GCA_002877985_1	dmsC	1
GCA_002877985_1	dsrA	3
GCA_002877985_1	dsrB	2
GCA_002877985_1	dsrC	1
GCA_002877985_1	dsrD	2
GCA_002877985_1	dsrJ	1
GCA_002877985_1	dsrK	5
GCA_002877985_1	dsrM	1
GCA_002877985_1	glpE	3
GCA_002877985_1	hdrA2	2
GCA_002877985_1	hpsN	1
GCA_002877985_1	hpsP	1
GCA_002877985_1	mccB	1
GCA_002877985_1	mdh	10
GCA_002877985_1	metB	1
GCA_002877985_1	metC	6
GCA_002877985_1	metY	1
GCA_002877985_1	metZ	3
GCA_002877985_1	nrnA	2
GCA_002877985_1	otr	1
GCA_002877985_1	phsA	1
GCA_002877985_1	phsC	1
GCA_002877985_1	prpE	1
GCA_002877985_1	pta	3
GCA_002877985_1	sat	3
GCA_002877985_1	shyA	1
GCA_002877985_1	slcC	1
GCA_002877985_1	soxX	1
GCA_002877985_1	sqdX	5
GCA_002877985_1	ssuA	8
GCA_002877985_1	ssuB	8
GCA_002877985_1	ssuC	1
GCA_002877985_1	ssuE	2
GCA_002877985_1	sudA	2
GCA_002877985_1	sudB	1
GCA_002877985_1	sulP	1
GCA_002877985_1	tauA	3
GCA_002877985_1	tauB	3
GCA_002877985_1	tauD	3
GCA_002877985_1	tpa	1
GCA_002877985_1	tsdA	1
GCA_002877985_1	ttrB	2
GCA_002877985_1	tusA	2
GCA_002877985_1	tusB	1
GCA_002877985_1	tusD	1
GCA_002877985_1	xsc	1
GCA_002898315_1	acuI	3
GCA_002898315_1	asrA	1
GCA_002898315_1	betB	4
GCA_002898315_1	betC	2
GCA_002898315_1	comE	1
GCA_002898315_1	cuyA	1
GCA_002898315_1	cysA	4
GCA_002898315_1	cysC	10
GCA_002898315_1	cysE	2
GCA_002898315_1	cysH	2
GCA_002898315_1	cysI	2
GCA_002898315_1	cysJ	4
GCA_002898315_1	cysK	5
GCA_002898315_1	cysM	2
GCA_002898315_1	cysN	4
GCA_002898315_1	cysN_cysC	2
GCA_002898315_1	cysU	2
GCA_002898315_1	dddP	1
GCA_002898315_1	dmdB	2
GCA_002898315_1	dmdC	12
GCA_002898315_1	dmsC	1
GCA_002898315_1	dsrN	1
GCA_002898315_1	gdh	2
GCA_002898315_1	glpE	6
GCA_002898315_1	hpsP	1
GCA_002898315_1	isfD	1
GCA_002898315_1	mdh	5
GCA_002898315_1	metA	1
GCA_002898315_1	metC	3
GCA_002898315_1	metY	1
GCA_002898315_1	metZ	3
GCA_002898315_1	nrnA	2
GCA_002898315_1	prpE	4
GCA_002898315_1	psrA	1
GCA_002898315_1	pta	1
GCA_002898315_1	sat	2
GCA_002898315_1	sfnG	2
GCA_002898315_1	sgpB	1
GCA_002898315_1	shyC	1
GCA_002898315_1	slcC	1
GCA_002898315_1	soxX	1
GCA_002898315_1	sqdX	6
GCA_002898315_1	sreA	1
GCA_002898315_1	ssuA	3
GCA_002898315_1	ssuB	2
GCA_002898315_1	ssuC	4
GCA_002898315_1	ssuD	2
GCA_002898315_1	sudA	2
GCA_002898315_1	sulP	1
GCA_002898315_1	tauB	2
GCA_002898315_1	tbuC	1
GCA_002898315_1	tetH	1
GCA_002898315_1	tmoC	1
GCA_002898315_1	tpa	1
GCA_002898315_1	tsdA	1
GCA_002898315_1	ttrA	2
GCA_002898315_1	ttrB	4
GCA_002898315_1	tusA	2
GCA_002898315_1	tusB	1
GCA_002898315_1	tusD	1
GCA_002898315_1	xsc	2
GCA_002898315_1	yihQ	1
GCA_003232385_1	aprA	1
GCA_003232385_1	aprB	1
GCA_003232385_1	asrA	2
GCA_003232385_1	asrB	2
GCA_003232385_1	betA	1
GCA_003232385_1	betB	3
GCA_003232385_1	cuyA	1
GCA_003232385_1	cysA	2
GCA_003232385_1	cysC	5
GCA_003232385_1	cysD	2
GCA_003232385_1	cysE	4
GCA_003232385_1	cysI	2
GCA_003232385_1	cysJ	3
GCA_003232385_1	cysK	9
GCA_003232385_1	cysM	3
GCA_003232385_1	cysN_cysC	4
GCA_003232385_1	cysP	1
GCA_003232385_1	cysU	2
GCA_003232385_1	dmdA	1
GCA_003232385_1	dmsA	2
GCA_003232385_1	dmsB	1
GCA_003232385_1	dmsC	2
GCA_003232385_1	dsrA	2
GCA_003232385_1	dsrB	1
GCA_003232385_1	dsrE	1
GCA_003232385_1	dsrF	1
GCA_003232385_1	dsrH	1
GCA_003232385_1	dsrK	1
GCA_003232385_1	dsrM	1
GCA_003232385_1	dsrN	1
GCA_003232385_1	gdh	1
GCA_003232385_1	glpE	6
GCA_003232385_1	hdrA1	1
GCA_003232385_1	hdrA2	1
GCA_003232385_1	hdrB1	2
GCA_003232385_1	hdrB2	2
GCA_003232385_1	hdrC1	1
GCA_003232385_1	hpsN	1
GCA_003232385_1	hpsP	1
GCA_003232385_1	mccB	1
GCA_003232385_1	mdh	11
GCA_003232385_1	metC	3
GCA_003232385_1	metZ	1
GCA_003232385_1	nrnA	3
GCA_003232385_1	prpE	1
GCA_003232385_1	pta	2
GCA_003232385_1	qmoA	1
GCA_003232385_1	qmoB	1
GCA_003232385_1	qmoC	1
GCA_003232385_1	sat	2
GCA_003232385_1	sbp	1
GCA_003232385_1	sir	1
GCA_003232385_1	slcC	2
GCA_003232385_1	soxB	1
GCA_003232385_1	soxX	1
GCA_003232385_1	soxY	1
GCA_003232385_1	soxZ	1
GCA_003232385_1	sqdX	2
GCA_003232385_1	sseA	1
GCA_003232385_1	ssuA	5
GCA_003232385_1	ssuB	6
GCA_003232385_1	ssuC	1
GCA_003232385_1	ssuD	2
GCA_003232385_1	ssuE	1
GCA_003232385_1	sudA	5
GCA_003232385_1	sudB	1
GCA_003232385_1	sulP	1
GCA_003232385_1	tauA	1
GCA_003232385_1	tauB	2
GCA_003232385_1	tpa	2
GCA_003232385_1	tsdA	1
GCA_003232385_1	tusA	5
GCA_003232385_1	tusD	2
GCA_003232385_1	tusE	1
GCA_003232385_1	xsc	1
GCA_003252515_1	acuI	1
GCA_003252515_1	asrA	1
GCA_003252515_1	asrC	1
GCA_003252515_1	betA	3
GCA_003252515_1	betB	4
GCA_003252515_1	comE	1
GCA_003252515_1	cuyA	1
GCA_003252515_1	cysA	2
GCA_003252515_1	cysC	11
GCA_003252515_1	cysD	3
GCA_003252515_1	cysE	2
GCA_003252515_1	cysH	2
GCA_003252515_1	cysI	2
GCA_003252515_1	cysJ	7
GCA_003252515_1	cysK	9
GCA_003252515_1	cysM	3
GCA_003252515_1	cysN	3
GCA_003252515_1	cysN_cysC	5
GCA_003252515_1	cysU	2
GCA_003252515_1	cysW	1
GCA_003252515_1	dddP	1
GCA_003252515_1	dmdA	1
GCA_003252515_1	dmdB	2
GCA_003252515_1	dmdC	2
GCA_003252515_1	dmsA	3
GCA_003252515_1	dmsC	1
GCA_003252515_1	dsrA	1
GCA_003252515_1	gdh	4
GCA_003252515_1	glpE	7
GCA_003252515_1	hdrA1	4
GCA_003252515_1	hdrA2	2
GCA_003252515_1	hdrB2	1
GCA_003252515_1	hdrC2	1
GCA_003252515_1	hpsO	1
GCA_003252515_1	hpsP	1
GCA_003252515_1	isfD	1
GCA_003252515_1	mdh	12
GCA_003252515_1	metA	2
GCA_003252515_1	metB	2
GCA_003252515_1	metC	4
GCA_003252515_1	metX	1
GCA_003252515_1	metZ	1
GCA_003252515_1	nrnA	1
GCA_003252515_1	prpE	1
GCA_003252515_1	pta	8
GCA_003252515_1	rdlA	1
GCA_003252515_1	sat	1
GCA_003252515_1	sgpB	1
GCA_003252515_1	shyC	2
GCA_003252515_1	sir	2
GCA_003252515_1	slcC	1
GCA_003252515_1	soxB	1
GCA_003252515_1	soxX	1
GCA_003252515_1	soxZ	2
GCA_003252515_1	sqdB	2
GCA_003252515_1	sqdX	3
GCA_003252515_1	sseA	1
GCA_003252515_1	ssuA	1
GCA_003252515_1	ssuB	6
GCA_003252515_1	ssuC	4
GCA_003252515_1	ssuD	5
GCA_003252515_1	ssuE	2
GCA_003252515_1	sudA	4
GCA_003252515_1	sulP	3
GCA_003252515_1	tauA	3
GCA_003252515_1	tauB	3
GCA_003252515_1	tbuC	1
GCA_003252515_1	tsdA	1
GCA_003252515_1	ttrA	2
GCA_003252515_1	tusA	2
GCA_003252515_1	tusB	2
GCA_003252515_1	tusD	1
GCA_003327425_1	acuI	1
GCA_003327425_1	aprA	1
GCA_003327425_1	betA	5
GCA_003327425_1	betB	2
GCA_003327425_1	betC	5
GCA_003327425_1	comB	2
GCA_003327425_1	cuyA	1
GCA_003327425_1	cysA	4
GCA_003327425_1	cysC	12
GCA_003327425_1	cysD	5
GCA_003327425_1	cysE	9
GCA_003327425_1	cysH	1
GCA_003327425_1	cysI	2
GCA_003327425_1	cysJ	5
GCA_003327425_1	cysK	14
GCA_003327425_1	cysM	4
GCA_003327425_1	cysN	2
GCA_003327425_1	cysN_cysC	6
GCA_003327425_1	cysP	1
GCA_003327425_1	cysQ	4
GCA_003327425_1	cysU	8
GCA_003327425_1	cysW	1
GCA_003327425_1	dddP	1
GCA_003327425_1	dmdA	1
GCA_003327425_1	dmdB	2
GCA_003327425_1	dmdC	2
GCA_003327425_1	dmdD	1
GCA_003327425_1	dmsA	14
GCA_003327425_1	dmsB	1
GCA_003327425_1	dmsC	2
GCA_003327425_1	dsrA	1
GCA_003327425_1	gdh	2
GCA_003327425_1	glpE	11
GCA_003327425_1	hdrA1	1
GCA_003327425_1	hpsO	1
GCA_003327425_1	hpsP	2
GCA_003327425_1	mdh	13
GCA_003327425_1	metA	1
GCA_003327425_1	metB	2
GCA_003327425_1	metC	7
GCA_003327425_1	metX	2
GCA_003327425_1	metY	1
GCA_003327425_1	metZ	3
GCA_003327425_1	nrnA	6
GCA_003327425_1	pta	13
GCA_003327425_1	sat	6
GCA_003327425_1	sbp	2
GCA_003327425_1	shyC	1
GCA_003327425_1	sir	2
GCA_003327425_1	slcC	1
GCA_003327425_1	soxB	6
GCA_003327425_1	soxC	1
GCA_003327425_1	sqdB	3
GCA_003327425_1	sqdX	7
GCA_003327425_1	ssuA	17
GCA_003327425_1	ssuB	6
GCA_003327425_1	ssuC	4
GCA_003327425_1	ssuD	1
GCA_003327425_1	sudA	5
GCA_003327425_1	sulP	7
GCA_003327425_1	tauA	2
GCA_003327425_1	tauB	5
GCA_003327425_1	tauC	1
GCA_003327425_1	tauD	2
GCA_003327425_1	tbuC	1
GCA_003327425_1	tmoC	1
GCA_003327425_1	tsdA	1
GCA_003327425_1	ttrA	2
GCA_003327425_1	tusA	5
GCA_003327425_1	tusD	1
GCA_003505155_1	cysA	2
GCA_003505155_1	cysC	4
GCA_003505155_1	cysE	3
GCA_003505155_1	cysI	2
GCA_003505155_1	cysJ	1
GCA_003505155_1	cysK	2
GCA_003505155_1	cysN_cysC	2
GCA_003505155_1	cysZ	1
GCA_003505155_1	dmsC	1
GCA_003505155_1	dsrP	1
GCA_003505155_1	fccB	1
GCA_003505155_1	gdh	1
GCA_003505155_1	mdh	6
GCA_003505155_1	metC	1
GCA_003505155_1	nrnA	3
GCA_003505155_1	pta	3
GCA_003505155_1	sat	1
GCA_003505155_1	soxX	1
GCA_003505155_1	sqdB	2
GCA_003505155_1	sqdX	8
GCA_003505155_1	sqr	1
GCA_003505155_1	ssuB	1
GCA_003505155_1	ssuD	1
GCA_003505155_1	sulP	1
GCA_003505155_1	tauA	2
GCA_003505155_1	tauB	2
GCA_003505155_1	tpa	1
GCA_003505155_1	tsdA	1
GCA_003505155_1	tusB	1
GCA_003558335_1	aprA	1
GCA_003558335_1	asrA	1
GCA_003558335_1	asrC	2
GCA_003558335_1	betA	2
GCA_003558335_1	betB	1
GCA_003558335_1	comE	1
GCA_003558335_1	cysA	1
GCA_003558335_1	cysC	8
GCA_003558335_1	cysD	1
GCA_003558335_1	cysE	2
GCA_003558335_1	cysI	4
GCA_003558335_1	cysJ	3
GCA_003558335_1	cysK	3
GCA_003558335_1	cysM	2
GCA_003558335_1	cysN	3
GCA_003558335_1	cysU	3
GCA_003558335_1	dddP	1
GCA_003558335_1	dddT	1
GCA_003558335_1	dmsA	2
GCA_003558335_1	dmsB	1
GCA_003558335_1	dsrN	1
GCA_003558335_1	dsyB	1
GCA_003558335_1	gdh	1
GCA_003558335_1	glpE	10
GCA_003558335_1	hdrA2	1
GCA_003558335_1	hdrC2	1
GCA_003558335_1	hdrD	1
GCA_003558335_1	hydD	1
GCA_003558335_1	isfD	1
GCA_003558335_1	mdh	9
GCA_003558335_1	metA	1
GCA_003558335_1	metB	3
GCA_003558335_1	metC	3
GCA_003558335_1	metX	1
GCA_003558335_1	metZ	3
GCA_003558335_1	mtsA	4
GCA_003558335_1	mtsB	2
GCA_003558335_1	nrnA	2
GCA_003558335_1	prpE	1
GCA_003558335_1	pta	3
GCA_003558335_1	sat	3
GCA_003558335_1	sbp	1
GCA_003558335_1	sgpB	2
GCA_003558335_1	shyA	1
GCA_003558335_1	shyC	1
GCA_003558335_1	soxC	1
GCA_003558335_1	sqdX	2
GCA_003558335_1	ssuB	4
GCA_003558335_1	ssuC	1
GCA_003558335_1	ssuE	1
GCA_003558335_1	sudA	2
GCA_003558335_1	sulP	1
GCA_003558335_1	tauD	1
GCA_003558335_1	tmoC	1
GCA_003558335_1	tpa	1
GCA_003558335_1	ttrA	2
GCA_003558335_1	ttrB	1
GCA_003558335_1	tusA	1
GCA_003558335_1	xsc	3
GCA_003558985_1	asrC	2
GCA_003558985_1	betA	1
GCA_003558985_1	betB	5
GCA_003558985_1	betC	19
GCA_003558985_1	comB	1
GCA_003558985_1	comE	1
GCA_003558985_1	cysA	3
GCA_003558985_1	cysC	15
GCA_003558985_1	cysE	5
GCA_003558985_1	cysH	1
GCA_003558985_1	cysI	1
GCA_003558985_1	cysJ	4
GCA_003558985_1	cysK	9
GCA_003558985_1	cysM	2
GCA_003558985_1	cysN	3
GCA_003558985_1	cysN_cysC	4
GCA_003558985_1	cysQ	1
GCA_003558985_1	cysU	2
GCA_003558985_1	cysW	1
GCA_003558985_1	cysZ	1
GCA_003558985_1	dddT	1
GCA_003558985_1	dmdA	2
GCA_003558985_1	dmdB	1
GCA_003558985_1	dmsA	2
GCA_003558985_1	dmsB	1
GCA_003558985_1	dmsC	1
GCA_003558985_1	dsrA	1
GCA_003558985_1	dsrC	1
GCA_003558985_1	dsrK	1
GCA_003558985_1	gdh	3
GCA_003558985_1	glpE	8
GCA_003558985_1	hdrA1	2
GCA_003558985_1	hdrD	1
GCA_003558985_1	hpsP	1
GCA_003558985_1	mdh	5
GCA_003558985_1	metB	2
GCA_003558985_1	metC	4
GCA_003558985_1	metZ	1
GCA_003558985_1	mtsB	1
GCA_003558985_1	nrnA	5
GCA_003558985_1	prpE	1
GCA_003558985_1	pta	4
GCA_003558985_1	sat	4
GCA_003558985_1	sbp	1
GCA_003558985_1	sgpA	1
GCA_003558985_1	sgpB	1
GCA_003558985_1	sgpC	1
GCA_003558985_1	sir	2
GCA_003558985_1	slcC	2
GCA_003558985_1	soxA	1
GCA_003558985_1	sqdB	3
GCA_003558985_1	sqdX	14
GCA_003558985_1	ssuA	16
GCA_003558985_1	ssuB	3
GCA_003558985_1	ssuC	1
GCA_003558985_1	ssuD	3
GCA_003558985_1	ssuE	1
GCA_003558985_1	sudA	3
GCA_003558985_1	sudB	1
GCA_003558985_1	sulP	6
GCA_003558985_1	tauB	4
GCA_003558985_1	tauE	1
GCA_003558985_1	tbuC	1
GCA_003558985_1	tusA	2
GCA_003558985_1	tusB	1
GCA_003558985_1	tusD	2
GCA_003598085_1	acuI	1
GCA_003598085_1	aprA	4
GCA_003598085_1	aprB	1
GCA_003598085_1	asrB	1
GCA_003598085_1	asrC	2
GCA_003598085_1	betA	6
GCA_003598085_1	betB	7
GCA_003598085_1	betC	17
GCA_003598085_1	comB	3
GCA_003598085_1	comE	1
GCA_003598085_1	cuyA	2
GCA_003598085_1	cysA	7
GCA_003598085_1	cysC	17
GCA_003598085_1	cysD	4
GCA_003598085_1	cysE	11
GCA_003598085_1	cysH	2
GCA_003598085_1	cysI	1
GCA_003598085_1	cysJ	10
GCA_003598085_1	cysK	16
GCA_003598085_1	cysM	7
GCA_003598085_1	cysN	5
GCA_003598085_1	cysN_cysC	5
GCA_003598085_1	cysP	3
GCA_003598085_1	cysQ	2
GCA_003598085_1	cysU	6
GCA_003598085_1	cysW	1
GCA_003598085_1	dddP	4
GCA_003598085_1	ddhA	5
GCA_003598085_1	dmdA	1
GCA_003598085_1	dmdB	13
GCA_003598085_1	dmdC	22
GCA_003598085_1	dmdD	7
GCA_003598085_1	dmsA	37
GCA_003598085_1	dmsB	3
GCA_003598085_1	dmsC	1
GCA_003598085_1	dsrA	5
GCA_003598085_1	dsrC	1
GCA_003598085_1	dsrF	1
GCA_003598085_1	dsrJ	1
GCA_003598085_1	dsrK	4
GCA_003598085_1	dsrM	1
GCA_003598085_1	dsrN	1
GCA_003598085_1	dsrO	1
GCA_003598085_1	dsyB	3
GCA_003598085_1	gdh	3
GCA_003598085_1	glpE	15
GCA_003598085_1	hdrA1	3
GCA_003598085_1	hdrA2	4
GCA_003598085_1	hdrB1	1
GCA_003598085_1	hdrB2	1
GCA_003598085_1	hdrC2	1
GCA_003598085_1	hdrD	10
GCA_003598085_1	hpsN	1
GCA_003598085_1	hpsO	1
GCA_003598085_1	hpsP	12
GCA_003598085_1	isfD	4
GCA_003598085_1	mdh	16
GCA_003598085_1	metA	1
GCA_003598085_1	metB	6
GCA_003598085_1	metC	11
GCA_003598085_1	metY	4
GCA_003598085_1	metZ	5
GCA_003598085_1	mtsA	3
GCA_003598085_1	mtsB	2
GCA_003598085_1	nrnA	3
GCA_003598085_1	otr	1
GCA_003598085_1	phsA	3
GCA_003598085_1	prpE	3
GCA_003598085_1	pta	12
GCA_003598085_1	qmoA	1
GCA_003598085_1	qmoB	1
GCA_003598085_1	qmoC	1
GCA_003598085_1	sat	5
GCA_003598085_1	sbp	4
GCA_003598085_1	sgpB	3
GCA_003598085_1	sir	1
GCA_003598085_1	slcC	2
GCA_003598085_1	soxB	1
GCA_003598085_1	soxX	1
GCA_003598085_1	sqdB	2
GCA_003598085_1	sqdX	19
GCA_003598085_1	ssuA	31
GCA_003598085_1	ssuB	13
GCA_003598085_1	ssuC	7
GCA_003598085_1	ssuD	5
GCA_003598085_1	ssuE	1
GCA_003598085_1	sudA	23
GCA_003598085_1	sudB	1
GCA_003598085_1	sulP	14
GCA_003598085_1	suyA	1
GCA_003598085_1	tauB	3
GCA_003598085_1	tauD	3
GCA_003598085_1	tauE	1
GCA_003598085_1	toa	1
GCA_003598085_1	tpa	8
GCA_003598085_1	ttrA	4
GCA_003598085_1	ttrB	5
GCA_003598085_1	tusA	6
GCA_003598085_1	tusB	1
GCA_003598085_1	tusD	2
GCA_003598085_1	tusE	2
GCA_003598085_1	xsc	11
GCA_003641645_1	aprA	1
GCA_003641645_1	aprB	1
GCA_003641645_1	betA	1
GCA_003641645_1	betB	2
GCA_003641645_1	cuyA	1
GCA_003641645_1	cysA	2
GCA_003641645_1	cysC	8
GCA_003641645_1	cysD	1
GCA_003641645_1	cysE	1
GCA_003641645_1	cysI	2
GCA_003641645_1	cysJ	4
GCA_003641645_1	cysK	6
GCA_003641645_1	cysM	2
GCA_003641645_1	cysN	1
GCA_003641645_1	cysN_cysC	4
GCA_003641645_1	cysU	2
GCA_003641645_1	dddP	1
GCA_003641645_1	dmsB	1
GCA_003641645_1	dmsC	1
GCA_003641645_1	dsrA	2
GCA_003641645_1	dsrB	2
GCA_003641645_1	dsrC	1
GCA_003641645_1	dsrK	1
GCA_003641645_1	dsrM	1
GCA_003641645_1	dsrN	2
GCA_003641645_1	fsr	1
GCA_003641645_1	glpE	3
GCA_003641645_1	hpsN	1
GCA_003641645_1	hydD	1
GCA_003641645_1	mdh	10
GCA_003641645_1	metB	1
GCA_003641645_1	metC	4
GCA_003641645_1	metX	1
GCA_003641645_1	metY	1
GCA_003641645_1	metZ	3
GCA_003641645_1	nrnA	1
GCA_003641645_1	prpE	1
GCA_003641645_1	pta	3
GCA_003641645_1	qmoA	1
GCA_003641645_1	qmoB	1
GCA_003641645_1	qmoC	1
GCA_003641645_1	sat	3
GCA_003641645_1	sbp	1
GCA_003641645_1	shyA	1
GCA_003641645_1	slcC	1
GCA_003641645_1	soxB	1
GCA_003641645_1	soxX	1
GCA_003641645_1	ssuA	2
GCA_003641645_1	ssuB	3
GCA_003641645_1	ssuC	1
GCA_003641645_1	ssuD	1
GCA_003641645_1	ssuE	1
GCA_003641645_1	sudA	1
GCA_003641645_1	sudB	1
GCA_003641645_1	sulP	1
GCA_003641645_1	tauA	2
GCA_003641645_1	tauB	2
GCA_003641645_1	tauD	1
GCA_003641645_1	tpa	1
GCA_003641645_1	tsdA	1
GCA_003641645_1	ttrB	2
GCA_003641645_1	tusB	1
GCA_003641645_1	xsc	1
GCA_003646505_1	acuI	3
GCA_003646505_1	asrA	1
GCA_003646505_1	betA	2
GCA_003646505_1	betB	2
GCA_003646505_1	comB	1
GCA_003646505_1	cuyA	1
GCA_003646505_1	cysC	9
GCA_003646505_1	cysD	1
GCA_003646505_1	cysE	4
GCA_003646505_1	cysH	3
GCA_003646505_1	cysI	3
GCA_003646505_1	cysJ	3
GCA_003646505_1	cysK	8
GCA_003646505_1	cysM	1
GCA_003646505_1	cysN	1
GCA_003646505_1	cysN_cysC	3
GCA_003646505_1	cysP	1
GCA_003646505_1	cysQ	2
GCA_003646505_1	cysU	1
GCA_003646505_1	cysW	2
GCA_003646505_1	dddP	1
GCA_003646505_1	dmsA	3
GCA_003646505_1	dmsC	1
GCA_003646505_1	dsrA	2
GCA_003646505_1	gdh	1
GCA_003646505_1	glpE	11
GCA_003646505_1	hdrD	1
GCA_003646505_1	isfD	2
GCA_003646505_1	mddA	1
GCA_003646505_1	mdh	9
GCA_003646505_1	metA	1
GCA_003646505_1	metB	1
GCA_003646505_1	metC	2
GCA_003646505_1	metX	1
GCA_003646505_1	metY	2
GCA_003646505_1	metZ	2
GCA_003646505_1	nrnA	3
GCA_003646505_1	prpE	1
GCA_003646505_1	psrA	1
GCA_003646505_1	pta	3
GCA_003646505_1	sat	3
GCA_003646505_1	sbp	2
GCA_003646505_1	sir	3
GCA_003646505_1	slcC	2
GCA_003646505_1	soxL	1
GCA_003646505_1	soxX	1
GCA_003646505_1	soxZ	1
GCA_003646505_1	sqdX	1
GCA_003646505_1	sqr	1
GCA_003646505_1	ssuB	2
GCA_003646505_1	ssuD	2
GCA_003646505_1	ssuE	1
GCA_003646505_1	sudA	3
GCA_003646505_1	sulP	8
GCA_003646505_1	tauB	1
GCA_003646505_1	tauZ	1
GCA_003646505_1	tpa	3
GCA_003646505_1	tsdA	1
GCA_003646505_1	ttrA	1
GCA_003646505_1	ttrC	2
GCA_003646505_1	tusB	1
GCA_003646505_1	tusC	1
GCA_003646505_1	tusD	1
GCA_003646505_1	xsc	1
GCA_003647755_1	acuI	1
GCA_003647755_1	asrB	1
GCA_003647755_1	betA	4
GCA_003647755_1	betB	2
GCA_003647755_1	comB	1
GCA_003647755_1	cuyA	1
GCA_003647755_1	cysA	4
GCA_003647755_1	cysC	9
GCA_003647755_1	cysD	1
GCA_003647755_1	cysE	8
GCA_003647755_1	cysI	1
GCA_003647755_1	cysJ	3
GCA_003647755_1	cysK	5
GCA_003647755_1	cysM	3
GCA_003647755_1	cysN	1
GCA_003647755_1	cysN_cysC	3
GCA_003647755_1	cysU	3
GCA_003647755_1	cysW	1
GCA_003647755_1	dddP	2
GCA_003647755_1	dmdA	1
GCA_003647755_1	dmdB	2
GCA_003647755_1	dmdC	1
GCA_003647755_1	dmsA	5
GCA_003647755_1	dmsC	1
GCA_003647755_1	dsrA	1
GCA_003647755_1	fccB	1
GCA_003647755_1	gdh	1
GCA_003647755_1	glpE	6
GCA_003647755_1	hdrA1	1
GCA_003647755_1	hdrA2	1
GCA_003647755_1	hdrD	1
GCA_003647755_1	mccB	1
GCA_003647755_1	mdh	9
GCA_003647755_1	metB	1
GCA_003647755_1	metC	2
GCA_003647755_1	metZ	2
GCA_003647755_1	mtsB	1
GCA_003647755_1	nrnA	3
GCA_003647755_1	prpE	1
GCA_003647755_1	pta	9
GCA_003647755_1	sat	3
GCA_003647755_1	sbp	1
GCA_003647755_1	sir	2
GCA_003647755_1	slcC	1
GCA_003647755_1	soxB	3
GCA_003647755_1	sqdB	1
GCA_003647755_1	sqdX	11
GCA_003647755_1	ssuA	7
GCA_003647755_1	ssuB	4
GCA_003647755_1	ssuC	1
GCA_003647755_1	ssuD	1
GCA_003647755_1	sudA	7
GCA_003647755_1	sudB	3
GCA_003647755_1	sulP	6
GCA_003647755_1	tauB	2
GCA_003647755_1	tauD	1
GCA_003647755_1	tusA	1
GCA_003647755_1	tusB	1
GCA_003695725_1	acuI	2
GCA_003695725_1	asrB	1
GCA_003695725_1	asrC	2
GCA_003695725_1	betA	4
GCA_003695725_1	betB	4
GCA_003695725_1	betC	16
GCA_003695725_1	cuyA	1
GCA_003695725_1	cysA	3
GCA_003695725_1	cysC	13
GCA_003695725_1	cysD	2
GCA_003695725_1	cysE	3
GCA_003695725_1	cysH	2
GCA_003695725_1	cysI	2
GCA_003695725_1	cysJ	7
GCA_003695725_1	cysK	10
GCA_003695725_1	cysM	6
GCA_003695725_1	cysN	1
GCA_003695725_1	cysN_cysC	8
GCA_003695725_1	cysP	3
GCA_003695725_1	cysQ	1
GCA_003695725_1	cysU	5
GCA_003695725_1	cysZ	1
GCA_003695725_1	dddP	1
GCA_003695725_1	dmdA	1
GCA_003695725_1	dmdB	1
GCA_003695725_1	dmdC	4
GCA_003695725_1	dmsA	14
GCA_003695725_1	dmsB	2
GCA_003695725_1	dmsC	2
GCA_003695725_1	dsrA	1
GCA_003695725_1	dsrP	1
GCA_003695725_1	fccB	2
GCA_003695725_1	fsr	2
GCA_003695725_1	gdh	5
GCA_003695725_1	glpE	7
GCA_003695725_1	hdrA1	2
GCA_003695725_1	hdrA2	6
GCA_003695725_1	hdrB2	3
GCA_003695725_1	hdrC2	3
GCA_003695725_1	hdrD	6
GCA_003695725_1	hpsN	2
GCA_003695725_1	hpsP	6
GCA_003695725_1	mdh	11
GCA_003695725_1	metB	4
GCA_003695725_1	metC	3
GCA_003695725_1	metX	1
GCA_003695725_1	metY	1
GCA_003695725_1	metZ	1
GCA_003695725_1	mtsB	1
GCA_003695725_1	nrnA	6
GCA_003695725_1	phsA	1
GCA_003695725_1	prpE	1
GCA_003695725_1	pta	8
GCA_003695725_1	qmoA	1
GCA_003695725_1	sat	3
GCA_003695725_1	sbp	4
GCA_003695725_1	sgpC	1
GCA_003695725_1	shyB	1
GCA_003695725_1	sir	1
GCA_003695725_1	slcC	2
GCA_003695725_1	soxB	1
GCA_003695725_1	soxX	3
GCA_003695725_1	sqdB	1
GCA_003695725_1	sqdX	29
GCA_003695725_1	ssuA	15
GCA_003695725_1	ssuB	4
GCA_003695725_1	ssuC	4
GCA_003695725_1	ssuD	2
GCA_003695725_1	ssuE	2
GCA_003695725_1	sudA	7
GCA_003695725_1	sudB	2
GCA_003695725_1	sulP	6
GCA_003695725_1	tauB	2
GCA_003695725_1	tauC	1
GCA_003695725_1	tpa	3
GCA_003695725_1	tsdA	3
GCA_003695725_1	ttrA	3
GCA_003695725_1	ttrB	2
GCA_003695725_1	tusA	4
GCA_003695725_1	tusB	1
GCA_003695725_1	tusD	1
GCA_003695725_1	xsc	5
GCA_008933615_1	acuI	3
GCA_008933615_1	aprA	1
GCA_008933615_1	asrB	3
GCA_008933615_1	asrC	1
GCA_008933615_1	betA	2
GCA_008933615_1	betB	9
GCA_008933615_1	betC	1
GCA_008933615_1	comE	1
GCA_008933615_1	cuyA	1
GCA_008933615_1	cysA	4
GCA_008933615_1	cysC	13
GCA_008933615_1	cysD	3
GCA_008933615_1	cysE	4
GCA_008933615_1	cysH	1
GCA_008933615_1	cysI	1
GCA_008933615_1	cysJ	5
GCA_008933615_1	cysK	15
GCA_008933615_1	cysM	9
GCA_008933615_1	cysN	4
GCA_008933615_1	cysN_cysC	5
GCA_008933615_1	cysP	4
GCA_008933615_1	cysQ	4
GCA_008933615_1	cysU	5
GCA_008933615_1	cysW	1
GCA_008933615_1	dddP	3
GCA_008933615_1	dmdA	1
GCA_008933615_1	dmdB	1
GCA_008933615_1	dmdC	4
GCA_008933615_1	dmdD	3
GCA_008933615_1	dmsA	17
GCA_008933615_1	dmsB	2
GCA_008933615_1	dmsC	1
GCA_008933615_1	dsrA	2
GCA_008933615_1	dsrB	1
GCA_008933615_1	dsyB	2
GCA_008933615_1	fccB	1
GCA_008933615_1	gdh	4
GCA_008933615_1	glpE	14
GCA_008933615_1	hdrA1	2
GCA_008933615_1	hdrA2	1
GCA_008933615_1	hdrB2	1
GCA_008933615_1	hdrC2	1
GCA_008933615_1	hdrD	1
GCA_008933615_1	hpsO	1
GCA_008933615_1	hpsP	1
GCA_008933615_1	hydD	2
GCA_008933615_1	isfD	4
GCA_008933615_1	mddA	1
GCA_008933615_1	mdh	15
GCA_008933615_1	metA	2
GCA_008933615_1	metB	3
GCA_008933615_1	metC	9
GCA_008933615_1	metY	1
GCA_008933615_1	metZ	2
GCA_008933615_1	nrnA	4
GCA_008933615_1	phsA	1
GCA_008933615_1	prpE	3
GCA_008933615_1	pta	8
GCA_008933615_1	rdlA	1
GCA_008933615_1	sat	2
GCA_008933615_1	sbp	6
GCA_008933615_1	shyA	3
GCA_008933615_1	shyC	1
GCA_008933615_1	sir	3
GCA_008933615_1	soxB	3
GCA_008933615_1	soxC	2
GCA_008933615_1	soxX	1
GCA_008933615_1	sqdB	1
GCA_008933615_1	sqdX	6
GCA_008933615_1	sseA	1
GCA_008933615_1	ssuA	12
GCA_008933615_1	ssuB	5
GCA_008933615_1	ssuC	3
GCA_008933615_1	ssuD	5
GCA_008933615_1	ssuE	1
GCA_008933615_1	sudA	5
GCA_008933615_1	sulP	17
GCA_008933615_1	suyA	1
GCA_008933615_1	tauB	3
GCA_008933615_1	tauD	3
GCA_008933615_1	tbuB	1
GCA_008933615_1	tpa	2
GCA_008933615_1	tsdA	2
GCA_008933615_1	ttrB	2
GCA_008933615_1	ttrC	1
GCA_008933615_1	tusA	2
GCA_008933615_1	tusB	1
GCA_008933615_1	tusD	2
GCA_011045915_1	asrB	1
GCA_011045915_1	betA	3
GCA_011045915_1	betB	4
GCA_011045915_1	comB	1
GCA_011045915_1	cuyA	1
GCA_011045915_1	cysA	4
GCA_011045915_1	cysC	10
GCA_011045915_1	cysD	5
GCA_011045915_1	cysE	9
GCA_011045915_1	cysI	4
GCA_011045915_1	cysJ	6
GCA_011045915_1	cysK	18
GCA_011045915_1	cysM	6
GCA_011045915_1	cysN	3
GCA_011045915_1	cysN_cysC	5
GCA_011045915_1	cysP	5
GCA_011045915_1	cysQ	2
GCA_011045915_1	cysU	23
GCA_011045915_1	cysW	1
GCA_011045915_1	dddP	1
GCA_011045915_1	dmdA	1
GCA_011045915_1	dmsB	1
GCA_011045915_1	dsrA	1
GCA_011045915_1	dsrE	1
GCA_011045915_1	gdh	2
GCA_011045915_1	glpE	5
GCA_011045915_1	hdrA1	2
GCA_011045915_1	hpsK	1
GCA_011045915_1	hpsP	6
GCA_011045915_1	iseM	1
GCA_011045915_1	isfD	1
GCA_011045915_1	mdh	15
GCA_011045915_1	metB	5
GCA_011045915_1	metC	5
GCA_011045915_1	metX	1
GCA_011045915_1	metY	1
GCA_011045915_1	metZ	2
GCA_011045915_1	mtsB	1
GCA_011045915_1	nrnA	6
GCA_011045915_1	prpE	2
GCA_011045915_1	pta	7
GCA_011045915_1	sat	3
GCA_011045915_1	sgpB	1
GCA_011045915_1	sgpC	1
GCA_011045915_1	slcC	2
GCA_011045915_1	soxA	1
GCA_011045915_1	soxB	1
GCA_011045915_1	soxX	1
GCA_011045915_1	soxY	2
GCA_011045915_1	sqdB	1
GCA_011045915_1	sqdX	7
GCA_011045915_1	ssuA	1
GCA_011045915_1	ssuB	6
GCA_011045915_1	ssuC	4
GCA_011045915_1	ssuD	2
GCA_011045915_1	ssuE	3
GCA_011045915_1	sudA	8
GCA_011045915_1	sudB	2
GCA_011045915_1	sulP	3
GCA_011045915_1	suyB	1
GCA_011045915_1	tauA	2
GCA_011045915_1	tauB	5
GCA_011045915_1	tsdA	1
GCA_011045915_1	ttrA	2
GCA_011045915_1	tusA	3
GCA_011045915_1	tusB	11
GCA_011045915_1	tusD	1
GCA_011045915_1	yihQ	2
GCA_011048995_1	asrC	1
GCA_011048995_1	betA	2
GCA_011048995_1	betB	4
GCA_011048995_1	comE	1
GCA_011048995_1	cuyA	1
GCA_011048995_1	cysA	1
GCA_011048995_1	cysC	10
GCA_011048995_1	cysD	1
GCA_011048995_1	cysE	2
GCA_011048995_1	cysI	1
GCA_011048995_1	cysJ	6
GCA_011048995_1	cysK	6
GCA_011048995_1	cysM	4
GCA_011048995_1	cysN_cysC	4
GCA_011048995_1	cysU	3
GCA_011048995_1	cysZ	1
GCA_011048995_1	dddW	1
GCA_011048995_1	dmdA	1
GCA_011048995_1	dmdB	1
GCA_011048995_1	dmdC	1
GCA_011048995_1	dmsA	4
GCA_011048995_1	dmsB	1
GCA_011048995_1	dmsC	1
GCA_011048995_1	dsrA	2
GCA_011048995_1	dsrB	1
GCA_011048995_1	fccB	1
GCA_011048995_1	gdh	2
GCA_011048995_1	glpE	4
GCA_011048995_1	hdrA1	1
GCA_011048995_1	hpsN	1
GCA_011048995_1	isfD	4
GCA_011048995_1	mdh	12
GCA_011048995_1	metB	1
GCA_011048995_1	metC	1
GCA_011048995_1	metZ	2
GCA_011048995_1	nrnA	4
GCA_011048995_1	pta	11
GCA_011048995_1	sat	2
GCA_011048995_1	shyC	2
GCA_011048995_1	sir	2
GCA_011048995_1	slcC	3
GCA_011048995_1	soxA	1
GCA_011048995_1	sqdX	8
GCA_011048995_1	ssuA	6
GCA_011048995_1	ssuB	6
GCA_011048995_1	ssuC	2
GCA_011048995_1	ssuD	2
GCA_011048995_1	ssuE	1
GCA_011048995_1	sudA	1
GCA_011048995_1	sudB	1
GCA_011048995_1	sulP	1
GCA_011048995_1	tauA	3
GCA_011048995_1	tauB	3
GCA_011048995_1	tauE	1
GCA_011048995_1	tpa	1
GCA_011048995_1	ttrA	1
GCA_011048995_1	ttrB	2
GCA_011048995_1	tusB	1
GCA_011048995_1	tusD	1
GCA_011375275_1	acuI	2
GCA_011375275_1	aprA	1
GCA_011375275_1	betA	4
GCA_011375275_1	betB	11
GCA_011375275_1	cuyA	2
GCA_011375275_1	cysA	7
GCA_011375275_1	cysC	16
GCA_011375275_1	cysD	2
GCA_011375275_1	cysE	7
GCA_011375275_1	cysI	4
GCA_011375275_1	cysJ	7
GCA_011375275_1	cysK	20
GCA_011375275_1	cysM	9
GCA_011375275_1	cysN	5
GCA_011375275_1	cysN_cysC	4
GCA_011375275_1	cysP	1
GCA_011375275_1	cysQ	2
GCA_011375275_1	cysU	6
GCA_011375275_1	cysW	1
GCA_011375275_1	dddP	5
GCA_011375275_1	dmdA	2
GCA_011375275_1	dmdB	1
GCA_011375275_1	dmdC	6
GCA_011375275_1	dmdD	4
GCA_011375275_1	dmsA	13
GCA_011375275_1	dmsB	3
GCA_011375275_1	dmsC	2
GCA_011375275_1	dsrB	1
GCA_011375275_1	dsrC	1
GCA_011375275_1	dsrF	1
GCA_011375275_1	gdh	5
GCA_011375275_1	glpE	7
GCA_011375275_1	hdrA1	1
GCA_011375275_1	hdrC1	1
GCA_011375275_1	hdrD	6
GCA_011375275_1	hpsO	1
GCA_011375275_1	hpsP	2
GCA_011375275_1	iseM	1
GCA_011375275_1	isfD	5
GCA_011375275_1	mccB	1
GCA_011375275_1	mddA	1
GCA_011375275_1	mdh	15
GCA_011375275_1	metB	3
GCA_011375275_1	metC	7
GCA_011375275_1	metY	1
GCA_011375275_1	metZ	3
GCA_011375275_1	nrnA	5
GCA_011375275_1	phsA	2
GCA_011375275_1	prpE	2
GCA_011375275_1	pta	11
GCA_011375275_1	sat	4
GCA_011375275_1	sgpB	2
GCA_011375275_1	sgpC	1
GCA_011375275_1	shyA	3
GCA_011375275_1	shyC	2
GCA_011375275_1	shyD	1
GCA_011375275_1	sir	3
GCA_011375275_1	slcC	1
GCA_011375275_1	soxC	2
GCA_011375275_1	soxX	2
GCA_011375275_1	soxY	1
GCA_011375275_1	sqdX	11
GCA_011375275_1	ssuA	27
GCA_011375275_1	ssuB	6
GCA_011375275_1	ssuC	2
GCA_011375275_1	ssuD	3
GCA_011375275_1	sudA	2
GCA_011375275_1	sudB	1
GCA_011375275_1	sulP	8
GCA_011375275_1	tauA	2
GCA_011375275_1	tauB	3
GCA_011375275_1	tauD	3
GCA_011375275_1	tbuB	1
GCA_011375275_1	tbuC	1
GCA_011375275_1	tpa	2
GCA_011375275_1	tsdA	3
GCA_011375275_1	ttrA	1
GCA_011375275_1	ttrB	4
GCA_011375275_1	tusA	2
GCA_011375275_1	tusB	4
GCA_011375275_1	tusE	2
GCA_011620345_1	acuI	5
GCA_011620345_1	aprA	1
GCA_011620345_1	asrA	1
GCA_011620345_1	asrB	1
GCA_011620345_1	betA	3
GCA_011620345_1	betB	7
GCA_011620345_1	comB	1
GCA_011620345_1	comE	2
GCA_011620345_1	cuyA	1
GCA_011620345_1	cysA	1
GCA_011620345_1	cysC	15
GCA_011620345_1	cysD	2
GCA_011620345_1	cysE	5
GCA_011620345_1	cysH	1
GCA_011620345_1	cysI	2
GCA_011620345_1	cysJ	3
GCA_011620345_1	cysK	7
GCA_011620345_1	cysM	3
GCA_011620345_1	cysN	1
GCA_011620345_1	cysN_cysC	4
GCA_011620345_1	cysP	1
GCA_011620345_1	cysQ	3
GCA_011620345_1	cysU	7
GCA_011620345_1	cysZ	1
GCA_011620345_1	dddP	1
GCA_011620345_1	dmdB	9
GCA_011620345_1	dmdC	11
GCA_011620345_1	dmdD	2
GCA_011620345_1	dmsA	5
GCA_011620345_1	dmsB	3
GCA_011620345_1	dmsC	1
GCA_011620345_1	dsrA	1
GCA_011620345_1	dsrN	1
GCA_011620345_1	dsyB	1
GCA_011620345_1	fccA	2
GCA_011620345_1	gdh	3
GCA_011620345_1	glpE	7
GCA_011620345_1	hdrD	1
GCA_011620345_1	hpsP	2
GCA_011620345_1	iseM	2
GCA_011620345_1	isfD	2
GCA_011620345_1	mdh	11
GCA_011620345_1	metA	1
GCA_011620345_1	metC	5
GCA_011620345_1	metX	1
GCA_011620345_1	metY	1
GCA_011620345_1	metZ	4
GCA_011620345_1	nrnA	3
GCA_011620345_1	phsA	1
GCA_011620345_1	prpE	1
GCA_011620345_1	pta	6
GCA_011620345_1	sat	2
GCA_011620345_1	shyA	1
GCA_011620345_1	sir	4
GCA_011620345_1	slcC	1
GCA_011620345_1	soxB	2
GCA_011620345_1	soxC	1
GCA_011620345_1	sqdX	8
GCA_011620345_1	ssuA	6
GCA_011620345_1	ssuB	9
GCA_011620345_1	ssuC	4
GCA_011620345_1	ssuD	3
GCA_011620345_1	ssuE	1
GCA_011620345_1	sudA	4
GCA_011620345_1	sudB	2
GCA_011620345_1	tauA	1
GCA_011620345_1	tauB	3
GCA_011620345_1	tauD	1
GCA_011620345_1	tpa	3
GCA_011620345_1	ttrA	1
GCA_011620345_1	ttrB	1
GCA_011620345_1	tusA	1
GCA_011620345_1	tusD	1
GCA_011620345_1	xsc	4
GCA_011620345_1	yihQ	2
GCA_011620765_1	betA	2
GCA_011620765_1	betB	4
GCA_011620765_1	comB	2
GCA_011620765_1	comE	1
GCA_011620765_1	cysA	3
GCA_011620765_1	cysC	5
GCA_011620765_1	cysE	6
GCA_011620765_1	cysH	2
GCA_011620765_1	cysI	2
GCA_011620765_1	cysJ	3
GCA_011620765_1	cysK	8
GCA_011620765_1	cysN	2
GCA_011620765_1	cysU	3
GCA_011620765_1	cysW	1
GCA_011620765_1	dmdA	1
GCA_011620765_1	dmdC	1
GCA_011620765_1	dmsB	2
GCA_011620765_1	dmsC	1
GCA_011620765_1	dsrA	1
GCA_011620765_1	gdh	1
GCA_011620765_1	glpE	9
GCA_011620765_1	hdrA1	1
GCA_011620765_1	hpsN	2
GCA_011620765_1	hpsP	2
GCA_011620765_1	mdh	5
GCA_011620765_1	metB	2
GCA_011620765_1	metC	3
GCA_011620765_1	prpE	2
GCA_011620765_1	pta	4
GCA_011620765_1	sat	3
GCA_011620765_1	shyA	1
GCA_011620765_1	shyC	1
GCA_011620765_1	shyD	1
GCA_011620765_1	slcC	3
GCA_011620765_1	soxB	1
GCA_011620765_1	soxC	1
GCA_011620765_1	sqdX	5
GCA_011620765_1	ssuB	4
GCA_011620765_1	ssuC	1
GCA_011620765_1	ssuE	2
GCA_011620765_1	sudA	4
GCA_011620765_1	sudB	1
GCA_011620765_1	sulP	3
GCA_011620765_1	tauB	1
GCA_011620765_1	tauC	1
GCA_011620765_1	tauD	1
GCA_011620765_1	tpa	1
GCA_011620765_1	xsc	2
GCA_011620765_1	yihQ	2
GCA_013036315_1	acuI	1
GCA_013036315_1	aprA	1
GCA_013036315_1	asrC	1
GCA_013036315_1	betA	5
GCA_013036315_1	betB	4
GCA_013036315_1	cysA	4
GCA_013036315_1	cysC	10
GCA_013036315_1	cysD	1
GCA_013036315_1	cysE	7
GCA_013036315_1	cysI	1
GCA_013036315_1	cysJ	1
GCA_013036315_1	cysK	14
GCA_013036315_1	cysM	3
GCA_013036315_1	cysN	1
GCA_013036315_1	cysN_cysC	2
GCA_013036315_1	cysP	2
GCA_013036315_1	cysQ	1
GCA_013036315_1	cysU	2
GCA_013036315_1	cysZ	1
GCA_013036315_1	dddP	1
GCA_013036315_1	dmdA	1
GCA_013036315_1	dmdC	1
GCA_013036315_1	dmsA	5
GCA_013036315_1	dmsB	1
GCA_013036315_1	dmsC	1
GCA_013036315_1	dsrA	1
GCA_013036315_1	dsyB	1
GCA_013036315_1	gdh	2
GCA_013036315_1	glpE	5
GCA_013036315_1	hpsP	1
GCA_013036315_1	mccB	1
GCA_013036315_1	mdh	2
GCA_013036315_1	metB	1
GCA_013036315_1	metC	4
GCA_013036315_1	metX	1
GCA_013036315_1	metY	1
GCA_013036315_1	metZ	1
GCA_013036315_1	nrnA	2
GCA_013036315_1	phsA	1
GCA_013036315_1	prpE	2
GCA_013036315_1	pta	2
GCA_013036315_1	sat	1
GCA_013036315_1	shyC	1
GCA_013036315_1	sir	5
GCA_013036315_1	soxB	1
GCA_013036315_1	soxC	1
GCA_013036315_1	sqdB	1
GCA_013036315_1	sqdX	4
GCA_013036315_1	sseA	1
GCA_013036315_1	ssuA	1
GCA_013036315_1	ssuB	3
GCA_013036315_1	ssuC	3
GCA_013036315_1	ssuD	1
GCA_013036315_1	tauA	2
GCA_013036315_1	tauB	1
GCA_013036315_1	tpa	1
GCA_013036315_1	tsdA	2
GCA_013036315_1	tsdB	1
GCA_013036315_1	ttrA	1
GCA_013036315_1	tusB	1
GCA_013036315_1	xsc	1
GCA_013139905_1	cysA	2
GCA_013139905_1	cysC	9
GCA_013139905_1	cysE	1
GCA_013139905_1	cysI	1
GCA_013139905_1	cysK	2
GCA_013139905_1	cysM	2
GCA_013139905_1	cysN	1
GCA_013139905_1	gdh	1
GCA_013139905_1	glpE	4
GCA_013139905_1	mdh	5
GCA_013139905_1	metA	1
GCA_013139905_1	metX	1
GCA_013139905_1	metY	1
GCA_013139905_1	metZ	1
GCA_013139905_1	nrnA	3
GCA_013139905_1	pta	4
GCA_013139905_1	sir	1
GCA_013139905_1	sqdX	1
GCA_013139905_1	ssuB	1
GCA_013139905_1	ssuC	1
GCA_013139905_1	ssuE	2
GCA_013139905_1	sudA	2
GCA_013139905_1	ttrC	1
GCA_013151235_1	acuI	1
GCA_013151235_1	aprA	1
GCA_013151235_1	aprB	1
GCA_013151235_1	asrA	1
GCA_013151235_1	asrB	1
GCA_013151235_1	asrC	1
GCA_013151235_1	betA	3
GCA_013151235_1	betB	3
GCA_013151235_1	betC	1
GCA_013151235_1	comB	4
GCA_013151235_1	comD	1
GCA_013151235_1	comE	1
GCA_013151235_1	cuyA	1
GCA_013151235_1	cysA	3
GCA_013151235_1	cysC	16
GCA_013151235_1	cysD	1
GCA_013151235_1	cysE	9
GCA_013151235_1	cysJ	8
GCA_013151235_1	cysK	9
GCA_013151235_1	cysM	12
GCA_013151235_1	cysN	3
GCA_013151235_1	cysN_cysC	5
GCA_013151235_1	cysP	3
GCA_013151235_1	cysQ	2
GCA_013151235_1	cysU	6
GCA_013151235_1	cysW	1
GCA_013151235_1	cysZ	1
GCA_013151235_1	dddP	1
GCA_013151235_1	dmdC	3
GCA_013151235_1	dmdD	2
GCA_013151235_1	dmsA	25
GCA_013151235_1	dmsB	1
GCA_013151235_1	dmsC	2
GCA_013151235_1	dsrA	4
GCA_013151235_1	dsrB	2
GCA_013151235_1	dsrE	1
GCA_013151235_1	dsrF	2
GCA_013151235_1	dsrH	1
GCA_013151235_1	dsrK	1
GCA_013151235_1	dsrM	1
GCA_013151235_1	dsrN	2
GCA_013151235_1	dsrP	1
GCA_013151235_1	gdh	3
GCA_013151235_1	glpE	17
GCA_013151235_1	hdrA1	1
GCA_013151235_1	hdrD	1
GCA_013151235_1	hydB	1
GCA_013151235_1	hydD	1
GCA_013151235_1	mdh	14
GCA_013151235_1	metB	2
GCA_013151235_1	metC	3
GCA_013151235_1	metY	3
GCA_013151235_1	metZ	5
GCA_013151235_1	mtsA	2
GCA_013151235_1	mtsB	1
GCA_013151235_1	nrnA	4
GCA_013151235_1	phsA	1
GCA_013151235_1	pta	4
GCA_013151235_1	qmoA	1
GCA_013151235_1	qmoB	1
GCA_013151235_1	qmoC	1
GCA_013151235_1	sat	4
GCA_013151235_1	sbp	1
GCA_013151235_1	sgpB	1
GCA_013151235_1	sgpC	1
GCA_013151235_1	shyA	2
GCA_013151235_1	shyB	1
GCA_013151235_1	shyC	3
GCA_013151235_1	slcC	1
GCA_013151235_1	soxA	1
GCA_013151235_1	soxB	2
GCA_013151235_1	soxD	1
GCA_013151235_1	soxX	5
GCA_013151235_1	soxY	1
GCA_013151235_1	soxZ	2
GCA_013151235_1	sqdB	1
GCA_013151235_1	sqdX	11
GCA_013151235_1	sqr	2
GCA_013151235_1	ssuA	22
GCA_013151235_1	ssuB	6
GCA_013151235_1	ssuC	2
GCA_013151235_1	ssuD	6
GCA_013151235_1	ssuE	2
GCA_013151235_1	sudA	5
GCA_013151235_1	sudB	1
GCA_013151235_1	sulP	8
GCA_013151235_1	tauA	1
GCA_013151235_1	tauB	3
GCA_013151235_1	tpa	3
GCA_013151235_1	tsdA	1
GCA_013151235_1	ttrA	2
GCA_013151235_1	ttrB	6
GCA_013151235_1	tusA	8
GCA_013151235_1	tusB	1
GCA_013151235_1	tusD	1
GCA_013151235_1	tusE	1
GCA_013151235_1	xsc	2
GCA_013153205_1	asrA	1
GCA_013153205_1	asrC	3
GCA_013153205_1	betA	2
GCA_013153205_1	betB	4
GCA_013153205_1	cysA	5
GCA_013153205_1	cysC	10
GCA_013153205_1	cysD	2
GCA_013153205_1	cysE	2
GCA_013153205_1	cysI	1
GCA_013153205_1	cysJ	5
GCA_013153205_1	cysK	6
GCA_013153205_1	cysM	5
GCA_013153205_1	cysN	1
GCA_013153205_1	cysN_cysC	4
GCA_013153205_1	cysP	1
GCA_013153205_1	cysU	3
GCA_013153205_1	dddP	2
GCA_013153205_1	dmdB	4
GCA_013153205_1	dmdC	5
GCA_013153205_1	dmsA	6
GCA_013153205_1	dmsB	1
GCA_013153205_1	dmsC	2
GCA_013153205_1	dsrM	1
GCA_013153205_1	dsrN	2
GCA_013153205_1	glpE	1
GCA_013153205_1	hdrA1	1
GCA_013153205_1	hdrA2	2
GCA_013153205_1	hdrB1	1
GCA_013153205_1	hdrD	4
GCA_013153205_1	hpsM	1
GCA_013153205_1	hpsP	1
GCA_013153205_1	mdh	7
GCA_013153205_1	metC	5
GCA_013153205_1	metX	1
GCA_013153205_1	metZ	2
GCA_013153205_1	nrnA	2
GCA_013153205_1	phsC	1
GCA_013153205_1	pta	2
GCA_013153205_1	sat	2
GCA_013153205_1	shyA	1
GCA_013153205_1	sir	3
GCA_013153205_1	sqdX	3
GCA_013153205_1	ssuA	2
GCA_013153205_1	ssuB	7
GCA_013153205_1	ssuC	2
GCA_013153205_1	ssuD	2
GCA_013153205_1	ssuE	1
GCA_013153205_1	sudA	3
GCA_013153205_1	sudB	1
GCA_013153205_1	sulP	1
GCA_013153205_1	tauA	1
GCA_013153205_1	tauB	2
GCA_013153205_1	tauD	1
GCA_013153205_1	tpa	2
GCA_013153205_1	tsdA	1
GCA_013153205_1	ttrB	1
GCA_013153205_1	tusA	1
GCA_013153205_1	tusB	1
GCA_013153205_1	tusD	1
GCA_013153205_1	xsc	1
GCA_013178255_1	betA	1
GCA_013178255_1	betB	4
GCA_013178255_1	comB	1
GCA_013178255_1	cysA	5
GCA_013178255_1	cysC	5
GCA_013178255_1	cysD	2
GCA_013178255_1	cysE	4
GCA_013178255_1	cysH	2
GCA_013178255_1	cysI	2
GCA_013178255_1	cysJ	4
GCA_013178255_1	cysK	9
GCA_013178255_1	cysM	4
GCA_013178255_1	cysN	1
GCA_013178255_1	cysU	2
GCA_013178255_1	dddP	1
GCA_013178255_1	dddW	1
GCA_013178255_1	dmdA	1
GCA_013178255_1	dmsA	1
GCA_013178255_1	dmsB	1
GCA_013178255_1	dmsC	1
GCA_013178255_1	dsrF	1
GCA_013178255_1	gdh	1
GCA_013178255_1	glpE	4
GCA_013178255_1	hdrA1	1
GCA_013178255_1	hpsP	1
GCA_013178255_1	hydA	1
GCA_013178255_1	hydB	1
GCA_013178255_1	hydD	1
GCA_013178255_1	hydG	1
GCA_013178255_1	mdh	9
GCA_013178255_1	metB	1
GCA_013178255_1	metY	1
GCA_013178255_1	metZ	2
GCA_013178255_1	nrnA	4
GCA_013178255_1	pta	8
GCA_013178255_1	sat	3
GCA_013178255_1	sir	1
GCA_013178255_1	slcC	2
GCA_013178255_1	soxB	1
GCA_013178255_1	soxX	1
GCA_013178255_1	sqdB	1
GCA_013178255_1	sqdX	2
GCA_013178255_1	ssuA	1
GCA_013178255_1	ssuB	7
GCA_013178255_1	ssuC	2
GCA_013178255_1	ssuD	2
GCA_013178255_1	sudA	1
GCA_013178255_1	sulP	2
GCA_013178255_1	tauA	1
GCA_013178255_1	tauB	3
GCA_013178255_1	tauD	1
GCA_013178255_1	tpa	1
GCA_013178255_1	tsdA	1
GCA_013178255_1	ttrB	1
GCA_013178255_1	tusA	1
GCA_013178255_1	tusB	2
GCA_013178255_1	tusD	2
GCA_013201405_1	acuI	2
GCA_013201405_1	aprA	1
GCA_013201405_1	aprB	1
GCA_013201405_1	asrA	3
GCA_013201405_1	asrC	2
GCA_013201405_1	betA	5
GCA_013201405_1	betB	2
GCA_013201405_1	comB	1
GCA_013201405_1	cuyA	1
GCA_013201405_1	cysA	5
GCA_013201405_1	cysC	15
GCA_013201405_1	cysD	3
GCA_013201405_1	cysE	4
GCA_013201405_1	cysI	1
GCA_013201405_1	cysJ	10
GCA_013201405_1	cysK	18
GCA_013201405_1	cysM	6
GCA_013201405_1	cysN	3
GCA_013201405_1	cysN_cysC	6
GCA_013201405_1	cysP	1
GCA_013201405_1	cysQ	1
GCA_013201405_1	cysU	9
GCA_013201405_1	dddP	1
GCA_013201405_1	dmdB	1
GCA_013201405_1	dmdC	5
GCA_013201405_1	dmdD	1
GCA_013201405_1	dmsA	9
GCA_013201405_1	dmsB	4
GCA_013201405_1	dmsC	2
GCA_013201405_1	dsrA	2
GCA_013201405_1	dsrB	1
GCA_013201405_1	dsrC	1
GCA_013201405_1	dsrD	1
GCA_013201405_1	dsrJ	1
GCA_013201405_1	dsrM	1
GCA_013201405_1	dsrN	2
GCA_013201405_1	dsrP	1
GCA_013201405_1	dsrT	1
GCA_013201405_1	dsyB	4
GCA_013201405_1	gdh	1
GCA_013201405_1	glpE	14
GCA_013201405_1	hdrA2	2
GCA_013201405_1	hdrB1	1
GCA_013201405_1	hdrB2	1
GCA_013201405_1	hdrD	5
GCA_013201405_1	hpsN	2
GCA_013201405_1	hydD	1
GCA_013201405_1	iseM	1
GCA_013201405_1	isfD	3
GCA_013201405_1	mddA	1
GCA_013201405_1	mdh	17
GCA_013201405_1	metC	8
GCA_013201405_1	metX	1
GCA_013201405_1	metY	1
GCA_013201405_1	metZ	2
GCA_013201405_1	nrnA	4
GCA_013201405_1	phsA	1
GCA_013201405_1	phsC	1
GCA_013201405_1	prpE	2
GCA_013201405_1	psrA	1
GCA_013201405_1	pta	5
GCA_013201405_1	qmoA	1
GCA_013201405_1	qmoB	1
GCA_013201405_1	qmoC	2
GCA_013201405_1	sat	4
GCA_013201405_1	sbp	1
GCA_013201405_1	sgpB	1
GCA_013201405_1	sgpC	1
GCA_013201405_1	shyA	2
GCA_013201405_1	shyC	1
GCA_013201405_1	sir	6
GCA_013201405_1	slcC	1
GCA_013201405_1	soxZ	1
GCA_013201405_1	sqdX	5
GCA_013201405_1	ssuA	11
GCA_013201405_1	ssuB	5
GCA_013201405_1	ssuC	3
GCA_013201405_1	ssuD	3
GCA_013201405_1	ssuE	2
GCA_013201405_1	sudA	4
GCA_013201405_1	sudB	1
GCA_013201405_1	sulP	6
GCA_013201405_1	tauA	4
GCA_013201405_1	tauB	4
GCA_013201405_1	tauD	2
GCA_013201405_1	tauZ	1
GCA_013201405_1	tmoF	1
GCA_013201405_1	tpa	1
GCA_013201405_1	tsdA	2
GCA_013201405_1	ttrA	2
GCA_013201405_1	ttrB	2
GCA_013201405_1	tusA	5
GCA_013201405_1	tusB	1
GCA_013201405_1	tusD	2
GCA_013201405_1	tusE	1
GCA_013201405_1	xsc	1
GCA_013203855_1	acuI	1
GCA_013203855_1	aprA	13
GCA_013203855_1	asrA	1
GCA_013203855_1	asrC	1
GCA_013203855_1	betA	2
GCA_013203855_1	betB	5
GCA_013203855_1	betC	62
GCA_013203855_1	comB	3
GCA_013203855_1	cuyA	1
GCA_013203855_1	cysA	4
GCA_013203855_1	cysC	15
GCA_013203855_1	cysD	3
GCA_013203855_1	cysE	8
GCA_013203855_1	cysH	2
GCA_013203855_1	cysI	3
GCA_013203855_1	cysJ	5
GCA_013203855_1	cysK	16
GCA_013203855_1	cysM	7
GCA_013203855_1	cysN	5
GCA_013203855_1	cysN_cysC	6
GCA_013203855_1	cysP	1
GCA_013203855_1	cysQ	2
GCA_013203855_1	cysU	7
GCA_013203855_1	cysZ	1
GCA_013203855_1	dddP	1
GCA_013203855_1	dmdA	1
GCA_013203855_1	dmdB	1
GCA_013203855_1	dmdC	1
GCA_013203855_1	dmsA	6
GCA_013203855_1	dmsB	1
GCA_013203855_1	dmsC	1
GCA_013203855_1	doxD	1
GCA_013203855_1	dsyB	1
GCA_013203855_1	gdh	1
GCA_013203855_1	glpE	7
GCA_013203855_1	hdrA1	1
GCA_013203855_1	hpsN	2
GCA_013203855_1	hpsP	4
GCA_013203855_1	iseK	1
GCA_013203855_1	iseM	1
GCA_013203855_1	isfD	2
GCA_013203855_1	mccB	1
GCA_013203855_1	mdh	5
GCA_013203855_1	metB	2
GCA_013203855_1	metC	2
GCA_013203855_1	metX	1
GCA_013203855_1	metY	3
GCA_013203855_1	metZ	3
GCA_013203855_1	mtsA	1
GCA_013203855_1	mtsB	1
GCA_013203855_1	nrnA	2
GCA_013203855_1	pta	10
GCA_013203855_1	sat	4
GCA_013203855_1	sbp	2
GCA_013203855_1	shyC	2
GCA_013203855_1	sir	2
GCA_013203855_1	slcC	4
GCA_013203855_1	soxA	1
GCA_013203855_1	soxX	1
GCA_013203855_1	sqdB	3
GCA_013203855_1	sqdX	35
GCA_013203855_1	ssuA	12
GCA_013203855_1	ssuB	10
GCA_013203855_1	ssuC	4
GCA_013203855_1	ssuD	5
GCA_013203855_1	ssuE	2
GCA_013203855_1	sudA	9
GCA_013203855_1	sulP	5
GCA_013203855_1	tauA	3
GCA_013203855_1	tauB	6
GCA_013203855_1	tauD	4
GCA_013203855_1	toa	1
GCA_013203855_1	tsdA	1
GCA_013203855_1	ttrB	1
GCA_013203855_1	ttrC	3
GCA_013203855_1	tusA	3
GCA_013203855_1	tusB	2
GCA_013203855_1	xsc	2
GCA_013334655_1	acuI	2
GCA_013334655_1	aprA	1
GCA_013334655_1	asrC	2
GCA_013334655_1	betA	3
GCA_013334655_1	betB	3
GCA_013334655_1	cysA	7
GCA_013334655_1	cysC	15
GCA_013334655_1	cysD	3
GCA_013334655_1	cysE	10
GCA_013334655_1	cysH	3
GCA_013334655_1	cysI	3
GCA_013334655_1	cysJ	7
GCA_013334655_1	cysK	12
GCA_013334655_1	cysM	11
GCA_013334655_1	cysN	4
GCA_013334655_1	cysN_cysC	4
GCA_013334655_1	cysQ	2
GCA_013334655_1	cysU	7
GCA_013334655_1	cysW	2
GCA_013334655_1	dddP	1
GCA_013334655_1	dmdA	1
GCA_013334655_1	dmdB	2
GCA_013334655_1	dmsA	3
GCA_013334655_1	dmsC	1
GCA_013334655_1	dsrA	1
GCA_013334655_1	dsrC	1
GCA_013334655_1	dsrE	1
GCA_013334655_1	dsrF	1
GCA_013334655_1	dsrL	1
GCA_013334655_1	dsrN	1
GCA_013334655_1	fccA	1
GCA_013334655_1	fccB	2
GCA_013334655_1	gdh	1
GCA_013334655_1	glpE	8
GCA_013334655_1	hdrA1	2
GCA_013334655_1	hdrA2	4
GCA_013334655_1	hdrB2	2
GCA_013334655_1	hdrD	1
GCA_013334655_1	isfD	6
GCA_013334655_1	mdh	14
GCA_013334655_1	metB	3
GCA_013334655_1	metC	4
GCA_013334655_1	metY	2
GCA_013334655_1	metZ	4
GCA_013334655_1	nrnA	2
GCA_013334655_1	prpE	2
GCA_013334655_1	psrA	1
GCA_013334655_1	pta	7
GCA_013334655_1	qmoB	2
GCA_013334655_1	qmoC	1
GCA_013334655_1	sat	2
GCA_013334655_1	sbp	3
GCA_013334655_1	shyA	1
GCA_013334655_1	shyB	1
GCA_013334655_1	shyC	1
GCA_013334655_1	sir	1
GCA_013334655_1	slcC	1
GCA_013334655_1	soeA	1
GCA_013334655_1	soxA	1
GCA_013334655_1	soxB	1
GCA_013334655_1	soxD	3
GCA_013334655_1	soxX	1
GCA_013334655_1	soxY	3
GCA_013334655_1	soxZ	1
GCA_013334655_1	sqdX	7
GCA_013334655_1	sqr	2
GCA_013334655_1	ssuA	5
GCA_013334655_1	ssuB	5
GCA_013334655_1	ssuC	1
GCA_013334655_1	ssuD	3
GCA_013334655_1	sudA	1
GCA_013334655_1	sudB	1
GCA_013334655_1	sulP	4
GCA_013334655_1	tauA	2
GCA_013334655_1	tauB	3
GCA_013334655_1	tauD	2
GCA_013334655_1	tpa	1
GCA_013334655_1	tsdA	1
GCA_013334655_1	ttrA	1
GCA_013334655_1	ttrB	1
GCA_013334655_1	tusA	1
GCA_013334655_1	tusB	1
GCA_013334655_1	tusD	2
GCA_013334655_1	xsc	1
GCA_013360445_1	acuI	5
GCA_013360445_1	aprA	1
GCA_013360445_1	asrB	1
GCA_013360445_1	betA	4
GCA_013360445_1	betB	6
GCA_013360445_1	betC	4
GCA_013360445_1	comE	1
GCA_013360445_1	cuyA	1
GCA_013360445_1	cysA	6
GCA_013360445_1	cysC	20
GCA_013360445_1	cysD	2
GCA_013360445_1	cysE	10
GCA_013360445_1	cysH	1
GCA_013360445_1	cysI	1
GCA_013360445_1	cysJ	10
GCA_013360445_1	cysK	17
GCA_013360445_1	cysM	8
GCA_013360445_1	cysN	9
GCA_013360445_1	cysN_cysC	4
GCA_013360445_1	cysP	1
GCA_013360445_1	cysQ	2
GCA_013360445_1	cysU	13
GCA_013360445_1	dddP	2
GCA_013360445_1	dmdA	1
GCA_013360445_1	dmdB	6
GCA_013360445_1	dmdC	8
GCA_013360445_1	dmdD	6
GCA_013360445_1	dmsA	17
GCA_013360445_1	dmsB	4
GCA_013360445_1	dmsC	1
GCA_013360445_1	dsrA	2
GCA_013360445_1	dsyB	1
GCA_013360445_1	gdh	4
GCA_013360445_1	glpE	15
GCA_013360445_1	hdrA1	1
GCA_013360445_1	hdrB2	2
GCA_013360445_1	hdrC2	2
GCA_013360445_1	hdrD	3
GCA_013360445_1	hydD	3
GCA_013360445_1	iseM	1
GCA_013360445_1	isfD	4
GCA_013360445_1	mddA	2
GCA_013360445_1	mdh	11
GCA_013360445_1	metB	6
GCA_013360445_1	metC	12
GCA_013360445_1	metX	1
GCA_013360445_1	metY	2
GCA_013360445_1	metZ	2
GCA_013360445_1	msmA	1
GCA_013360445_1	mtsA	1
GCA_013360445_1	mtsB	1
GCA_013360445_1	nrnA	2
GCA_013360445_1	otr	1
GCA_013360445_1	phsA	1
GCA_013360445_1	prpE	3
GCA_013360445_1	psrC	1
GCA_013360445_1	pta	12
GCA_013360445_1	sat	4
GCA_013360445_1	sgpB	3
GCA_013360445_1	sgpC	1
GCA_013360445_1	shyA	3
GCA_013360445_1	shyC	2
GCA_013360445_1	sir	2
GCA_013360445_1	slcC	3
GCA_013360445_1	soxA	1
GCA_013360445_1	soxB	1
GCA_013360445_1	soxC	1
GCA_013360445_1	soxX	1
GCA_013360445_1	soxY	2
GCA_013360445_1	sqdB	3
GCA_013360445_1	sqdX	12
GCA_013360445_1	sqr	1
GCA_013360445_1	sseA	1
GCA_013360445_1	ssuA	32
GCA_013360445_1	ssuB	10
GCA_013360445_1	ssuC	6
GCA_013360445_1	ssuD	3
GCA_013360445_1	ssuE	1
GCA_013360445_1	sudA	4
GCA_013360445_1	sulP	14
GCA_013360445_1	suyA	1
GCA_013360445_1	tauA	1
GCA_013360445_1	tauB	5
GCA_013360445_1	tauD	3
GCA_013360445_1	tmoC	2
GCA_013360445_1	tpa	1
GCA_013360445_1	tsdA	3
GCA_013360445_1	ttrA	2
GCA_013360445_1	ttrB	2
GCA_013360445_1	tusA	5
GCA_013360445_1	tusB	1
GCA_013360445_1	tusD	1
GCA_013360445_1	xsc	2
GCA_014189675_1	betA	1
GCA_014189675_1	betB	1
GCA_014189675_1	betC	1
GCA_014189675_1	cysA	1
GCA_014189675_1	cysC	1
GCA_014189675_1	cysE	3
GCA_014189675_1	cysI	1
GCA_014189675_1	cysJ	1
GCA_014189675_1	cysQ	1
GCA_014189675_1	cysU	2
GCA_014189675_1	dddP	1
GCA_014189675_1	dsrP	1
GCA_014189675_1	gdh	1
GCA_014189675_1	glpE	2
GCA_014189675_1	mdh	4
GCA_014189675_1	metB	1
GCA_014189675_1	metC	2
GCA_014189675_1	metZ	1
GCA_014189675_1	pta	1
GCA_014189675_1	sir	1
GCA_014189675_1	slcC	1
GCA_014189675_1	sqdB	1
GCA_014189675_1	sqdX	2
GCA_014189675_1	sseA	1
GCA_014189675_1	ssuB	1
GCA_014189675_1	ssuD	1
GCA_014189675_1	sudA	1
GCA_014189675_1	tbuC	1
GCA_014728125_1	asrB	2
GCA_014728125_1	betA	6
GCA_014728125_1	betB	4
GCA_014728125_1	betC	8
GCA_014728125_1	comB	1
GCA_014728125_1	cuyA	1
GCA_014728125_1	cysA	5
GCA_014728125_1	cysC	21
GCA_014728125_1	cysD	2
GCA_014728125_1	cysE	5
GCA_014728125_1	cysH	1
GCA_014728125_1	cysI	1
GCA_014728125_1	cysJ	6
GCA_014728125_1	cysK	8
GCA_014728125_1	cysM	4
GCA_014728125_1	cysN	1
GCA_014728125_1	cysN_cysC	3
GCA_014728125_1	cysQ	1
GCA_014728125_1	cysU	2
GCA_014728125_1	cysW	1
GCA_014728125_1	dddP	1
GCA_014728125_1	dmdA	1
GCA_014728125_1	dmdB	1
GCA_014728125_1	dmdC	1
GCA_014728125_1	dmsA	7
GCA_014728125_1	dmsB	1
GCA_014728125_1	dmsC	1
GCA_014728125_1	dsrA	1
GCA_014728125_1	dsyB	1
GCA_014728125_1	gdh	2
GCA_014728125_1	glpE	5
GCA_014728125_1	hdrA2	1
GCA_014728125_1	hdrB1	1
GCA_014728125_1	hdrD	1
GCA_014728125_1	hydD	1
GCA_014728125_1	mdh	9
GCA_014728125_1	metB	1
GCA_014728125_1	metC	4
GCA_014728125_1	metZ	3
GCA_014728125_1	mtsB	1
GCA_014728125_1	nrnA	1
GCA_014728125_1	prpE	3
GCA_014728125_1	pta	8
GCA_014728125_1	sat	3
GCA_014728125_1	sbp	1
GCA_014728125_1	sgpB	1
GCA_014728125_1	sgpC	3
GCA_014728125_1	shyA	1
GCA_014728125_1	shyC	2
GCA_014728125_1	sir	1
GCA_014728125_1	slcC	1
GCA_014728125_1	soxB	3
GCA_014728125_1	sqdX	17
GCA_014728125_1	sseA	4
GCA_014728125_1	ssuA	6
GCA_014728125_1	ssuB	8
GCA_014728125_1	ssuC	1
GCA_014728125_1	ssuD	3
GCA_014728125_1	ssuE	2
GCA_014728125_1	sudA	4
GCA_014728125_1	sulP	4
GCA_014728125_1	tauA	2
GCA_014728125_1	tauB	4
GCA_014728125_1	tauD	2
GCA_014728125_1	tsdA	1
GCA_014728125_1	ttrB	1
GCA_014728125_1	tusA	1
GCA_014728125_1	tusB	1
GCA_014728125_1	tusD	3
GCA_014729705_1	asrB	1
GCA_014729705_1	asrC	1
GCA_014729705_1	betB	2
GCA_014729705_1	betC	8
GCA_014729705_1	cysA	2
GCA_014729705_1	cysC	9
GCA_014729705_1	cysD	2
GCA_014729705_1	cysE	3
GCA_014729705_1	cysI	1
GCA_014729705_1	cysJ	3
GCA_014729705_1	cysK	3
GCA_014729705_1	cysN	1
GCA_014729705_1	cysQ	1
GCA_014729705_1	dddP	1
GCA_014729705_1	dmdA	1
GCA_014729705_1	dmsB	2
GCA_014729705_1	dmsC	1
GCA_014729705_1	gdh	1
GCA_014729705_1	glpE	5
GCA_014729705_1	hdrA1	1
GCA_014729705_1	hpsN	2
GCA_014729705_1	hydB	1
GCA_014729705_1	hydD	1
GCA_014729705_1	mdh	9
GCA_014729705_1	metB	2
GCA_014729705_1	metC	3
GCA_014729705_1	metX	2
GCA_014729705_1	nrnA	1
GCA_014729705_1	pta	8
GCA_014729705_1	sat	1
GCA_014729705_1	shyA	1
GCA_014729705_1	sir	1
GCA_014729705_1	slcC	1
GCA_014729705_1	slcD	1
GCA_014729705_1	sqdB	2
GCA_014729705_1	sqdX	8
GCA_014729705_1	ssuB	1
GCA_014729705_1	ssuC	1
GCA_014729705_1	ssuE	2
GCA_014729705_1	sudA	2
GCA_014729705_1	sudB	1
GCA_014729705_1	sulP	1
GCA_014729705_1	tauB	1
GCA_014729705_1	tpa	1
GCA_014729705_1	ttrA	1
GCA_014729705_1	tusD	1
GCA_014729705_1	xsc	1
GCA_014730175_1	acuI	2
GCA_014730175_1	aprA	3
GCA_014730175_1	aprB	1
GCA_014730175_1	asrA	1
GCA_014730175_1	asrB	1
GCA_014730175_1	asrC	2
GCA_014730175_1	betA	5
GCA_014730175_1	betB	3
GCA_014730175_1	betC	14
GCA_014730175_1	comB	2
GCA_014730175_1	comE	1
GCA_014730175_1	cuyA	1
GCA_014730175_1	cysA	4
GCA_014730175_1	cysC	19
GCA_014730175_1	cysD	2
GCA_014730175_1	cysE	2
GCA_014730175_1	cysH	3
GCA_014730175_1	cysI	3
GCA_014730175_1	cysJ	8
GCA_014730175_1	cysK	11
GCA_014730175_1	cysM	6
GCA_014730175_1	cysN	4
GCA_014730175_1	cysN_cysC	9
GCA_014730175_1	cysQ	2
GCA_014730175_1	cysU	7
GCA_014730175_1	cysW	1
GCA_014730175_1	dddW	1
GCA_014730175_1	dmdA	1
GCA_014730175_1	dmdB	1
GCA_014730175_1	dmdC	6
GCA_014730175_1	dmdD	1
GCA_014730175_1	dmsA	14
GCA_014730175_1	dmsB	2
GCA_014730175_1	dmsC	2
GCA_014730175_1	dsrA	2
GCA_014730175_1	dsrB	1
GCA_014730175_1	dsrC	1
GCA_014730175_1	dsrJ	1
GCA_014730175_1	dsrK	5
GCA_014730175_1	dsrM	1
GCA_014730175_1	dsrN	1
GCA_014730175_1	gdh	3
GCA_014730175_1	glpE	5
GCA_014730175_1	hdrA1	2
GCA_014730175_1	hdrA2	1
GCA_014730175_1	hdrB1	1
GCA_014730175_1	hdrB2	1
GCA_014730175_1	hdrC2	3
GCA_014730175_1	hdrD	2
GCA_014730175_1	hydA	1
GCA_014730175_1	isfD	2
GCA_014730175_1	mccB	1
GCA_014730175_1	mdh	12
GCA_014730175_1	metB	3
GCA_014730175_1	metC	3
GCA_014730175_1	metX	1
GCA_014730175_1	metY	1
GCA_014730175_1	metZ	1
GCA_014730175_1	mtsB	1
GCA_014730175_1	nrnA	3
GCA_014730175_1	pta	9
GCA_014730175_1	qmoA	1
GCA_014730175_1	qmoB	1
GCA_014730175_1	qmoC	1
GCA_014730175_1	sat	4
GCA_014730175_1	sbp	1
GCA_014730175_1	shyC	2
GCA_014730175_1	shyD	1
GCA_014730175_1	sir	2
GCA_014730175_1	slcC	2
GCA_014730175_1	soeA	1
GCA_014730175_1	soxB	1
GCA_014730175_1	soxX	2
GCA_014730175_1	sqdX	9
GCA_014730175_1	sqr	1
GCA_014730175_1	sseA	1
GCA_014730175_1	ssuA	11
GCA_014730175_1	ssuB	10
GCA_014730175_1	ssuC	3
GCA_014730175_1	ssuD	5
GCA_014730175_1	sudA	6
GCA_014730175_1	sudB	2
GCA_014730175_1	sulP	7
GCA_014730175_1	tauA	2
GCA_014730175_1	tauB	3
GCA_014730175_1	tauD	1
GCA_014730175_1	tmoC	1
GCA_014730175_1	tpa	2
GCA_014730175_1	tsdA	1
GCA_014730175_1	ttrA	1
GCA_014730175_1	tusA	2
GCA_014730175_1	tusB	1
GCA_014730175_1	tusD	1
GCA_014730175_1	xsc	1
GCA_014730185_1	acuI	5
GCA_014730185_1	aprA	1
GCA_014730185_1	asrB	2
GCA_014730185_1	asrC	1
GCA_014730185_1	betA	4
GCA_014730185_1	betB	4
GCA_014730185_1	comB	1
GCA_014730185_1	comE	1
GCA_014730185_1	cuyA	2
GCA_014730185_1	cysA	3
GCA_014730185_1	cysC	16
GCA_014730185_1	cysD	6
GCA_014730185_1	cysE	9
GCA_014730185_1	cysH	1
GCA_014730185_1	cysI	1
GCA_014730185_1	cysJ	8
GCA_014730185_1	cysK	14
GCA_014730185_1	cysM	8
GCA_014730185_1	cysN	7
GCA_014730185_1	cysN_cysC	7
GCA_014730185_1	cysQ	4
GCA_014730185_1	cysU	7
GCA_014730185_1	dddP	1
GCA_014730185_1	dddT	1
GCA_014730185_1	dmdA	1
GCA_014730185_1	dmdB	4
GCA_014730185_1	dmdC	4
GCA_014730185_1	dmdD	2
GCA_014730185_1	dmsA	13
GCA_014730185_1	dmsB	4
GCA_014730185_1	dmsC	4
GCA_014730185_1	dsrB	2
GCA_014730185_1	gdh	3
GCA_014730185_1	glpE	11
GCA_014730185_1	hdrA1	1
GCA_014730185_1	hdrD	3
GCA_014730185_1	hpsM	1
GCA_014730185_1	hpsN	1
GCA_014730185_1	hydA	1
GCA_014730185_1	hydB	1
GCA_014730185_1	isfD	7
GCA_014730185_1	mccB	1
GCA_014730185_1	mddA	2
GCA_014730185_1	mdh	13
GCA_014730185_1	metB	5
GCA_014730185_1	metC	3
GCA_014730185_1	metX	3
GCA_014730185_1	metY	2
GCA_014730185_1	metZ	1
GCA_014730185_1	msmA	1
GCA_014730185_1	mtsA	1
GCA_014730185_1	mtsB	1
GCA_014730185_1	nrnA	3
GCA_014730185_1	otr	2
GCA_014730185_1	phsB	1
GCA_014730185_1	prpE	1
GCA_014730185_1	psrA	1
GCA_014730185_1	psrC	2
GCA_014730185_1	pta	13
GCA_014730185_1	sat	5
GCA_014730185_1	sbp	7
GCA_014730185_1	sgpC	1
GCA_014730185_1	shyC	1
GCA_014730185_1	shyD	1
GCA_014730185_1	sir	3
GCA_014730185_1	slcC	1
GCA_014730185_1	soxA	1
GCA_014730185_1	soxB	1
GCA_014730185_1	soxX	1
GCA_014730185_1	sqdB	2
GCA_014730185_1	sqdX	9
GCA_014730185_1	sseA	2
GCA_014730185_1	ssuA	26
GCA_014730185_1	ssuB	7
GCA_014730185_1	ssuC	3
GCA_014730185_1	ssuD	6
GCA_014730185_1	ssuE	1
GCA_014730185_1	sudA	7
GCA_014730185_1	sulP	15
GCA_014730185_1	tauA	2
GCA_014730185_1	tauB	2
GCA_014730185_1	tauD	1
GCA_014730185_1	tmoC	1
GCA_014730185_1	tpa	3
GCA_014730185_1	tsdA	1
GCA_014730185_1	ttrA	3
GCA_014730185_1	ttrB	3
GCA_014730185_1	tusA	5
GCA_014730185_1	tusB	2
GCA_014730185_1	tusD	1
GCA_014730185_1	yihQ	1
GCA_014763895_1	acuI	5
GCA_014763895_1	betA	2
GCA_014763895_1	betB	3
GCA_014763895_1	comB	1
GCA_014763895_1	comE	1
GCA_014763895_1	cuyA	2
GCA_014763895_1	cysA	3
GCA_014763895_1	cysC	10
GCA_014763895_1	cysD	1
GCA_014763895_1	cysE	6
GCA_014763895_1	cysH	2
GCA_014763895_1	cysI	3
GCA_014763895_1	cysJ	4
GCA_014763895_1	cysK	9
GCA_014763895_1	cysM	3
GCA_014763895_1	cysN	2
GCA_014763895_1	cysN_cysC	4
GCA_014763895_1	cysP	1
GCA_014763895_1	cysQ	3
GCA_014763895_1	cysU	4
GCA_014763895_1	cysW	2
GCA_014763895_1	dddP	1
GCA_014763895_1	dmsA	3
GCA_014763895_1	dmsC	3
GCA_014763895_1	dsrA	1
GCA_014763895_1	fccB	2
GCA_014763895_1	gdh	1
GCA_014763895_1	glpE	9
GCA_014763895_1	hdrB2	1
GCA_014763895_1	hdrD	1
GCA_014763895_1	hpsN	1
GCA_014763895_1	iseM	1
GCA_014763895_1	isfD	2
GCA_014763895_1	mdh	9
GCA_014763895_1	metB	2
GCA_014763895_1	metC	3
GCA_014763895_1	metX	1
GCA_014763895_1	metY	3
GCA_014763895_1	metZ	1
GCA_014763895_1	nrnA	4
GCA_014763895_1	phsA	1
GCA_014763895_1	prpE	1
GCA_014763895_1	psrA	1
GCA_014763895_1	pta	6
GCA_014763895_1	sat	4
GCA_014763895_1	sbp	1
GCA_014763895_1	sir	5
GCA_014763895_1	slcC	2
GCA_014763895_1	sorA	1
GCA_014763895_1	sorB	1
GCA_014763895_1	soxB	1
GCA_014763895_1	soxC	1
GCA_014763895_1	soxD	1
GCA_014763895_1	soxL	2
GCA_014763895_1	soxY	1
GCA_014763895_1	soxZ	1
GCA_014763895_1	sqdX	5
GCA_014763895_1	sqr	2
GCA_014763895_1	ssuB	5
GCA_014763895_1	ssuC	3
GCA_014763895_1	ssuD	2
GCA_014763895_1	ssuE	2
GCA_014763895_1	sudA	3
GCA_014763895_1	sulP	11
GCA_014763895_1	tauB	2
GCA_014763895_1	tauD	2
GCA_014763895_1	tauZ	1
GCA_014763895_1	tpa	1
GCA_014763895_1	tsdA	1
GCA_014763895_1	tsdB	1
GCA_014763895_1	ttrB	2
GCA_014763895_1	tusA	1
GCA_014763895_1	tusB	1
GCA_014763895_1	tusC	1
GCA_014763895_1	tusD	2
GCA_014763895_1	xsc	1
GCA_014804905_1	acuI	1
GCA_014804905_1	aprA	6
GCA_014804905_1	asrA	2
GCA_014804905_1	asrB	1
GCA_014804905_1	asrC	2
GCA_014804905_1	betA	1
GCA_014804905_1	betB	2
GCA_014804905_1	comD	1
GCA_014804905_1	cuyA	1
GCA_014804905_1	cysA	1
GCA_014804905_1	cysC	11
GCA_014804905_1	cysD	1
GCA_014804905_1	cysE	2
GCA_014804905_1	cysI	1
GCA_014804905_1	cysJ	2
GCA_014804905_1	cysK	8
GCA_014804905_1	cysM	3
GCA_014804905_1	cysN_cysC	3
GCA_014804905_1	cysP	1
GCA_014804905_1	cysQ	1
GCA_014804905_1	cysU	2
GCA_014804905_1	cysZ	1
GCA_014804905_1	dddP	1
GCA_014804905_1	dddT	1
GCA_014804905_1	dmdB	1
GCA_014804905_1	dmsA	2
GCA_014804905_1	dmsB	2
GCA_014804905_1	dmsC	2
GCA_014804905_1	dsrA	3
GCA_014804905_1	dsrB	2
GCA_014804905_1	dsrC	2
GCA_014804905_1	dsrD	2
GCA_014804905_1	dsrK	1
GCA_014804905_1	dsrM	1
GCA_014804905_1	dsrN	2
GCA_014804905_1	dsrP	1
GCA_014804905_1	dsrT	1
GCA_014804905_1	dsyB	1
GCA_014804905_1	gdh	1
GCA_014804905_1	glpE	6
GCA_014804905_1	hdrA1	2
GCA_014804905_1	hdrA2	1
GCA_014804905_1	hpsK	2
GCA_014804905_1	hpsL	1
GCA_014804905_1	hpsM	4
GCA_014804905_1	hpsN	1
GCA_014804905_1	hpsP	2
GCA_014804905_1	iseK	1
GCA_014804905_1	iseM	1
GCA_014804905_1	isfD	2
GCA_014804905_1	mdh	7
GCA_014804905_1	metA	1
GCA_014804905_1	metB	3
GCA_014804905_1	metC	3
GCA_014804905_1	metX	1
GCA_014804905_1	metZ	4
GCA_014804905_1	nrnA	2
GCA_014804905_1	otr	1
GCA_014804905_1	prpE	1
GCA_014804905_1	pta	4
GCA_014804905_1	qmoA	1
GCA_014804905_1	qmoB	1
GCA_014804905_1	qmoC	1
GCA_014804905_1	sat	2
GCA_014804905_1	sgpB	1
GCA_014804905_1	shyA	1
GCA_014804905_1	sir	2
GCA_014804905_1	soxX	1
GCA_014804905_1	soxZ	2
GCA_014804905_1	sqdB	3
GCA_014804905_1	sqdX	1
GCA_014804905_1	ssuA	10
GCA_014804905_1	ssuB	4
GCA_014804905_1	ssuC	1
GCA_014804905_1	ssuD	2
GCA_014804905_1	ssuE	3
GCA_014804905_1	sudA	4
GCA_014804905_1	sudB	1
GCA_014804905_1	tauB	4
GCA_014804905_1	tauD	1
GCA_014804905_1	tpa	2
GCA_014804905_1	tsdA	1
GCA_014804905_1	ttrA	1
GCA_014804905_1	tusA	1
GCA_014804905_1	tusB	1
GCA_014804905_1	tusD	1
GCA_014804905_1	xsc	2
GCA_015062115_1	betA	1
GCA_015062115_1	betB	2
GCA_015062115_1	betC	2
GCA_015062115_1	cuyA	1
GCA_015062115_1	cysA	1
GCA_015062115_1	cysC	15
GCA_015062115_1	cysD	4
GCA_015062115_1	cysE	5
GCA_015062115_1	cysI	1
GCA_015062115_1	cysJ	5
GCA_015062115_1	cysK	6
GCA_015062115_1	cysM	4
GCA_015062115_1	cysN	1
GCA_015062115_1	cysN_cysC	3
GCA_015062115_1	cysP	1
GCA_015062115_1	cysU	1
GCA_015062115_1	dmdB	3
GCA_015062115_1	dmdC	2
GCA_015062115_1	dmsA	2
GCA_015062115_1	dmsC	1
GCA_015062115_1	dsyB	1
GCA_015062115_1	gdh	1
GCA_015062115_1	hdrA1	1
GCA_015062115_1	mdh	6
GCA_015062115_1	metA	1
GCA_015062115_1	metC	3
GCA_015062115_1	metZ	1
GCA_015062115_1	nrnA	2
GCA_015062115_1	pta	4
GCA_015062115_1	soxB	3
GCA_015062115_1	sqdB	1
GCA_015062115_1	sqdX	5
GCA_015062115_1	ssuB	5
GCA_015062115_1	ssuC	2
GCA_015062115_1	ssuD	1
GCA_015062115_1	sudA	4
GCA_015062115_1	sudB	1
GCA_015062115_1	sulP	3
GCA_015062115_1	tauB	2
GCA_015062115_1	tsdA	1
GCA_015062115_1	ttrA	1
GCA_015062115_1	tusA	1
GCA_015062115_1	tusB	1
GCA_015062825_1	acuI	2
GCA_015062825_1	aprB	1
GCA_015062825_1	asrA	2
GCA_015062825_1	asrC	1
GCA_015062825_1	betA	6
GCA_015062825_1	betB	4
GCA_015062825_1	comA	1
GCA_015062825_1	comB	1
GCA_015062825_1	comC	1
GCA_015062825_1	comD	1
GCA_015062825_1	comE	2
GCA_015062825_1	cysA	3
GCA_015062825_1	cysC	6
GCA_015062825_1	cysE	6
GCA_015062825_1	cysI	1
GCA_015062825_1	cysJ	3
GCA_015062825_1	cysK	9
GCA_015062825_1	cysM	1
GCA_015062825_1	cysN	2
GCA_015062825_1	cysP	1
GCA_015062825_1	cysQ	1
GCA_015062825_1	cysU	2
GCA_015062825_1	dddP	1
GCA_015062825_1	dddT	1
GCA_015062825_1	dmsC	1
GCA_015062825_1	dsrN	2
GCA_015062825_1	dsyB	1
GCA_015062825_1	gdh	1
GCA_015062825_1	glpE	6
GCA_015062825_1	hdrA1	1
GCA_015062825_1	hdrA2	2
GCA_015062825_1	hdrB1	1
GCA_015062825_1	hdrB2	1
GCA_015062825_1	hdrC1	1
GCA_015062825_1	hdrD	1
GCA_015062825_1	hpsN	1
GCA_015062825_1	hpsP	1
GCA_015062825_1	hydD	2
GCA_015062825_1	mdh	9
GCA_015062825_1	metB	2
GCA_015062825_1	metC	3
GCA_015062825_1	metX	3
GCA_015062825_1	metY	2
GCA_015062825_1	metZ	2
GCA_015062825_1	mtsA	2
GCA_015062825_1	prpE	1
GCA_015062825_1	pta	4
GCA_015062825_1	sat	4
GCA_015062825_1	shyA	2
GCA_015062825_1	shyD	1
GCA_015062825_1	sqdB	2
GCA_015062825_1	sqdX	9
GCA_015062825_1	ssuA	1
GCA_015062825_1	ssuB	3
GCA_015062825_1	ssuC	2
GCA_015062825_1	ssuD	1
GCA_015062825_1	ssuE	4
GCA_015062825_1	sudA	1
GCA_015062825_1	sulP	2
GCA_015062825_1	tauA	1
GCA_015062825_1	tauB	1
GCA_015062825_1	tauD	2
GCA_015062825_1	ttrA	2
GCA_015062825_1	xsc	2
GCA_015231535_1	acuI	4
GCA_015231535_1	asrA	2
GCA_015231535_1	asrB	2
GCA_015231535_1	betA	8
GCA_015231535_1	betB	7
GCA_015231535_1	betC	5
GCA_015231535_1	comB	1
GCA_015231535_1	comE	1
GCA_015231535_1	cuyA	1
GCA_015231535_1	cysA	6
GCA_015231535_1	cysC	16
GCA_015231535_1	cysD	8
GCA_015231535_1	cysE	10
GCA_015231535_1	cysH	5
GCA_015231535_1	cysI	3
GCA_015231535_1	cysJ	8
GCA_015231535_1	cysK	18
GCA_015231535_1	cysM	7
GCA_015231535_1	cysN	7
GCA_015231535_1	cysN_cysC	5
GCA_015231535_1	cysP	3
GCA_015231535_1	cysQ	3
GCA_015231535_1	cysU	5
GCA_015231535_1	dddP	1
GCA_015231535_1	dmdA	1
GCA_015231535_1	dmdB	5
GCA_015231535_1	dmdC	16
GCA_015231535_1	dmdD	7
GCA_015231535_1	dmsA	15
GCA_015231535_1	dmsB	2
GCA_015231535_1	dsrP	1
GCA_015231535_1	fccA	1
GCA_015231535_1	gdh	1
GCA_015231535_1	glpE	15
GCA_015231535_1	hdrD	1
GCA_015231535_1	hpsK	1
GCA_015231535_1	hpsO	1
GCA_015231535_1	hydD	1
GCA_015231535_1	iseM	2
GCA_015231535_1	isfD	4
GCA_015231535_1	mdh	13
GCA_015231535_1	metA	4
GCA_015231535_1	metB	4
GCA_015231535_1	metC	15
GCA_015231535_1	metY	2
GCA_015231535_1	metZ	3
GCA_015231535_1	nrnA	2
GCA_015231535_1	otr	1
GCA_015231535_1	phsA	1
GCA_015231535_1	phsC	1
GCA_015231535_1	prpE	2
GCA_015231535_1	pta	8
GCA_015231535_1	sat	4
GCA_015231535_1	sbp	4
GCA_015231535_1	sgpC	1
GCA_015231535_1	shyA	1
GCA_015231535_1	sir	2
GCA_015231535_1	slcC	2
GCA_015231535_1	soxB	1
GCA_015231535_1	soxC	1
GCA_015231535_1	soxD	1
GCA_015231535_1	soxX	5
GCA_015231535_1	sqdB	2
GCA_015231535_1	sqdX	18
GCA_015231535_1	ssuA	17
GCA_015231535_1	ssuB	16
GCA_015231535_1	ssuC	3
GCA_015231535_1	ssuD	6
GCA_015231535_1	ssuE	1
GCA_015231535_1	sudA	4
GCA_015231535_1	sulP	20
GCA_015231535_1	tauA	3
GCA_015231535_1	tauB	2
GCA_015231535_1	tauD	4
GCA_015231535_1	tbuC	2
GCA_015231535_1	tpa	2
GCA_015231535_1	tsdA	2
GCA_015231535_1	tsdB	1
GCA_015231535_1	ttrB	4
GCA_015231535_1	tusA	2
GCA_015231535_1	tusB	4
GCA_015231535_1	xsc	3
GCA_015231535_1	yihQ	1
GCA_015488665_1	acuI	7
GCA_015488665_1	asrA	2
GCA_015488665_1	betA	3
GCA_015488665_1	betB	4
GCA_015488665_1	betC	3
GCA_015488665_1	cuyA	1
GCA_015488665_1	cysC	7
GCA_015488665_1	cysD	2
GCA_015488665_1	cysE	6
GCA_015488665_1	cysH	3
GCA_015488665_1	cysI	2
GCA_015488665_1	cysJ	4
GCA_015488665_1	cysK	8
GCA_015488665_1	cysM	4
GCA_015488665_1	cysN	1
GCA_015488665_1	cysN_cysC	4
GCA_015488665_1	cysP	2
GCA_015488665_1	cysQ	3
GCA_015488665_1	cysU	2
GCA_015488665_1	cysW	1
GCA_015488665_1	dddP	1
GCA_015488665_1	dmdB	1
GCA_015488665_1	dmsA	4
GCA_015488665_1	dmsB	1
GCA_015488665_1	dmsC	1
GCA_015488665_1	dsrA	2
GCA_015488665_1	dsrD	1
GCA_015488665_1	fccA	1
GCA_015488665_1	fccB	4
GCA_015488665_1	gdh	1
GCA_015488665_1	glpE	9
GCA_015488665_1	hdrB2	1
GCA_015488665_1	hdrD	1
GCA_015488665_1	hpsN	1
GCA_015488665_1	iseM	1
GCA_015488665_1	isfD	2
GCA_015488665_1	mdh	8
GCA_015488665_1	metA	1
GCA_015488665_1	metB	2
GCA_015488665_1	metC	11
GCA_015488665_1	metX	1
GCA_015488665_1	metY	2
GCA_015488665_1	metZ	5
GCA_015488665_1	nrnA	1
GCA_015488665_1	prpE	1
GCA_015488665_1	pta	6
GCA_015488665_1	sat	4
GCA_015488665_1	sbp	1
GCA_015488665_1	sgpB	2
GCA_015488665_1	sir	2
GCA_015488665_1	slcC	1
GCA_015488665_1	sorA	1
GCA_015488665_1	sorB	1
GCA_015488665_1	soxC	2
GCA_015488665_1	soxD	2
GCA_015488665_1	soxY	1
GCA_015488665_1	soxZ	1
GCA_015488665_1	sqdB	2
GCA_015488665_1	sqdX	2
GCA_015488665_1	sqr	2
GCA_015488665_1	sseA	2
GCA_015488665_1	ssuA	1
GCA_015488665_1	ssuB	5
GCA_015488665_1	ssuC	2
GCA_015488665_1	ssuD	2
GCA_015488665_1	ssuE	1
GCA_015488665_1	sudA	4
GCA_015488665_1	sulP	9
GCA_015488665_1	tauA	1
GCA_015488665_1	tauB	3
GCA_015488665_1	tauD	3
GCA_015488665_1	tauZ	1
GCA_015488665_1	tsdA	2
GCA_015488665_1	ttrB	1
GCA_015488665_1	tusA	1
GCA_015488665_1	tusC	1
GCA_015488665_1	tusD	1
GCA_015488665_1	xsc	1
GCA_015660995_1	aprA	1
GCA_015660995_1	asrC	2
GCA_015660995_1	betA	5
GCA_015660995_1	cysA	2
GCA_015660995_1	cysC	4
GCA_015660995_1	cysE	4
GCA_015660995_1	cysI	1
GCA_015660995_1	cysJ	3
GCA_015660995_1	cysK	4
GCA_015660995_1	cysN	2
GCA_015660995_1	cysU	1
GCA_015660995_1	cysW	1
GCA_015660995_1	dddP	1
GCA_015660995_1	dmdB	4
GCA_015660995_1	dmsA	4
GCA_015660995_1	dsrA	1
GCA_015660995_1	gdh	1
GCA_015660995_1	glpE	7
GCA_015660995_1	hdrB2	1
GCA_015660995_1	hdrD	3
GCA_015660995_1	hydA	1
GCA_015660995_1	hydB	1
GCA_015660995_1	isfD	2
GCA_015660995_1	mdh	4
GCA_015660995_1	metA	1
GCA_015660995_1	metB	3
GCA_015660995_1	metX	1
GCA_015660995_1	metZ	1
GCA_015660995_1	mtsA	2
GCA_015660995_1	mtsB	5
GCA_015660995_1	nrnA	1
GCA_015660995_1	pta	2
GCA_015660995_1	sat	2
GCA_015660995_1	shyA	1
GCA_015660995_1	shyB	1
GCA_015660995_1	shyC	3
GCA_015660995_1	shyD	2
GCA_015660995_1	sir	1
GCA_015660995_1	slcC	2
GCA_015660995_1	sqdB	3
GCA_015660995_1	sqdX	7
GCA_015660995_1	ssuB	3
GCA_015660995_1	ssuC	2
GCA_015660995_1	ssuE	1
GCA_015660995_1	sudA	1
GCA_015660995_1	sulP	2
GCA_015660995_1	tauA	1
GCA_015660995_1	tauB	2
GCA_015660995_1	tauD	1
GCA_015660995_1	tmoC	1
GCA_015660995_1	tpa	2
GCA_015660995_1	ttrB	1
GCA_015660995_1	tusA	3
GCA_015660995_1	xsc	2
GCA_016176845_1	acuI	1
GCA_016176845_1	asrC	1
GCA_016176845_1	betA	4
GCA_016176845_1	betB	2
GCA_016176845_1	cuyA	1
GCA_016176845_1	cysA	3
GCA_016176845_1	cysC	12
GCA_016176845_1	cysD	1
GCA_016176845_1	cysE	1
GCA_016176845_1	cysH	1
GCA_016176845_1	cysJ	2
GCA_016176845_1	cysK	4
GCA_016176845_1	cysM	5
GCA_016176845_1	cysN	1
GCA_016176845_1	cysN_cysC	2
GCA_016176845_1	cysU	2
GCA_016176845_1	ddhA	2
GCA_016176845_1	ddhC	1
GCA_016176845_1	dmdB	1
GCA_016176845_1	dmdC	10
GCA_016176845_1	dmsA	3
GCA_016176845_1	dmsC	1
GCA_016176845_1	dsrA	1
GCA_016176845_1	dsyB	1
GCA_016176845_1	gdh	2
GCA_016176845_1	glpE	5
GCA_016176845_1	hdrA1	1
GCA_016176845_1	hdrD	1
GCA_016176845_1	hpsO	1
GCA_016176845_1	hpsP	2
GCA_016176845_1	hydA	1
GCA_016176845_1	mdh	7
GCA_016176845_1	metB	2
GCA_016176845_1	metC	2
GCA_016176845_1	metZ	2
GCA_016176845_1	mtsA	1
GCA_016176845_1	mtsB	1
GCA_016176845_1	nrnA	3
GCA_016176845_1	phsA	1
GCA_016176845_1	pta	2
GCA_016176845_1	qmoA	1
GCA_016176845_1	qmoB	1
GCA_016176845_1	qmoC	1
GCA_016176845_1	sat	3
GCA_016176845_1	shyD	1
GCA_016176845_1	sir	1
GCA_016176845_1	slcC	1
GCA_016176845_1	soxA	1
GCA_016176845_1	soxB	1
GCA_016176845_1	soxX	1
GCA_016176845_1	ssuA	5
GCA_016176845_1	ssuB	5
GCA_016176845_1	ssuC	3
GCA_016176845_1	ssuE	1
GCA_016176845_1	sudA	3
GCA_016176845_1	sulP	4
GCA_016176845_1	tauA	1
GCA_016176845_1	tauB	2
GCA_016176845_1	tpa	1
GCA_016176845_1	tsdA	2
GCA_016176845_1	ttrA	3
GCA_016176845_1	tusA	4
GCA_016176845_1	tusD	1
GCA_016180645_1	acuI	6
GCA_016180645_1	aprA	1
GCA_016180645_1	asrA	1
GCA_016180645_1	asrB	2
GCA_016180645_1	betA	13
GCA_016180645_1	betB	9
GCA_016180645_1	betC	1
GCA_016180645_1	comE	1
GCA_016180645_1	cuyA	1
GCA_016180645_1	cysA	4
GCA_016180645_1	cysC	12
GCA_016180645_1	cysD	3
GCA_016180645_1	cysE	9
GCA_016180645_1	cysI	3
GCA_016180645_1	cysJ	10
GCA_016180645_1	cysK	10
GCA_016180645_1	cysM	7
GCA_016180645_1	cysN	5
GCA_016180645_1	cysN_cysC	5
GCA_016180645_1	cysP	3
GCA_016180645_1	cysQ	3
GCA_016180645_1	cysU	4
GCA_016180645_1	cysW	1
GCA_016180645_1	ddhA	6
GCA_016180645_1	ddhB	1
GCA_016180645_1	ddhC	2
GCA_016180645_1	dmdA	1
GCA_016180645_1	dmdB	7
GCA_016180645_1	dmdC	25
GCA_016180645_1	dmdD	1
GCA_016180645_1	dmsA	20
GCA_016180645_1	dmsB	1
GCA_016180645_1	dmsC	2
GCA_016180645_1	dsrA	1
GCA_016180645_1	dsrP	1
GCA_016180645_1	dsyB	3
GCA_016180645_1	fccB	1
GCA_016180645_1	gdh	1
GCA_016180645_1	glpE	12
GCA_016180645_1	hpsN	1
GCA_016180645_1	hpsP	3
GCA_016180645_1	iseM	1
GCA_016180645_1	isfD	6
GCA_016180645_1	mddA	1
GCA_016180645_1	mdh	12
GCA_016180645_1	metB	2
GCA_016180645_1	metC	7
GCA_016180645_1	metZ	2
GCA_016180645_1	mtsA	1
GCA_016180645_1	nrnA	2
GCA_016180645_1	phsA	1
GCA_016180645_1	prpE	1
GCA_016180645_1	psrC	1
GCA_016180645_1	pta	12
GCA_016180645_1	qmoA	1
GCA_016180645_1	sat	4
GCA_016180645_1	sbp	2
GCA_016180645_1	sgpB	1
GCA_016180645_1	sir	3
GCA_016180645_1	slcC	5
GCA_016180645_1	soeA	1
GCA_016180645_1	soxB	1
GCA_016180645_1	soxC	1
GCA_016180645_1	soxX	2
GCA_016180645_1	soxZ	1
GCA_016180645_1	sqdB	6
GCA_016180645_1	sqdX	24
GCA_016180645_1	sqr	1
GCA_016180645_1	sseA	1
GCA_016180645_1	ssuA	36
GCA_016180645_1	ssuB	8
GCA_016180645_1	ssuC	5
GCA_016180645_1	ssuD	8
GCA_016180645_1	sudA	4
GCA_016180645_1	sulP	8
GCA_016180645_1	tauA	1
GCA_016180645_1	tauB	3
GCA_016180645_1	tauD	3
GCA_016180645_1	tpa	2
GCA_016180645_1	tsdA	4
GCA_016180645_1	tsdB	1
GCA_016180645_1	ttrB	4
GCA_016180645_1	tusA	6
GCA_016180645_1	tusB	1
GCA_016180645_1	xsc	2
GCA_016180645_1	yihQ	3
GCA_016190245_1	acuI	4
GCA_016190245_1	aprA	1
GCA_016190245_1	aprB	1
GCA_016190245_1	asrA	2
GCA_016190245_1	asrB	1
GCA_016190245_1	betA	8
GCA_016190245_1	betB	12
GCA_016190245_1	betC	2
GCA_016190245_1	comC	1
GCA_016190245_1	comE	1
GCA_016190245_1	cuyA	1
GCA_016190245_1	cysA	7
GCA_016190245_1	cysC	12
GCA_016190245_1	cysE	5
GCA_016190245_1	cysH	2
GCA_016190245_1	cysI	1
GCA_016190245_1	cysJ	6
GCA_016190245_1	cysK	8
GCA_016190245_1	cysM	7
GCA_016190245_1	cysN	1
GCA_016190245_1	cysN_cysC	4
GCA_016190245_1	cysP	1
GCA_016190245_1	cysQ	4
GCA_016190245_1	cysU	3
GCA_016190245_1	cysZ	1
GCA_016190245_1	ddhA	5
GCA_016190245_1	ddhC	1
GCA_016190245_1	dmdA	1
GCA_016190245_1	dmdB	3
GCA_016190245_1	dmdC	30
GCA_016190245_1	dmsA	9
GCA_016190245_1	dmsB	1
GCA_016190245_1	dmsC	1
GCA_016190245_1	dsrA	1
GCA_016190245_1	dsyB	1
GCA_016190245_1	gdh	1
GCA_016190245_1	glpE	7
GCA_016190245_1	hdrD	1
GCA_016190245_1	hpsP	2
GCA_016190245_1	iseM	1
GCA_016190245_1	isfD	5
GCA_016190245_1	mdh	5
GCA_016190245_1	metA	1
GCA_016190245_1	metB	1
GCA_016190245_1	metC	5
GCA_016190245_1	metX	1
GCA_016190245_1	metY	1
GCA_016190245_1	metZ	2
GCA_016190245_1	nrnA	2
GCA_016190245_1	phsA	1
GCA_016190245_1	psrC	1
GCA_016190245_1	qmoA	1
GCA_016190245_1	sat	5
GCA_016190245_1	sbp	1
GCA_016190245_1	slcC	3
GCA_016190245_1	soxB	1
GCA_016190245_1	soxX	2
GCA_016190245_1	sqdB	2
GCA_016190245_1	sqdX	8
GCA_016190245_1	ssuA	27
GCA_016190245_1	ssuB	5
GCA_016190245_1	ssuC	4
GCA_016190245_1	ssuD	6
GCA_016190245_1	sudA	1
GCA_016190245_1	sulP	4
GCA_016190245_1	tauA	1
GCA_016190245_1	tauB	2
GCA_016190245_1	tauD	2
GCA_016190245_1	tmoC	2
GCA_016190245_1	tpa	4
GCA_016190245_1	tsdA	1
GCA_016190245_1	ttrA	2
GCA_016190245_1	ttrB	2
GCA_016190245_1	tusB	1
GCA_016190245_1	tusD	1
GCA_016190245_1	yihQ	1
GCA_016192455_1	acuI	7
GCA_016192455_1	aprA	7
GCA_016192455_1	asrA	1
GCA_016192455_1	asrB	1
GCA_016192455_1	asrC	2
GCA_016192455_1	betA	6
GCA_016192455_1	betB	6
GCA_016192455_1	betC	1
GCA_016192455_1	comB	2
GCA_016192455_1	comD	3
GCA_016192455_1	comE	5
GCA_016192455_1	cysA	4
GCA_016192455_1	cysC	9
GCA_016192455_1	cysD	2
GCA_016192455_1	cysE	8
GCA_016192455_1	cysH	1
GCA_016192455_1	cysI	3
GCA_016192455_1	cysJ	5
GCA_016192455_1	cysK	15
GCA_016192455_1	cysM	11
GCA_016192455_1	cysN	4
GCA_016192455_1	cysN_cysC	7
GCA_016192455_1	cysP	4
GCA_016192455_1	cysQ	2
GCA_016192455_1	cysU	6
GCA_016192455_1	dddP	3
GCA_016192455_1	ddhA	1
GCA_016192455_1	ddhC	1
GCA_016192455_1	dmdA	1
GCA_016192455_1	dmdB	12
GCA_016192455_1	dmdC	8
GCA_016192455_1	dmdD	2
GCA_016192455_1	dmsA	13
GCA_016192455_1	dmsC	2
GCA_016192455_1	dsrA	1
GCA_016192455_1	dsrN	1
GCA_016192455_1	dsyB	2
GCA_016192455_1	gdh	2
GCA_016192455_1	glpE	12
GCA_016192455_1	hdrB1	1
GCA_016192455_1	hdrB2	1
GCA_016192455_1	hdrD	5
GCA_016192455_1	hpsK	3
GCA_016192455_1	hpsM	1
GCA_016192455_1	hpsP	2
GCA_016192455_1	iseM	1
GCA_016192455_1	isfD	2
GCA_016192455_1	mddA	1
GCA_016192455_1	mdh	17
GCA_016192455_1	metB	5
GCA_016192455_1	metC	4
GCA_016192455_1	metY	1
GCA_016192455_1	metZ	5
GCA_016192455_1	mtsB	3
GCA_016192455_1	nrnA	1
GCA_016192455_1	phsA	1
GCA_016192455_1	prpE	8
GCA_016192455_1	pta	5
GCA_016192455_1	sat	4
GCA_016192455_1	sfnG	2
GCA_016192455_1	sgpB	1
GCA_016192455_1	sgpC	1
GCA_016192455_1	shyC	1
GCA_016192455_1	sir	4
GCA_016192455_1	slcC	5
GCA_016192455_1	soeA	3
GCA_016192455_1	soxB	1
GCA_016192455_1	soxC	2
GCA_016192455_1	soxX	6
GCA_016192455_1	sqdB	2
GCA_016192455_1	sqdX	22
GCA_016192455_1	sseA	4
GCA_016192455_1	ssuA	61
GCA_016192455_1	ssuB	20
GCA_016192455_1	ssuC	30
GCA_016192455_1	ssuD	15
GCA_016192455_1	sudA	15
GCA_016192455_1	sudB	1
GCA_016192455_1	sulP	19
GCA_016192455_1	suyA	1
GCA_016192455_1	tauA	10
GCA_016192455_1	tauB	8
GCA_016192455_1	tauC	4
GCA_016192455_1	tauD	3
GCA_016192455_1	tmoC	1
GCA_016192455_1	tpa	3
GCA_016192455_1	tsdA	3
GCA_016192455_1	ttrA	3
GCA_016192455_1	ttrB	5
GCA_016192455_1	tusA	1
GCA_016192455_1	tusB	2
GCA_016192455_1	xsc	8
GCA_016193065_1	asrA	3
GCA_016193065_1	asrC	1
GCA_016193065_1	betA	5
GCA_016193065_1	betB	8
GCA_016193065_1	comB	2
GCA_016193065_1	comD	1
GCA_016193065_1	cuyA	1
GCA_016193065_1	cysA	3
GCA_016193065_1	cysC	18
GCA_016193065_1	cysD	3
GCA_016193065_1	cysE	7
GCA_016193065_1	cysH	1
GCA_016193065_1	cysI	6
GCA_016193065_1	cysJ	8
GCA_016193065_1	cysK	16
GCA_016193065_1	cysM	5
GCA_016193065_1	cysN	4
GCA_016193065_1	cysN_cysC	6
GCA_016193065_1	cysP	1
GCA_016193065_1	cysQ	2
GCA_016193065_1	cysU	10
GCA_016193065_1	dddP	3
GCA_016193065_1	dmdA	3
GCA_016193065_1	dmdB	4
GCA_016193065_1	dmdC	3
GCA_016193065_1	dmsA	17
GCA_016193065_1	dmsB	2
GCA_016193065_1	dmsC	1
GCA_016193065_1	dsrA	3
GCA_016193065_1	dsrB	1
GCA_016193065_1	dsrC	1
GCA_016193065_1	dsrJ	1
GCA_016193065_1	dsrK	3
GCA_016193065_1	dsrM	1
GCA_016193065_1	dsrP	2
GCA_016193065_1	dsrT	1
GCA_016193065_1	dsyB	1
GCA_016193065_1	gdh	1
GCA_016193065_1	glpE	9
GCA_016193065_1	hdrA1	1
GCA_016193065_1	hdrA2	2
GCA_016193065_1	hdrD	2
GCA_016193065_1	hpsK	1
GCA_016193065_1	hpsO	1
GCA_016193065_1	hpsP	3
GCA_016193065_1	iseM	1
GCA_016193065_1	isfD	3
GCA_016193065_1	mddA	2
GCA_016193065_1	mdh	13
GCA_016193065_1	metA	1
GCA_016193065_1	metB	2
GCA_016193065_1	metC	2
GCA_016193065_1	metX	1
GCA_016193065_1	metZ	3
GCA_016193065_1	nrnA	2
GCA_016193065_1	phsA	1
GCA_016193065_1	prpE	1
GCA_016193065_1	psrC	4
GCA_016193065_1	pta	5
GCA_016193065_1	sat	5
GCA_016193065_1	sfnG	3
GCA_016193065_1	shyC	1
GCA_016193065_1	sir	1
GCA_016193065_1	slcC	1
GCA_016193065_1	soeA	6
GCA_016193065_1	sorB	1
GCA_016193065_1	soxA	1
GCA_016193065_1	soxC	1
GCA_016193065_1	soxX	6
GCA_016193065_1	sqdB	1
GCA_016193065_1	sqdX	12
GCA_016193065_1	sqr	1
GCA_016193065_1	sseA	4
GCA_016193065_1	ssuA	27
GCA_016193065_1	ssuB	13
GCA_016193065_1	ssuC	15
GCA_016193065_1	ssuD	20
GCA_016193065_1	ssuE	1
GCA_016193065_1	sudA	12
GCA_016193065_1	sudB	1
GCA_016193065_1	sulP	6
GCA_016193065_1	tauA	10
GCA_016193065_1	tauB	4
GCA_016193065_1	tauC	3
GCA_016193065_1	tauD	2
GCA_016193065_1	tbuB	2
GCA_016193065_1	tmoC	1
GCA_016193065_1	tpa	4
GCA_016193065_1	tsdA	3
GCA_016193065_1	ttrA	1
GCA_016193065_1	ttrB	12
GCA_016193065_1	tusA	6
GCA_016193065_1	tusB	1
GCA_016193065_1	tusE	1
GCA_016193065_1	xsc	5
GCA_016202395_1	acuI	4
GCA_016202395_1	asrA	1
GCA_016202395_1	asrB	2
GCA_016202395_1	asrC	1
GCA_016202395_1	betA	2
GCA_016202395_1	betB	5
GCA_016202395_1	comB	2
GCA_016202395_1	cysA	6
GCA_016202395_1	cysC	8
GCA_016202395_1	cysD	2
GCA_016202395_1	cysE	5
GCA_016202395_1	cysH	2
GCA_016202395_1	cysI	1
GCA_016202395_1	cysJ	6
GCA_016202395_1	cysK	4
GCA_016202395_1	cysM	4
GCA_016202395_1	cysN	3
GCA_016202395_1	cysN_cysC	4
GCA_016202395_1	cysP	3
GCA_016202395_1	cysQ	2
GCA_016202395_1	dmdA	1
GCA_016202395_1	dmdB	2
GCA_016202395_1	dmdC	5
GCA_016202395_1	dmdD	4
GCA_016202395_1	dmsA	9
GCA_016202395_1	dmsB	1
GCA_016202395_1	dsrB	1
GCA_016202395_1	dsrP	1
GCA_016202395_1	dsyB	1
GCA_016202395_1	gdh	1
GCA_016202395_1	glpE	7
GCA_016202395_1	hdrD	1
GCA_016202395_1	hpsN	1
GCA_016202395_1	iseM	1
GCA_016202395_1	isfD	3
GCA_016202395_1	mdh	6
GCA_016202395_1	metA	1
GCA_016202395_1	metB	1
GCA_016202395_1	metC	6
GCA_016202395_1	metY	1
GCA_016202395_1	metZ	3
GCA_016202395_1	nrnA	5
GCA_016202395_1	prpE	1
GCA_016202395_1	pta	4
GCA_016202395_1	qmoA	1
GCA_016202395_1	sat	3
GCA_016202395_1	sbp	1
GCA_016202395_1	shyC	1
GCA_016202395_1	sir	1
GCA_016202395_1	slcC	1
GCA_016202395_1	soxX	1
GCA_016202395_1	sqdB	1
GCA_016202395_1	sqdX	2
GCA_016202395_1	ssuA	13
GCA_016202395_1	ssuB	6
GCA_016202395_1	ssuC	3
GCA_016202395_1	ssuD	2
GCA_016202395_1	sudA	3
GCA_016202395_1	sulP	1
GCA_016202395_1	tauB	3
GCA_016202395_1	tauD	1
GCA_016202395_1	tmoC	1
GCA_016202395_1	tpa	4
GCA_016202395_1	tsdA	2
GCA_016202395_1	ttrA	3
GCA_016202395_1	ttrB	2
GCA_016202395_1	tusA	1
GCA_016202395_1	xsc	2
GCA_016234365_1	aprA	1
GCA_016234365_1	asrB	1
GCA_016234365_1	asrC	1
GCA_016234365_1	betA	1
GCA_016234365_1	betB	4
GCA_016234365_1	betC	1
GCA_016234365_1	comB	1
GCA_016234365_1	comE	2
GCA_016234365_1	cuyA	1
GCA_016234365_1	cysA	3
GCA_016234365_1	cysC	7
GCA_016234365_1	cysD	10
GCA_016234365_1	cysE	5
GCA_016234365_1	cysH	2
GCA_016234365_1	cysI	3
GCA_016234365_1	cysJ	5
GCA_016234365_1	cysK	13
GCA_016234365_1	cysM	3
GCA_016234365_1	cysN	4
GCA_016234365_1	cysN_cysC	5
GCA_016234365_1	cysU	5
GCA_016234365_1	dddP	1
GCA_016234365_1	dmdB	1
GCA_016234365_1	dmdC	4
GCA_016234365_1	dmsA	7
GCA_016234365_1	dmsC	1
GCA_016234365_1	dsrA	1
GCA_016234365_1	gdh	2
GCA_016234365_1	glpE	8
GCA_016234365_1	hdrA1	1
GCA_016234365_1	hdrA2	1
GCA_016234365_1	hpsP	1
GCA_016234365_1	hydA	1
GCA_016234365_1	hydB	1
GCA_016234365_1	iseM	1
GCA_016234365_1	isfD	2
GCA_016234365_1	mdh	10
GCA_016234365_1	metA	1
GCA_016234365_1	metB	1
GCA_016234365_1	metC	3
GCA_016234365_1	metZ	1
GCA_016234365_1	nrnA	4
GCA_016234365_1	pta	4
GCA_016234365_1	qmoC	1
GCA_016234365_1	sat	2
GCA_016234365_1	sbp	2
GCA_016234365_1	shyC	1
GCA_016234365_1	shyD	1
GCA_016234365_1	sir	1
GCA_016234365_1	slcC	2
GCA_016234365_1	soxB	3
GCA_016234365_1	sqdX	10
GCA_016234365_1	ssuA	2
GCA_016234365_1	ssuB	6
GCA_016234365_1	ssuC	3
GCA_016234365_1	ssuD	1
GCA_016234365_1	ssuE	1
GCA_016234365_1	sudA	4
GCA_016234365_1	sudB	1
GCA_016234365_1	sulP	15
GCA_016234365_1	tauA	2
GCA_016234365_1	tauB	2
GCA_016234365_1	tauD	2
GCA_016234365_1	tbuB	1
GCA_016234365_1	tsdA	1
GCA_016234365_1	ttrA	2
GCA_016234365_1	tusA	5
GCA_016234365_1	tusB	1
GCA_016234365_1	tusD	1
GCA_016283195_1	asrC	1
GCA_016283195_1	betA	3
GCA_016283195_1	betB	1
GCA_016283195_1	betC	2
GCA_016283195_1	comB	2
GCA_016283195_1	cuyA	1
GCA_016283195_1	cysA	1
GCA_016283195_1	cysC	14
GCA_016283195_1	cysD	2
GCA_016283195_1	cysE	5
GCA_016283195_1	cysH	2
GCA_016283195_1	cysI	2
GCA_016283195_1	cysJ	3
GCA_016283195_1	cysK	7
GCA_016283195_1	cysM	5
GCA_016283195_1	cysN	2
GCA_016283195_1	cysN_cysC	5
GCA_016283195_1	cysP	2
GCA_016283195_1	cysQ	1
GCA_016283195_1	cysU	3
GCA_016283195_1	cysZ	1
GCA_016283195_1	dddP	1
GCA_016283195_1	dmdB	3
GCA_016283195_1	dmsA	3
GCA_016283195_1	dmsB	1
GCA_016283195_1	dmsC	2
GCA_016283195_1	dsrB	4
GCA_016283195_1	gdh	2
GCA_016283195_1	glpE	9
GCA_016283195_1	hdrA1	1
GCA_016283195_1	hdrA2	1
GCA_016283195_1	iseM	1
GCA_016283195_1	mdh	18
GCA_016283195_1	metB	5
GCA_016283195_1	metC	5
GCA_016283195_1	metZ	3
GCA_016283195_1	nrnA	1
GCA_016283195_1	prpE	1
GCA_016283195_1	pta	3
GCA_016283195_1	qmoA	1
GCA_016283195_1	sat	4
GCA_016283195_1	sgpB	1
GCA_016283195_1	sir	1
GCA_016283195_1	slcC	1
GCA_016283195_1	soxB	4
GCA_016283195_1	sqdB	1
GCA_016283195_1	sqdX	3
GCA_016283195_1	ssuA	7
GCA_016283195_1	ssuB	6
GCA_016283195_1	ssuC	2
GCA_016283195_1	ssuD	3
GCA_016283195_1	sudA	3
GCA_016283195_1	sulP	4
GCA_016283195_1	tauB	4
GCA_016283195_1	tauD	3
GCA_016283195_1	tusA	3
GCA_016283195_1	tusB	1
GCA_016703535_1	acuI	5
GCA_016703535_1	aprA	2
GCA_016703535_1	asrC	1
GCA_016703535_1	betA	7
GCA_016703535_1	betB	11
GCA_016703535_1	betC	3
GCA_016703535_1	comB	4
GCA_016703535_1	comE	1
GCA_016703535_1	cuyA	2
GCA_016703535_1	cysA	7
GCA_016703535_1	cysC	28
GCA_016703535_1	cysD	10
GCA_016703535_1	cysE	12
GCA_016703535_1	cysH	1
GCA_016703535_1	cysI	1
GCA_016703535_1	cysJ	13
GCA_016703535_1	cysK	21
GCA_016703535_1	cysM	12
GCA_016703535_1	cysN	6
GCA_016703535_1	cysN_cysC	6
GCA_016703535_1	cysP	1
GCA_016703535_1	cysQ	4
GCA_016703535_1	cysU	4
GCA_016703535_1	cysW	2
GCA_016703535_1	cysZ	1
GCA_016703535_1	dddP	2
GCA_016703535_1	dmdA	1
GCA_016703535_1	dmdB	9
GCA_016703535_1	dmdC	16
GCA_016703535_1	dmdD	5
GCA_016703535_1	dmsA	20
GCA_016703535_1	dmsB	1
GCA_016703535_1	dmsC	1
GCA_016703535_1	dsrA	2
GCA_016703535_1	dsyB	3
GCA_016703535_1	gdh	3
GCA_016703535_1	glpE	22
GCA_016703535_1	hdrD	1
GCA_016703535_1	hpsM	2
GCA_016703535_1	hpsN	2
GCA_016703535_1	hpsP	3
GCA_016703535_1	hydD	1
GCA_016703535_1	iseM	1
GCA_016703535_1	isfD	9
GCA_016703535_1	mccB	1
GCA_016703535_1	mddA	1
GCA_016703535_1	mdh	19
GCA_016703535_1	metB	6
GCA_016703535_1	metC	18
GCA_016703535_1	metX	2
GCA_016703535_1	metY	1
GCA_016703535_1	metZ	6
GCA_016703535_1	msmA	2
GCA_016703535_1	otr	2
GCA_016703535_1	phsA	1
GCA_016703535_1	phsC	1
GCA_016703535_1	prpE	8
GCA_016703535_1	pta	9
GCA_016703535_1	qmoA	1
GCA_016703535_1	sat	5
GCA_016703535_1	sgpB	4
GCA_016703535_1	shyC	1
GCA_016703535_1	sir	4
GCA_016703535_1	slcC	3
GCA_016703535_1	slcD	1
GCA_016703535_1	soxB	6
GCA_016703535_1	soxC	1
GCA_016703535_1	soxD	1
GCA_016703535_1	sqdB	2
GCA_016703535_1	sqdX	15
GCA_016703535_1	sqr	1
GCA_016703535_1	ssuA	65
GCA_016703535_1	ssuB	11
GCA_016703535_1	ssuC	5
GCA_016703535_1	ssuD	8
GCA_016703535_1	ssuE	3
GCA_016703535_1	sudA	10
GCA_016703535_1	sudB	1
GCA_016703535_1	sulP	11
GCA_016703535_1	tauA	2
GCA_016703535_1	tauB	5
GCA_016703535_1	tauD	10
GCA_016703535_1	tauZ	1
GCA_016703535_1	tmoC	1
GCA_016703535_1	tpa	4
GCA_016703535_1	tsdA	3
GCA_016703535_1	tsdB	1
GCA_016703535_1	ttrA	2
GCA_016703535_1	ttrB	1
GCA_016703535_1	tusB	4
GCA_016703535_1	tusD	1
GCA_016703535_1	xsc	2
GCA_016703535_1	yihQ	2
GCA_016756835_1	acuI	6
GCA_016756835_1	aprA	1
GCA_016756835_1	aprB	1
GCA_016756835_1	asrA	3
GCA_016756835_1	asrB	1
GCA_016756835_1	betA	12
GCA_016756835_1	betB	4
GCA_016756835_1	betC	1
GCA_016756835_1	comA	1
GCA_016756835_1	comB	3
GCA_016756835_1	cuyA	1
GCA_016756835_1	cysA	9
GCA_016756835_1	cysC	24
GCA_016756835_1	cysD	5
GCA_016756835_1	cysE	14
GCA_016756835_1	cysH	2
GCA_016756835_1	cysI	5
GCA_016756835_1	cysJ	7
GCA_016756835_1	cysK	20
GCA_016756835_1	cysM	14
GCA_016756835_1	cysN	4
GCA_016756835_1	cysN_cysC	6
GCA_016756835_1	cysP	2
GCA_016756835_1	cysQ	7
GCA_016756835_1	cysU	3
GCA_016756835_1	cysW	6
GCA_016756835_1	cysZ	5
GCA_016756835_1	dddP	1
GCA_016756835_1	dmdA	1
GCA_016756835_1	dmdB	3
GCA_016756835_1	dmdC	3
GCA_016756835_1	dmdD	2
GCA_016756835_1	dmsA	19
GCA_016756835_1	dmsB	7
GCA_016756835_1	dmsC	2
GCA_016756835_1	dsrA	3
GCA_016756835_1	dsrB	2
GCA_016756835_1	dsrE	1
GCA_016756835_1	dsrF	1
GCA_016756835_1	dsrH	1
GCA_016756835_1	dsrJ	1
GCA_016756835_1	dsrK	2
GCA_016756835_1	dsrL	1
GCA_016756835_1	dsrM	2
GCA_016756835_1	dsrN	2
GCA_016756835_1	dsrO	1
GCA_016756835_1	dsrP	1
GCA_016756835_1	dsyB	1
GCA_016756835_1	fccA	5
GCA_016756835_1	fccB	1
GCA_016756835_1	gdh	2
GCA_016756835_1	glpE	17
GCA_016756835_1	hdrA2	1
GCA_016756835_1	hdrB1	2
GCA_016756835_1	hdrB2	1
GCA_016756835_1	hdrC2	1
GCA_016756835_1	hdrD	2
GCA_016756835_1	hpsN	1
GCA_016756835_1	hydD	1
GCA_016756835_1	iseM	2
GCA_016756835_1	isfD	1
GCA_016756835_1	mdh	24
GCA_016756835_1	metA	1
GCA_016756835_1	metB	2
GCA_016756835_1	metC	11
GCA_016756835_1	metX	1
GCA_016756835_1	metY	2
GCA_016756835_1	metZ	8
GCA_016756835_1	nrnA	3
GCA_016756835_1	otr	2
GCA_016756835_1	phsA	2
GCA_016756835_1	phsB	1
GCA_016756835_1	phsC	2
GCA_016756835_1	prpE	1
GCA_016756835_1	pta	14
GCA_016756835_1	qmoA	1
GCA_016756835_1	qmoB	1
GCA_016756835_1	sat	5
GCA_016756835_1	sbp	1
GCA_016756835_1	sgpA	1
GCA_016756835_1	sgpB	9
GCA_016756835_1	sgpC	1
GCA_016756835_1	shyA	2
GCA_016756835_1	shyC	1
GCA_016756835_1	sir	7
GCA_016756835_1	slcC	1
GCA_016756835_1	soeA	1
GCA_016756835_1	soeC	1
GCA_016756835_1	soxA	1
GCA_016756835_1	soxB	1
GCA_016756835_1	soxC	1
GCA_016756835_1	soxL	2
GCA_016756835_1	soxX	5
GCA_016756835_1	soxY	2
GCA_016756835_1	soxZ	2
GCA_016756835_1	sqdB	1
GCA_016756835_1	sqdX	2
GCA_016756835_1	sqr	2
GCA_016756835_1	sseA	1
GCA_016756835_1	ssuA	14
GCA_016756835_1	ssuB	15
GCA_016756835_1	ssuC	2
GCA_016756835_1	ssuD	6
GCA_016756835_1	sudA	6
GCA_016756835_1	sudB	1
GCA_016756835_1	sulP	12
GCA_016756835_1	tauA	2
GCA_016756835_1	tauB	5
GCA_016756835_1	tauC	1
GCA_016756835_1	tauD	10
GCA_016756835_1	tbuC	1
GCA_016756835_1	tmoC	1
GCA_016756835_1	tpa	1
GCA_016756835_1	tsdA	2
GCA_016756835_1	tsdB	8
GCA_016756835_1	ttrA	4
GCA_016756835_1	ttrC	2
GCA_016756835_1	tusA	8
GCA_016756835_1	tusD	1
GCA_016756835_1	tusE	6
GCA_016756835_1	xsc	3
GCA_016783505_1	asrB	2
GCA_016783505_1	asrC	1
GCA_016783505_1	betA	3
GCA_016783505_1	betB	4
GCA_016783505_1	betC	1
GCA_016783505_1	comE	1
GCA_016783505_1	cysA	3
GCA_016783505_1	cysC	11
GCA_016783505_1	cysE	4
GCA_016783505_1	cysI	3
GCA_016783505_1	cysJ	6
GCA_016783505_1	cysK	6
GCA_016783505_1	cysM	5
GCA_016783505_1	cysN	3
GCA_016783505_1	cysN_cysC	4
GCA_016783505_1	cysQ	4
GCA_016783505_1	cysU	2
GCA_016783505_1	dddP	1
GCA_016783505_1	dmdA	1
GCA_016783505_1	dmdB	1
GCA_016783505_1	dmdC	3
GCA_016783505_1	dmsA	4
GCA_016783505_1	dmsB	1
GCA_016783505_1	dmsC	2
GCA_016783505_1	dsrA	1
GCA_016783505_1	dsrB	1
GCA_016783505_1	dsyB	1
GCA_016783505_1	gdh	1
GCA_016783505_1	glpE	2
GCA_016783505_1	hdrA1	6
GCA_016783505_1	hdrA2	5
GCA_016783505_1	hdrB1	1
GCA_016783505_1	hdrB2	2
GCA_016783505_1	hdrD	4
GCA_016783505_1	hpsP	3
GCA_016783505_1	hydA	1
GCA_016783505_1	mccB	1
GCA_016783505_1	mddA	2
GCA_016783505_1	mdh	12
GCA_016783505_1	metB	4
GCA_016783505_1	metC	4
GCA_016783505_1	metY	3
GCA_016783505_1	metZ	2
GCA_016783505_1	nrnA	2
GCA_016783505_1	pta	8
GCA_016783505_1	sat	3
GCA_016783505_1	shyB	1
GCA_016783505_1	shyD	1
GCA_016783505_1	sir	2
GCA_016783505_1	slcC	1
GCA_016783505_1	soxB	2
GCA_016783505_1	sqdB	4
GCA_016783505_1	sqdX	16
GCA_016783505_1	ssuA	9
GCA_016783505_1	ssuB	4
GCA_016783505_1	ssuC	2
GCA_016783505_1	ssuD	2
GCA_016783505_1	sudA	5
GCA_016783505_1	sudB	2
GCA_016783505_1	sulP	5
GCA_016783505_1	tauA	1
GCA_016783505_1	tauB	2
GCA_016783505_1	tauD	3
GCA_016783505_1	tbuC	1
GCA_016783505_1	tpa	2
GCA_016783505_1	tsdA	1
GCA_016783505_1	ttrA	2
GCA_016783505_1	tusA	3
GCA_016783505_1	tusB	2
GCA_016866785_1	acuI	3
GCA_016866785_1	asrA	1
GCA_016866785_1	asrC	1
GCA_016866785_1	betA	2
GCA_016866785_1	betB	4
GCA_016866785_1	betC	24
GCA_016866785_1	comB	2
GCA_016866785_1	comC	1
GCA_016866785_1	cuyA	1
GCA_016866785_1	cysA	4
GCA_016866785_1	cysC	15
GCA_016866785_1	cysD	2
GCA_016866785_1	cysE	2
GCA_016866785_1	cysH	2
GCA_016866785_1	cysK	7
GCA_016866785_1	cysM	5
GCA_016866785_1	cysN	2
GCA_016866785_1	cysN_cysC	4
GCA_016866785_1	cysP	1
GCA_016866785_1	cysQ	6
GCA_016866785_1	cysU	6
GCA_016866785_1	cysW	2
GCA_016866785_1	dddP	1
GCA_016866785_1	ddhA	1
GCA_016866785_1	ddhC	1
GCA_016866785_1	dmdB	2
GCA_016866785_1	dmsA	7
GCA_016866785_1	dsrA	1
GCA_016866785_1	dsyB	1
GCA_016866785_1	gdh	1
GCA_016866785_1	glpE	10
GCA_016866785_1	hdrA1	1
GCA_016866785_1	hdrB1	1
GCA_016866785_1	hdrD	1
GCA_016866785_1	hpsP	11
GCA_016866785_1	hydA	1
GCA_016866785_1	isfD	6
GCA_016866785_1	mdh	13
GCA_016866785_1	metB	3
GCA_016866785_1	metC	6
GCA_016866785_1	metX	1
GCA_016866785_1	metY	3
GCA_016866785_1	metZ	5
GCA_016866785_1	mtsB	1
GCA_016866785_1	nrnA	6
GCA_016866785_1	prpE	1
GCA_016866785_1	pta	4
GCA_016866785_1	sat	13
GCA_016866785_1	sgpB	1
GCA_016866785_1	shyD	1
GCA_016866785_1	sir	3
GCA_016866785_1	slcC	7
GCA_016866785_1	soxA	1
GCA_016866785_1	soxB	1
GCA_016866785_1	soxC	2
GCA_016866785_1	sqdB	1
GCA_016866785_1	sqdX	2
GCA_016866785_1	sqr	1
GCA_016866785_1	sseA	1
GCA_016866785_1	ssuA	14
GCA_016866785_1	ssuB	18
GCA_016866785_1	ssuC	3
GCA_016866785_1	ssuD	1
GCA_016866785_1	ssuE	1
GCA_016866785_1	sudA	9
GCA_016866785_1	sulP	3
GCA_016866785_1	tauA	1
GCA_016866785_1	tauB	4
GCA_016866785_1	tauD	1
GCA_016866785_1	tmoC	2
GCA_016866785_1	tpa	1
GCA_016866785_1	tsdA	2
GCA_016866785_1	ttrA	1
GCA_016866785_1	tusA	2
GCA_016866785_1	tusB	3
GCA_016866785_1	tusD	1
GCA_016866785_1	xsc	1
GCA_016866785_1	yihQ	1
GCA_016927185_1	asrA	1
GCA_016927185_1	asrB	1
GCA_016927185_1	betA	2
GCA_016927185_1	betB	2
GCA_016927185_1	betC	3
GCA_016927185_1	comB	1
GCA_016927185_1	comE	1
GCA_016927185_1	cuyA	1
GCA_016927185_1	cysA	1
GCA_016927185_1	cysC	13
GCA_016927185_1	cysD	2
GCA_016927185_1	cysE	6
GCA_016927185_1	cysH	2
GCA_016927185_1	cysI	1
GCA_016927185_1	cysJ	5
GCA_016927185_1	cysK	6
GCA_016927185_1	cysM	5
GCA_016927185_1	cysN	4
GCA_016927185_1	cysN_cysC	4
GCA_016927185_1	cysQ	2
GCA_016927185_1	cysU	3
GCA_016927185_1	cysW	1
GCA_016927185_1	dmdA	1
GCA_016927185_1	dmdB	1
GCA_016927185_1	dmdC	2
GCA_016927185_1	dmsA	4
GCA_016927185_1	dmsB	1
GCA_016927185_1	dmsC	1
GCA_016927185_1	gdh	2
GCA_016927185_1	glpE	4
GCA_016927185_1	hdrA1	2
GCA_016927185_1	hdrA2	6
GCA_016927185_1	hdrB1	1
GCA_016927185_1	hdrD	2
GCA_016927185_1	hpsN	1
GCA_016927185_1	hpsP	1
GCA_016927185_1	mdh	7
GCA_016927185_1	metA	1
GCA_016927185_1	metC	3
GCA_016927185_1	metY	1
GCA_016927185_1	metZ	4
GCA_016927185_1	nrnA	2
GCA_016927185_1	pta	12
GCA_016927185_1	sat	4
GCA_016927185_1	shyC	1
GCA_016927185_1	sir	2
GCA_016927185_1	slcC	1
GCA_016927185_1	soxB	1
GCA_016927185_1	soxC	1
GCA_016927185_1	sqdB	1
GCA_016927185_1	sqdX	12
GCA_016927185_1	ssuA	9
GCA_016927185_1	ssuB	6
GCA_016927185_1	ssuC	3
GCA_016927185_1	ssuD	2
GCA_016927185_1	sudA	8
GCA_016927185_1	sudB	1
GCA_016927185_1	sulP	1
GCA_016927185_1	tauA	2
GCA_016927185_1	tauB	4
GCA_016927185_1	tetH	1
GCA_016927185_1	tpa	1
GCA_016927185_1	ttrB	2
GCA_016927185_1	tusA	2
GCA_016927185_1	tusB	1
GCA_016927185_1	tusD	1
GCA_016929715_1	aprA	1
GCA_016929715_1	betA	2
GCA_016929715_1	betB	1
GCA_016929715_1	cuyA	1
GCA_016929715_1	cysA	1
GCA_016929715_1	cysC	9
GCA_016929715_1	cysD	1
GCA_016929715_1	cysE	1
GCA_016929715_1	cysH	1
GCA_016929715_1	cysI	1
GCA_016929715_1	cysJ	6
GCA_016929715_1	cysK	9
GCA_016929715_1	cysM	3
GCA_016929715_1	cysN	3
GCA_016929715_1	cysN_cysC	4
GCA_016929715_1	cysQ	1
GCA_016929715_1	cysU	2
GCA_016929715_1	dddP	1
GCA_016929715_1	dmdA	1
GCA_016929715_1	dmdB	1
GCA_016929715_1	dmdC	1
GCA_016929715_1	dmsA	4
GCA_016929715_1	dmsB	1
GCA_016929715_1	dmsC	1
GCA_016929715_1	dsrA	2
GCA_016929715_1	gdh	3
GCA_016929715_1	glpE	3
GCA_016929715_1	mddA	1
GCA_016929715_1	mdh	10
GCA_016929715_1	metB	2
GCA_016929715_1	metC	2
GCA_016929715_1	metZ	2
GCA_016929715_1	nrnA	2
GCA_016929715_1	pta	6
GCA_016929715_1	sat	2
GCA_016929715_1	sbp	1
GCA_016929715_1	sgpB	1
GCA_016929715_1	shyC	1
GCA_016929715_1	sir	1
GCA_016929715_1	slcC	1
GCA_016929715_1	soxB	1
GCA_016929715_1	sqdX	3
GCA_016929715_1	ssuA	4
GCA_016929715_1	ssuB	1
GCA_016929715_1	ssuC	3
GCA_016929715_1	ssuD	3
GCA_016929715_1	sudA	3
GCA_016929715_1	sudB	2
GCA_016929715_1	sulP	1
GCA_016929715_1	tauA	2
GCA_016929715_1	tauB	1
GCA_016929715_1	tauD	1
GCA_016929715_1	tsdA	1
GCA_016929715_1	ttrB	2
GCA_016929715_1	tusA	1
GCA_016929715_1	tusB	1
GCA_016931495_1	acuI	1
GCA_016931495_1	aprA	1
GCA_016931495_1	asrA	3
GCA_016931495_1	asrB	1
GCA_016931495_1	asrC	2
GCA_016931495_1	betA	3
GCA_016931495_1	betB	2
GCA_016931495_1	cysA	5
GCA_016931495_1	cysC	16
GCA_016931495_1	cysD	3
GCA_016931495_1	cysE	7
GCA_016931495_1	cysH	1
GCA_016931495_1	cysI	4
GCA_016931495_1	cysJ	4
GCA_016931495_1	cysK	10
GCA_016931495_1	cysM	6
GCA_016931495_1	cysN	3
GCA_016931495_1	cysN_cysC	6
GCA_016931495_1	cysQ	1
GCA_016931495_1	cysU	4
GCA_016931495_1	dddP	1
GCA_016931495_1	dmdA	1
GCA_016931495_1	dmdB	2
GCA_016931495_1	dmdC	1
GCA_016931495_1	dmsA	5
GCA_016931495_1	dmsC	3
GCA_016931495_1	dsrA	1
GCA_016931495_1	dsrB	1
GCA_016931495_1	dsrC	1
GCA_016931495_1	dsrK	1
GCA_016931495_1	dsrL	1
GCA_016931495_1	dsrM	1
GCA_016931495_1	dsrN	2
GCA_016931495_1	dsrP	1
GCA_016931495_1	dsrT	1
GCA_016931495_1	fccA	1
GCA_016931495_1	fccB	4
GCA_016931495_1	gdh	1
GCA_016931495_1	glpE	6
GCA_016931495_1	hdrA1	1
GCA_016931495_1	hdrA2	2
GCA_016931495_1	hdrB1	1
GCA_016931495_1	hdrD	1
GCA_016931495_1	hpsN	1
GCA_016931495_1	hpsP	1
GCA_016931495_1	hydB	1
GCA_016931495_1	hydD	1
GCA_016931495_1	isfD	3
GCA_016931495_1	mddA	1
GCA_016931495_1	mdh	8
GCA_016931495_1	metB	3
GCA_016931495_1	metC	4
GCA_016931495_1	metX	2
GCA_016931495_1	metZ	5
GCA_016931495_1	nrnA	3
GCA_016931495_1	otr	1
GCA_016931495_1	phsA	1
GCA_016931495_1	phsC	2
GCA_016931495_1	prpE	2
GCA_016931495_1	pta	6
GCA_016931495_1	qmoA	1
GCA_016931495_1	sat	4
GCA_016931495_1	sbp	2
GCA_016931495_1	shyA	2
GCA_016931495_1	shyC	1
GCA_016931495_1	sir	1
GCA_016931495_1	slcC	1
GCA_016931495_1	soxA	1
GCA_016931495_1	soxB	2
GCA_016931495_1	soxD	2
GCA_016931495_1	soxX	1
GCA_016931495_1	soxY	3
GCA_016931495_1	soxZ	1
GCA_016931495_1	sqdB	1
GCA_016931495_1	sqdX	7
GCA_016931495_1	sreB	1
GCA_016931495_1	ssuA	1
GCA_016931495_1	ssuB	6
GCA_016931495_1	ssuC	1
GCA_016931495_1	ssuD	4
GCA_016931495_1	ssuE	2
GCA_016931495_1	sudA	3
GCA_016931495_1	sudB	1
GCA_016931495_1	sulP	2
GCA_016931495_1	tauA	4
GCA_016931495_1	tauB	5
GCA_016931495_1	tauC	1
GCA_016931495_1	tauD	3
GCA_016931495_1	tauZ	1
GCA_016931495_1	tpa	1
GCA_016931495_1	tsdA	2
GCA_016931495_1	ttrA	1
GCA_016931495_1	ttrB	2
GCA_016931495_1	tusA	1
GCA_016931495_1	tusB	2
GCA_016931495_1	tusD	2
GCA_016931495_1	tusE	1
GCA_016931495_1	xsc	1
GCA_016934535_1	asrB	1
GCA_016934535_1	betA	2
GCA_016934535_1	betB	2
GCA_016934535_1	cuyA	1
GCA_016934535_1	cysA	2
GCA_016934535_1	cysC	8
GCA_016934535_1	cysD	1
GCA_016934535_1	cysE	1
GCA_016934535_1	cysH	2
GCA_016934535_1	cysI	1
GCA_016934535_1	cysJ	6
GCA_016934535_1	cysK	9
GCA_016934535_1	cysM	1
GCA_016934535_1	cysN	3
GCA_016934535_1	cysN_cysC	4
GCA_016934535_1	cysQ	2
GCA_016934535_1	cysU	6
GCA_016934535_1	cysW	1
GCA_016934535_1	dddP	1
GCA_016934535_1	dmdA	1
GCA_016934535_1	dmdC	1
GCA_016934535_1	dmsA	5
GCA_016934535_1	dmsC	1
GCA_016934535_1	dsrA	2
GCA_016934535_1	gdh	3
GCA_016934535_1	glpE	5
GCA_016934535_1	hdrA1	1
GCA_016934535_1	hpsO	1
GCA_016934535_1	hydB	1
GCA_016934535_1	mdh	8
GCA_016934535_1	metA	3
GCA_016934535_1	metB	1
GCA_016934535_1	metC	2
GCA_016934535_1	metZ	2
GCA_016934535_1	nrnA	2
GCA_016934535_1	pta	7
GCA_016934535_1	sat	2
GCA_016934535_1	sbp	2
GCA_016934535_1	sgpB	1
GCA_016934535_1	shyC	1
GCA_016934535_1	sir	2
GCA_016934535_1	soxB	1
GCA_016934535_1	sqdX	6
GCA_016934535_1	ssuA	5
GCA_016934535_1	ssuB	1
GCA_016934535_1	ssuC	2
GCA_016934535_1	ssuD	2
GCA_016934535_1	sudA	5
GCA_016934535_1	sudB	1
GCA_016934535_1	sulP	1
GCA_016934535_1	tauA	2
GCA_016934535_1	tauB	1
GCA_016934535_1	tauD	1
GCA_016934535_1	tpa	1
GCA_016934535_1	tsdA	1
GCA_016934535_1	ttrB	2
GCA_016934535_1	tusA	1
GCA_016934535_1	tusB	1
GCA_016934535_1	tusD	1
GCA_016934595_1	asrA	2
GCA_016934595_1	asrB	2
GCA_016934595_1	asrC	1
GCA_016934595_1	betA	6
GCA_016934595_1	betB	4
GCA_016934595_1	betC	8
GCA_016934595_1	comB	1
GCA_016934595_1	cuyA	1
GCA_016934595_1	cysA	4
GCA_016934595_1	cysC	17
GCA_016934595_1	cysD	1
GCA_016934595_1	cysE	4
GCA_016934595_1	cysH	1
GCA_016934595_1	cysJ	6
GCA_016934595_1	cysK	10
GCA_016934595_1	cysM	9
GCA_016934595_1	cysN	6
GCA_016934595_1	cysN_cysC	6
GCA_016934595_1	cysP	3
GCA_016934595_1	cysU	3
GCA_016934595_1	cysW	1
GCA_016934595_1	dddP	1
GCA_016934595_1	dmdB	3
GCA_016934595_1	dmdC	1
GCA_016934595_1	dmsA	24
GCA_016934595_1	dmsB	4
GCA_016934595_1	dmsC	1
GCA_016934595_1	dsrA	2
GCA_016934595_1	dsrB	1
GCA_016934595_1	fsr	1
GCA_016934595_1	gdh	2
GCA_016934595_1	glpE	6
GCA_016934595_1	hdrA1	1
GCA_016934595_1	hdrA2	2
GCA_016934595_1	hdrB2	1
GCA_016934595_1	hdrC2	1
GCA_016934595_1	hpsN	1
GCA_016934595_1	hpsP	2
GCA_016934595_1	iseM	1
GCA_016934595_1	mdh	13
GCA_016934595_1	metB	2
GCA_016934595_1	metC	3
GCA_016934595_1	metZ	2
GCA_016934595_1	nrnA	4
GCA_016934595_1	phsA	2
GCA_016934595_1	prpE	1
GCA_016934595_1	pta	6
GCA_016934595_1	sat	5
GCA_016934595_1	sbp	6
GCA_016934595_1	sgpB	1
GCA_016934595_1	sgpC	1
GCA_016934595_1	shyC	2
GCA_016934595_1	slcC	1
GCA_016934595_1	soxA	1
GCA_016934595_1	soxB	1
GCA_016934595_1	sqdB	3
GCA_016934595_1	sqdX	10
GCA_016934595_1	ssuA	23
GCA_016934595_1	ssuB	4
GCA_016934595_1	ssuC	2
GCA_016934595_1	ssuD	5
GCA_016934595_1	ssuE	1
GCA_016934595_1	sudA	4
GCA_016934595_1	sulP	9
GCA_016934595_1	tauB	3
GCA_016934595_1	tauD	2
GCA_016934595_1	tpa	3
GCA_016934595_1	tsdA	1
GCA_016934595_1	ttrA	1
GCA_016934595_1	ttrB	3
GCA_016934595_1	tusA	5
GCA_016934595_1	tusB	1
GCA_016934595_1	xsc	3
GCA_016934675_1	acuI	1
GCA_016934675_1	asrA	1
GCA_016934675_1	asrB	1
GCA_016934675_1	betA	6
GCA_016934675_1	betB	6
GCA_016934675_1	betC	27
GCA_016934675_1	comB	2
GCA_016934675_1	cuyA	1
GCA_016934675_1	cysA	6
GCA_016934675_1	cysC	21
GCA_016934675_1	cysD	2
GCA_016934675_1	cysE	5
GCA_016934675_1	cysH	2
GCA_016934675_1	cysI	1
GCA_016934675_1	cysJ	5
GCA_016934675_1	cysK	13
GCA_016934675_1	cysM	7
GCA_016934675_1	cysN	5
GCA_016934675_1	cysN_cysC	4
GCA_016934675_1	cysP	3
GCA_016934675_1	cysQ	2
GCA_016934675_1	cysU	7
GCA_016934675_1	cysW	1
GCA_016934675_1	dddP	2
GCA_016934675_1	dmdA	1
GCA_016934675_1	dmdB	5
GCA_016934675_1	dmdC	6
GCA_016934675_1	dmdD	1
GCA_016934675_1	dmsA	9
GCA_016934675_1	dmsB	1
GCA_016934675_1	dmsC	2
GCA_016934675_1	dsrA	1
GCA_016934675_1	dsrB	1
GCA_016934675_1	dsrC	1
GCA_016934675_1	dsrK	1
GCA_016934675_1	gdh	2
GCA_016934675_1	glpE	9
GCA_016934675_1	hdrA1	4
GCA_016934675_1	hdrA2	6
GCA_016934675_1	hdrB2	1
GCA_016934675_1	hdrD	1
GCA_016934675_1	hpsP	1
GCA_016934675_1	hydD	1
GCA_016934675_1	iseM	1
GCA_016934675_1	mdh	15
GCA_016934675_1	metB	5
GCA_016934675_1	metC	12
GCA_016934675_1	metZ	4
GCA_016934675_1	mtsB	1
GCA_016934675_1	nrnA	5
GCA_016934675_1	phsB	1
GCA_016934675_1	prpE	1
GCA_016934675_1	pta	10
GCA_016934675_1	qmoC	1
GCA_016934675_1	sat	5
GCA_016934675_1	sbp	7
GCA_016934675_1	sgpB	1
GCA_016934675_1	sgpC	1
GCA_016934675_1	shyA	1
GCA_016934675_1	shyC	1
GCA_016934675_1	sir	5
GCA_016934675_1	slcC	4
GCA_016934675_1	soxA	1
GCA_016934675_1	soxY	1
GCA_016934675_1	sqdB	2
GCA_016934675_1	sqdX	16
GCA_016934675_1	ssuA	24
GCA_016934675_1	ssuB	6
GCA_016934675_1	ssuC	1
GCA_016934675_1	ssuD	4
GCA_016934675_1	sudA	7
GCA_016934675_1	sudB	1
GCA_016934675_1	sulP	15
GCA_016934675_1	tauA	2
GCA_016934675_1	tauB	3
GCA_016934675_1	tauC	1
GCA_016934675_1	tauD	1
GCA_016934675_1	tpa	1
GCA_016934675_1	ttrA	1
GCA_016934675_1	tusA	3
GCA_016934675_1	tusB	2
GCA_016934675_1	xsc	1
GCA_016936235_1	asrA	1
GCA_016936235_1	betA	2
GCA_016936235_1	betB	3
GCA_016936235_1	betC	7
GCA_016936235_1	comB	1
GCA_016936235_1	cuyA	1
GCA_016936235_1	cysA	3
GCA_016936235_1	cysC	12
GCA_016936235_1	cysD	2
GCA_016936235_1	cysE	5
GCA_016936235_1	cysI	1
GCA_016936235_1	cysJ	6
GCA_016936235_1	cysK	6
GCA_016936235_1	cysM	4
GCA_016936235_1	cysN	4
GCA_016936235_1	cysN_cysC	4
GCA_016936235_1	cysU	1
GCA_016936235_1	cysW	1
GCA_016936235_1	dmdA	1
GCA_016936235_1	dmdB	3
GCA_016936235_1	dmdC	1
GCA_016936235_1	dmsA	8
GCA_016936235_1	dmsB	1
GCA_016936235_1	dmsC	1
GCA_016936235_1	dsrA	1
GCA_016936235_1	gdh	3
GCA_016936235_1	glpE	6
GCA_016936235_1	hdrA1	3
GCA_016936235_1	hdrA2	9
GCA_016936235_1	hdrB1	1
GCA_016936235_1	hdrC2	2
GCA_016936235_1	hpsP	1
GCA_016936235_1	hydD	1
GCA_016936235_1	mdh	9
GCA_016936235_1	metB	1
GCA_016936235_1	metC	4
GCA_016936235_1	metZ	2
GCA_016936235_1	nrnA	1
GCA_016936235_1	prpE	1
GCA_016936235_1	pta	14
GCA_016936235_1	qmoB	1
GCA_016936235_1	sat	3
GCA_016936235_1	sbp	1
GCA_016936235_1	shyA	1
GCA_016936235_1	shyC	2
GCA_016936235_1	sir	1
GCA_016936235_1	slcC	1
GCA_016936235_1	soxA	1
GCA_016936235_1	soxB	2
GCA_016936235_1	soxC	1
GCA_016936235_1	sqdX	16
GCA_016936235_1	ssuA	4
GCA_016936235_1	ssuB	5
GCA_016936235_1	ssuC	2
GCA_016936235_1	ssuD	2
GCA_016936235_1	sudA	4
GCA_016936235_1	sudB	2
GCA_016936235_1	sulP	2
GCA_016936235_1	tauA	2
GCA_016936235_1	tauB	3
GCA_016936235_1	tsdA	1
GCA_016936235_1	tusD	1
GCA_016936235_1	xsc	1
GCA_017454855_1	acuI	1
GCA_017454855_1	aprA	1
GCA_017454855_1	aprB	1
GCA_017454855_1	asrA	2
GCA_017454855_1	asrB	1
GCA_017454855_1	asrC	2
GCA_017454855_1	betA	4
GCA_017454855_1	betB	4
GCA_017454855_1	comC	1
GCA_017454855_1	cuyA	1
GCA_017454855_1	cysA	4
GCA_017454855_1	cysC	12
GCA_017454855_1	cysD	1
GCA_017454855_1	cysE	6
GCA_017454855_1	cysH	2
GCA_017454855_1	cysI	2
GCA_017454855_1	cysJ	3
GCA_017454855_1	cysK	14
GCA_017454855_1	cysM	4
GCA_017454855_1	cysN_cysC	5
GCA_017454855_1	cysP	1
GCA_017454855_1	cysQ	2
GCA_017454855_1	cysU	3
GCA_017454855_1	cysZ	1
GCA_017454855_1	dddP	1
GCA_017454855_1	dddT	1
GCA_017454855_1	dmdA	1
GCA_017454855_1	dmdB	1
GCA_017454855_1	dmsA	3
GCA_017454855_1	dmsB	2
GCA_017454855_1	dmsC	3
GCA_017454855_1	dsrA	2
GCA_017454855_1	dsrB	1
GCA_017454855_1	dsrC	1
GCA_017454855_1	dsrJ	1
GCA_017454855_1	dsrK	3
GCA_017454855_1	dsrM	1
GCA_017454855_1	dsrN	2
GCA_017454855_1	dsrT	1
GCA_017454855_1	dsyB	3
GCA_017454855_1	gdh	1
GCA_017454855_1	glpE	5
GCA_017454855_1	hdrA1	1
GCA_017454855_1	hdrA2	3
GCA_017454855_1	hdrB2	1
GCA_017454855_1	hdrC2	1
GCA_017454855_1	hdrD	2
GCA_017454855_1	hpsK	2
GCA_017454855_1	hpsM	2
GCA_017454855_1	hpsN	2
GCA_017454855_1	hpsP	1
GCA_017454855_1	iseM	2
GCA_017454855_1	isfD	1
GCA_017454855_1	mdh	11
GCA_017454855_1	metA	2
GCA_017454855_1	metB	2
GCA_017454855_1	metC	5
GCA_017454855_1	metX	1
GCA_017454855_1	metY	2
GCA_017454855_1	metZ	6
GCA_017454855_1	nrnA	5
GCA_017454855_1	otr	1
GCA_017454855_1	prpE	2
GCA_017454855_1	pta	7
GCA_017454855_1	qmoA	1
GCA_017454855_1	qmoB	1
GCA_017454855_1	qmoC	1
GCA_017454855_1	sat	4
GCA_017454855_1	sgpC	1
GCA_017454855_1	shyA	1
GCA_017454855_1	sir	5
GCA_017454855_1	slcC	1
GCA_017454855_1	soxA	1
GCA_017454855_1	soxB	1
GCA_017454855_1	soxX	1
GCA_017454855_1	soxY	1
GCA_017454855_1	sqdB	2
GCA_017454855_1	sqdX	6
GCA_017454855_1	ssuA	11
GCA_017454855_1	ssuB	5
GCA_017454855_1	ssuC	3
GCA_017454855_1	ssuD	3
GCA_017454855_1	ssuE	1
GCA_017454855_1	sudA	5
GCA_017454855_1	sudB	2
GCA_017454855_1	sulP	3
GCA_017454855_1	suyA	1
GCA_017454855_1	suyB	1
GCA_017454855_1	tauA	3
GCA_017454855_1	tauB	3
GCA_017454855_1	tauD	6
GCA_017454855_1	tauZ	1
GCA_017454855_1	tsdA	1
GCA_017454855_1	ttrA	1
GCA_017454855_1	ttrB	1
GCA_017454855_1	tusA	1
GCA_017454855_1	tusB	1
GCA_017454855_1	tusD	2
GCA_017454855_1	xsc	1
GCA_017613715_1	acuI	1
GCA_017613715_1	aprA	2
GCA_017613715_1	aprB	1
GCA_017613715_1	asrA	2
GCA_017613715_1	asrB	1
GCA_017613715_1	asrC	1
GCA_017613715_1	betA	4
GCA_017613715_1	betB	2
GCA_017613715_1	cuyA	1
GCA_017613715_1	cysA	2
GCA_017613715_1	cysC	8
GCA_017613715_1	cysD	1
GCA_017613715_1	cysE	6
GCA_017613715_1	cysH	1
GCA_017613715_1	cysI	3
GCA_017613715_1	cysJ	3
GCA_017613715_1	cysK	9
GCA_017613715_1	cysM	3
GCA_017613715_1	cysN_cysC	7
GCA_017613715_1	cysP	2
GCA_017613715_1	cysQ	3
GCA_017613715_1	cysU	6
GCA_017613715_1	cysZ	1
GCA_017613715_1	dddP	1
GCA_017613715_1	dmdB	1
GCA_017613715_1	dmsA	5
GCA_017613715_1	dmsB	1
GCA_017613715_1	dmsC	4
GCA_017613715_1	dsrA	1
GCA_017613715_1	dsrB	1
GCA_017613715_1	dsrC	1
GCA_017613715_1	dsrK	4
GCA_017613715_1	dsrM	1
GCA_017613715_1	dsrN	2
GCA_017613715_1	dsrT	1
GCA_017613715_1	gdh	1
GCA_017613715_1	glpE	4
GCA_017613715_1	hdrA2	2
GCA_017613715_1	hdrB2	1
GCA_017613715_1	hdrD	2
GCA_017613715_1	hpsK	2
GCA_017613715_1	hpsM	3
GCA_017613715_1	hpsN	1
GCA_017613715_1	iseK	1
GCA_017613715_1	iseM	1
GCA_017613715_1	isfD	3
GCA_017613715_1	mdh	5
GCA_017613715_1	metA	2
GCA_017613715_1	metB	1
GCA_017613715_1	metC	4
GCA_017613715_1	metY	1
GCA_017613715_1	metZ	4
GCA_017613715_1	nrnA	6
GCA_017613715_1	pta	9
GCA_017613715_1	sat	3
GCA_017613715_1	sgpC	1
GCA_017613715_1	sir	2
GCA_017613715_1	slcD	1
GCA_017613715_1	soxB	1
GCA_017613715_1	soxX	1
GCA_017613715_1	sqdB	3
GCA_017613715_1	sqdX	2
GCA_017613715_1	ssuA	7
GCA_017613715_1	ssuB	5
GCA_017613715_1	ssuC	2
GCA_017613715_1	ssuD	3
GCA_017613715_1	ssuE	1
GCA_017613715_1	sudA	3
GCA_017613715_1	sudB	1
GCA_017613715_1	sulP	5
GCA_017613715_1	tauB	5
GCA_017613715_1	tauD	8
GCA_017613715_1	tsdA	1
GCA_017613715_1	ttrA	1
GCA_017613715_1	tusA	3
GCA_017613715_1	tusB	1
GCA_017613715_1	tusD	2
GCA_017995405_1	asrB	1
GCA_017995405_1	asrC	3
GCA_017995405_1	betA	3
GCA_017995405_1	betB	2
GCA_017995405_1	comE	1
GCA_017995405_1	cuyA	1
GCA_017995405_1	cysA	3
GCA_017995405_1	cysC	11
GCA_017995405_1	cysD	2
GCA_017995405_1	cysE	1
GCA_017995405_1	cysI	1
GCA_017995405_1	cysJ	7
GCA_017995405_1	cysK	5
GCA_017995405_1	cysM	3
GCA_017995405_1	cysN_cysC	3
GCA_017995405_1	cysQ	1
GCA_017995405_1	cysU	3
GCA_017995405_1	cysW	1
GCA_017995405_1	cysZ	1
GCA_017995405_1	dddP	1
GCA_017995405_1	dmdA	1
GCA_017995405_1	dmdB	2
GCA_017995405_1	dmdC	1
GCA_017995405_1	dmsA	2
GCA_017995405_1	dmsB	1
GCA_017995405_1	fccB	1
GCA_017995405_1	gdh	4
GCA_017995405_1	hdrA1	1
GCA_017995405_1	hdrA2	2
GCA_017995405_1	isfD	1
GCA_017995405_1	mdh	8
GCA_017995405_1	metB	4
GCA_017995405_1	metC	2
GCA_017995405_1	metZ	2
GCA_017995405_1	nrnA	2
GCA_017995405_1	prpE	1
GCA_017995405_1	pta	10
GCA_017995405_1	sat	2
GCA_017995405_1	sgpB	1
GCA_017995405_1	slcC	1
GCA_017995405_1	soxB	1
GCA_017995405_1	soxC	1
GCA_017995405_1	sqdB	1
GCA_017995405_1	sqdX	3
GCA_017995405_1	ssuA	6
GCA_017995405_1	ssuB	7
GCA_017995405_1	ssuC	4
GCA_017995405_1	ssuD	2
GCA_017995405_1	sudA	4
GCA_017995405_1	sulP	4
GCA_017995405_1	tauA	2
GCA_017995405_1	tauB	2
GCA_017995405_1	tbuC	1
GCA_017995405_1	tsdA	1
GCA_017995405_1	ttrA	1
GCA_017995405_1	ttrC	1
GCA_017995405_1	tusA	1
GCA_017997825_1	asrB	1
GCA_017997825_1	asrC	2
GCA_017997825_1	betA	5
GCA_017997825_1	betB	6
GCA_017997825_1	betC	3
GCA_017997825_1	comB	2
GCA_017997825_1	comE	2
GCA_017997825_1	cuyA	2
GCA_017997825_1	cysA	3
GCA_017997825_1	cysC	12
GCA_017997825_1	cysD	4
GCA_017997825_1	cysE	8
GCA_017997825_1	cysI	4
GCA_017997825_1	cysJ	6
GCA_017997825_1	cysK	11
GCA_017997825_1	cysM	9
GCA_017997825_1	cysN	1
GCA_017997825_1	cysN_cysC	5
GCA_017997825_1	cysQ	1
GCA_017997825_1	cysU	7
GCA_017997825_1	dddP	3
GCA_017997825_1	dmdA	1
GCA_017997825_1	dmdB	4
GCA_017997825_1	dmdC	1
GCA_017997825_1	dmsA	10
GCA_017997825_1	dmsB	1
GCA_017997825_1	dmsC	1
GCA_017997825_1	dsrB	1
GCA_017997825_1	dsyB	1
GCA_017997825_1	gdh	1
GCA_017997825_1	glpE	8
GCA_017997825_1	hdrA1	3
GCA_017997825_1	hpsM	1
GCA_017997825_1	hpsN	2
GCA_017997825_1	hpsP	2
GCA_017997825_1	isfD	1
GCA_017997825_1	mdh	10
GCA_017997825_1	metA	1
GCA_017997825_1	metB	4
GCA_017997825_1	metC	4
GCA_017997825_1	metX	3
GCA_017997825_1	metY	1
GCA_017997825_1	metZ	2
GCA_017997825_1	nrnA	7
GCA_017997825_1	prpE	1
GCA_017997825_1	pta	6
GCA_017997825_1	sat	4
GCA_017997825_1	sbp	1
GCA_017997825_1	sgpC	1
GCA_017997825_1	sir	3
GCA_017997825_1	slcC	1
GCA_017997825_1	soxA	1
GCA_017997825_1	soxB	4
GCA_017997825_1	soxX	1
GCA_017997825_1	sqdB	2
GCA_017997825_1	sqdX	12
GCA_017997825_1	ssuA	11
GCA_017997825_1	ssuB	8
GCA_017997825_1	ssuC	3
GCA_017997825_1	ssuD	1
GCA_017997825_1	ssuE	2
GCA_017997825_1	sudA	6
GCA_017997825_1	sulP	8
GCA_017997825_1	tauB	2
GCA_017997825_1	tauD	4
GCA_017997825_1	tpa	1
GCA_017997825_1	tsdA	1
GCA_017997825_1	ttrA	3
GCA_017997825_1	tusA	1
GCA_017997825_1	tusB	2
GCA_017997825_1	tusD	1
GCA_017997825_1	xsc	2
GCA_017999075_1	acuI	1
GCA_017999075_1	betA	4
GCA_017999075_1	betB	1
GCA_017999075_1	betC	2
GCA_017999075_1	comB	1
GCA_017999075_1	cysA	5
GCA_017999075_1	cysC	9
GCA_017999075_1	cysD	7
GCA_017999075_1	cysE	6
GCA_017999075_1	cysI	3
GCA_017999075_1	cysK	18
GCA_017999075_1	cysM	5
GCA_017999075_1	cysN	4
GCA_017999075_1	cysN_cysC	2
GCA_017999075_1	cysP	1
GCA_017999075_1	cysQ	3
GCA_017999075_1	cysU	6
GCA_017999075_1	cysW	1
GCA_017999075_1	cysZ	1
GCA_017999075_1	dmdA	1
GCA_017999075_1	dmdB	1
GCA_017999075_1	dmdC	1
GCA_017999075_1	dmdD	1
GCA_017999075_1	dmsA	4
GCA_017999075_1	dmsB	2
GCA_017999075_1	dmsC	1
GCA_017999075_1	gdh	3
GCA_017999075_1	glpE	11
GCA_017999075_1	hdrA1	1
GCA_017999075_1	hpsN	1
GCA_017999075_1	hpsP	1
GCA_017999075_1	hydD	1
GCA_017999075_1	isfD	2
GCA_017999075_1	mdh	9
GCA_017999075_1	metB	8
GCA_017999075_1	metC	9
GCA_017999075_1	metY	1
GCA_017999075_1	metZ	2
GCA_017999075_1	nrnA	3
GCA_017999075_1	prpE	1
GCA_017999075_1	pta	10
GCA_017999075_1	sat	3
GCA_017999075_1	sbp	4
GCA_017999075_1	sir	1
GCA_017999075_1	slcC	4
GCA_017999075_1	soxB	3
GCA_017999075_1	soxC	1
GCA_017999075_1	soxX	3
GCA_017999075_1	sqdB	1
GCA_017999075_1	sqdX	12
GCA_017999075_1	ssuA	12
GCA_017999075_1	ssuB	5
GCA_017999075_1	ssuC	3
GCA_017999075_1	ssuD	2
GCA_017999075_1	sudA	3
GCA_017999075_1	sudB	1
GCA_017999075_1	sulP	11
GCA_017999075_1	tauA	2
GCA_017999075_1	tauB	4
GCA_017999075_1	tauD	3
GCA_017999075_1	toa	1
GCA_017999075_1	tpa	2
GCA_017999075_1	tsdA	1
GCA_017999075_1	ttrA	4
GCA_017999075_1	tusA	1
GCA_017999075_1	tusD	1
GCA_017999075_1	tusE	1
GCA_017999075_1	xsc	2
GCA_018058685_1	acuI	8
GCA_018058685_1	aprA	1
GCA_018058685_1	betA	2
GCA_018058685_1	betB	2
GCA_018058685_1	cuyA	2
GCA_018058685_1	cysA	2
GCA_018058685_1	cysC	11
GCA_018058685_1	cysD	2
GCA_018058685_1	cysE	4
GCA_018058685_1	cysH	2
GCA_018058685_1	cysI	3
GCA_018058685_1	cysJ	3
GCA_018058685_1	cysK	9
GCA_018058685_1	cysM	4
GCA_018058685_1	cysN	2
GCA_018058685_1	cysN_cysC	4
GCA_018058685_1	cysP	2
GCA_018058685_1	cysU	7
GCA_018058685_1	ddhA	1
GCA_018058685_1	dmdB	2
GCA_018058685_1	dmsA	3
GCA_018058685_1	dmsB	2
GCA_018058685_1	dmsC	2
GCA_018058685_1	dsrA	1
GCA_018058685_1	dsyB	2
GCA_018058685_1	glpE	8
GCA_018058685_1	hdrB1	1
GCA_018058685_1	hdrD	1
GCA_018058685_1	hpsN	1
GCA_018058685_1	iseM	3
GCA_018058685_1	isfD	2
GCA_018058685_1	mdh	13
GCA_018058685_1	metB	2
GCA_018058685_1	metC	6
GCA_018058685_1	metX	1
GCA_018058685_1	metY	2
GCA_018058685_1	metZ	4
GCA_018058685_1	nrnA	5
GCA_018058685_1	phsA	2
GCA_018058685_1	phsC	1
GCA_018058685_1	psrA	4
GCA_018058685_1	psrB	2
GCA_018058685_1	psrC	3
GCA_018058685_1	pta	3
GCA_018058685_1	sat	3
GCA_018058685_1	sbp	1
GCA_018058685_1	sgpB	1
GCA_018058685_1	sir	2
GCA_018058685_1	slcC	1
GCA_018058685_1	soxB	1
GCA_018058685_1	soxX	1
GCA_018058685_1	sqdX	1
GCA_018058685_1	sqr	1
GCA_018058685_1	ssuA	5
GCA_018058685_1	ssuB	6
GCA_018058685_1	ssuC	2
GCA_018058685_1	ssuD	3
GCA_018058685_1	ssuE	3
GCA_018058685_1	sudA	5
GCA_018058685_1	sulP	6
GCA_018058685_1	tauB	2
GCA_018058685_1	tauC	2
GCA_018058685_1	tauD	1
GCA_018058685_1	tauZ	1
GCA_018058685_1	tpa	2
GCA_018058685_1	tsdA	2
GCA_018058685_1	ttrB	1
GCA_018058685_1	ttrC	1
GCA_018058685_1	tusA	2
GCA_018058685_1	tusD	1
GCA_018058685_1	xsc	1
GCA_018263585_1	aprA	1
GCA_018263585_1	aprB	1
GCA_018263585_1	asrA	1
GCA_018263585_1	asrB	1
GCA_018263585_1	asrC	1
GCA_018263585_1	betA	4
GCA_018263585_1	betB	6
GCA_018263585_1	betC	3
GCA_018263585_1	comB	2
GCA_018263585_1	cuyA	1
GCA_018263585_1	cysA	2
GCA_018263585_1	cysC	9
GCA_018263585_1	cysD	5
GCA_018263585_1	cysE	5
GCA_018263585_1	cysH	2
GCA_018263585_1	cysI	1
GCA_018263585_1	cysJ	4
GCA_018263585_1	cysK	5
GCA_018263585_1	cysM	8
GCA_018263585_1	cysN	4
GCA_018263585_1	cysN_cysC	5
GCA_018263585_1	cysQ	2
GCA_018263585_1	cysU	3
GCA_018263585_1	dddP	1
GCA_018263585_1	dmdA	1
GCA_018263585_1	dmdB	3
GCA_018263585_1	dmdC	4
GCA_018263585_1	dmdD	4
GCA_018263585_1	dmsA	8
GCA_018263585_1	dmsB	6
GCA_018263585_1	dmsC	3
GCA_018263585_1	dsrA	1
GCA_018263585_1	dsrB	1
GCA_018263585_1	dsrC	1
GCA_018263585_1	dsrK	3
GCA_018263585_1	dsrM	1
GCA_018263585_1	dsrN	1
GCA_018263585_1	dsyB	1
GCA_018263585_1	gdh	3
GCA_018263585_1	glpE	4
GCA_018263585_1	hdrA1	2
GCA_018263585_1	iseM	1
GCA_018263585_1	isfD	1
GCA_018263585_1	mccB	1
GCA_018263585_1	mddA	1
GCA_018263585_1	mdh	9
GCA_018263585_1	metB	2
GCA_018263585_1	metC	5
GCA_018263585_1	metY	1
GCA_018263585_1	metZ	1
GCA_018263585_1	nrnA	2
GCA_018263585_1	prpE	1
GCA_018263585_1	psrC	1
GCA_018263585_1	pta	6
GCA_018263585_1	qmoA	1
GCA_018263585_1	qmoB	1
GCA_018263585_1	qmoC	1
GCA_018263585_1	sat	4
GCA_018263585_1	sgpC	1
GCA_018263585_1	sir	2
GCA_018263585_1	soxA	1
GCA_018263585_1	soxC	1
GCA_018263585_1	soxX	1
GCA_018263585_1	sqdB	1
GCA_018263585_1	sqdX	9
GCA_018263585_1	ssuA	8
GCA_018263585_1	ssuB	8
GCA_018263585_1	ssuD	3
GCA_018263585_1	sudA	5
GCA_018263585_1	sudB	1
GCA_018263585_1	sulP	7
GCA_018263585_1	tauB	1
GCA_018263585_1	tauD	1
GCA_018263585_1	tauZ	1
GCA_018263585_1	tbuB	1
GCA_018263585_1	tmoC	1
GCA_018263585_1	tpa	2
GCA_018263585_1	ttrA	1
GCA_018263585_1	ttrB	2
GCA_018263585_1	tusD	2
GCA_018812925_1	asrB	1
GCA_018812925_1	asrC	2
GCA_018812925_1	betA	5
GCA_018812925_1	betB	5
GCA_018812925_1	cysA	3
GCA_018812925_1	cysC	9
GCA_018812925_1	cysD	1
GCA_018812925_1	cysE	4
GCA_018812925_1	cysH	1
GCA_018812925_1	cysI	1
GCA_018812925_1	cysJ	4
GCA_018812925_1	cysK	8
GCA_018812925_1	cysM	2
GCA_018812925_1	cysN	2
GCA_018812925_1	cysN_cysC	4
GCA_018812925_1	cysQ	1
GCA_018812925_1	cysU	1
GCA_018812925_1	cysW	2
GCA_018812925_1	dddP	1
GCA_018812925_1	dmdC	1
GCA_018812925_1	dmsA	3
GCA_018812925_1	dmsB	3
GCA_018812925_1	dmsC	1
GCA_018812925_1	gdh	1
GCA_018812925_1	glpE	2
GCA_018812925_1	hpsN	1
GCA_018812925_1	hpsP	1
GCA_018812925_1	isfD	1
GCA_018812925_1	mdh	8
GCA_018812925_1	metB	2
GCA_018812925_1	metC	2
GCA_018812925_1	metZ	1
GCA_018812925_1	mtsB	1
GCA_018812925_1	nrnA	2
GCA_018812925_1	pta	2
GCA_018812925_1	sat	2
GCA_018812925_1	shyC	1
GCA_018812925_1	sir	1
GCA_018812925_1	slcC	1
GCA_018812925_1	soeA	1
GCA_018812925_1	soxX	1
GCA_018812925_1	sqdX	11
GCA_018812925_1	ssuA	3
GCA_018812925_1	ssuB	4
GCA_018812925_1	ssuD	1
GCA_018812925_1	sudA	3
GCA_018812925_1	sudB	2
GCA_018812925_1	sulP	1
GCA_018812925_1	tauA	1
GCA_018812925_1	tauB	2
GCA_018812925_1	tauD	1
GCA_018812925_1	tsdA	1
GCA_018812925_1	ttrA	1
GCA_018812925_1	ttrB	2
GCA_018812925_1	ttrC	1
GCA_018812925_1	tusB	1
GCA_018812925_1	tusD	1
GCA_018812925_1	xsc	1
GCA_018812925_1	yihQ	1
GCA_018896935_1	betA	2
GCA_018896935_1	betB	2
GCA_018896935_1	comB	1
GCA_018896935_1	cuyA	1
GCA_018896935_1	cysA	6
GCA_018896935_1	cysC	9
GCA_018896935_1	cysE	3
GCA_018896935_1	cysI	1
GCA_018896935_1	cysJ	4
GCA_018896935_1	cysK	8
GCA_018896935_1	cysM	2
GCA_018896935_1	cysN_cysC	4
GCA_018896935_1	cysU	1
GCA_018896935_1	cysW	1
GCA_018896935_1	dmdA	1
GCA_018896935_1	dmdC	2
GCA_018896935_1	dmsB	1
GCA_018896935_1	dmsC	2
GCA_018896935_1	dsrA	2
GCA_018896935_1	dsrB	1
GCA_018896935_1	fccB	1
GCA_018896935_1	gdh	2
GCA_018896935_1	glpE	3
GCA_018896935_1	hdrA2	1
GCA_018896935_1	hpsN	1
GCA_018896935_1	isfD	2
GCA_018896935_1	mdh	5
GCA_018896935_1	metC	3
GCA_018896935_1	metX	1
GCA_018896935_1	metZ	1
GCA_018896935_1	nrnA	4
GCA_018896935_1	prpE	1
GCA_018896935_1	pta	3
GCA_018896935_1	sat	2
GCA_018896935_1	sir	1
GCA_018896935_1	slcC	3
GCA_018896935_1	soxA	1
GCA_018896935_1	soxB	1
GCA_018896935_1	soxY	1
GCA_018896935_1	soxZ	1
GCA_018896935_1	sqdX	4
GCA_018896935_1	ssuB	4
GCA_018896935_1	ssuC	1
GCA_018896935_1	ssuD	2
GCA_018896935_1	ssuE	1
GCA_018896935_1	sudA	5
GCA_018896935_1	sudB	1
GCA_018896935_1	sulP	2
GCA_018896935_1	tauA	1
GCA_018896935_1	tauB	2
GCA_018896935_1	tauD	1
GCA_018896935_1	tsdA	1
GCA_018896935_1	ttrA	1
GCA_018896935_1	ttrB	2
GCA_018896935_1	tusB	1
GCA_018896935_1	tusD	1
GCA_018896935_1	xsc	1
GCA_018902545_1	aprA	3
GCA_018902545_1	aprB	2
GCA_018902545_1	asrA	2
GCA_018902545_1	asrB	2
GCA_018902545_1	asrC	4
GCA_018902545_1	betA	6
GCA_018902545_1	betB	8
GCA_018902545_1	betC	1
GCA_018902545_1	comB	1
GCA_018902545_1	comD	1
GCA_018902545_1	comE	2
GCA_018902545_1	cysA	8
GCA_018902545_1	cysC	13
GCA_018902545_1	cysD	8
GCA_018902545_1	cysE	8
GCA_018902545_1	cysI	5
GCA_018902545_1	cysJ	7
GCA_018902545_1	cysK	10
GCA_018902545_1	cysM	7
GCA_018902545_1	cysN	7
GCA_018902545_1	cysN_cysC	3
GCA_018902545_1	cysP	2
GCA_018902545_1	cysQ	4
GCA_018902545_1	cysU	8
GCA_018902545_1	cysW	1
GCA_018902545_1	cysZ	1
GCA_018902545_1	dddP	3
GCA_018902545_1	dmdA	1
GCA_018902545_1	dmdB	3
GCA_018902545_1	dmdC	1
GCA_018902545_1	dmsA	16
GCA_018902545_1	dmsB	3
GCA_018902545_1	dmsC	3
GCA_018902545_1	dsrA	1
GCA_018902545_1	dsrB	2
GCA_018902545_1	dsrC	1
GCA_018902545_1	dsrD	1
GCA_018902545_1	dsrK	6
GCA_018902545_1	dsrM	1
GCA_018902545_1	dsrN	1
GCA_018902545_1	dsrP	1
GCA_018902545_1	dsrT	1
GCA_018902545_1	dsyB	1
GCA_018902545_1	gdh	1
GCA_018902545_1	glpE	20
GCA_018902545_1	hdrA2	1
GCA_018902545_1	hdrB1	1
GCA_018902545_1	hdrB2	1
GCA_018902545_1	hdrC1	1
GCA_018902545_1	hdrD	3
GCA_018902545_1	hpsM	1
GCA_018902545_1	hpsN	1
GCA_018902545_1	hpsP	1
GCA_018902545_1	iseK	1
GCA_018902545_1	iseM	2
GCA_018902545_1	mccB	1
GCA_018902545_1	mddA	1
GCA_018902545_1	mdh	11
GCA_018902545_1	metB	4
GCA_018902545_1	metC	6
GCA_018902545_1	metX	5
GCA_018902545_1	metY	1
GCA_018902545_1	metZ	3
GCA_018902545_1	mtsB	1
GCA_018902545_1	nrnA	5
GCA_018902545_1	phsA	1
GCA_018902545_1	prpE	3
GCA_018902545_1	psrA	2
GCA_018902545_1	pta	19
GCA_018902545_1	qmoA	1
GCA_018902545_1	qmoB	1
GCA_018902545_1	qmoC	1
GCA_018902545_1	sat	5
GCA_018902545_1	sgpB	1
GCA_018902545_1	sgpC	1
GCA_018902545_1	shyA	2
GCA_018902545_1	shyC	1
GCA_018902545_1	sir	2
GCA_018902545_1	slcC	1
GCA_018902545_1	slcD	1
GCA_018902545_1	sor	1
GCA_018902545_1	soxB	2
GCA_018902545_1	soxX	1
GCA_018902545_1	sqdB	3
GCA_018902545_1	sqdX	16
GCA_018902545_1	ssuA	34
GCA_018902545_1	ssuB	9
GCA_018902545_1	ssuC	2
GCA_018902545_1	ssuD	2
GCA_018902545_1	sudA	4
GCA_018902545_1	sudB	2
GCA_018902545_1	sulP	16
GCA_018902545_1	suyA	1
GCA_018902545_1	suyB	1
GCA_018902545_1	tauA	3
GCA_018902545_1	tauB	6
GCA_018902545_1	tauC	1
GCA_018902545_1	tauD	6
GCA_018902545_1	tauZ	1
GCA_018902545_1	tsdA	1
GCA_018902545_1	ttrA	1
GCA_018902545_1	ttrB	9
GCA_018902545_1	ttrC	1
GCA_018902545_1	tusA	6
GCA_018902545_1	tusD	1
GCA_018902545_1	tusE	2
GCA_018902545_1	xsc	2
GCA_019351955_1	acuI	9
GCA_019351955_1	aprA	2
GCA_019351955_1	betA	8
GCA_019351955_1	betB	10
GCA_019351955_1	betC	2
GCA_019351955_1	comB	2
GCA_019351955_1	comC	1
GCA_019351955_1	cuyA	1
GCA_019351955_1	cysA	12
GCA_019351955_1	cysC	22
GCA_019351955_1	cysD	6
GCA_019351955_1	cysE	6
GCA_019351955_1	cysH	8
GCA_019351955_1	cysI	5
GCA_019351955_1	cysJ	9
GCA_019351955_1	cysK	19
GCA_019351955_1	cysM	10
GCA_019351955_1	cysN	6
GCA_019351955_1	cysN_cysC	16
GCA_019351955_1	cysQ	7
GCA_019351955_1	cysU	11
GCA_019351955_1	cysW	4
GCA_019351955_1	cysZ	1
GCA_019351955_1	dddP	1
GCA_019351955_1	dmdB	7
GCA_019351955_1	dmdC	11
GCA_019351955_1	dmdD	6
GCA_019351955_1	dmsA	7
GCA_019351955_1	dmsC	3
GCA_019351955_1	dsrA	1
GCA_019351955_1	dsrB	1
GCA_019351955_1	dsrK	1
GCA_019351955_1	dsyB	1
GCA_019351955_1	fccA	3
GCA_019351955_1	fccB	1
GCA_019351955_1	gdh	1
GCA_019351955_1	glpE	14
GCA_019351955_1	hpsN	2
GCA_019351955_1	hpsO	1
GCA_019351955_1	hpsP	4
GCA_019351955_1	isfD	8
GCA_019351955_1	mdh	18
GCA_019351955_1	metB	2
GCA_019351955_1	metC	10
GCA_019351955_1	metX	3
GCA_019351955_1	metY	2
GCA_019351955_1	metZ	9
GCA_019351955_1	nrnA	4
GCA_019351955_1	otr	1
GCA_019351955_1	phsA	1
GCA_019351955_1	phsB	1
GCA_019351955_1	phsC	1
GCA_019351955_1	prpE	9
GCA_019351955_1	pta	16
GCA_019351955_1	sat	4
GCA_019351955_1	sgpB	3
GCA_019351955_1	sgpC	1
GCA_019351955_1	sir	6
GCA_019351955_1	slcC	3
GCA_019351955_1	slcD	1
GCA_019351955_1	soeA	2
GCA_019351955_1	soeC	2
GCA_019351955_1	sorA	2
GCA_019351955_1	sorB	1
GCA_019351955_1	soxA	2
GCA_019351955_1	soxB	2
GCA_019351955_1	soxC	3
GCA_019351955_1	soxD	4
GCA_019351955_1	soxX	5
GCA_019351955_1	soxY	1
GCA_019351955_1	soxZ	2
GCA_019351955_1	sqdB	1
GCA_019351955_1	sqdX	5
GCA_019351955_1	sqr	2
GCA_019351955_1	sseA	4
GCA_019351955_1	ssuA	13
GCA_019351955_1	ssuB	17
GCA_019351955_1	ssuC	13
GCA_019351955_1	ssuD	7
GCA_019351955_1	ssuE	2
GCA_019351955_1	sudA	6
GCA_019351955_1	sulP	11
GCA_019351955_1	suyA	2
GCA_019351955_1	suyB	2
GCA_019351955_1	tauA	2
GCA_019351955_1	tauB	9
GCA_019351955_1	tauC	1
GCA_019351955_1	tauD	9
GCA_019351955_1	tbuC	3
GCA_019351955_1	tpa	6
GCA_019351955_1	tsdA	5
GCA_019351955_1	tsdB	7
GCA_019351955_1	ttrA	2
GCA_019351955_1	ttrB	2
GCA_019351955_1	ttrC	1
GCA_019351955_1	tusA	4
GCA_019351955_1	tusB	2
GCA_019351955_1	tusC	1
GCA_019351955_1	tusD	1
GCA_019351955_1	tusE	1
GCA_019351955_1	xsc	4
GCA_019912885_1	acuI	5
GCA_019912885_1	aprA	1
GCA_019912885_1	asrA	1
GCA_019912885_1	betA	7
GCA_019912885_1	betB	7
GCA_019912885_1	betC	13
GCA_019912885_1	comB	3
GCA_019912885_1	comE	1
GCA_019912885_1	cuyA	1
GCA_019912885_1	cysA	6
GCA_019912885_1	cysC	16
GCA_019912885_1	cysD	2
GCA_019912885_1	cysE	10
GCA_019912885_1	cysH	1
GCA_019912885_1	cysI	1
GCA_019912885_1	cysJ	6
GCA_019912885_1	cysK	14
GCA_019912885_1	cysM	8
GCA_019912885_1	cysN	9
GCA_019912885_1	cysN_cysC	4
GCA_019912885_1	cysP	1
GCA_019912885_1	cysQ	2
GCA_019912885_1	cysU	5
GCA_019912885_1	cysW	2
GCA_019912885_1	cysZ	2
GCA_019912885_1	dddP	1
GCA_019912885_1	dmdB	1
GCA_019912885_1	dmdC	13
GCA_019912885_1	dmdD	2
GCA_019912885_1	dmsA	8
GCA_019912885_1	dmsB	1
GCA_019912885_1	dmsC	3
GCA_019912885_1	dsrA	2
GCA_019912885_1	dsrP	1
GCA_019912885_1	dsyB	1
GCA_019912885_1	gdh	4
GCA_019912885_1	glpE	12
GCA_019912885_1	hdrA1	1
GCA_019912885_1	hdrD	2
GCA_019912885_1	hpsN	1
GCA_019912885_1	hpsP	2
GCA_019912885_1	isfD	3
GCA_019912885_1	mddA	1
GCA_019912885_1	mdh	12
GCA_019912885_1	metB	3
GCA_019912885_1	metC	8
GCA_019912885_1	metX	1
GCA_019912885_1	metZ	8
GCA_019912885_1	nrnA	5
GCA_019912885_1	prpE	2
GCA_019912885_1	pta	7
GCA_019912885_1	sat	3
GCA_019912885_1	sbp	3
GCA_019912885_1	sgpB	1
GCA_019912885_1	sgpC	1
GCA_019912885_1	sir	1
GCA_019912885_1	slcC	1
GCA_019912885_1	soxA	1
GCA_019912885_1	soxB	1
GCA_019912885_1	soxC	1
GCA_019912885_1	soxX	1
GCA_019912885_1	sqdB	2
GCA_019912885_1	sqdX	17
GCA_019912885_1	sqr	1
GCA_019912885_1	sseA	1
GCA_019912885_1	ssuA	15
GCA_019912885_1	ssuB	9
GCA_019912885_1	ssuC	4
GCA_019912885_1	ssuD	6
GCA_019912885_1	ssuE	4
GCA_019912885_1	sudA	7
GCA_019912885_1	sulP	8
GCA_019912885_1	tauA	2
GCA_019912885_1	tauB	3
GCA_019912885_1	tauD	1
GCA_019912885_1	tpa	4
GCA_019912885_1	tsdA	2
GCA_019912885_1	ttrB	4
GCA_019912885_1	tusA	1
GCA_019912885_1	tusB	1
GCA_019912885_1	tusD	1
GCA_019912885_1	xsc	3
GCA_019912885_1	yihQ	2
GCA_020061125_1	acuI	1
GCA_020061125_1	aprA	3
GCA_020061125_1	aprB	1
GCA_020061125_1	asrA	1
GCA_020061125_1	asrB	1
GCA_020061125_1	asrC	1
GCA_020061125_1	betA	4
GCA_020061125_1	betB	12
GCA_020061125_1	betC	9
GCA_020061125_1	comB	2
GCA_020061125_1	cuyA	1
GCA_020061125_1	cysA	4
GCA_020061125_1	cysC	12
GCA_020061125_1	cysD	4
GCA_020061125_1	cysE	6
GCA_020061125_1	cysH	1
GCA_020061125_1	cysI	1
GCA_020061125_1	cysJ	5
GCA_020061125_1	cysK	18
GCA_020061125_1	cysM	3
GCA_020061125_1	cysN	9
GCA_020061125_1	cysN_cysC	3
GCA_020061125_1	cysU	4
GCA_020061125_1	cysW	1
GCA_020061125_1	dmdB	4
GCA_020061125_1	dmdC	13
GCA_020061125_1	dmdD	1
GCA_020061125_1	dmsA	16
GCA_020061125_1	dmsB	2
GCA_020061125_1	dmsC	1
GCA_020061125_1	dsrA	2
GCA_020061125_1	dsrB	1
GCA_020061125_1	dsrC	1
GCA_020061125_1	dsrK	6
GCA_020061125_1	dsrM	1
GCA_020061125_1	dsrN	1
GCA_020061125_1	dsyB	1
GCA_020061125_1	gdh	1
GCA_020061125_1	glpE	16
GCA_020061125_1	hdrA1	3
GCA_020061125_1	hdrA2	4
GCA_020061125_1	hdrB2	1
GCA_020061125_1	hdrD	1
GCA_020061125_1	hpsN	1
GCA_020061125_1	hpsP	5
GCA_020061125_1	hydD	1
GCA_020061125_1	iseM	1
GCA_020061125_1	isfD	5
GCA_020061125_1	mdh	12
GCA_020061125_1	metA	1
GCA_020061125_1	metB	2
GCA_020061125_1	metC	6
GCA_020061125_1	metX	2
GCA_020061125_1	metY	1
GCA_020061125_1	metZ	3
GCA_020061125_1	mtsB	2
GCA_020061125_1	nrnA	2
GCA_020061125_1	pta	6
GCA_020061125_1	qmoA	1
GCA_020061125_1	qmoB	1
GCA_020061125_1	qmoC	1
GCA_020061125_1	sat	3
GCA_020061125_1	sbp	1
GCA_020061125_1	sir	1
GCA_020061125_1	slcC	2
GCA_020061125_1	soxB	1
GCA_020061125_1	soxC	1
GCA_020061125_1	sqdB	1
GCA_020061125_1	sqdX	12
GCA_020061125_1	ssuA	15
GCA_020061125_1	ssuB	9
GCA_020061125_1	ssuC	4
GCA_020061125_1	ssuD	5
GCA_020061125_1	ssuE	2
GCA_020061125_1	sudA	13
GCA_020061125_1	sudB	1
GCA_020061125_1	sulP	15
GCA_020061125_1	tauB	3
GCA_020061125_1	tauD	4
GCA_020061125_1	tbuC	1
GCA_020061125_1	tpa	1
GCA_020061125_1	ttrB	2
GCA_020061125_1	tusA	6
GCA_020061125_1	tusB	1
GCA_020061125_1	tusC	1
GCA_020061125_1	xsc	6
GCA_020061125_1	yihQ	3
GCA_020217265_1	acuI	1
GCA_020217265_1	aprA	4
GCA_020217265_1	aprB	1
GCA_020217265_1	asrA	1
GCA_020217265_1	asrB	1
GCA_020217265_1	betA	5
GCA_020217265_1	betB	4
GCA_020217265_1	betC	1
GCA_020217265_1	comB	1
GCA_020217265_1	cuyA	1
GCA_020217265_1	cysA	3
GCA_020217265_1	cysC	12
GCA_020217265_1	cysD	4
GCA_020217265_1	cysE	6
GCA_020217265_1	cysH	1
GCA_020217265_1	cysI	2
GCA_020217265_1	cysJ	7
GCA_020217265_1	cysK	12
GCA_020217265_1	cysM	9
GCA_020217265_1	cysN	4
GCA_020217265_1	cysN_cysC	6
GCA_020217265_1	cysP	2
GCA_020217265_1	cysQ	6
GCA_020217265_1	cysU	7
GCA_020217265_1	cysZ	1
GCA_020217265_1	dmdA	1
GCA_020217265_1	dmsA	7
GCA_020217265_1	dmsB	1
GCA_020217265_1	dmsC	2
GCA_020217265_1	dsrA	4
GCA_020217265_1	dsrB	2
GCA_020217265_1	dsrC	2
GCA_020217265_1	dsrE	1
GCA_020217265_1	dsrF	1
GCA_020217265_1	dsrH	1
GCA_020217265_1	dsrK	1
GCA_020217265_1	dsrL	2
GCA_020217265_1	dsrM	1
GCA_020217265_1	dsrN	1
GCA_020217265_1	dsrP	1
GCA_020217265_1	dsyB	1
GCA_020217265_1	fccA	5
GCA_020217265_1	fccB	5
GCA_020217265_1	gdh	1
GCA_020217265_1	glpE	17
GCA_020217265_1	hdrB1	1
GCA_020217265_1	hdrC2	1
GCA_020217265_1	hpsN	1
GCA_020217265_1	hydD	1
GCA_020217265_1	isfD	1
GCA_020217265_1	mddA	1
GCA_020217265_1	mdh	12
GCA_020217265_1	metA	1
GCA_020217265_1	metB	2
GCA_020217265_1	metC	8
GCA_020217265_1	metY	1
GCA_020217265_1	metZ	6
GCA_020217265_1	nrnA	1
GCA_020217265_1	phsB	1
GCA_020217265_1	prpE	2
GCA_020217265_1	pta	11
GCA_020217265_1	qmoA	2
GCA_020217265_1	qmoB	1
GCA_020217265_1	sat	6
GCA_020217265_1	sbp	1
GCA_020217265_1	sgpB	1
GCA_020217265_1	sgpC	1
GCA_020217265_1	shyA	1
GCA_020217265_1	shyC	1
GCA_020217265_1	sir	2
GCA_020217265_1	slcC	1
GCA_020217265_1	soeA	1
GCA_020217265_1	soeC	1
GCA_020217265_1	soxA	3
GCA_020217265_1	soxB	1
GCA_020217265_1	soxD	2
GCA_020217265_1	soxX	3
GCA_020217265_1	soxY	1
GCA_020217265_1	soxZ	1
GCA_020217265_1	sqdX	8
GCA_020217265_1	sqr	2
GCA_020217265_1	sseA	2
GCA_020217265_1	ssuA	14
GCA_020217265_1	ssuB	10
GCA_020217265_1	ssuC	5
GCA_020217265_1	ssuD	4
GCA_020217265_1	ssuE	2
GCA_020217265_1	sudA	1
GCA_020217265_1	sulP	6
GCA_020217265_1	tauA	1
GCA_020217265_1	tauB	4
GCA_020217265_1	tauD	1
GCA_020217265_1	tbuC	1
GCA_020217265_1	tsdA	2
GCA_020217265_1	tsdB	1
GCA_020217265_1	ttrA	2
GCA_020217265_1	ttrB	2
GCA_020217265_1	ttrC	1
GCA_020217265_1	tusA	5
GCA_020217265_1	tusB	1
GCA_020217265_1	tusD	1
GCA_020217265_1	tusE	4
GCA_020217265_1	xsc	4
GCA_020348925_1	acuI	3
GCA_020348925_1	asrA	1
GCA_020348925_1	asrB	3
GCA_020348925_1	asrC	1
GCA_020348925_1	betA	3
GCA_020348925_1	betB	11
GCA_020348925_1	betC	5
GCA_020348925_1	comB	2
GCA_020348925_1	comE	1
GCA_020348925_1	cuyA	1
GCA_020348925_1	cysA	4
GCA_020348925_1	cysC	10
GCA_020348925_1	cysD	1
GCA_020348925_1	cysE	6
GCA_020348925_1	cysI	4
GCA_020348925_1	cysJ	7
GCA_020348925_1	cysK	8
GCA_020348925_1	cysM	5
GCA_020348925_1	cysN	6
GCA_020348925_1	cysN_cysC	4
GCA_020348925_1	cysP	1
GCA_020348925_1	cysQ	1
GCA_020348925_1	cysU	8
GCA_020348925_1	dmdA	1
GCA_020348925_1	dmdB	3
GCA_020348925_1	dmdC	4
GCA_020348925_1	dmdD	2
GCA_020348925_1	dmsA	23
GCA_020348925_1	dmsB	5
GCA_020348925_1	dmsC	2
GCA_020348925_1	dsrA	2
GCA_020348925_1	fccB	1
GCA_020348925_1	gdh	4
GCA_020348925_1	glpE	11
GCA_020348925_1	hdrA1	5
GCA_020348925_1	hdrA2	13
GCA_020348925_1	hdrB1	1
GCA_020348925_1	hdrB2	1
GCA_020348925_1	hdrC1	1
GCA_020348925_1	hdrD	4
GCA_020348925_1	hpsL	1
GCA_020348925_1	hpsM	1
GCA_020348925_1	hpsP	1
GCA_020348925_1	isfD	2
GCA_020348925_1	mccB	2
GCA_020348925_1	mdh	15
GCA_020348925_1	metA	1
GCA_020348925_1	metB	2
GCA_020348925_1	metC	9
GCA_020348925_1	metY	1
GCA_020348925_1	metZ	6
GCA_020348925_1	mtsA	1
GCA_020348925_1	mtsB	1
GCA_020348925_1	nrnA	1
GCA_020348925_1	psrA	1
GCA_020348925_1	pta	6
GCA_020348925_1	rdlA	1
GCA_020348925_1	sat	4
GCA_020348925_1	sbp	1
GCA_020348925_1	sgpB	1
GCA_020348925_1	sgpC	1
GCA_020348925_1	shyC	1
GCA_020348925_1	sir	2
GCA_020348925_1	slcC	2
GCA_020348925_1	soxA	4
GCA_020348925_1	soxX	1
GCA_020348925_1	sqdX	10
GCA_020348925_1	sseA	2
GCA_020348925_1	ssuA	23
GCA_020348925_1	ssuB	7
GCA_020348925_1	ssuC	3
GCA_020348925_1	ssuD	2
GCA_020348925_1	ssuE	1
GCA_020348925_1	sudA	9
GCA_020348925_1	sulP	3
GCA_020348925_1	tauA	2
GCA_020348925_1	tauB	3
GCA_020348925_1	tauD	4
GCA_020348925_1	tpa	2
GCA_020348925_1	tsdA	1
GCA_020348925_1	ttrA	1
GCA_020348925_1	ttrB	5
GCA_020348925_1	tusA	5
GCA_020348925_1	tusB	2
GCA_020348925_1	yihQ	3
GCA_020434085_1	acuI	10
GCA_020434085_1	aprA	2
GCA_020434085_1	aprB	1
GCA_020434085_1	asrA	1
GCA_020434085_1	asrC	1
GCA_020434085_1	betA	10
GCA_020434085_1	betB	19
GCA_020434085_1	betC	2
GCA_020434085_1	comB	1
GCA_020434085_1	comD	2
GCA_020434085_1	comE	3
GCA_020434085_1	cuyA	2
GCA_020434085_1	cysA	5
GCA_020434085_1	cysC	22
GCA_020434085_1	cysD	6
GCA_020434085_1	cysE	5
GCA_020434085_1	cysH	1
GCA_020434085_1	cysI	3
GCA_020434085_1	cysJ	11
GCA_020434085_1	cysK	18
GCA_020434085_1	cysM	3
GCA_020434085_1	cysN	2
GCA_020434085_1	cysN_cysC	6
GCA_020434085_1	cysP	3
GCA_020434085_1	cysQ	2
GCA_020434085_1	cysU	10
GCA_020434085_1	cysZ	1
GCA_020434085_1	dddP	1
GCA_020434085_1	dddT	1
GCA_020434085_1	dmdA	1
GCA_020434085_1	dmdB	15
GCA_020434085_1	dmdC	32
GCA_020434085_1	dmdD	5
GCA_020434085_1	dmsA	9
GCA_020434085_1	dmsC	2
GCA_020434085_1	dsyB	1
GCA_020434085_1	fccA	1
GCA_020434085_1	fccB	1
GCA_020434085_1	gdh	2
GCA_020434085_1	glpE	13
GCA_020434085_1	hdrA1	1
GCA_020434085_1	hdrD	2
GCA_020434085_1	hpsM	1
GCA_020434085_1	hpsN	1
GCA_020434085_1	hpsP	4
GCA_020434085_1	hydA	1
GCA_020434085_1	hydD	1
GCA_020434085_1	isfD	6
GCA_020434085_1	mdh	22
GCA_020434085_1	metA	1
GCA_020434085_1	metB	3
GCA_020434085_1	metC	13
GCA_020434085_1	metY	1
GCA_020434085_1	metZ	4
GCA_020434085_1	msmA	1
GCA_020434085_1	nrnA	4
GCA_020434085_1	otr	1
GCA_020434085_1	phsA	1
GCA_020434085_1	prpE	5
GCA_020434085_1	pta	18
GCA_020434085_1	sat	2
GCA_020434085_1	sbp	4
GCA_020434085_1	sgpB	3
GCA_020434085_1	shyC	2
GCA_020434085_1	sir	5
GCA_020434085_1	slcC	1
GCA_020434085_1	sorA	1
GCA_020434085_1	soxB	5
GCA_020434085_1	soxX	2
GCA_020434085_1	soxY	1
GCA_020434085_1	sqdB	4
GCA_020434085_1	sqdX	7
GCA_020434085_1	sseA	1
GCA_020434085_1	ssuA	19
GCA_020434085_1	ssuB	10
GCA_020434085_1	ssuC	4
GCA_020434085_1	ssuD	12
GCA_020434085_1	ssuE	1
GCA_020434085_1	sudA	5
GCA_020434085_1	sudB	1
GCA_020434085_1	sulP	9
GCA_020434085_1	tauA	2
GCA_020434085_1	tauB	4
GCA_020434085_1	tauZ	1
GCA_020434085_1	tpa	1
GCA_020434085_1	tsdA	2
GCA_020434085_1	ttrA	1
GCA_020434085_1	tusB	1
GCA_020434085_1	tusD	1
GCA_020434085_1	xsc	2
GCA_020434345_1	acuI	2
GCA_020434345_1	betA	5
GCA_020434345_1	betB	3
GCA_020434345_1	comE	1
GCA_020434345_1	cuyA	1
GCA_020434345_1	cysA	2
GCA_020434345_1	cysC	14
GCA_020434345_1	cysD	1
GCA_020434345_1	cysE	3
GCA_020434345_1	cysI	3
GCA_020434345_1	cysJ	2
GCA_020434345_1	cysK	5
GCA_020434345_1	cysM	4
GCA_020434345_1	cysN	1
GCA_020434345_1	cysN_cysC	4
GCA_020434345_1	cysP	2
GCA_020434345_1	cysQ	1
GCA_020434345_1	cysU	3
GCA_020434345_1	dddP	1
GCA_020434345_1	dmdA	1
GCA_020434345_1	dmdB	3
GCA_020434345_1	dmdC	3
GCA_020434345_1	dmdD	2
GCA_020434345_1	dmsA	4
GCA_020434345_1	dmsB	1
GCA_020434345_1	dmsC	1
GCA_020434345_1	dsrM	1
GCA_020434345_1	fccB	1
GCA_020434345_1	gdh	2
GCA_020434345_1	glpE	8
GCA_020434345_1	isfD	1
GCA_020434345_1	mdh	13
GCA_020434345_1	metB	1
GCA_020434345_1	metC	3
GCA_020434345_1	metX	1
GCA_020434345_1	metZ	1
GCA_020434345_1	nrnA	2
GCA_020434345_1	pta	1
GCA_020434345_1	sat	3
GCA_020434345_1	sgpB	2
GCA_020434345_1	soxD	1
GCA_020434345_1	soxX	2
GCA_020434345_1	ssuA	8
GCA_020434345_1	ssuB	1
GCA_020434345_1	ssuC	1
GCA_020434345_1	ssuD	2
GCA_020434345_1	sudA	1
GCA_020434345_1	sulP	5
GCA_020434345_1	tauA	1
GCA_020434345_1	tauB	4
GCA_020434345_1	tauD	1
GCA_020434345_1	tpa	2
GCA_020434345_1	tsdA	1
GCA_020434345_1	tsdB	2
GCA_020434345_1	ttrA	1
GCA_020434345_1	ttrB	1
GCA_020434365_1	acuI	2
GCA_020434365_1	asrC	1
GCA_020434365_1	betA	4
GCA_020434365_1	betB	6
GCA_020434365_1	cuyA	1
GCA_020434365_1	cysA	1
GCA_020434365_1	cysC	8
GCA_020434365_1	cysD	2
GCA_020434365_1	cysE	5
GCA_020434365_1	cysH	1
GCA_020434365_1	cysI	1
GCA_020434365_1	cysJ	3
GCA_020434365_1	cysK	10
GCA_020434365_1	cysM	3
GCA_020434365_1	cysN	1
GCA_020434365_1	cysN_cysC	5
GCA_020434365_1	cysP	1
GCA_020434365_1	cysQ	1
GCA_020434365_1	cysU	1
GCA_020434365_1	cysW	2
GCA_020434365_1	dddP	1
GCA_020434365_1	dmdA	1
GCA_020434365_1	dmdB	1
GCA_020434365_1	dmdC	3
GCA_020434365_1	dmdD	4
GCA_020434365_1	dmsA	4
GCA_020434365_1	dmsB	1
GCA_020434365_1	dmsC	2
GCA_020434365_1	dsrA	1
GCA_020434365_1	fccB	1
GCA_020434365_1	gdh	2
GCA_020434365_1	glpE	7
GCA_020434365_1	hpsP	2
GCA_020434365_1	isfD	2
GCA_020434365_1	mdh	12
GCA_020434365_1	metB	2
GCA_020434365_1	metC	5
GCA_020434365_1	metZ	1
GCA_020434365_1	nrnA	1
GCA_020434365_1	psrB	1
GCA_020434365_1	pta	1
GCA_020434365_1	sat	2
GCA_020434365_1	sgpB	6
GCA_020434365_1	sgpC	1
GCA_020434365_1	shyC	1
GCA_020434365_1	sir	1
GCA_020434365_1	slcC	1
GCA_020434365_1	soxC	1
GCA_020434365_1	ssuA	5
GCA_020434365_1	ssuB	4
GCA_020434365_1	ssuC	1
GCA_020434365_1	ssuD	1
GCA_020434365_1	sudA	1
GCA_020434365_1	sulP	6
GCA_020434365_1	tauA	2
GCA_020434365_1	tauD	1
GCA_020434365_1	tpa	2
GCA_020434365_1	tsdA	1
GCA_020434365_1	ttrB	1
GCA_020434365_1	tusA	1
GCA_020434365_1	tusD	1
GCA_020445225_1	acuI	6
GCA_020445225_1	aprA	3
GCA_020445225_1	aprB	1
GCA_020445225_1	asrA	2
GCA_020445225_1	asrB	2
GCA_020445225_1	betA	8
GCA_020445225_1	betB	4
GCA_020445225_1	betC	3
GCA_020445225_1	comB	6
GCA_020445225_1	comC	2
GCA_020445225_1	comE	1
GCA_020445225_1	cuyA	2
GCA_020445225_1	cysA	11
GCA_020445225_1	cysC	29
GCA_020445225_1	cysD	4
GCA_020445225_1	cysE	10
GCA_020445225_1	cysI	9
GCA_020445225_1	cysJ	10
GCA_020445225_1	cysK	23
GCA_020445225_1	cysM	9
GCA_020445225_1	cysN	7
GCA_020445225_1	cysN_cysC	8
GCA_020445225_1	cysP	4
GCA_020445225_1	cysQ	6
GCA_020445225_1	cysU	10
GCA_020445225_1	cysW	3
GCA_020445225_1	cysZ	4
GCA_020445225_1	dddP	1
GCA_020445225_1	dddT	1
GCA_020445225_1	dmdA	1
GCA_020445225_1	dmdB	3
GCA_020445225_1	dmdC	1
GCA_020445225_1	dmdD	2
GCA_020445225_1	dmsA	13
GCA_020445225_1	dmsB	6
GCA_020445225_1	dmsC	4
GCA_020445225_1	dsrA	3
GCA_020445225_1	dsrE	1
GCA_020445225_1	dsrF	1
GCA_020445225_1	dsrH	1
GCA_020445225_1	dsrJ	1
GCA_020445225_1	dsrK	3
GCA_020445225_1	dsrL	1
GCA_020445225_1	dsrM	2
GCA_020445225_1	dsrO	1
GCA_020445225_1	dsrP	2
GCA_020445225_1	dsyB	1
GCA_020445225_1	fccA	1
GCA_020445225_1	fccB	2
GCA_020445225_1	gdh	1
GCA_020445225_1	glpE	24
GCA_020445225_1	hdrC2	1
GCA_020445225_1	hpsK	2
GCA_020445225_1	hpsL	3
GCA_020445225_1	hpsM	1
GCA_020445225_1	hpsN	2
GCA_020445225_1	hpsP	1
GCA_020445225_1	hydD	1
GCA_020445225_1	iseK	1
GCA_020445225_1	iseL	1
GCA_020445225_1	iseM	5
GCA_020445225_1	isfD	1
GCA_020445225_1	mdh	15
GCA_020445225_1	metA	1
GCA_020445225_1	metB	3
GCA_020445225_1	metC	8
GCA_020445225_1	metX	1
GCA_020445225_1	metY	1
GCA_020445225_1	metZ	9
GCA_020445225_1	nrnA	1
GCA_020445225_1	otr	2
GCA_020445225_1	phsB	1
GCA_020445225_1	phsC	1
GCA_020445225_1	prpE	4
GCA_020445225_1	pta	19
GCA_020445225_1	qmoA	1
GCA_020445225_1	qmoB	1
GCA_020445225_1	rdsr	1
GCA_020445225_1	sat	5
GCA_020445225_1	sbp	1
GCA_020445225_1	sgpB	5
GCA_020445225_1	sgpC	1
GCA_020445225_1	shyA	4
GCA_020445225_1	shyC	1
GCA_020445225_1	sir	11
GCA_020445225_1	slcC	2
GCA_020445225_1	soeA	1
GCA_020445225_1	soeC	1
GCA_020445225_1	sor	1
GCA_020445225_1	soxA	6
GCA_020445225_1	soxB	3
GCA_020445225_1	soxC	1
GCA_020445225_1	soxD	2
GCA_020445225_1	soxX	7
GCA_020445225_1	soxY	2
GCA_020445225_1	soxZ	3
GCA_020445225_1	sqdX	14
GCA_020445225_1	sqr	2
GCA_020445225_1	sseA	2
GCA_020445225_1	ssuA	23
GCA_020445225_1	ssuB	19
GCA_020445225_1	ssuC	5
GCA_020445225_1	ssuD	5
GCA_020445225_1	sudA	6
GCA_020445225_1	sudB	1
GCA_020445225_1	sulP	7
GCA_020445225_1	suyA	3
GCA_020445225_1	suyB	2
GCA_020445225_1	tauA	2
GCA_020445225_1	tauB	4
GCA_020445225_1	tauD	6
GCA_020445225_1	tauE	1
GCA_020445225_1	tsdA	4
GCA_020445225_1	tsdB	12
GCA_020445225_1	ttrA	2
GCA_020445225_1	ttrB	1
GCA_020445225_1	ttrC	1
GCA_020445225_1	tusA	7
GCA_020445225_1	tusD	1
GCA_020445225_1	tusE	7
GCA_020445225_1	xsc	4
GCA_020628165_1	acuI	1
GCA_020628165_1	aprA	2
GCA_020628165_1	betA	3
GCA_020628165_1	betB	3
GCA_020628165_1	cuyA	1
GCA_020628165_1	cysA	3
GCA_020628165_1	cysC	6
GCA_020628165_1	cysD	6
GCA_020628165_1	cysE	3
GCA_020628165_1	cysH	1
GCA_020628165_1	cysI	3
GCA_020628165_1	cysJ	4
GCA_020628165_1	cysK	6
GCA_020628165_1	cysM	2
GCA_020628165_1	cysN	1
GCA_020628165_1	cysN_cysC	7
GCA_020628165_1	cysP	2
GCA_020628165_1	cysU	4
GCA_020628165_1	cysZ	2
GCA_020628165_1	dddP	1
GCA_020628165_1	dmdA	1
GCA_020628165_1	dmdB	1
GCA_020628165_1	dmdC	2
GCA_020628165_1	dmdD	3
GCA_020628165_1	dmsA	7
GCA_020628165_1	dmsC	3
GCA_020628165_1	dsrA	1
GCA_020628165_1	gdh	3
GCA_020628165_1	glpE	8
GCA_020628165_1	hdrA2	1
GCA_020628165_1	iseM	1
GCA_020628165_1	isfD	2
GCA_020628165_1	mdh	8
GCA_020628165_1	metA	1
GCA_020628165_1	metB	4
GCA_020628165_1	metC	3
GCA_020628165_1	metX	2
GCA_020628165_1	metZ	2
GCA_020628165_1	msmA	1
GCA_020628165_1	nrnA	3
GCA_020628165_1	prpE	1
GCA_020628165_1	pta	3
GCA_020628165_1	sat	1
GCA_020628165_1	sgpB	2
GCA_020628165_1	sir	1
GCA_020628165_1	soxX	2
GCA_020628165_1	sqdB	1
GCA_020628165_1	sqdX	3
GCA_020628165_1	ssuA	9
GCA_020628165_1	ssuB	6
GCA_020628165_1	ssuC	1
GCA_020628165_1	ssuD	3
GCA_020628165_1	ssuE	1
GCA_020628165_1	sudA	2
GCA_020628165_1	sulP	6
GCA_020628165_1	tauA	1
GCA_020628165_1	tauB	2
GCA_020628165_1	toa	1
GCA_020628165_1	touF	1
GCA_020628165_1	tpa	2
GCA_020628165_1	tsdA	1
GCA_020628165_1	ttrB	1
GCA_020628165_1	tusB	2
GCA_020628165_1	tusD	1
GCA_020632975_1	acuI	7
GCA_020632975_1	aprA	1
GCA_020632975_1	asrB	1
GCA_020632975_1	asrC	1
GCA_020632975_1	betA	3
GCA_020632975_1	betB	8
GCA_020632975_1	betC	2
GCA_020632975_1	comB	1
GCA_020632975_1	cuyA	2
GCA_020632975_1	cysA	4
GCA_020632975_1	cysC	11
GCA_020632975_1	cysD	5
GCA_020632975_1	cysE	2
GCA_020632975_1	cysH	3
GCA_020632975_1	cysI	2
GCA_020632975_1	cysJ	8
GCA_020632975_1	cysK	4
GCA_020632975_1	cysM	7
GCA_020632975_1	cysN	3
GCA_020632975_1	cysN_cysC	3
GCA_020632975_1	cysP	2
GCA_020632975_1	cysQ	2
GCA_020632975_1	cysU	1
GCA_020632975_1	dddP	1
GCA_020632975_1	dmdB	2
GCA_020632975_1	dmdC	12
GCA_020632975_1	dmdD	4
GCA_020632975_1	dmsA	5
GCA_020632975_1	dmsC	3
GCA_020632975_1	dsrA	1
GCA_020632975_1	gdh	2
GCA_020632975_1	glpE	10
GCA_020632975_1	hdrA1	1
GCA_020632975_1	hdrA2	1
GCA_020632975_1	hpsP	3
GCA_020632975_1	hydD	1
GCA_020632975_1	iseM	1
GCA_020632975_1	isfD	3
GCA_020632975_1	mdh	6
GCA_020632975_1	metA	1
GCA_020632975_1	metB	5
GCA_020632975_1	metC	7
GCA_020632975_1	metX	4
GCA_020632975_1	metY	1
GCA_020632975_1	metZ	1
GCA_020632975_1	nrnA	2
GCA_020632975_1	prpE	3
GCA_020632975_1	pta	6
GCA_020632975_1	sat	3
GCA_020632975_1	shyA	1
GCA_020632975_1	shyC	1
GCA_020632975_1	sir	1
GCA_020632975_1	slcC	2
GCA_020632975_1	soxB	5
GCA_020632975_1	soxC	1
GCA_020632975_1	soxD	1
GCA_020632975_1	soxZ	1
GCA_020632975_1	sqdB	1
GCA_020632975_1	sqdX	7
GCA_020632975_1	sseA	2
GCA_020632975_1	ssuA	19
GCA_020632975_1	ssuB	10
GCA_020632975_1	ssuC	8
GCA_020632975_1	ssuD	5
GCA_020632975_1	sudA	4
GCA_020632975_1	sulP	7
GCA_020632975_1	tauA	1
GCA_020632975_1	tauD	1
GCA_020632975_1	tpa	1
GCA_020632975_1	tsdA	3
GCA_020632975_1	ttrB	1
GCA_020632975_1	ttrC	1
GCA_020632975_1	tusA	2
GCA_020632975_1	tusB	1
GCA_020632975_1	tusD	2
GCA_020632975_1	xsc	2
GCA_020632975_1	yihQ	1
GCA_020721255_1	aprA	1
GCA_020721255_1	asrA	1
GCA_020721255_1	betA	1
GCA_020721255_1	betB	1
GCA_020721255_1	cuyA	1
GCA_020721255_1	cysA	4
GCA_020721255_1	cysC	5
GCA_020721255_1	cysE	3
GCA_020721255_1	cysH	1
GCA_020721255_1	cysI	2
GCA_020721255_1	cysJ	2
GCA_020721255_1	cysK	6
GCA_020721255_1	cysM	3
GCA_020721255_1	cysN_cysC	4
GCA_020721255_1	cysP	1
GCA_020721255_1	cysQ	1
GCA_020721255_1	cysU	3
GCA_020721255_1	dddP	1
GCA_020721255_1	dmsA	3
GCA_020721255_1	dmsC	1
GCA_020721255_1	dsrA	1
GCA_020721255_1	dsrB	1
GCA_020721255_1	dsrC	1
GCA_020721255_1	dsrE	1
GCA_020721255_1	dsrF	1
GCA_020721255_1	dsrK	1
GCA_020721255_1	dsrM	1
GCA_020721255_1	dsrN	1
GCA_020721255_1	dsrP	1
GCA_020721255_1	dsyB	2
GCA_020721255_1	fccA	1
GCA_020721255_1	fccB	2
GCA_020721255_1	gdh	1
GCA_020721255_1	glpE	4
GCA_020721255_1	hdrA1	2
GCA_020721255_1	hdrB1	1
GCA_020721255_1	hpsN	1
GCA_020721255_1	hydD	1
GCA_020721255_1	mdh	9
GCA_020721255_1	metB	1
GCA_020721255_1	metC	4
GCA_020721255_1	metX	1
GCA_020721255_1	metZ	4
GCA_020721255_1	nrnA	1
GCA_020721255_1	prpE	2
GCA_020721255_1	pta	1
GCA_020721255_1	sat	4
GCA_020721255_1	shyA	1
GCA_020721255_1	shyB	1
GCA_020721255_1	shyC	1
GCA_020721255_1	slcC	1
GCA_020721255_1	soeA	1
GCA_020721255_1	soxA	1
GCA_020721255_1	soxB	3
GCA_020721255_1	soxD	1
GCA_020721255_1	soxX	1
GCA_020721255_1	soxY	2
GCA_020721255_1	soxZ	1
GCA_020721255_1	sqdB	1
GCA_020721255_1	sqdX	6
GCA_020721255_1	ssuA	3
GCA_020721255_1	ssuB	5
GCA_020721255_1	ssuC	1
GCA_020721255_1	ssuD	2
GCA_020721255_1	ssuE	1
GCA_020721255_1	sudA	4
GCA_020721255_1	sudB	2
GCA_020721255_1	sulP	3
GCA_020721255_1	tauA	1
GCA_020721255_1	tauB	2
GCA_020721255_1	tauY	1
GCA_020721255_1	ttrA	1
GCA_020721255_1	ttrB	4
GCA_020721255_1	tusA	1
GCA_020721255_1	tusB	1
GCA_020721255_1	tusD	1
GCA_020721255_1	tusE	1
GCA_020721255_1	xsc	1
GCA_020721485_1	aprA	1
GCA_020721485_1	betA	3
GCA_020721485_1	betB	1
GCA_020721485_1	comB	2
GCA_020721485_1	cuyA	1
GCA_020721485_1	cysA	5
GCA_020721485_1	cysC	13
GCA_020721485_1	cysD	1
GCA_020721485_1	cysE	4
GCA_020721485_1	cysH	1
GCA_020721485_1	cysI	2
GCA_020721485_1	cysJ	4
GCA_020721485_1	cysK	16
GCA_020721485_1	cysM	7
GCA_020721485_1	cysN	3
GCA_020721485_1	cysN_cysC	5
GCA_020721485_1	cysP	1
GCA_020721485_1	cysQ	2
GCA_020721485_1	cysU	6
GCA_020721485_1	cysW	1
GCA_020721485_1	cysZ	2
GCA_020721485_1	dddP	1
GCA_020721485_1	dmdB	2
GCA_020721485_1	dmsA	6
GCA_020721485_1	dmsB	1
GCA_020721485_1	dmsC	1
GCA_020721485_1	fccA	2
GCA_020721485_1	fccB	1
GCA_020721485_1	glpE	6
GCA_020721485_1	hpsN	1
GCA_020721485_1	mdh	4
GCA_020721485_1	metC	8
GCA_020721485_1	metX	2
GCA_020721485_1	metZ	3
GCA_020721485_1	nrnA	3
GCA_020721485_1	phsB	1
GCA_020721485_1	prpE	1
GCA_020721485_1	pta	6
GCA_020721485_1	sat	3
GCA_020721485_1	sgpB	2
GCA_020721485_1	sgpC	1
GCA_020721485_1	sir	4
GCA_020721485_1	slcC	2
GCA_020721485_1	soeA	1
GCA_020721485_1	soxA	2
GCA_020721485_1	soxB	2
GCA_020721485_1	soxC	2
GCA_020721485_1	soxX	4
GCA_020721485_1	sqdX	3
GCA_020721485_1	sqr	2
GCA_020721485_1	sseA	3
GCA_020721485_1	ssuA	7
GCA_020721485_1	ssuB	9
GCA_020721485_1	ssuC	4
GCA_020721485_1	ssuD	2
GCA_020721485_1	ssuE	1
GCA_020721485_1	sudA	1
GCA_020721485_1	sulP	3
GCA_020721485_1	tauA	1
GCA_020721485_1	tauB	7
GCA_020721485_1	tauD	2
GCA_020721485_1	tpa	2
GCA_020721485_1	tsdA	2
GCA_020721485_1	tsdB	5
GCA_020721485_1	ttrA	2
GCA_020721485_1	ttrC	1
GCA_020721485_1	tusA	3
GCA_020721485_1	tusD	1
GCA_020722545_1	acuI	3
GCA_020722545_1	betA	6
GCA_020722545_1	betB	6
GCA_020722545_1	betC	1
GCA_020722545_1	cysA	4
GCA_020722545_1	cysC	18
GCA_020722545_1	cysD	3
GCA_020722545_1	cysE	8
GCA_020722545_1	cysH	4
GCA_020722545_1	cysI	3
GCA_020722545_1	cysJ	4
GCA_020722545_1	cysK	14
GCA_020722545_1	cysM	7
GCA_020722545_1	cysN	4
GCA_020722545_1	cysN_cysC	6
GCA_020722545_1	cysQ	3
GCA_020722545_1	cysU	10
GCA_020722545_1	cysW	3
GCA_020722545_1	cysZ	1
GCA_020722545_1	dmdB	5
GCA_020722545_1	dmdC	6
GCA_020722545_1	dmdD	3
GCA_020722545_1	dmsA	6
GCA_020722545_1	dmsC	2
GCA_020722545_1	dsrA	1
GCA_020722545_1	dsrB	2
GCA_020722545_1	dsyB	1
GCA_020722545_1	fccA	2
GCA_020722545_1	fccB	4
GCA_020722545_1	glpE	9
GCA_020722545_1	hpsN	1
GCA_020722545_1	hpsO	1
GCA_020722545_1	iseM	3
GCA_020722545_1	isfD	1
GCA_020722545_1	mdh	14
GCA_020722545_1	metB	2
GCA_020722545_1	metC	8
GCA_020722545_1	metX	2
GCA_020722545_1	metY	1
GCA_020722545_1	metZ	5
GCA_020722545_1	nrnA	1
GCA_020722545_1	otr	2
GCA_020722545_1	phsA	1
GCA_020722545_1	phsB	1
GCA_020722545_1	phsC	2
GCA_020722545_1	prpE	3
GCA_020722545_1	pta	16
GCA_020722545_1	sat	3
GCA_020722545_1	sbp	2
GCA_020722545_1	sgpC	1
GCA_020722545_1	sir	4
GCA_020722545_1	slcC	1
GCA_020722545_1	soeA	1
GCA_020722545_1	soeC	1
GCA_020722545_1	sorA	1
GCA_020722545_1	sorB	1
GCA_020722545_1	soxB	1
GCA_020722545_1	soxX	1
GCA_020722545_1	sqdX	5
GCA_020722545_1	sqr	2
GCA_020722545_1	sseA	3
GCA_020722545_1	ssuA	6
GCA_020722545_1	ssuB	8
GCA_020722545_1	ssuC	6
GCA_020722545_1	ssuD	3
GCA_020722545_1	ssuE	1
GCA_020722545_1	sudA	3
GCA_020722545_1	sulP	4
GCA_020722545_1	tauA	2
GCA_020722545_1	tauB	5
GCA_020722545_1	tauD	1
GCA_020722545_1	tbuC	3
GCA_020722545_1	tpa	4
GCA_020722545_1	tsdA	6
GCA_020722545_1	tsdB	4
GCA_020722545_1	ttrA	1
GCA_020722545_1	ttrB	1
GCA_020722545_1	ttrC	1
GCA_020722545_1	tusA	2
GCA_020722545_1	tusD	1
GCA_020722545_1	xsc	2
GCA_020722945_1	asrA	1
GCA_020722945_1	asrB	1
GCA_020722945_1	asrC	2
GCA_020722945_1	betA	7
GCA_020722945_1	betB	5
GCA_020722945_1	betC	1
GCA_020722945_1	cuyA	1
GCA_020722945_1	cysA	2
GCA_020722945_1	cysC	9
GCA_020722945_1	cysD	1
GCA_020722945_1	cysE	6
GCA_020722945_1	cysI	2
GCA_020722945_1	cysJ	4
GCA_020722945_1	cysK	9
GCA_020722945_1	cysM	5
GCA_020722945_1	cysN	3
GCA_020722945_1	cysN_cysC	5
GCA_020722945_1	cysQ	4
GCA_020722945_1	cysU	4
GCA_020722945_1	dddP	1
GCA_020722945_1	dmdB	3
GCA_020722945_1	dmdC	7
GCA_020722945_1	dmdD	3
GCA_020722945_1	dmsA	6
GCA_020722945_1	dmsB	2
GCA_020722945_1	dmsC	2
GCA_020722945_1	dsrA	1
GCA_020722945_1	dsrN	1
GCA_020722945_1	dsrP	1
GCA_020722945_1	gdh	1
GCA_020722945_1	glpE	6
GCA_020722945_1	hdrA1	3
GCA_020722945_1	hdrA2	5
GCA_020722945_1	hdrB1	2
GCA_020722945_1	hdrC2	3
GCA_020722945_1	hdrD	2
GCA_020722945_1	hpsM	2
GCA_020722945_1	hpsN	1
GCA_020722945_1	iseM	3
GCA_020722945_1	mdh	14
GCA_020722945_1	metA	1
GCA_020722945_1	metB	1
GCA_020722945_1	metC	9
GCA_020722945_1	metY	1
GCA_020722945_1	metZ	2
GCA_020722945_1	nrnA	4
GCA_020722945_1	phsA	1
GCA_020722945_1	prpE	4
GCA_020722945_1	pta	5
GCA_020722945_1	sat	5
GCA_020722945_1	sbp	1
GCA_020722945_1	sgpC	1
GCA_020722945_1	slcC	1
GCA_020722945_1	soxB	1
GCA_020722945_1	soxX	1
GCA_020722945_1	sqdB	1
GCA_020722945_1	sqdX	7
GCA_020722945_1	sseA	1
GCA_020722945_1	ssuA	8
GCA_020722945_1	ssuB	4
GCA_020722945_1	ssuC	4
GCA_020722945_1	ssuD	6
GCA_020722945_1	ssuE	1
GCA_020722945_1	sudA	12
GCA_020722945_1	sudB	2
GCA_020722945_1	sulP	4
GCA_020722945_1	tauA	3
GCA_020722945_1	tauB	5
GCA_020722945_1	tauD	2
GCA_020722945_1	tauZ	1
GCA_020722945_1	tpa	1
GCA_020722945_1	tsdA	1
GCA_020722945_1	ttrA	1
GCA_020722945_1	ttrB	3
GCA_020722945_1	ttrC	1
GCA_020722945_1	tusA	4
GCA_020722945_1	tusD	2
GCA_020722945_1	xsc	1
GCA_020849855_1	acuI	3
GCA_020849855_1	aprA	1
GCA_020849855_1	betA	4
GCA_020849855_1	betB	5
GCA_020849855_1	comB	1
GCA_020849855_1	comE	1
GCA_020849855_1	cysA	3
GCA_020849855_1	cysC	10
GCA_020849855_1	cysD	3
GCA_020849855_1	cysE	5
GCA_020849855_1	cysI	2
GCA_020849855_1	cysJ	6
GCA_020849855_1	cysK	15
GCA_020849855_1	cysM	5
GCA_020849855_1	cysN	2
GCA_020849855_1	cysN_cysC	2
GCA_020849855_1	cysQ	8
GCA_020849855_1	cysU	5
GCA_020849855_1	dddP	2
GCA_020849855_1	dmdA	1
GCA_020849855_1	dmdB	1
GCA_020849855_1	dmdC	3
GCA_020849855_1	dmdD	2
GCA_020849855_1	dmsA	2
GCA_020849855_1	dmsB	1
GCA_020849855_1	dmsC	1
GCA_020849855_1	dsrA	2
GCA_020849855_1	fccB	1
GCA_020849855_1	gdh	1
GCA_020849855_1	glpE	7
GCA_020849855_1	hdrD	2
GCA_020849855_1	isfD	3
GCA_020849855_1	mdh	8
GCA_020849855_1	metA	2
GCA_020849855_1	metB	2
GCA_020849855_1	metC	3
GCA_020849855_1	metZ	2
GCA_020849855_1	nrnA	3
GCA_020849855_1	phsA	1
GCA_020849855_1	prpE	1
GCA_020849855_1	pta	3
GCA_020849855_1	sat	2
GCA_020849855_1	sbp	1
GCA_020849855_1	sgpB	1
GCA_020849855_1	slcC	1
GCA_020849855_1	soxA	5
GCA_020849855_1	soxB	2
GCA_020849855_1	sqdX	6
GCA_020849855_1	sqr	1
GCA_020849855_1	ssuA	2
GCA_020849855_1	ssuB	6
GCA_020849855_1	ssuC	3
GCA_020849855_1	ssuD	2
GCA_020849855_1	ssuE	1
GCA_020849855_1	sudA	4
GCA_020849855_1	sulP	2
GCA_020849855_1	tauA	2
GCA_020849855_1	tauB	3
GCA_020849855_1	tauZ	1
GCA_020849855_1	tmoC	2
GCA_020849855_1	tsdA	1
GCA_020849855_1	ttrA	1
GCA_020849855_1	tusA	3
GCA_020849855_1	tusD	2
GCA_020850775_1	acuI	2
GCA_020850775_1	asrB	3
GCA_020850775_1	betA	5
GCA_020850775_1	betB	8
GCA_020850775_1	cuyA	1
GCA_020850775_1	cysA	1
GCA_020850775_1	cysC	10
GCA_020850775_1	cysD	1
GCA_020850775_1	cysE	10
GCA_020850775_1	cysI	2
GCA_020850775_1	cysJ	6
GCA_020850775_1	cysK	8
GCA_020850775_1	cysM	5
GCA_020850775_1	cysN	2
GCA_020850775_1	cysN_cysC	4
GCA_020850775_1	cysP	1
GCA_020850775_1	cysQ	2
GCA_020850775_1	cysU	1
GCA_020850775_1	cysW	1
GCA_020850775_1	ddhA	1
GCA_020850775_1	dmdA	1
GCA_020850775_1	dmdC	5
GCA_020850775_1	dmdD	2
GCA_020850775_1	dmsA	14
GCA_020850775_1	dmsC	1
GCA_020850775_1	dsrP	1
GCA_020850775_1	fccB	1
GCA_020850775_1	gdh	3
GCA_020850775_1	glpE	8
GCA_020850775_1	hdrD	1
GCA_020850775_1	hydA	1
GCA_020850775_1	iseM	1
GCA_020850775_1	isfD	2
GCA_020850775_1	mddA	1
GCA_020850775_1	mdh	12
GCA_020850775_1	metB	3
GCA_020850775_1	metC	8
GCA_020850775_1	metZ	3
GCA_020850775_1	nrnA	2
GCA_020850775_1	prpE	1
GCA_020850775_1	pta	6
GCA_020850775_1	sat	2
GCA_020850775_1	sbp	2
GCA_020850775_1	sgpC	1
GCA_020850775_1	shyC	2
GCA_020850775_1	shyD	1
GCA_020850775_1	sir	1
GCA_020850775_1	slcC	1
GCA_020850775_1	soxB	2
GCA_020850775_1	soxC	3
GCA_020850775_1	sqdB	1
GCA_020850775_1	sqdX	12
GCA_020850775_1	ssuA	22
GCA_020850775_1	ssuB	5
GCA_020850775_1	ssuC	3
GCA_020850775_1	ssuD	5
GCA_020850775_1	sudA	2
GCA_020850775_1	sudB	1
GCA_020850775_1	sulP	6
GCA_020850775_1	tauA	1
GCA_020850775_1	tauB	3
GCA_020850775_1	tauY	1
GCA_020850775_1	tsdA	2
GCA_020850775_1	ttrA	1
GCA_020850775_1	ttrB	4
GCA_020850775_1	ttrC	1
GCA_020850775_1	tusA	1
GCA_020850775_1	tusB	1
GCA_020850775_1	tusD	1
GCA_021158465_1	asrC	1
GCA_021158465_1	betA	2
GCA_021158465_1	betB	4
GCA_021158465_1	comE	1
GCA_021158465_1	cuyA	1
GCA_021158465_1	cysA	2
GCA_021158465_1	cysC	12
GCA_021158465_1	cysD	1
GCA_021158465_1	cysE	3
GCA_021158465_1	cysI	1
GCA_021158465_1	cysJ	3
GCA_021158465_1	cysK	5
GCA_021158465_1	cysM	3
GCA_021158465_1	cysN	2
GCA_021158465_1	cysN_cysC	4
GCA_021158465_1	cysU	1
GCA_021158465_1	cysW	1
GCA_021158465_1	dddW	1
GCA_021158465_1	dmdA	1
GCA_021158465_1	dmdC	1
GCA_021158465_1	dmsA	5
GCA_021158465_1	dmsB	2
GCA_021158465_1	dmsC	1
GCA_021158465_1	dsrA	1
GCA_021158465_1	gdh	1
GCA_021158465_1	glpE	1
GCA_021158465_1	hdrA2	2
GCA_021158465_1	hdrB1	1
GCA_021158465_1	hdrC1	1
GCA_021158465_1	hdrD	1
GCA_021158465_1	mdh	9
GCA_021158465_1	metA	1
GCA_021158465_1	metC	1
GCA_021158465_1	nrnA	3
GCA_021158465_1	pta	8
GCA_021158465_1	sat	3
GCA_021158465_1	sgpB	2
GCA_021158465_1	shyC	2
GCA_021158465_1	soxA	1
GCA_021158465_1	soxB	2
GCA_021158465_1	sqdX	10
GCA_021158465_1	ssuA	9
GCA_021158465_1	ssuB	3
GCA_021158465_1	ssuC	1
GCA_021158465_1	ssuD	1
GCA_021158465_1	sudA	3
GCA_021158465_1	sudB	2
GCA_021158465_1	sulP	3
GCA_021158465_1	tauA	1
GCA_021158465_1	tauB	1
GCA_021158465_1	tpa	1
GCA_021158465_1	ttrA	1
GCA_021158465_1	tusB	1
GCA_021161405_1	cysA	4
GCA_021161405_1	cysC	4
GCA_021161405_1	cysK	1
GCA_021161405_1	cysM	2
GCA_021161405_1	cysN	1
GCA_021161405_1	cysN_cysC	1
GCA_021161405_1	cysU	1
GCA_021161405_1	dmsA	1
GCA_021161405_1	gdh	1
GCA_021161405_1	glpE	1
GCA_021161405_1	mdh	2
GCA_021161405_1	metX	1
GCA_021161405_1	pta	3
GCA_021161405_1	sat	2
GCA_021161405_1	sqdB	1
GCA_021161405_1	sqdX	1
GCA_021161405_1	ssuB	1
GCA_021161405_1	sudA	1
GCA_021161405_1	tpa	1
GCA_021161405_1	ttrA	1
GCA_021162745_1	acuI	1
GCA_021162745_1	aprA	1
GCA_021162745_1	asrA	4
GCA_021162745_1	asrB	2
GCA_021162745_1	asrC	1
GCA_021162745_1	betA	8
GCA_021162745_1	betB	3
GCA_021162745_1	betC	1
GCA_021162745_1	comB	5
GCA_021162745_1	cysA	4
GCA_021162745_1	cysC	23
GCA_021162745_1	cysD	2
GCA_021162745_1	cysE	6
GCA_021162745_1	cysH	1
GCA_021162745_1	cysI	4
GCA_021162745_1	cysJ	7
GCA_021162745_1	cysK	15
GCA_021162745_1	cysM	7
GCA_021162745_1	cysN	2
GCA_021162745_1	cysN_cysC	4
GCA_021162745_1	cysP	2
GCA_021162745_1	cysQ	5
GCA_021162745_1	cysU	8
GCA_021162745_1	cysW	2
GCA_021162745_1	cysZ	2
GCA_021162745_1	dddP	2
GCA_021162745_1	dmdB	1
GCA_021162745_1	dmdC	2
GCA_021162745_1	dmsA	11
GCA_021162745_1	dmsB	2
GCA_021162745_1	dmsC	4
GCA_021162745_1	dsrA	2
GCA_021162745_1	dsrN	1
GCA_021162745_1	dsyB	1
GCA_021162745_1	fccB	1
GCA_021162745_1	gdh	2
GCA_021162745_1	glpE	14
GCA_021162745_1	hdrD	4
GCA_021162745_1	hpsK	1
GCA_021162745_1	hpsL	1
GCA_021162745_1	hpsM	1
GCA_021162745_1	isfD	2
GCA_021162745_1	mdh	16
GCA_021162745_1	metB	1
GCA_021162745_1	metC	4
GCA_021162745_1	metX	2
GCA_021162745_1	metY	2
GCA_021162745_1	metZ	5
GCA_021162745_1	nrnA	4
GCA_021162745_1	otr	2
GCA_021162745_1	phsC	1
GCA_021162745_1	prpE	3
GCA_021162745_1	psrC	1
GCA_021162745_1	pta	16
GCA_021162745_1	sat	5
GCA_021162745_1	sbp	1
GCA_021162745_1	sgpC	1
GCA_021162745_1	shyC	1
GCA_021162745_1	sir	13
GCA_021162745_1	slcC	2
GCA_021162745_1	soxB	1
GCA_021162745_1	soxX	1
GCA_021162745_1	soxZ	1
GCA_021162745_1	sqdB	2
GCA_021162745_1	sqdX	1
GCA_021162745_1	ssuA	17
GCA_021162745_1	ssuB	7
GCA_021162745_1	ssuC	4
GCA_021162745_1	ssuD	4
GCA_021162745_1	sudA	1
GCA_021162745_1	sulP	9
GCA_021162745_1	tauB	5
GCA_021162745_1	tauD	5
GCA_021162745_1	tbuC	1
GCA_021162745_1	tsdA	1
GCA_021162745_1	ttrA	1
GCA_021162745_1	tusA	3
GCA_021162745_1	tusB	1
GCA_021162745_1	tusD	3
GCA_021162745_1	xsc	1
GCA_021163085_1	aprA	1
GCA_021163085_1	aprB	1
GCA_021163085_1	betA	2
GCA_021163085_1	betB	4
GCA_021163085_1	cuyA	1
GCA_021163085_1	cysA	2
GCA_021163085_1	cysC	12
GCA_021163085_1	cysD	3
GCA_021163085_1	cysE	2
GCA_021163085_1	cysI	2
GCA_021163085_1	cysJ	2
GCA_021163085_1	cysK	8
GCA_021163085_1	cysM	3
GCA_021163085_1	cysN	1
GCA_021163085_1	cysN_cysC	6
GCA_021163085_1	cysQ	2
GCA_021163085_1	cysU	3
GCA_021163085_1	dmdC	1
GCA_021163085_1	dmsA	2
GCA_021163085_1	dmsB	1
GCA_021163085_1	dmsC	1
GCA_021163085_1	dsrA	3
GCA_021163085_1	dsrB	2
GCA_021163085_1	dsrD	1
GCA_021163085_1	dsrK	1
GCA_021163085_1	dsrM	1
GCA_021163085_1	dsrN	1
GCA_021163085_1	dsrT	1
GCA_021163085_1	fsr	1
GCA_021163085_1	glpE	2
GCA_021163085_1	hpsN	1
GCA_021163085_1	hydD	1
GCA_021163085_1	mdh	12
GCA_021163085_1	metB	3
GCA_021163085_1	metC	7
GCA_021163085_1	metX	1
GCA_021163085_1	metZ	4
GCA_021163085_1	nrnA	4
GCA_021163085_1	phsC	1
GCA_021163085_1	prpE	2
GCA_021163085_1	pta	3
GCA_021163085_1	qmoA	1
GCA_021163085_1	qmoB	1
GCA_021163085_1	qmoC	1
GCA_021163085_1	sat	2
GCA_021163085_1	sbp	1
GCA_021163085_1	shyA	1
GCA_021163085_1	sir	2
GCA_021163085_1	slcC	1
GCA_021163085_1	soxX	1
GCA_021163085_1	sqdB	3
GCA_021163085_1	sqdX	3
GCA_021163085_1	ssuA	4
GCA_021163085_1	ssuB	7
GCA_021163085_1	ssuC	2
GCA_021163085_1	sudA	1
GCA_021163085_1	sudB	1
GCA_021163085_1	sulP	2
GCA_021163085_1	tauA	2
GCA_021163085_1	tauB	3
GCA_021163085_1	tauD	1
GCA_021163085_1	tpa	1
GCA_021163085_1	tsdA	1
GCA_021163085_1	ttrB	2
GCA_021163085_1	ttrC	1
GCA_021163085_1	tusA	1
GCA_021163085_1	tusB	1
GCA_021163085_1	tusD	1
GCA_021163085_1	xsc	1
GCA_021163225_1	cysA	3
GCA_021163225_1	cysC	2
GCA_021163225_1	cysD	1
GCA_021163225_1	cysE	1
GCA_021163225_1	cysI	1
GCA_021163225_1	cysJ	1
GCA_021163225_1	cysM	3
GCA_021163225_1	gdh	2
GCA_021163225_1	glpE	2
GCA_021163225_1	mdh	3
GCA_021163225_1	metZ	1
GCA_021163225_1	pta	3
GCA_021163225_1	sat	1
GCA_021163225_1	shyA	1
GCA_021163225_1	shyD	1
GCA_021163225_1	sir	1
GCA_021163225_1	sqdX	1
GCA_021163225_1	ttrA	1
GCA_021163225_1	tusA	1
GCA_021783475_1	acuI	1
GCA_021783475_1	aprA	3
GCA_021783475_1	aprB	1
GCA_021783475_1	asrA	1
GCA_021783475_1	asrB	1
GCA_021783475_1	asrC	2
GCA_021783475_1	betA	2
GCA_021783475_1	betB	5
GCA_021783475_1	comC	1
GCA_021783475_1	comE	1
GCA_021783475_1	cuyA	1
GCA_021783475_1	cysA	4
GCA_021783475_1	cysC	11
GCA_021783475_1	cysD	1
GCA_021783475_1	cysE	5
GCA_021783475_1	cysI	3
GCA_021783475_1	cysJ	4
GCA_021783475_1	cysK	4
GCA_021783475_1	cysM	4
GCA_021783475_1	cysN	4
GCA_021783475_1	cysN_cysC	3
GCA_021783475_1	cysQ	1
GCA_021783475_1	cysU	3
GCA_021783475_1	cysW	1
GCA_021783475_1	dddP	2
GCA_021783475_1	dmdA	1
GCA_021783475_1	dmsA	3
GCA_021783475_1	dmsB	3
GCA_021783475_1	dmsC	1
GCA_021783475_1	doxD	1
GCA_021783475_1	dsrA	2
GCA_021783475_1	dsrB	1
GCA_021783475_1	dsrC	2
GCA_021783475_1	dsrK	2
GCA_021783475_1	dsrM	1
GCA_021783475_1	dsrN	1
GCA_021783475_1	gdh	2
GCA_021783475_1	glpE	7
GCA_021783475_1	hdrA1	4
GCA_021783475_1	hdrA2	1
GCA_021783475_1	hdrC2	1
GCA_021783475_1	hdrD	3
GCA_021783475_1	hpsN	2
GCA_021783475_1	mdh	8
GCA_021783475_1	metB	1
GCA_021783475_1	metC	8
GCA_021783475_1	metX	1
GCA_021783475_1	metZ	1
GCA_021783475_1	nrnA	5
GCA_021783475_1	phsA	1
GCA_021783475_1	phsC	1
GCA_021783475_1	prpE	3
GCA_021783475_1	pta	2
GCA_021783475_1	qmoA	1
GCA_021783475_1	qmoB	1
GCA_021783475_1	qmoC	1
GCA_021783475_1	sat	3
GCA_021783475_1	sir	2
GCA_021783475_1	slcC	2
GCA_021783475_1	soxB	1
GCA_021783475_1	soxC	1
GCA_021783475_1	soxX	2
GCA_021783475_1	sqdB	1
GCA_021783475_1	sqdX	5
GCA_021783475_1	sqr	2
GCA_021783475_1	ssuA	3
GCA_021783475_1	ssuB	6
GCA_021783475_1	ssuC	2
GCA_021783475_1	sudA	4
GCA_021783475_1	sulP	6
GCA_021783475_1	tauA	1
GCA_021783475_1	tauB	3
GCA_021783475_1	tauD	4
GCA_021783475_1	tpa	3
GCA_021783475_1	tsdA	1
GCA_021783475_1	ttrA	1
GCA_021783475_1	ttrB	4
GCA_021783475_1	tusA	4
GCA_021783475_1	tusB	2
GCA_021783475_1	tusD	1
GCA_021783475_1	tusE	2
GCA_021783475_1	xsc	1
GCA_021787655_1	acuI	2
GCA_021787655_1	aprA	1
GCA_021787655_1	aprB	1
GCA_021787655_1	asrA	1
GCA_021787655_1	betA	7
GCA_021787655_1	betB	7
GCA_021787655_1	comB	1
GCA_021787655_1	cuyA	1
GCA_021787655_1	cysA	5
GCA_021787655_1	cysC	7
GCA_021787655_1	cysD	2
GCA_021787655_1	cysE	4
GCA_021787655_1	cysH	5
GCA_021787655_1	cysI	1
GCA_021787655_1	cysJ	4
GCA_021787655_1	cysK	9
GCA_021787655_1	cysM	7
GCA_021787655_1	cysN	1
GCA_021787655_1	cysN_cysC	7
GCA_021787655_1	cysP	2
GCA_021787655_1	cysQ	1
GCA_021787655_1	cysU	4
GCA_021787655_1	cysW	1
GCA_021787655_1	cysZ	1
GCA_021787655_1	dddP	1
GCA_021787655_1	dmdA	1
GCA_021787655_1	dmdB	8
GCA_021787655_1	dmdC	13
GCA_021787655_1	dmdD	1
GCA_021787655_1	dmsA	7
GCA_021787655_1	dmsB	2
GCA_021787655_1	dmsC	1
GCA_021787655_1	dsrA	2
GCA_021787655_1	dsrB	2
GCA_021787655_1	dsrC	1
GCA_021787655_1	dsrJ	1
GCA_021787655_1	dsrK	3
GCA_021787655_1	dsrM	2
GCA_021787655_1	dsrN	1
GCA_021787655_1	dsrT	1
GCA_021787655_1	dsyB	2
GCA_021787655_1	gdh	2
GCA_021787655_1	glpE	7
GCA_021787655_1	hdrD	2
GCA_021787655_1	hpsN	1
GCA_021787655_1	isfD	6
GCA_021787655_1	mdh	10
GCA_021787655_1	metA	1
GCA_021787655_1	metB	1
GCA_021787655_1	metC	8
GCA_021787655_1	metY	1
GCA_021787655_1	metZ	1
GCA_021787655_1	nrnA	2
GCA_021787655_1	otr	1
GCA_021787655_1	phsB	1
GCA_021787655_1	prpE	2
GCA_021787655_1	pta	4
GCA_021787655_1	qmoA	1
GCA_021787655_1	qmoB	1
GCA_021787655_1	qmoC	1
GCA_021787655_1	sat	2
GCA_021787655_1	sbp	4
GCA_021787655_1	sgpB	1
GCA_021787655_1	sir	3
GCA_021787655_1	slcC	1
GCA_021787655_1	soxB	1
GCA_021787655_1	sqdX	4
GCA_021787655_1	ssuA	10
GCA_021787655_1	ssuB	6
GCA_021787655_1	ssuC	5
GCA_021787655_1	ssuD	3
GCA_021787655_1	ssuE	1
GCA_021787655_1	sudA	5
GCA_021787655_1	sudB	1
GCA_021787655_1	sulP	4
GCA_021787655_1	tauB	2
GCA_021787655_1	tauD	1
GCA_021787655_1	tpa	4
GCA_021787655_1	tsdA	2
GCA_021787655_1	ttrA	1
GCA_021787655_1	ttrB	3
GCA_021787655_1	tusA	1
GCA_021787655_1	tusB	2
GCA_021787655_1	tusD	2
GCA_021787655_1	xsc	2
GCA_021787655_1	yihQ	4
GCA_021805805_1	acuI	7
GCA_021805805_1	betA	6
GCA_021805805_1	betB	8
GCA_021805805_1	betC	1
GCA_021805805_1	cuyA	1
GCA_021805805_1	cysA	9
GCA_021805805_1	cysC	16
GCA_021805805_1	cysD	6
GCA_021805805_1	cysE	3
GCA_021805805_1	cysH	7
GCA_021805805_1	cysI	4
GCA_021805805_1	cysJ	7
GCA_021805805_1	cysK	15
GCA_021805805_1	cysM	11
GCA_021805805_1	cysN	6
GCA_021805805_1	cysN_cysC	10
GCA_021805805_1	cysP	4
GCA_021805805_1	cysQ	7
GCA_021805805_1	cysU	16
GCA_021805805_1	cysW	1
GCA_021805805_1	cysZ	2
GCA_021805805_1	dmdA	1
GCA_021805805_1	dmdB	11
GCA_021805805_1	dmdC	11
GCA_021805805_1	dmdD	5
GCA_021805805_1	dmsA	8
GCA_021805805_1	dmsB	2
GCA_021805805_1	dmsC	1
GCA_021805805_1	dsrA	1
GCA_021805805_1	dsrB	2
GCA_021805805_1	dsyB	1
GCA_021805805_1	fccB	2
GCA_021805805_1	gdh	2
GCA_021805805_1	glpE	13
GCA_021805805_1	hdrA1	2
GCA_021805805_1	hpsN	1
GCA_021805805_1	hydD	1
GCA_021805805_1	isfD	4
GCA_021805805_1	mdh	14
GCA_021805805_1	metA	1
GCA_021805805_1	metB	2
GCA_021805805_1	metC	10
GCA_021805805_1	metX	2
GCA_021805805_1	metY	1
GCA_021805805_1	metZ	6
GCA_021805805_1	nrnA	3
GCA_021805805_1	otr	2
GCA_021805805_1	phsB	1
GCA_021805805_1	phsC	1
GCA_021805805_1	prpE	6
GCA_021805805_1	pta	15
GCA_021805805_1	sat	2
GCA_021805805_1	sgpB	1
GCA_021805805_1	sgpC	1
GCA_021805805_1	shyA	2
GCA_021805805_1	sir	7
GCA_021805805_1	slcC	2
GCA_021805805_1	slcD	1
GCA_021805805_1	soeA	1
GCA_021805805_1	sorA	1
GCA_021805805_1	soxA	2
GCA_021805805_1	soxB	1
GCA_021805805_1	soxC	1
GCA_021805805_1	soxD	3
GCA_021805805_1	soxX	3
GCA_021805805_1	soxY	1
GCA_021805805_1	soxZ	2
GCA_021805805_1	sqdX	2
GCA_021805805_1	sqr	1
GCA_021805805_1	sseA	3
GCA_021805805_1	ssuA	10
GCA_021805805_1	ssuB	11
GCA_021805805_1	ssuC	7
GCA_021805805_1	ssuD	4
GCA_021805805_1	ssuE	1
GCA_021805805_1	sudA	7
GCA_021805805_1	sulP	5
GCA_021805805_1	tauA	3
GCA_021805805_1	tauB	5
GCA_021805805_1	tauD	3
GCA_021805805_1	tbuC	5
GCA_021805805_1	tetH	1
GCA_021805805_1	tpa	7
GCA_021805805_1	tsdA	2
GCA_021805805_1	tsdB	2
GCA_021805805_1	ttrA	3
GCA_021805805_1	ttrB	1
GCA_021805805_1	ttrC	1
GCA_021805805_1	tusA	7
GCA_021805805_1	tusB	2
GCA_021805805_1	tusD	1
GCA_021805805_1	xsc	5
GCA_021806125_1	aprA	1
GCA_021806125_1	aprB	1
GCA_021806125_1	asrA	2
GCA_021806125_1	asrB	1
GCA_021806125_1	betA	1
GCA_021806125_1	betB	4
GCA_021806125_1	cuyA	1
GCA_021806125_1	cysA	3
GCA_021806125_1	cysC	7
GCA_021806125_1	cysD	1
GCA_021806125_1	cysE	3
GCA_021806125_1	cysH	1
GCA_021806125_1	cysI	3
GCA_021806125_1	cysJ	3
GCA_021806125_1	cysK	7
GCA_021806125_1	cysM	5
GCA_021806125_1	cysN	1
GCA_021806125_1	cysN_cysC	4
GCA_021806125_1	cysQ	1
GCA_021806125_1	cysU	1
GCA_021806125_1	dmdA	1
GCA_021806125_1	dmdC	1
GCA_021806125_1	dmsA	3
GCA_021806125_1	dmsB	2
GCA_021806125_1	dmsC	2
GCA_021806125_1	dsrA	3
GCA_021806125_1	dsrB	1
GCA_021806125_1	dsrE	2
GCA_021806125_1	dsrF	1
GCA_021806125_1	dsrH	1
GCA_021806125_1	dsrK	2
GCA_021806125_1	dsrM	2
GCA_021806125_1	dsrN	1
GCA_021806125_1	gdh	1
GCA_021806125_1	glpE	8
GCA_021806125_1	hdrA1	1
GCA_021806125_1	hdrA2	1
GCA_021806125_1	hdrB1	1
GCA_021806125_1	hdrB2	2
GCA_021806125_1	hdrC1	1
GCA_021806125_1	hdrC2	1
GCA_021806125_1	hpsN	1
GCA_021806125_1	hpsP	1
GCA_021806125_1	mdh	9
GCA_021806125_1	metC	4
GCA_021806125_1	metX	2
GCA_021806125_1	metZ	1
GCA_021806125_1	mtsB	1
GCA_021806125_1	nrnA	2
GCA_021806125_1	prpE	1
GCA_021806125_1	psrC	1
GCA_021806125_1	pta	6
GCA_021806125_1	qmoA	1
GCA_021806125_1	qmoB	1
GCA_021806125_1	qmoC	1
GCA_021806125_1	sat	3
GCA_021806125_1	sir	2
GCA_021806125_1	slcC	2
GCA_021806125_1	soxB	2
GCA_021806125_1	soxC	1
GCA_021806125_1	soxX	2
GCA_021806125_1	soxY	1
GCA_021806125_1	soxZ	1
GCA_021806125_1	sqdX	5
GCA_021806125_1	sqr	2
GCA_021806125_1	ssuA	3
GCA_021806125_1	ssuB	5
GCA_021806125_1	ssuC	4
GCA_021806125_1	ssuD	1
GCA_021806125_1	sudA	5
GCA_021806125_1	sudB	2
GCA_021806125_1	tauB	2
GCA_021806125_1	tauD	2
GCA_021806125_1	tpa	2
GCA_021806125_1	tsdA	1
GCA_021806125_1	ttrB	1
GCA_021806125_1	tusA	4
GCA_021806125_1	tusD	1
GCA_021806125_1	tusE	2
GCA_021806125_1	xsc	1
GCA_021827365_1	acuI	3
GCA_021827365_1	aprA	1
GCA_021827365_1	asrA	1
GCA_021827365_1	asrB	2
GCA_021827365_1	betA	2
GCA_021827365_1	betB	3
GCA_021827365_1	cysC	8
GCA_021827365_1	cysD	1
GCA_021827365_1	cysE	4
GCA_021827365_1	cysH	3
GCA_021827365_1	cysI	1
GCA_021827365_1	cysJ	4
GCA_021827365_1	cysK	8
GCA_021827365_1	cysM	2
GCA_021827365_1	cysN	4
GCA_021827365_1	cysN_cysC	5
GCA_021827365_1	cysQ	3
GCA_021827365_1	cysU	4
GCA_021827365_1	dmdB	1
GCA_021827365_1	dmsA	2
GCA_021827365_1	dmsC	1
GCA_021827365_1	dsrN	1
GCA_021827365_1	dsyB	2
GCA_021827365_1	fccB	2
GCA_021827365_1	glpE	8
GCA_021827365_1	hdrA1	1
GCA_021827365_1	hpsN	1
GCA_021827365_1	hpsP	2
GCA_021827365_1	hydB	1
GCA_021827365_1	hydD	1
GCA_021827365_1	hydG	1
GCA_021827365_1	isfD	2
GCA_021827365_1	mdh	10
GCA_021827365_1	metA	1
GCA_021827365_1	metB	1
GCA_021827365_1	metC	2
GCA_021827365_1	metX	1
GCA_021827365_1	metY	1
GCA_021827365_1	metZ	3
GCA_021827365_1	nrnA	1
GCA_021827365_1	prpE	1
GCA_021827365_1	pta	7
GCA_021827365_1	sat	3
GCA_021827365_1	sbp	1
GCA_021827365_1	sgpB	1
GCA_021827365_1	shyA	2
GCA_021827365_1	shyC	1
GCA_021827365_1	sir	1
GCA_021827365_1	soxB	1
GCA_021827365_1	soxX	2
GCA_021827365_1	soxY	1
GCA_021827365_1	sqdB	2
GCA_021827365_1	sqdX	8
GCA_021827365_1	sqr	3
GCA_021827365_1	ssuA	18
GCA_021827365_1	ssuB	8
GCA_021827365_1	ssuC	5
GCA_021827365_1	ssuD	1
GCA_021827365_1	sudA	3
GCA_021827365_1	sulP	1
GCA_021827365_1	tauB	2
GCA_021827365_1	tauD	1
GCA_021827365_1	tauZ	2
GCA_021827365_1	tetH	1
GCA_021827365_1	toa	1
GCA_021827365_1	tsdA	4
GCA_021827365_1	tsdB	2
GCA_021827365_1	tusA	1
GCA_021827365_1	tusB	1
GCA_021827365_1	xsc	2
GCA_021827445_1	acuI	1
GCA_021827445_1	aprA	4
GCA_021827445_1	asrA	1
GCA_021827445_1	asrC	1
GCA_021827445_1	betA	9
GCA_021827445_1	betB	4
GCA_021827445_1	comB	2
GCA_021827445_1	cuyA	1
GCA_021827445_1	cysA	3
GCA_021827445_1	cysC	22
GCA_021827445_1	cysD	3
GCA_021827445_1	cysE	8
GCA_021827445_1	cysH	2
GCA_021827445_1	cysI	1
GCA_021827445_1	cysJ	5
GCA_021827445_1	cysK	23
GCA_021827445_1	cysM	7
GCA_021827445_1	cysN	2
GCA_021827445_1	cysN_cysC	7
GCA_021827445_1	cysP	1
GCA_021827445_1	cysQ	1
GCA_021827445_1	cysU	12
GCA_021827445_1	cysZ	3
GCA_021827445_1	dddP	1
GCA_021827445_1	dmdA	1
GCA_021827445_1	dmoA	1
GCA_021827445_1	dmsA	9
GCA_021827445_1	dmsB	1
GCA_021827445_1	dmsC	2
GCA_021827445_1	doxD	1
GCA_021827445_1	dsrA	2
GCA_021827445_1	fccB	2
GCA_021827445_1	glpE	20
GCA_021827445_1	hdrA1	1
GCA_021827445_1	hdrB2	1
GCA_021827445_1	hdrC1	1
GCA_021827445_1	hpsN	1
GCA_021827445_1	isfD	3
GCA_021827445_1	mdh	14
GCA_021827445_1	metA	1
GCA_021827445_1	metB	5
GCA_021827445_1	metC	11
GCA_021827445_1	metX	2
GCA_021827445_1	metZ	6
GCA_021827445_1	nrnA	2
GCA_021827445_1	prpE	5
GCA_021827445_1	pta	11
GCA_021827445_1	sat	2
GCA_021827445_1	sgpB	1
GCA_021827445_1	shyA	1
GCA_021827445_1	sir	2
GCA_021827445_1	soeA	1
GCA_021827445_1	soeC	1
GCA_021827445_1	soxB	1
GCA_021827445_1	soxC	1
GCA_021827445_1	soxX	1
GCA_021827445_1	soxY	2
GCA_021827445_1	soxZ	1
GCA_021827445_1	sqdB	1
GCA_021827445_1	sqdX	6
GCA_021827445_1	sqr	2
GCA_021827445_1	ssuA	18
GCA_021827445_1	ssuB	13
GCA_021827445_1	ssuC	5
GCA_021827445_1	ssuD	6
GCA_021827445_1	sudA	7
GCA_021827445_1	sulP	7
GCA_021827445_1	tauB	6
GCA_021827445_1	tauD	10
GCA_021827445_1	tbuC	2
GCA_021827445_1	tmoC	1
GCA_021827445_1	touF	2
GCA_021827445_1	tpa	1
GCA_021827445_1	tsdA	2
GCA_021827445_1	tsdB	2
GCA_021827445_1	ttrC	3
GCA_021827445_1	tusA	2
GCA_021827445_1	tusB	2
GCA_021827445_1	tusE	1
GCA_021827445_1	xsc	3
GCA_022545375_1	acuI	5
GCA_022545375_1	asrA	1
GCA_022545375_1	asrB	1
GCA_022545375_1	betA	4
GCA_022545375_1	betB	6
GCA_022545375_1	betC	1
GCA_022545375_1	cuyA	2
GCA_022545375_1	cysA	2
GCA_022545375_1	cysC	12
GCA_022545375_1	cysD	2
GCA_022545375_1	cysE	4
GCA_022545375_1	cysH	3
GCA_022545375_1	cysJ	4
GCA_022545375_1	cysK	7
GCA_022545375_1	cysM	2
GCA_022545375_1	cysN	2
GCA_022545375_1	cysN_cysC	5
GCA_022545375_1	cysP	2
GCA_022545375_1	cysQ	2
GCA_022545375_1	cysU	2
GCA_022545375_1	cysZ	1
GCA_022545375_1	dddP	1
GCA_022545375_1	dmdB	1
GCA_022545375_1	dmdC	1
GCA_022545375_1	dmsA	6
GCA_022545375_1	dmsC	3
GCA_022545375_1	dsrA	1
GCA_022545375_1	dsyB	3
GCA_022545375_1	gdh	2
GCA_022545375_1	glpE	11
GCA_022545375_1	hdrD	1
GCA_022545375_1	mdh	10
GCA_022545375_1	metA	1
GCA_022545375_1	metB	1
GCA_022545375_1	metC	9
GCA_022545375_1	metX	3
GCA_022545375_1	metY	1
GCA_022545375_1	metZ	1
GCA_022545375_1	msmA	1
GCA_022545375_1	nrnA	3
GCA_022545375_1	prpE	3
GCA_022545375_1	pta	3
GCA_022545375_1	sat	3
GCA_022545375_1	sbp	1
GCA_022545375_1	sgpC	1
GCA_022545375_1	sir	1
GCA_022545375_1	slcC	1
GCA_022545375_1	soxB	1
GCA_022545375_1	sqdX	7
GCA_022545375_1	sqr	1
GCA_022545375_1	sseA	4
GCA_022545375_1	ssuA	3
GCA_022545375_1	ssuB	4
GCA_022545375_1	ssuC	2
GCA_022545375_1	ssuD	1
GCA_022545375_1	ssuE	1
GCA_022545375_1	sudA	2
GCA_022545375_1	sulP	5
GCA_022545375_1	tauB	1
GCA_022545375_1	tmoC	1
GCA_022545375_1	tpa	4
GCA_022545375_1	tsdA	1
GCA_022545375_1	ttrA	1
GCA_022545375_1	tusA	2
GCA_022545375_1	tusB	1
GCA_022545375_1	tusD	2
GCA_022600395_1	acuI	2
GCA_022600395_1	aprA	1
GCA_022600395_1	asrA	1
GCA_022600395_1	betA	3
GCA_022600395_1	betB	3
GCA_022600395_1	comB	1
GCA_022600395_1	cuyA	1
GCA_022600395_1	cysA	4
GCA_022600395_1	cysC	6
GCA_022600395_1	cysD	2
GCA_022600395_1	cysE	4
GCA_022600395_1	cysJ	4
GCA_022600395_1	cysK	7
GCA_022600395_1	cysM	5
GCA_022600395_1	cysN	4
GCA_022600395_1	cysN_cysC	6
GCA_022600395_1	cysQ	1
GCA_022600395_1	cysU	2
GCA_022600395_1	cysW	1
GCA_022600395_1	cysZ	1
GCA_022600395_1	dddP	1
GCA_022600395_1	dmdA	1
GCA_022600395_1	dmsA	4
GCA_022600395_1	dmsC	1
GCA_022600395_1	dsrA	1
GCA_022600395_1	dsrB	1
GCA_022600395_1	dsrC	1
GCA_022600395_1	dsrE	1
GCA_022600395_1	dsrJ	1
GCA_022600395_1	dsrK	1
GCA_022600395_1	dsrL	2
GCA_022600395_1	dsrM	1
GCA_022600395_1	dsrN	1
GCA_022600395_1	dsyB	2
GCA_022600395_1	glpE	13
GCA_022600395_1	hdrE	1
GCA_022600395_1	hpsN	2
GCA_022600395_1	isfD	1
GCA_022600395_1	mdh	7
GCA_022600395_1	metA	2
GCA_022600395_1	metB	1
GCA_022600395_1	metC	3
GCA_022600395_1	metY	1
GCA_022600395_1	metZ	3
GCA_022600395_1	nrnA	2
GCA_022600395_1	phsB	1
GCA_022600395_1	prpE	2
GCA_022600395_1	pta	3
GCA_022600395_1	sat	5
GCA_022600395_1	sgpC	1
GCA_022600395_1	sir	1
GCA_022600395_1	slcC	2
GCA_022600395_1	slcD	1
GCA_022600395_1	soeA	1
GCA_022600395_1	soxA	2
GCA_022600395_1	soxB	1
GCA_022600395_1	soxC	2
GCA_022600395_1	soxL	1
GCA_022600395_1	soxX	1
GCA_022600395_1	soxY	1
GCA_022600395_1	soxZ	1
GCA_022600395_1	sqr	2
GCA_022600395_1	ssuB	10
GCA_022600395_1	ssuC	1
GCA_022600395_1	ssuD	1
GCA_022600395_1	sudA	3
GCA_022600395_1	sulP	2
GCA_022600395_1	tauA	2
GCA_022600395_1	tauB	2
GCA_022600395_1	tbuC	1
GCA_022600395_1	tsdA	2
GCA_022600395_1	tsdB	3
GCA_022600395_1	ttrC	1
GCA_022600395_1	tusA	1
GCA_022600395_1	tusB	1
GCA_022600395_1	tusD	1
GCA_022600395_1	tusE	1
GCA_022600395_1	xsc	1
GCA_022601475_1	acuI	1
GCA_022601475_1	betA	3
GCA_022601475_1	comB	1
GCA_022601475_1	cysC	8
GCA_022601475_1	cysD	1
GCA_022601475_1	cysE	2
GCA_022601475_1	cysH	1
GCA_022601475_1	cysI	2
GCA_022601475_1	cysJ	2
GCA_022601475_1	cysK	2
GCA_022601475_1	cysM	4
GCA_022601475_1	cysN	1
GCA_022601475_1	cysN_cysC	3
GCA_022601475_1	cysP	1
GCA_022601475_1	cysQ	1
GCA_022601475_1	cysU	1
GCA_022601475_1	dddP	1
GCA_022601475_1	dmsA	2
GCA_022601475_1	dmsC	1
GCA_022601475_1	dsrA	1
GCA_022601475_1	fccB	1
GCA_022601475_1	gdh	1
GCA_022601475_1	glpE	3
GCA_022601475_1	hpsP	2
GCA_022601475_1	isfD	1
GCA_022601475_1	mdh	8
GCA_022601475_1	metC	1
GCA_022601475_1	metY	1
GCA_022601475_1	metZ	2
GCA_022601475_1	nrnA	1
GCA_022601475_1	pta	3
GCA_022601475_1	sat	3
GCA_022601475_1	slcC	1
GCA_022601475_1	sqdB	2
GCA_022601475_1	sqdX	1
GCA_022601475_1	ssuA	2
GCA_022601475_1	ssuB	7
GCA_022601475_1	ssuC	1
GCA_022601475_1	ssuD	1
GCA_022601475_1	ssuE	2
GCA_022601475_1	sudA	2
GCA_022601475_1	sulP	4
GCA_022601475_1	tauA	2
GCA_022601475_1	tauB	4
GCA_022601475_1	tauD	1
GCA_022601475_1	tpa	2
GCA_022601475_1	tsdA	1
GCA_022601475_1	tusA	1
GCA_022601475_1	tusD	1
GCA_022615475_1	acuI	3
GCA_022615475_1	asrB	1
GCA_022615475_1	betA	2
GCA_022615475_1	betB	4
GCA_022615475_1	betC	1
GCA_022615475_1	cuyA	1
GCA_022615475_1	cysA	2
GCA_022615475_1	cysC	14
GCA_022615475_1	cysD	3
GCA_022615475_1	cysE	3
GCA_022615475_1	cysH	3
GCA_022615475_1	cysI	2
GCA_022615475_1	cysJ	3
GCA_022615475_1	cysK	16
GCA_022615475_1	cysM	5
GCA_022615475_1	cysN	3
GCA_022615475_1	cysN_cysC	3
GCA_022615475_1	cysP	4
GCA_022615475_1	cysQ	1
GCA_022615475_1	cysU	5
GCA_022615475_1	dmdA	1
GCA_022615475_1	dmdB	1
GCA_022615475_1	dmdC	4
GCA_022615475_1	dmsA	4
GCA_022615475_1	dmsB	1
GCA_022615475_1	dmsC	1
GCA_022615475_1	dsrA	1
GCA_022615475_1	dsrB	1
GCA_022615475_1	dsrN	1
GCA_022615475_1	dsyB	1
GCA_022615475_1	gdh	1
GCA_022615475_1	glpE	15
GCA_022615475_1	hdrA2	6
GCA_022615475_1	hdrD	1
GCA_022615475_1	hpsL	1
GCA_022615475_1	hpsM	1
GCA_022615475_1	isfD	2
GCA_022615475_1	mdh	6
GCA_022615475_1	metA	1
GCA_022615475_1	metB	1
GCA_022615475_1	metC	2
GCA_022615475_1	metX	3
GCA_022615475_1	metZ	3
GCA_022615475_1	nrnA	4
GCA_022615475_1	phsA	1
GCA_022615475_1	prpE	2
GCA_022615475_1	psrC	1
GCA_022615475_1	pta	1
GCA_022615475_1	sat	7
GCA_022615475_1	sbp	1
GCA_022615475_1	sfnG	1
GCA_022615475_1	sgpB	1
GCA_022615475_1	slcC	1
GCA_022615475_1	soxC	1
GCA_022615475_1	soxD	1
GCA_022615475_1	soxX	2
GCA_022615475_1	soxY	1
GCA_022615475_1	sqdB	1
GCA_022615475_1	sqdX	6
GCA_022615475_1	sseA	2
GCA_022615475_1	ssuA	11
GCA_022615475_1	ssuB	4
GCA_022615475_1	ssuC	6
GCA_022615475_1	ssuD	2
GCA_022615475_1	sudA	1
GCA_022615475_1	tauA	2
GCA_022615475_1	tauB	3
GCA_022615475_1	tauD	2
GCA_022615475_1	tauY	1
GCA_022615475_1	tbuB	1
GCA_022615475_1	tpa	3
GCA_022615475_1	tsdA	1
GCA_022615475_1	ttrA	1
GCA_022615475_1	ttrB	4
GCA_022615475_1	tusA	5
GCA_022615475_1	tusB	1
GCA_022615475_1	xsc	4
GCA_022759145_1	asrC	1
GCA_022759145_1	betA	3
GCA_022759145_1	betB	2
GCA_022759145_1	cysA	2
GCA_022759145_1	cysC	14
GCA_022759145_1	cysD	3
GCA_022759145_1	cysE	4
GCA_022759145_1	cysH	2
GCA_022759145_1	cysI	1
GCA_022759145_1	cysJ	6
GCA_022759145_1	cysK	9
GCA_022759145_1	cysM	2
GCA_022759145_1	cysN	2
GCA_022759145_1	cysN_cysC	3
GCA_022759145_1	cysP	3
GCA_022759145_1	cysU	8
GCA_022759145_1	cysW	1
GCA_022759145_1	dddP	1
GCA_022759145_1	dmdA	1
GCA_022759145_1	dmdC	1
GCA_022759145_1	dmsB	1
GCA_022759145_1	gdh	1
GCA_022759145_1	glpE	3
GCA_022759145_1	hdrA1	1
GCA_022759145_1	hdrA2	1
GCA_022759145_1	hpsK	1
GCA_022759145_1	hpsM	1
GCA_022759145_1	hpsP	2
GCA_022759145_1	iseM	1
GCA_022759145_1	isfD	1
GCA_022759145_1	mdh	9
GCA_022759145_1	metC	1
GCA_022759145_1	nrnA	3
GCA_022759145_1	pta	4
GCA_022759145_1	sat	3
GCA_022759145_1	sbp	2
GCA_022759145_1	slcC	2
GCA_022759145_1	sorA	1
GCA_022759145_1	soxB	1
GCA_022759145_1	soxC	1
GCA_022759145_1	soxZ	1
GCA_022759145_1	sqdX	2
GCA_022759145_1	ssuA	1
GCA_022759145_1	ssuB	7
GCA_022759145_1	ssuC	4
GCA_022759145_1	ssuD	1
GCA_022759145_1	sudA	7
GCA_022759145_1	sudB	1
GCA_022759145_1	sulP	2
GCA_022759145_1	suyB	1
GCA_022759145_1	tauA	1
GCA_022759145_1	tauB	3
GCA_022759145_1	tauD	1
GCA_022759145_1	tpa	3
GCA_022759145_1	tsdA	1
GCA_022759145_1	ttrB	1
GCA_022759145_1	tusB	1
GCA_022759145_1	tusD	1
GCA_023128455_1	aprA	1
GCA_023128455_1	asrA	1
GCA_023128455_1	asrB	1
GCA_023128455_1	betA	1
GCA_023128455_1	betB	2
GCA_023128455_1	comB	1
GCA_023128455_1	cuyA	1
GCA_023128455_1	cysA	7
GCA_023128455_1	cysC	7
GCA_023128455_1	cysD	1
GCA_023128455_1	cysE	3
GCA_023128455_1	cysI	2
GCA_023128455_1	cysJ	5
GCA_023128455_1	cysK	8
GCA_023128455_1	cysM	2
GCA_023128455_1	cysN	2
GCA_023128455_1	cysN_cysC	3
GCA_023128455_1	cysP	1
GCA_023128455_1	cysQ	2
GCA_023128455_1	cysU	2
GCA_023128455_1	cysW	1
GCA_023128455_1	dddP	1
GCA_023128455_1	dmdB	2
GCA_023128455_1	dmsA	4
GCA_023128455_1	dmsB	2
GCA_023128455_1	dmsC	1
GCA_023128455_1	dsrA	1
GCA_023128455_1	dsrD	1
GCA_023128455_1	gdh	3
GCA_023128455_1	glpE	6
GCA_023128455_1	hdrA2	1
GCA_023128455_1	hdrD	1
GCA_023128455_1	hpsP	1
GCA_023128455_1	iseM	1
GCA_023128455_1	mdh	15
GCA_023128455_1	metB	1
GCA_023128455_1	metC	3
GCA_023128455_1	metX	1
GCA_023128455_1	metZ	3
GCA_023128455_1	nrnA	3
GCA_023128455_1	phsA	1
GCA_023128455_1	pta	5
GCA_023128455_1	sat	2
GCA_023128455_1	sbp	2
GCA_023128455_1	sgpC	1
GCA_023128455_1	slcC	1
GCA_023128455_1	soxC	1
GCA_023128455_1	sqdX	3
GCA_023128455_1	ssuA	1
GCA_023128455_1	ssuB	9
GCA_023128455_1	ssuC	1
GCA_023128455_1	ssuD	3
GCA_023128455_1	ssuE	1
GCA_023128455_1	sudA	5
GCA_023128455_1	sudB	2
GCA_023128455_1	sulP	2
GCA_023128455_1	tauB	3
GCA_023128455_1	tauD	2
GCA_023128455_1	tpa	1
GCA_023128455_1	tsdA	1
GCA_023128455_1	ttrB	1
GCA_023128455_1	tusB	1
GCA_023128455_1	tusD	1
GCA_023128455_1	xsc	1
GCA_023129115_1	asrC	1
GCA_023129115_1	betA	2
GCA_023129115_1	betB	1
GCA_023129115_1	comB	4
GCA_023129115_1	comC	1
GCA_023129115_1	cysA	3
GCA_023129115_1	cysC	6
GCA_023129115_1	cysD	1
GCA_023129115_1	cysE	2
GCA_023129115_1	cysI	1
GCA_023129115_1	cysJ	1
GCA_023129115_1	cysK	3
GCA_023129115_1	cysM	1
GCA_023129115_1	cysN	1
GCA_023129115_1	cysU	1
GCA_023129115_1	dddP	1
GCA_023129115_1	dmsB	1
GCA_023129115_1	gdh	1
GCA_023129115_1	glpE	2
GCA_023129115_1	hpsN	1
GCA_023129115_1	hydD	1
GCA_023129115_1	mdh	6
GCA_023129115_1	metC	1
GCA_023129115_1	metX	1
GCA_023129115_1	metZ	2
GCA_023129115_1	nrnA	1
GCA_023129115_1	pta	5
GCA_023129115_1	sat	1
GCA_023129115_1	shyC	1
GCA_023129115_1	sir	1
GCA_023129115_1	slcC	1
GCA_023129115_1	sqdB	1
GCA_023129115_1	sqdX	5
GCA_023129115_1	ssuB	1
GCA_023129115_1	sudA	1
GCA_023129115_1	tpa	1
GCA_023129115_1	ttrA	1
GCA_023129115_1	tusA	1
GCA_023129325_1	asrC	2
GCA_023129325_1	betA	3
GCA_023129325_1	betB	3
GCA_023129325_1	betC	1
GCA_023129325_1	comE	1
GCA_023129325_1	cuyA	1
GCA_023129325_1	cysA	1
GCA_023129325_1	cysC	14
GCA_023129325_1	cysD	1
GCA_023129325_1	cysE	9
GCA_023129325_1	cysH	1
GCA_023129325_1	cysJ	8
GCA_023129325_1	cysK	5
GCA_023129325_1	cysM	3
GCA_023129325_1	cysN	1
GCA_023129325_1	cysN_cysC	3
GCA_023129325_1	dddP	1
GCA_023129325_1	dmdA	1
GCA_023129325_1	dmdB	1
GCA_023129325_1	dmdC	1
GCA_023129325_1	dmsA	1
GCA_023129325_1	dmsB	1
GCA_023129325_1	dmsC	2
GCA_023129325_1	dsrA	1
GCA_023129325_1	gdh	1
GCA_023129325_1	glpE	3
GCA_023129325_1	hdrB2	1
GCA_023129325_1	hpsP	1
GCA_023129325_1	hydB	1
GCA_023129325_1	hydD	1
GCA_023129325_1	mddA	1
GCA_023129325_1	mdh	11
GCA_023129325_1	metB	2
GCA_023129325_1	metC	5
GCA_023129325_1	metZ	2
GCA_023129325_1	mtsB	1
GCA_023129325_1	nrnA	1
GCA_023129325_1	pta	6
GCA_023129325_1	sat	3
GCA_023129325_1	sgpB	1
GCA_023129325_1	shyA	2
GCA_023129325_1	shyC	1
GCA_023129325_1	sir	3
GCA_023129325_1	slcC	1
GCA_023129325_1	soxB	1
GCA_023129325_1	soxX	1
GCA_023129325_1	sqdX	26
GCA_023129325_1	ssuA	5
GCA_023129325_1	ssuB	3
GCA_023129325_1	ssuC	4
GCA_023129325_1	ssuD	3
GCA_023129325_1	ssuE	1
GCA_023129325_1	sudA	2
GCA_023129325_1	sudB	2
GCA_023129325_1	sulP	3
GCA_023129325_1	tauA	1
GCA_023129325_1	tauB	2
GCA_023129325_1	tpa	1
GCA_023129325_1	tsdA	1
GCA_023129325_1	tusA	1
GCA_023143305_1	asrC	1
GCA_023143305_1	betA	6
GCA_023143305_1	betB	3
GCA_023143305_1	cuyA	1
GCA_023143305_1	cysA	2
GCA_023143305_1	cysC	9
GCA_023143305_1	cysD	1
GCA_023143305_1	cysE	4
GCA_023143305_1	cysH	1
GCA_023143305_1	cysI	1
GCA_023143305_1	cysJ	4
GCA_023143305_1	cysK	5
GCA_023143305_1	cysM	3
GCA_023143305_1	cysN	3
GCA_023143305_1	cysN_cysC	4
GCA_023143305_1	cysP	1
GCA_023143305_1	cysU	3
GCA_023143305_1	cysW	1
GCA_023143305_1	dddP	1
GCA_023143305_1	dmdA	1
GCA_023143305_1	dmdC	1
GCA_023143305_1	dmsA	4
GCA_023143305_1	dmsB	1
GCA_023143305_1	dmsC	1
GCA_023143305_1	gdh	1
GCA_023143305_1	glpE	2
GCA_023143305_1	hpsN	1
GCA_023143305_1	mdh	7
GCA_023143305_1	metB	2
GCA_023143305_1	metC	6
GCA_023143305_1	nrnA	4
GCA_023143305_1	pta	7
GCA_023143305_1	sat	2
GCA_023143305_1	sbp	2
GCA_023143305_1	shyC	1
GCA_023143305_1	slcC	3
GCA_023143305_1	sqdB	1
GCA_023143305_1	sqdX	14
GCA_023143305_1	ssuA	2
GCA_023143305_1	ssuB	2
GCA_023143305_1	ssuC	1
GCA_023143305_1	ssuD	2
GCA_023143305_1	ssuE	1
GCA_023143305_1	sudA	1
GCA_023143305_1	sudB	1
GCA_023143305_1	sulP	7
GCA_023143305_1	tauA	2
GCA_023143305_1	tauB	4
GCA_023143305_1	tsdA	2
GCA_023143305_1	ttrA	2
GCA_023143305_1	ttrB	1
GCA_023143305_1	tusB	1
GCA_023143305_1	tusD	1
GCA_023143305_1	xsc	2
GCA_023144005_1	aprB	1
GCA_023144005_1	asrB	2
GCA_023144005_1	asrC	1
GCA_023144005_1	betB	2
GCA_023144005_1	comE	1
GCA_023144005_1	cuyA	1
GCA_023144005_1	cysA	4
GCA_023144005_1	cysC	12
GCA_023144005_1	cysE	4
GCA_023144005_1	cysH	1
GCA_023144005_1	cysI	2
GCA_023144005_1	cysJ	3
GCA_023144005_1	cysK	9
GCA_023144005_1	cysM	3
GCA_023144005_1	cysN	1
GCA_023144005_1	cysN_cysC	4
GCA_023144005_1	cysU	2
GCA_023144005_1	dddP	1
GCA_023144005_1	dmdA	1
GCA_023144005_1	dmdB	2
GCA_023144005_1	dmdC	1
GCA_023144005_1	dmsA	4
GCA_023144005_1	dmsB	2
GCA_023144005_1	dmsC	1
GCA_023144005_1	fccB	1
GCA_023144005_1	gdh	2
GCA_023144005_1	glpE	5
GCA_023144005_1	hdrA1	1
GCA_023144005_1	hdrA2	1
GCA_023144005_1	hdrB2	1
GCA_023144005_1	hydA	1
GCA_023144005_1	hydB	1
GCA_023144005_1	isfD	1
GCA_023144005_1	mccB	1
GCA_023144005_1	mdh	8
GCA_023144005_1	metA	1
GCA_023144005_1	metB	1
GCA_023144005_1	metC	2
GCA_023144005_1	metZ	1
GCA_023144005_1	nrnA	3
GCA_023144005_1	pta	4
GCA_023144005_1	qmoB	1
GCA_023144005_1	sat	3
GCA_023144005_1	sbp	1
GCA_023144005_1	sgpB	2
GCA_023144005_1	shyA	1
GCA_023144005_1	shyC	1
GCA_023144005_1	shyD	2
GCA_023144005_1	sir	2
GCA_023144005_1	slcC	2
GCA_023144005_1	soxB	3
GCA_023144005_1	sqdB	1
GCA_023144005_1	sqdX	16
GCA_023144005_1	ssuA	8
GCA_023144005_1	ssuB	6
GCA_023144005_1	ssuC	2
GCA_023144005_1	ssuD	1
GCA_023144005_1	sudA	5
GCA_023144005_1	sudB	1
GCA_023144005_1	sulP	4
GCA_023144005_1	tauA	5
GCA_023144005_1	tauB	5
GCA_023144005_1	tauD	2
GCA_023144005_1	tsdA	1
GCA_023144005_1	ttrA	1
GCA_023144005_1	ttrB	1
GCA_023144005_1	tusA	1
GCA_023144005_1	tusD	1
GCA_023150835_1	acuI	3
GCA_023150835_1	aprA	1
GCA_023150835_1	asrA	1
GCA_023150835_1	asrB	2
GCA_023150835_1	asrC	2
GCA_023150835_1	betA	3
GCA_023150835_1	betB	11
GCA_023150835_1	betC	3
GCA_023150835_1	comA	1
GCA_023150835_1	comB	4
GCA_023150835_1	cuyA	2
GCA_023150835_1	cysA	4
GCA_023150835_1	cysC	17
GCA_023150835_1	cysD	6
GCA_023150835_1	cysE	5
GCA_023150835_1	cysH	2
GCA_023150835_1	cysI	3
GCA_023150835_1	cysJ	4
GCA_023150835_1	cysK	10
GCA_023150835_1	cysM	6
GCA_023150835_1	cysN	4
GCA_023150835_1	cysN_cysC	5
GCA_023150835_1	cysP	4
GCA_023150835_1	cysQ	1
GCA_023150835_1	cysU	4
GCA_023150835_1	dddP	1
GCA_023150835_1	dmdA	1
GCA_023150835_1	dmdB	8
GCA_023150835_1	dmdC	13
GCA_023150835_1	dmdD	6
GCA_023150835_1	dmsA	6
GCA_023150835_1	dmsC	4
GCA_023150835_1	dsrB	1
GCA_023150835_1	gdh	1
GCA_023150835_1	glpE	10
GCA_023150835_1	hdrD	1
GCA_023150835_1	hpsM	1
GCA_023150835_1	hpsN	1
GCA_023150835_1	hpsP	1
GCA_023150835_1	hydD	1
GCA_023150835_1	isfD	4
GCA_023150835_1	mdh	15
GCA_023150835_1	metA	1
GCA_023150835_1	metB	3
GCA_023150835_1	metC	9
GCA_023150835_1	metX	4
GCA_023150835_1	metY	1
GCA_023150835_1	metZ	3
GCA_023150835_1	nrnA	3
GCA_023150835_1	prpE	1
GCA_023150835_1	pta	7
GCA_023150835_1	sat	3
GCA_023150835_1	sbp	2
GCA_023150835_1	shyA	1
GCA_023150835_1	shyC	1
GCA_023150835_1	sir	4
GCA_023150835_1	slcC	2
GCA_023150835_1	soxB	3
GCA_023150835_1	soxC	1
GCA_023150835_1	soxX	2
GCA_023150835_1	sqdB	2
GCA_023150835_1	sqdX	5
GCA_023150835_1	ssuA	17
GCA_023150835_1	ssuB	10
GCA_023150835_1	ssuC	2
GCA_023150835_1	ssuD	5
GCA_023150835_1	ssuE	2
GCA_023150835_1	sudA	4
GCA_023150835_1	sulP	12
GCA_023150835_1	tauA	2
GCA_023150835_1	tauB	2
GCA_023150835_1	tauD	1
GCA_023150835_1	tbuC	1
GCA_023150835_1	tmoC	1
GCA_023150835_1	tpa	1
GCA_023150835_1	tsdA	3
GCA_023150835_1	ttrA	1
GCA_023150835_1	ttrB	3
GCA_023150835_1	ttrC	1
GCA_023150835_1	tusD	2
GCA_023150835_1	xsc	1
GCA_023150835_1	yihQ	1
GCA_023255735_1	acuI	2
GCA_023255735_1	betA	4
GCA_023255735_1	betB	2
GCA_023255735_1	comB	1
GCA_023255735_1	cysA	3
GCA_023255735_1	cysC	19
GCA_023255735_1	cysD	2
GCA_023255735_1	cysE	6
GCA_023255735_1	cysI	2
GCA_023255735_1	cysJ	2
GCA_023255735_1	cysK	12
GCA_023255735_1	cysM	8
GCA_023255735_1	cysN	2
GCA_023255735_1	cysN_cysC	6
GCA_023255735_1	cysP	1
GCA_023255735_1	cysQ	5
GCA_023255735_1	cysU	9
GCA_023255735_1	cysW	1
GCA_023255735_1	cysZ	3
GCA_023255735_1	dddP	1
GCA_023255735_1	dmdB	1
GCA_023255735_1	dmoA	1
GCA_023255735_1	dmsA	5
GCA_023255735_1	dmsB	1
GCA_023255735_1	dmsC	1
GCA_023255735_1	dsrB	1
GCA_023255735_1	fccA	2
GCA_023255735_1	fccB	2
GCA_023255735_1	glpE	4
GCA_023255735_1	hdrD	1
GCA_023255735_1	hpsN	1
GCA_023255735_1	hpsP	1
GCA_023255735_1	isfD	1
GCA_023255735_1	mdh	9
GCA_023255735_1	metA	1
GCA_023255735_1	metB	1
GCA_023255735_1	metC	5
GCA_023255735_1	metX	2
GCA_023255735_1	metZ	4
GCA_023255735_1	msmA	1
GCA_023255735_1	nrnA	2
GCA_023255735_1	phsB	1
GCA_023255735_1	prpE	2
GCA_023255735_1	pta	10
GCA_023255735_1	sat	4
GCA_023255735_1	sgpB	2
GCA_023255735_1	sgpC	1
GCA_023255735_1	sir	5
GCA_023255735_1	slcC	2
GCA_023255735_1	soeA	1
GCA_023255735_1	soxA	4
GCA_023255735_1	soxB	2
GCA_023255735_1	soxC	2
GCA_023255735_1	soxD	1
GCA_023255735_1	soxX	4
GCA_023255735_1	soxY	2
GCA_023255735_1	soxZ	2
GCA_023255735_1	sqdX	6
GCA_023255735_1	sqr	2
GCA_023255735_1	sseA	2
GCA_023255735_1	ssuA	8
GCA_023255735_1	ssuB	7
GCA_023255735_1	ssuC	3
GCA_023255735_1	ssuD	3
GCA_023255735_1	sudA	1
GCA_023255735_1	sulP	4
GCA_023255735_1	tauA	1
GCA_023255735_1	tauB	4
GCA_023255735_1	tauD	3
GCA_023255735_1	tmoC	1
GCA_023255735_1	tpa	2
GCA_023255735_1	tsdA	2
GCA_023255735_1	tsdB	7
GCA_023255735_1	ttrA	2
GCA_023255735_1	tusA	3
GCA_023255735_1	tusD	1
GCA_023255735_1	tusE	1
GCA_023255735_1	xsc	1
GCA_023512665_1	asrA	1
GCA_023512665_1	asrB	1
GCA_023512665_1	betA	3
GCA_023512665_1	betB	7
GCA_023512665_1	comB	2
GCA_023512665_1	comE	1
GCA_023512665_1	cysA	4
GCA_023512665_1	cysC	13
GCA_023512665_1	cysD	3
GCA_023512665_1	cysE	3
GCA_023512665_1	cysI	2
GCA_023512665_1	cysJ	4
GCA_023512665_1	cysK	8
GCA_023512665_1	cysN	4
GCA_023512665_1	cysN_cysC	3
GCA_023512665_1	cysP	1
GCA_023512665_1	cysQ	2
GCA_023512665_1	cysU	1
GCA_023512665_1	dmdB	4
GCA_023512665_1	dmdC	3
GCA_023512665_1	fccB	1
GCA_023512665_1	gdh	4
GCA_023512665_1	glpE	6
GCA_023512665_1	hdrA1	3
GCA_023512665_1	hdrB2	2
GCA_023512665_1	hdrC2	2
GCA_023512665_1	hdrD	1
GCA_023512665_1	hpsP	2
GCA_023512665_1	hydA	1
GCA_023512665_1	hydD	1
GCA_023512665_1	isfD	1
GCA_023512665_1	mdh	6
GCA_023512665_1	metB	3
GCA_023512665_1	metC	3
GCA_023512665_1	metX	2
GCA_023512665_1	nrnA	1
GCA_023512665_1	prpE	3
GCA_023512665_1	pta	5
GCA_023512665_1	sat	4
GCA_023512665_1	shyA	1
GCA_023512665_1	shyC	1
GCA_023512665_1	shyD	1
GCA_023512665_1	soxA	1
GCA_023512665_1	soxX	2
GCA_023512665_1	sqdB	1
GCA_023512665_1	sqdX	2
GCA_023512665_1	sqr	1
GCA_023512665_1	sseA	3
GCA_023512665_1	ssuA	1
GCA_023512665_1	ssuB	2
GCA_023512665_1	ssuC	2
GCA_023512665_1	ssuD	2
GCA_023512665_1	ssuE	1
GCA_023512665_1	sudA	5
GCA_023512665_1	sulP	3
GCA_023512665_1	suyB	1
GCA_023512665_1	tauA	1
GCA_023512665_1	tauB	3
GCA_023512665_1	tauC	1
GCA_023512665_1	tpa	2
GCA_023512665_1	tsdA	1
GCA_023512665_1	ttrA	4
GCA_023512665_1	ttrB	2
GCA_023512665_1	tusA	1
GCA_023512665_1	tusD	1
GCA_024275095_1	asrA	1
GCA_024275095_1	asrB	1
GCA_024275095_1	betA	8
GCA_024275095_1	betB	7
GCA_024275095_1	betC	1
GCA_024275095_1	comB	1
GCA_024275095_1	cuyA	1
GCA_024275095_1	cysA	2
GCA_024275095_1	cysC	8
GCA_024275095_1	cysD	3
GCA_024275095_1	cysE	7
GCA_024275095_1	cysH	2
GCA_024275095_1	cysI	1
GCA_024275095_1	cysJ	4
GCA_024275095_1	cysK	6
GCA_024275095_1	cysM	5
GCA_024275095_1	cysN	2
GCA_024275095_1	cysN_cysC	5
GCA_024275095_1	cysP	1
GCA_024275095_1	cysQ	2
GCA_024275095_1	cysU	3
GCA_024275095_1	dddP	1
GCA_024275095_1	dmdA	1
GCA_024275095_1	dmdB	5
GCA_024275095_1	dmdC	19
GCA_024275095_1	dmdD	1
GCA_024275095_1	dmsA	9
GCA_024275095_1	dmsB	1
GCA_024275095_1	dmsC	1
GCA_024275095_1	dsrA	2
GCA_024275095_1	dsrN	1
GCA_024275095_1	gdh	2
GCA_024275095_1	glpE	8
GCA_024275095_1	hdrD	7
GCA_024275095_1	hpsM	1
GCA_024275095_1	hpsN	1
GCA_024275095_1	hpsP	3
GCA_024275095_1	mdh	11
GCA_024275095_1	metA	1
GCA_024275095_1	metB	2
GCA_024275095_1	metC	6
GCA_024275095_1	metZ	1
GCA_024275095_1	nrnA	2
GCA_024275095_1	pta	10
GCA_024275095_1	sat	5
GCA_024275095_1	sbp	1
GCA_024275095_1	sgpB	2
GCA_024275095_1	sir	3
GCA_024275095_1	slcC	1
GCA_024275095_1	soxB	1
GCA_024275095_1	sqdX	8
GCA_024275095_1	ssuA	9
GCA_024275095_1	ssuB	10
GCA_024275095_1	ssuC	2
GCA_024275095_1	ssuD	4
GCA_024275095_1	ssuE	1
GCA_024275095_1	sudA	3
GCA_024275095_1	sudB	1
GCA_024275095_1	sulP	2
GCA_024275095_1	tauA	1
GCA_024275095_1	tauB	4
GCA_024275095_1	tpa	3
GCA_024275095_1	tsdA	1
GCA_024275095_1	ttrB	3
GCA_024275095_1	tusA	3
GCA_024275095_1	tusB	1
GCA_024275095_1	tusD	1
GCA_024275095_1	xsc	2
GCA_024275095_1	yihQ	2
GCA_024275315_1	aprA	1
GCA_024275315_1	aprB	1
GCA_024275315_1	asrA	1
GCA_024275315_1	asrC	1
GCA_024275315_1	betA	3
GCA_024275315_1	betB	5
GCA_024275315_1	betC	1
GCA_024275315_1	comD	1
GCA_024275315_1	cuyA	1
GCA_024275315_1	cysA	2
GCA_024275315_1	cysC	16
GCA_024275315_1	cysD	1
GCA_024275315_1	cysE	3
GCA_024275315_1	cysH	2
GCA_024275315_1	cysI	1
GCA_024275315_1	cysJ	8
GCA_024275315_1	cysK	12
GCA_024275315_1	cysM	6
GCA_024275315_1	cysN	5
GCA_024275315_1	cysN_cysC	6
GCA_024275315_1	cysP	3
GCA_024275315_1	cysU	2
GCA_024275315_1	cysZ	2
GCA_024275315_1	dddP	1
GCA_024275315_1	dmdA	1
GCA_024275315_1	dmdB	2
GCA_024275315_1	dmdC	1
GCA_024275315_1	dmsA	11
GCA_024275315_1	dmsB	1
GCA_024275315_1	dmsC	2
GCA_024275315_1	dsrA	2
GCA_024275315_1	dsrB	1
GCA_024275315_1	dsrE	1
GCA_024275315_1	dsrF	1
GCA_024275315_1	dsrK	1
GCA_024275315_1	dsrM	1
GCA_024275315_1	dsrN	1
GCA_024275315_1	fccB	1
GCA_024275315_1	gdh	2
GCA_024275315_1	glpE	6
GCA_024275315_1	hdrB2	1
GCA_024275315_1	hdrD	5
GCA_024275315_1	hpsL	1
GCA_024275315_1	hpsN	1
GCA_024275315_1	iseM	1
GCA_024275315_1	isfD	2
GCA_024275315_1	mddA	1
GCA_024275315_1	mdh	16
GCA_024275315_1	metB	1
GCA_024275315_1	metC	3
GCA_024275315_1	metX	1
GCA_024275315_1	metY	2
GCA_024275315_1	metZ	3
GCA_024275315_1	mtsA	1
GCA_024275315_1	mtsB	3
GCA_024275315_1	nrnA	3
GCA_024275315_1	prpE	1
GCA_024275315_1	pta	3
GCA_024275315_1	qmoA	1
GCA_024275315_1	qmoB	1
GCA_024275315_1	qmoC	1
GCA_024275315_1	sat	3
GCA_024275315_1	sbp	2
GCA_024275315_1	sgpB	1
GCA_024275315_1	sgpC	1
GCA_024275315_1	sir	3
GCA_024275315_1	slcC	2
GCA_024275315_1	soxB	1
GCA_024275315_1	soxC	1
GCA_024275315_1	soxX	3
GCA_024275315_1	sqdB	4
GCA_024275315_1	sqdX	21
GCA_024275315_1	ssuA	16
GCA_024275315_1	ssuB	6
GCA_024275315_1	ssuC	3
GCA_024275315_1	ssuD	4
GCA_024275315_1	ssuE	1
GCA_024275315_1	sudA	7
GCA_024275315_1	sudB	2
GCA_024275315_1	sulP	8
GCA_024275315_1	tauB	3
GCA_024275315_1	tauD	1
GCA_024275315_1	tpa	3
GCA_024275315_1	tsdA	1
GCA_024275315_1	ttrA	2
GCA_024275315_1	ttrB	1
GCA_024275315_1	tusA	3
GCA_024275315_1	tusB	2
GCA_024275315_1	tusD	1
GCA_024275315_1	tusE	2
GCA_024275315_1	xsc	2
GCA_024275775_1	acuI	1
GCA_024275775_1	asrA	1
GCA_024275775_1	betA	2
GCA_024275775_1	betB	1
GCA_024275775_1	betC	2
GCA_024275775_1	comB	1
GCA_024275775_1	cuyA	1
GCA_024275775_1	cysA	2
GCA_024275775_1	cysC	10
GCA_024275775_1	cysD	3
GCA_024275775_1	cysE	5
GCA_024275775_1	cysH	2
GCA_024275775_1	cysI	1
GCA_024275775_1	cysJ	6
GCA_024275775_1	cysK	7
GCA_024275775_1	cysM	4
GCA_024275775_1	cysN	2
GCA_024275775_1	cysN_cysC	3
GCA_024275775_1	cysP	5
GCA_024275775_1	cysU	1
GCA_024275775_1	cysZ	2
GCA_024275775_1	dddP	1
GCA_024275775_1	dmdA	1
GCA_024275775_1	dmdB	1
GCA_024275775_1	dmdC	3
GCA_024275775_1	dmdD	2
GCA_024275775_1	dmsA	5
GCA_024275775_1	dmsC	1
GCA_024275775_1	dsrK	1
GCA_024275775_1	dsrM	1
GCA_024275775_1	dsyB	1
GCA_024275775_1	gdh	1
GCA_024275775_1	glpE	12
GCA_024275775_1	hdrB1	1
GCA_024275775_1	hdrD	1
GCA_024275775_1	hpsN	1
GCA_024275775_1	hpsP	1
GCA_024275775_1	iseM	2
GCA_024275775_1	mdh	10
GCA_024275775_1	metC	3
GCA_024275775_1	metY	1
GCA_024275775_1	metZ	3
GCA_024275775_1	mtsB	2
GCA_024275775_1	nrnA	2
GCA_024275775_1	otr	1
GCA_024275775_1	prpE	1
GCA_024275775_1	pta	3
GCA_024275775_1	sat	3
GCA_024275775_1	shyA	2
GCA_024275775_1	slcC	1
GCA_024275775_1	soxB	1
GCA_024275775_1	soxX	2
GCA_024275775_1	soxY	1
GCA_024275775_1	sqdX	4
GCA_024275775_1	sqr	1
GCA_024275775_1	ssuA	7
GCA_024275775_1	ssuB	4
GCA_024275775_1	ssuC	2
GCA_024275775_1	ssuD	4
GCA_024275775_1	sudA	5
GCA_024275775_1	sudB	1
GCA_024275775_1	sulP	5
GCA_024275775_1	tauA	1
GCA_024275775_1	tauB	2
GCA_024275775_1	tpa	2
GCA_024275775_1	tsdA	1
GCA_024275775_1	tusA	2
GCA_024275775_1	tusB	2
GCA_024275775_1	tusE	1
GCA_024275775_1	xsc	2
GCA_024276815_1	asrA	2
GCA_024276815_1	asrB	1
GCA_024276815_1	asrC	1
GCA_024276815_1	betA	3
GCA_024276815_1	betB	2
GCA_024276815_1	comB	2
GCA_024276815_1	cuyA	1
GCA_024276815_1	cysA	4
GCA_024276815_1	cysC	8
GCA_024276815_1	cysE	9
GCA_024276815_1	cysH	2
GCA_024276815_1	cysJ	4
GCA_024276815_1	cysK	12
GCA_024276815_1	cysM	5
GCA_024276815_1	cysN	2
GCA_024276815_1	cysN_cysC	5
GCA_024276815_1	cysP	3
GCA_024276815_1	cysU	3
GCA_024276815_1	cysZ	1
GCA_024276815_1	dddP	1
GCA_024276815_1	dmdB	1
GCA_024276815_1	dmdC	1
GCA_024276815_1	dmsA	2
GCA_024276815_1	dmsB	1
GCA_024276815_1	dmsC	1
GCA_024276815_1	dsrA	1
GCA_024276815_1	gdh	1
GCA_024276815_1	glpE	5
GCA_024276815_1	hdrA1	1
GCA_024276815_1	hdrA2	1
GCA_024276815_1	hdrB1	1
GCA_024276815_1	hdrB2	1
GCA_024276815_1	hdrD	1
GCA_024276815_1	hydA	1
GCA_024276815_1	hydB	1
GCA_024276815_1	mdh	9
GCA_024276815_1	metC	4
GCA_024276815_1	metZ	3
GCA_024276815_1	mtsB	1
GCA_024276815_1	nrnA	3
GCA_024276815_1	prpE	1
GCA_024276815_1	pta	5
GCA_024276815_1	sat	5
GCA_024276815_1	sbp	2
GCA_024276815_1	shyC	1
GCA_024276815_1	shyD	1
GCA_024276815_1	slcC	1
GCA_024276815_1	soxA	1
GCA_024276815_1	soxX	1
GCA_024276815_1	sqdX	16
GCA_024276815_1	ssuA	8
GCA_024276815_1	ssuB	3
GCA_024276815_1	ssuC	3
GCA_024276815_1	ssuD	2
GCA_024276815_1	ssuE	1
GCA_024276815_1	sudA	4
GCA_024276815_1	sudB	2
GCA_024276815_1	sulP	4
GCA_024276815_1	tauB	2
GCA_024276815_1	tpa	3
GCA_024276815_1	tsdA	1
GCA_024276815_1	ttrB	1
GCA_024276815_1	tusB	1
GCA_024276815_1	tusD	1
GCA_024276815_1	xsc	2
GCA_024276995_1	acuI	2
GCA_024276995_1	asrB	1
GCA_024276995_1	asrC	1
GCA_024276995_1	betA	1
GCA_024276995_1	betB	11
GCA_024276995_1	betC	44
GCA_024276995_1	comE	1
GCA_024276995_1	cuyA	1
GCA_024276995_1	cysA	5
GCA_024276995_1	cysC	17
GCA_024276995_1	cysD	2
GCA_024276995_1	cysE	10
GCA_024276995_1	cysI	1
GCA_024276995_1	cysJ	6
GCA_024276995_1	cysK	11
GCA_024276995_1	cysM	5
GCA_024276995_1	cysN	3
GCA_024276995_1	cysN_cysC	8
GCA_024276995_1	cysP	1
GCA_024276995_1	cysQ	1
GCA_024276995_1	cysU	6
GCA_024276995_1	cysW	1
GCA_024276995_1	dddP	1
GCA_024276995_1	dmdA	1
GCA_024276995_1	dmdB	2
GCA_024276995_1	dmdC	4
GCA_024276995_1	dmdD	3
GCA_024276995_1	dmsA	15
GCA_024276995_1	dmsB	2
GCA_024276995_1	dmsC	2
GCA_024276995_1	dsyB	1
GCA_024276995_1	gdh	5
GCA_024276995_1	glpE	9
GCA_024276995_1	hpsP	2
GCA_024276995_1	hydA	1
GCA_024276995_1	isfD	2
GCA_024276995_1	mdh	9
GCA_024276995_1	metB	1
GCA_024276995_1	metC	6
GCA_024276995_1	metZ	6
GCA_024276995_1	mtsA	1
GCA_024276995_1	mtsB	1
GCA_024276995_1	nrnA	1
GCA_024276995_1	otr	1
GCA_024276995_1	prpE	1
GCA_024276995_1	pta	5
GCA_024276995_1	sat	4
GCA_024276995_1	sgpB	1
GCA_024276995_1	sgpC	1
GCA_024276995_1	shyA	1
GCA_024276995_1	shyB	1
GCA_024276995_1	shyD	1
GCA_024276995_1	sir	3
GCA_024276995_1	slcC	1
GCA_024276995_1	soxA	1
GCA_024276995_1	soxB	2
GCA_024276995_1	soxX	3
GCA_024276995_1	sqdX	22
GCA_024276995_1	ssuA	26
GCA_024276995_1	ssuB	9
GCA_024276995_1	ssuC	2
GCA_024276995_1	ssuD	6
GCA_024276995_1	ssuE	1
GCA_024276995_1	sudA	1
GCA_024276995_1	sulP	6
GCA_024276995_1	tauA	2
GCA_024276995_1	tauB	2
GCA_024276995_1	tauD	3
GCA_024276995_1	tauE	1
GCA_024276995_1	tpa	2
GCA_024276995_1	tsdA	1
GCA_024276995_1	ttrA	1
GCA_024276995_1	ttrB	3
GCA_024276995_1	tusA	1
GCA_024276995_1	tusB	2
GCA_024276995_1	tusD	1
GCA_024276995_1	xsc	1
GCA_024278235_1	acuI	3
GCA_024278235_1	aprA	2
GCA_024278235_1	asrA	1
GCA_024278235_1	asrB	1
GCA_024278235_1	asrC	2
GCA_024278235_1	betA	3
GCA_024278235_1	betB	6
GCA_024278235_1	betC	46
GCA_024278235_1	comB	5
GCA_024278235_1	comC	2
GCA_024278235_1	comD	1
GCA_024278235_1	cuyA	2
GCA_024278235_1	cysA	7
GCA_024278235_1	cysC	22
GCA_024278235_1	cysD	3
GCA_024278235_1	cysE	7
GCA_024278235_1	cysH	3
GCA_024278235_1	cysI	5
GCA_024278235_1	cysJ	1
GCA_024278235_1	cysK	11
GCA_024278235_1	cysM	6
GCA_024278235_1	cysN	4
GCA_024278235_1	cysN_cysC	5
GCA_024278235_1	cysP	2
GCA_024278235_1	cysQ	2
GCA_024278235_1	cysU	3
GCA_024278235_1	dmdA	1
GCA_024278235_1	dmdC	1
GCA_024278235_1	dmsA	25
GCA_024278235_1	dmsB	1
GCA_024278235_1	dsrA	1
GCA_024278235_1	dsyB	1
GCA_024278235_1	gdh	2
GCA_024278235_1	glpE	11
GCA_024278235_1	hdrA1	1
GCA_024278235_1	hdrA2	2
GCA_024278235_1	hdrB2	1
GCA_024278235_1	hpsK	1
GCA_024278235_1	hpsP	12
GCA_024278235_1	isfD	4
GCA_024278235_1	mddA	1
GCA_024278235_1	mdh	11
GCA_024278235_1	metA	1
GCA_024278235_1	metC	6
GCA_024278235_1	metX	1
GCA_024278235_1	metY	3
GCA_024278235_1	metZ	3
GCA_024278235_1	mtsA	2
GCA_024278235_1	mtsB	1
GCA_024278235_1	nrnA	5
GCA_024278235_1	phsA	1
GCA_024278235_1	prpE	2
GCA_024278235_1	pta	7
GCA_024278235_1	sat	11
GCA_024278235_1	sbp	2
GCA_024278235_1	sgpB	2
GCA_024278235_1	sgpC	3
GCA_024278235_1	sir	4
GCA_024278235_1	slcC	7
GCA_024278235_1	sorA	1
GCA_024278235_1	soxA	1
GCA_024278235_1	soxB	3
GCA_024278235_1	sqdB	1
GCA_024278235_1	sqdX	10
GCA_024278235_1	ssuA	35
GCA_024278235_1	ssuB	14
GCA_024278235_1	ssuC	3
GCA_024278235_1	ssuD	3
GCA_024278235_1	sudA	9
GCA_024278235_1	sudB	1
GCA_024278235_1	sulP	9
GCA_024278235_1	tauA	2
GCA_024278235_1	tauB	4
GCA_024278235_1	tauD	4
GCA_024278235_1	tauE	1
GCA_024278235_1	tetH	1
GCA_024278235_1	tmoC	1
GCA_024278235_1	tpa	4
GCA_024278235_1	tsdA	1
GCA_024278235_1	ttrA	3
GCA_024278235_1	ttrB	2
GCA_024278235_1	tusB	2
GCA_024278235_1	tusD	1
GCA_024278235_1	tusE	1
GCA_024278235_1	xsc	4
GCA_024699605_1	aprA	3
GCA_024699605_1	aprB	1
GCA_024699605_1	asrA	2
GCA_024699605_1	asrB	2
GCA_024699605_1	asrC	2
GCA_024699605_1	betA	3
GCA_024699605_1	betB	2
GCA_024699605_1	cuyA	1
GCA_024699605_1	cysC	9
GCA_024699605_1	cysD	2
GCA_024699605_1	cysE	8
GCA_024699605_1	cysH	1
GCA_024699605_1	cysI	2
GCA_024699605_1	cysJ	2
GCA_024699605_1	cysK	14
GCA_024699605_1	cysM	3
GCA_024699605_1	cysN_cysC	4
GCA_024699605_1	cysP	1
GCA_024699605_1	cysQ	2
GCA_024699605_1	cysU	5
GCA_024699605_1	cysZ	1
GCA_024699605_1	dddP	1
GCA_024699605_1	dmdB	2
GCA_024699605_1	dmsA	4
GCA_024699605_1	dmsB	2
GCA_024699605_1	dmsC	2
GCA_024699605_1	dsrA	2
GCA_024699605_1	dsrB	2
GCA_024699605_1	dsrC	1
GCA_024699605_1	dsrD	1
GCA_024699605_1	dsrJ	1
GCA_024699605_1	dsrK	2
GCA_024699605_1	dsrM	1
GCA_024699605_1	dsrN	2
GCA_024699605_1	dsrT	1
GCA_024699605_1	dsyB	1
GCA_024699605_1	gdh	1
GCA_024699605_1	glpE	7
GCA_024699605_1	hdrA2	3
GCA_024699605_1	hdrB2	1
GCA_024699605_1	hdrD	2
GCA_024699605_1	hpsK	1
GCA_024699605_1	hpsL	1
GCA_024699605_1	hpsM	2
GCA_024699605_1	hpsN	1
GCA_024699605_1	iseK	1
GCA_024699605_1	iseM	3
GCA_024699605_1	isfD	1
GCA_024699605_1	mdh	8
GCA_024699605_1	metA	2
GCA_024699605_1	metB	2
GCA_024699605_1	metC	3
GCA_024699605_1	metX	1
GCA_024699605_1	metY	1
GCA_024699605_1	metZ	6
GCA_024699605_1	nrnA	7
GCA_024699605_1	prpE	1
GCA_024699605_1	pta	9
GCA_024699605_1	qmoA	2
GCA_024699605_1	qmoB	1
GCA_024699605_1	qmoC	1
GCA_024699605_1	sat	4
GCA_024699605_1	sgpC	1
GCA_024699605_1	sir	2
GCA_024699605_1	slcD	1
GCA_024699605_1	soxB	1
GCA_024699605_1	soxX	1
GCA_024699605_1	sqdB	3
GCA_024699605_1	sqdX	4
GCA_024699605_1	ssuA	9
GCA_024699605_1	ssuB	5
GCA_024699605_1	ssuC	2
GCA_024699605_1	ssuD	3
GCA_024699605_1	ssuE	3
GCA_024699605_1	sudA	5
GCA_024699605_1	sudB	2
GCA_024699605_1	sulP	5
GCA_024699605_1	tauA	1
GCA_024699605_1	tauB	6
GCA_024699605_1	tauD	6
GCA_024699605_1	tsdA	1
GCA_024699605_1	ttrA	1
GCA_024699605_1	ttrC	1
GCA_024699605_1	tusA	3
GCA_024699605_1	tusD	2
GCA_024699605_1	xsc	1
GCA_024860865_1	asrA	1
GCA_024860865_1	asrC	1
GCA_024860865_1	betA	2
GCA_024860865_1	betB	1
GCA_024860865_1	comA	1
GCA_024860865_1	comB	1
GCA_024860865_1	comC	1
GCA_024860865_1	comD	1
GCA_024860865_1	comE	1
GCA_024860865_1	cysA	3
GCA_024860865_1	cysC	7
GCA_024860865_1	cysE	3
GCA_024860865_1	cysJ	1
GCA_024860865_1	cysK	4
GCA_024860865_1	cysQ	1
GCA_024860865_1	cysU	1
GCA_024860865_1	cysW	2
GCA_024860865_1	dmsB	1
GCA_024860865_1	dsrA	1
GCA_024860865_1	dsrB	1
GCA_024860865_1	dsrF	1
GCA_024860865_1	dsrK	1
GCA_024860865_1	dsrM	1
GCA_024860865_1	dsrP	1
GCA_024860865_1	gdh	1
GCA_024860865_1	glpE	6
GCA_024860865_1	hdrA1	1
GCA_024860865_1	hdrA2	9
GCA_024860865_1	hdrB1	4
GCA_024860865_1	hdrC2	1
GCA_024860865_1	hdrD	1
GCA_024860865_1	hydA	1
GCA_024860865_1	mdh	6
GCA_024860865_1	metB	1
GCA_024860865_1	metX	4
GCA_024860865_1	metY	1
GCA_024860865_1	nrnA	4
GCA_024860865_1	pta	7
GCA_024860865_1	sat	1
GCA_024860865_1	shyC	1
GCA_024860865_1	slcD	1
GCA_024860865_1	sqdX	4
GCA_024860865_1	sqr	1
GCA_024860865_1	ssuB	1
GCA_024860865_1	ssuD	1
GCA_024860865_1	ssuE	1
GCA_024860865_1	sudA	2
GCA_024860865_1	tauA	1
GCA_024860865_1	tauB	1
GCA_024860865_1	tauZ	1
GCA_024860865_1	ttrA	3
GCA_024860865_1	ttrB	1
GCA_024860865_1	tusA	4
GCA_024860865_1	tusB	1
GCA_024860865_1	tusE	1
GCA_024860865_1	xsc	1
GCA_025060205_1	acuI	1
GCA_025060205_1	asrA	1
GCA_025060205_1	asrC	1
GCA_025060205_1	betA	4
GCA_025060205_1	betB	1
GCA_025060205_1	betC	4
GCA_025060205_1	comB	1
GCA_025060205_1	comE	1
GCA_025060205_1	cuyA	2
GCA_025060205_1	cysA	3
GCA_025060205_1	cysC	7
GCA_025060205_1	cysE	6
GCA_025060205_1	cysH	2
GCA_025060205_1	cysJ	4
GCA_025060205_1	cysK	12
GCA_025060205_1	cysM	6
GCA_025060205_1	cysN	2
GCA_025060205_1	cysN_cysC	4
GCA_025060205_1	cysQ	2
GCA_025060205_1	cysU	2
GCA_025060205_1	dddP	2
GCA_025060205_1	dmdB	1
GCA_025060205_1	dmsA	7
GCA_025060205_1	dmsC	2
GCA_025060205_1	dsrA	1
GCA_025060205_1	gdh	3
GCA_025060205_1	glpE	8
GCA_025060205_1	hdrD	1
GCA_025060205_1	hpsP	3
GCA_025060205_1	hydD	1
GCA_025060205_1	mdh	14
GCA_025060205_1	metC	5
GCA_025060205_1	metZ	2
GCA_025060205_1	mtsA	1
GCA_025060205_1	mtsB	1
GCA_025060205_1	nrnA	4
GCA_025060205_1	pta	6
GCA_025060205_1	sat	3
GCA_025060205_1	sbp	2
GCA_025060205_1	shyA	1
GCA_025060205_1	shyC	1
GCA_025060205_1	sir	2
GCA_025060205_1	slcC	4
GCA_025060205_1	slcD	1
GCA_025060205_1	soxA	1
GCA_025060205_1	soxB	1
GCA_025060205_1	soxC	1
GCA_025060205_1	soxX	2
GCA_025060205_1	sqdB	1
GCA_025060205_1	sqdX	8
GCA_025060205_1	sseA	2
GCA_025060205_1	ssuB	9
GCA_025060205_1	ssuC	2
GCA_025060205_1	ssuD	3
GCA_025060205_1	sudA	4
GCA_025060205_1	sudB	2
GCA_025060205_1	sulP	4
GCA_025060205_1	suyA	1
GCA_025060205_1	tauB	2
GCA_025060205_1	tpa	1
GCA_025060205_1	tsdA	1
GCA_025060205_1	tusA	5
GCA_025060205_1	tusB	5
GCA_025060205_1	tusD	1
GCA_025060205_1	xsc	1
GCA_025363775_1	acuI	3
GCA_025363775_1	asrA	2
GCA_025363775_1	asrB	1
GCA_025363775_1	betA	2
GCA_025363775_1	betB	4
GCA_025363775_1	betC	11
GCA_025363775_1	comE	1
GCA_025363775_1	cuyA	1
GCA_025363775_1	cysA	4
GCA_025363775_1	cysC	13
GCA_025363775_1	cysD	2
GCA_025363775_1	cysE	9
GCA_025363775_1	cysH	2
GCA_025363775_1	cysI	3
GCA_025363775_1	cysJ	6
GCA_025363775_1	cysK	19
GCA_025363775_1	cysM	5
GCA_025363775_1	cysN	3
GCA_025363775_1	cysN_cysC	5
GCA_025363775_1	cysP	2
GCA_025363775_1	cysQ	2
GCA_025363775_1	cysU	7
GCA_025363775_1	cysW	3
GCA_025363775_1	cysZ	2
GCA_025363775_1	dddP	2
GCA_025363775_1	dmdA	2
GCA_025363775_1	dmdB	6
GCA_025363775_1	dmdC	4
GCA_025363775_1	dmsA	14
GCA_025363775_1	dmsB	3
GCA_025363775_1	dmsC	2
GCA_025363775_1	dsrA	4
GCA_025363775_1	dsrB	2
GCA_025363775_1	dsrC	1
GCA_025363775_1	dsrJ	1
GCA_025363775_1	dsrK	2
GCA_025363775_1	dsrM	1
GCA_025363775_1	dsrN	1
GCA_025363775_1	dsrP	1
GCA_025363775_1	dsrT	1
GCA_025363775_1	dsyB	1
GCA_025363775_1	fccB	1
GCA_025363775_1	gdh	3
GCA_025363775_1	glpE	8
GCA_025363775_1	hdrA1	2
GCA_025363775_1	hdrA2	1
GCA_025363775_1	hdrC1	1
GCA_025363775_1	hdrD	2
GCA_025363775_1	hdrE	1
GCA_025363775_1	hpsN	2
GCA_025363775_1	hpsO	1
GCA_025363775_1	hpsP	1
GCA_025363775_1	hydD	1
GCA_025363775_1	iseM	1
GCA_025363775_1	isfD	1
GCA_025363775_1	mdh	11
GCA_025363775_1	metA	1
GCA_025363775_1	metB	5
GCA_025363775_1	metC	8
GCA_025363775_1	metX	2
GCA_025363775_1	metY	2
GCA_025363775_1	metZ	3
GCA_025363775_1	mtsB	2
GCA_025363775_1	nrnA	4
GCA_025363775_1	phsA	1
GCA_025363775_1	prpE	3
GCA_025363775_1	psrC	2
GCA_025363775_1	pta	9
GCA_025363775_1	qmoB	1
GCA_025363775_1	sat	3
GCA_025363775_1	sbp	2
GCA_025363775_1	sgpC	1
GCA_025363775_1	shyA	2
GCA_025363775_1	sir	3
GCA_025363775_1	slcC	2
GCA_025363775_1	soxB	1
GCA_025363775_1	soxX	1
GCA_025363775_1	soxY	1
GCA_025363775_1	soxZ	1
GCA_025363775_1	sqdX	16
GCA_025363775_1	ssuA	24
GCA_025363775_1	ssuB	6
GCA_025363775_1	ssuC	7
GCA_025363775_1	ssuD	2
GCA_025363775_1	ssuE	1
GCA_025363775_1	sudA	8
GCA_025363775_1	sulP	5
GCA_025363775_1	suyB	2
GCA_025363775_1	tauA	1
GCA_025363775_1	tauB	3
GCA_025363775_1	tauD	2
GCA_025363775_1	tbuC	1
GCA_025363775_1	tpa	1
GCA_025363775_1	tsdA	2
GCA_025363775_1	ttrA	2
GCA_025363775_1	ttrB	4
GCA_025363775_1	tusA	4
GCA_025363775_1	tusB	1
GCA_025363775_1	xsc	1
GCA_025453925_1	asrA	1
GCA_025453925_1	asrB	2
GCA_025453925_1	asrC	2
GCA_025453925_1	betA	2
GCA_025453925_1	betB	1
GCA_025453925_1	betC	22
GCA_025453925_1	comB	1
GCA_025453925_1	comE	2
GCA_025453925_1	cuyA	2
GCA_025453925_1	cysA	4
GCA_025453925_1	cysC	9
GCA_025453925_1	cysD	3
GCA_025453925_1	cysE	9
GCA_025453925_1	cysI	1
GCA_025453925_1	cysJ	3
GCA_025453925_1	cysK	19
GCA_025453925_1	cysM	6
GCA_025453925_1	cysN	6
GCA_025453925_1	cysN_cysC	5
GCA_025453925_1	cysU	6
GCA_025453925_1	dddP	1
GCA_025453925_1	dmdA	1
GCA_025453925_1	dmdB	5
GCA_025453925_1	dmdC	1
GCA_025453925_1	dmsA	3
GCA_025453925_1	dmsB	1
GCA_025453925_1	dmsC	1
GCA_025453925_1	dsrA	3
GCA_025453925_1	dsrC	1
GCA_025453925_1	dsrK	1
GCA_025453925_1	dsyB	2
GCA_025453925_1	fccB	1
GCA_025453925_1	gdh	2
GCA_025453925_1	glpE	5
GCA_025453925_1	hdrA1	2
GCA_025453925_1	hdrA2	4
GCA_025453925_1	hdrB2	1
GCA_025453925_1	hdrC2	1
GCA_025453925_1	hpsK	1
GCA_025453925_1	hpsL	1
GCA_025453925_1	hpsM	1
GCA_025453925_1	hpsP	5
GCA_025453925_1	hydD	1
GCA_025453925_1	hydG	1
GCA_025453925_1	mccB	1
GCA_025453925_1	mddA	1
GCA_025453925_1	mdh	9
GCA_025453925_1	metA	1
GCA_025453925_1	metB	1
GCA_025453925_1	metC	6
GCA_025453925_1	metZ	3
GCA_025453925_1	mtsA	1
GCA_025453925_1	mtsB	2
GCA_025453925_1	nrnA	2
GCA_025453925_1	otr	1
GCA_025453925_1	phsC	1
GCA_025453925_1	prpE	1
GCA_025453925_1	pta	6
GCA_025453925_1	sat	2
GCA_025453925_1	sbp	2
GCA_025453925_1	sgpB	2
GCA_025453925_1	shyA	1
GCA_025453925_1	shyC	1
GCA_025453925_1	sir	3
GCA_025453925_1	slcC	1
GCA_025453925_1	soxA	1
GCA_025453925_1	soxB	3
GCA_025453925_1	soxC	1
GCA_025453925_1	soxY	1
GCA_025453925_1	sqdB	1
GCA_025453925_1	sqdX	23
GCA_025453925_1	ssuA	12
GCA_025453925_1	ssuB	7
GCA_025453925_1	ssuC	2
GCA_025453925_1	ssuD	2
GCA_025453925_1	ssuE	1
GCA_025453925_1	sudA	4
GCA_025453925_1	sulP	4
GCA_025453925_1	tauA	4
GCA_025453925_1	tauB	4
GCA_025453925_1	tauD	5
GCA_025453925_1	tbuC	1
GCA_025453925_1	tpa	1
GCA_025453925_1	tsdA	1
GCA_025453925_1	ttrA	1
GCA_025453925_1	ttrB	3
GCA_025453925_1	tusA	5
GCA_025453925_1	tusB	1
GCA_025453925_1	tusD	1
GCA_025774555_1	aprA	1
GCA_025774555_1	aprB	1
GCA_025774555_1	asrA	1
GCA_025774555_1	asrB	2
GCA_025774555_1	betA	3
GCA_025774555_1	betB	4
GCA_025774555_1	betC	5
GCA_025774555_1	comB	2
GCA_025774555_1	cuyA	1
GCA_025774555_1	cysA	3
GCA_025774555_1	cysC	16
GCA_025774555_1	cysD	2
GCA_025774555_1	cysE	6
GCA_025774555_1	cysI	2
GCA_025774555_1	cysJ	8
GCA_025774555_1	cysK	6
GCA_025774555_1	cysM	6
GCA_025774555_1	cysN	4
GCA_025774555_1	cysN_cysC	4
GCA_025774555_1	cysQ	3
GCA_025774555_1	cysU	4
GCA_025774555_1	dddP	1
GCA_025774555_1	dmdA	1
GCA_025774555_1	dmdB	1
GCA_025774555_1	dmdC	5
GCA_025774555_1	dmsA	9
GCA_025774555_1	dmsB	1
GCA_025774555_1	dmsC	2
GCA_025774555_1	dsrA	2
GCA_025774555_1	dsrB	2
GCA_025774555_1	dsrC	1
GCA_025774555_1	dsrJ	1
GCA_025774555_1	dsrK	5
GCA_025774555_1	dsrM	1
GCA_025774555_1	dsrN	1
GCA_025774555_1	dsyB	1
GCA_025774555_1	gdh	2
GCA_025774555_1	glpE	9
GCA_025774555_1	hdrA1	2
GCA_025774555_1	hdrA2	2
GCA_025774555_1	hdrC2	1
GCA_025774555_1	hdrD	2
GCA_025774555_1	hpsP	3
GCA_025774555_1	mccB	1
GCA_025774555_1	mdh	13
GCA_025774555_1	metB	4
GCA_025774555_1	metC	5
GCA_025774555_1	metZ	2
GCA_025774555_1	mtsB	1
GCA_025774555_1	nrnA	3
GCA_025774555_1	otr	1
GCA_025774555_1	phsC	1
GCA_025774555_1	pta	8
GCA_025774555_1	qmoA	1
GCA_025774555_1	qmoB	1
GCA_025774555_1	qmoC	1
GCA_025774555_1	sat	5
GCA_025774555_1	sbp	1
GCA_025774555_1	sgpB	1
GCA_025774555_1	sgpC	1
GCA_025774555_1	sir	2
GCA_025774555_1	soxA	1
GCA_025774555_1	soxB	1
GCA_025774555_1	soxX	1
GCA_025774555_1	sqdB	3
GCA_025774555_1	sqdX	7
GCA_025774555_1	ssuA	15
GCA_025774555_1	ssuB	9
GCA_025774555_1	ssuC	1
GCA_025774555_1	ssuD	3
GCA_025774555_1	sudA	10
GCA_025774555_1	sudB	1
GCA_025774555_1	sulP	14
GCA_025774555_1	tauA	1
GCA_025774555_1	tauB	2
GCA_025774555_1	tauD	2
GCA_025774555_1	tpa	3
GCA_025774555_1	ttrA	1
GCA_025774555_1	ttrB	3
GCA_025774555_1	tusB	2
GCA_025774555_1	tusD	1
GCA_026388015_1	asrA	1
GCA_026388015_1	asrC	1
GCA_026388015_1	betA	3
GCA_026388015_1	betB	3
GCA_026388015_1	betC	3
GCA_026388015_1	cuyA	2
GCA_026388015_1	cysA	2
GCA_026388015_1	cysC	9
GCA_026388015_1	cysD	1
GCA_026388015_1	cysE	5
GCA_026388015_1	cysI	1
GCA_026388015_1	cysJ	4
GCA_026388015_1	cysK	7
GCA_026388015_1	cysM	6
GCA_026388015_1	cysN	1
GCA_026388015_1	cysN_cysC	6
GCA_026388015_1	cysQ	1
GCA_026388015_1	cysU	3
GCA_026388015_1	dddP	1
GCA_026388015_1	dmdC	1
GCA_026388015_1	dmsA	3
GCA_026388015_1	dmsB	1
GCA_026388015_1	dsyB	1
GCA_026388015_1	fccB	1
GCA_026388015_1	gdh	2
GCA_026388015_1	glpE	8
GCA_026388015_1	hdrA2	1
GCA_026388015_1	hdrB1	1
GCA_026388015_1	hdrC2	1
GCA_026388015_1	hdrD	1
GCA_026388015_1	hpsN	1
GCA_026388015_1	hpsP	1
GCA_026388015_1	mdh	9
GCA_026388015_1	metB	1
GCA_026388015_1	metC	3
GCA_026388015_1	metX	1
GCA_026388015_1	metY	2
GCA_026388015_1	metZ	2
GCA_026388015_1	mtsB	1
GCA_026388015_1	nrnA	2
GCA_026388015_1	pta	3
GCA_026388015_1	sat	2
GCA_026388015_1	shyC	1
GCA_026388015_1	sir	1
GCA_026388015_1	slcC	2
GCA_026388015_1	soxB	1
GCA_026388015_1	sqdB	1
GCA_026388015_1	sqdX	6
GCA_026388015_1	ssuB	2
GCA_026388015_1	ssuC	3
GCA_026388015_1	ssuD	2
GCA_026388015_1	ssuE	2
GCA_026388015_1	sudA	4
GCA_026388015_1	sudB	2
GCA_026388015_1	sulP	5
GCA_026388015_1	tauB	4
GCA_026388015_1	tauD	3
GCA_026388015_1	tpa	1
GCA_026388015_1	tsdA	1
GCA_026388015_1	ttrA	1
GCA_026388015_1	tusA	1
GCA_026388015_1	tusB	1
GCA_026388015_1	tusD	1
GCA_026388015_1	tusE	1
GCA_026388015_1	xsc	1
GCA_026389015_1	betA	1
GCA_026389015_1	cuyA	2
GCA_026389015_1	cysA	1
GCA_026389015_1	cysC	5
GCA_026389015_1	cysD	3
GCA_026389015_1	cysE	1
GCA_026389015_1	cysK	5
GCA_026389015_1	cysM	1
GCA_026389015_1	cysN	1
GCA_026389015_1	cysN_cysC	2
GCA_026389015_1	cysU	3
GCA_026389015_1	dmsA	1
GCA_026389015_1	dmsC	1
GCA_026389015_1	glpE	5
GCA_026389015_1	hpsP	1
GCA_026389015_1	mdh	7
GCA_026389015_1	metZ	1
GCA_026389015_1	prpE	1
GCA_026389015_1	sqdB	1
GCA_026389015_1	sqdX	2
GCA_026389015_1	ssuB	1
GCA_026389015_1	ssuD	1
GCA_026389015_1	sulP	1
GCA_026389015_1	tauA	2
GCA_026389015_1	tauB	3
GCA_026389015_1	tauD	1
GCA_026389015_1	tsdA	1
GCA_026393905_1	acuI	1
GCA_026393905_1	aprA	1
GCA_026393905_1	asrA	1
GCA_026393905_1	asrC	1
GCA_026393905_1	betA	2
GCA_026393905_1	betB	10
GCA_026393905_1	betC	17
GCA_026393905_1	comA	1
GCA_026393905_1	comB	1
GCA_026393905_1	cuyA	3
GCA_026393905_1	cysA	3
GCA_026393905_1	cysC	14
GCA_026393905_1	cysD	4
GCA_026393905_1	cysE	6
GCA_026393905_1	cysI	1
GCA_026393905_1	cysJ	7
GCA_026393905_1	cysK	11
GCA_026393905_1	cysM	7
GCA_026393905_1	cysN	6
GCA_026393905_1	cysN_cysC	7
GCA_026393905_1	cysQ	5
GCA_026393905_1	cysU	3
GCA_026393905_1	dddP	6
GCA_026393905_1	dmdA	1
GCA_026393905_1	dmdC	3
GCA_026393905_1	dmsA	10
GCA_026393905_1	dmsB	1
GCA_026393905_1	dmsC	2
GCA_026393905_1	dsrA	1
GCA_026393905_1	dsrB	1
GCA_026393905_1	gdh	5
GCA_026393905_1	glpE	8
GCA_026393905_1	hdrA1	5
GCA_026393905_1	hdrA2	1
GCA_026393905_1	hdrB1	1
GCA_026393905_1	hdrC1	1
GCA_026393905_1	hdrD	2
GCA_026393905_1	hpsP	3
GCA_026393905_1	hydD	1
GCA_026393905_1	isfD	5
GCA_026393905_1	mddA	1
GCA_026393905_1	mdh	16
GCA_026393905_1	metC	7
GCA_026393905_1	metZ	2
GCA_026393905_1	mtsB	3
GCA_026393905_1	nrnA	3
GCA_026393905_1	prpE	2
GCA_026393905_1	pta	8
GCA_026393905_1	sat	6
GCA_026393905_1	sgpB	2
GCA_026393905_1	sgpC	1
GCA_026393905_1	shyA	2
GCA_026393905_1	shyC	1
GCA_026393905_1	sir	1
GCA_026393905_1	slcC	2
GCA_026393905_1	soxB	1
GCA_026393905_1	soxC	1
GCA_026393905_1	soxX	1
GCA_026393905_1	sqdB	4
GCA_026393905_1	sqdX	14
GCA_026393905_1	sseA	1
GCA_026393905_1	ssuA	12
GCA_026393905_1	ssuB	9
GCA_026393905_1	ssuC	4
GCA_026393905_1	ssuD	2
GCA_026393905_1	sudA	8
GCA_026393905_1	sudB	6
GCA_026393905_1	sulP	2
GCA_026393905_1	tauA	1
GCA_026393905_1	tauB	4
GCA_026393905_1	tauD	2
GCA_026393905_1	tpa	1
GCA_026393905_1	tsdA	1
GCA_026393905_1	ttrA	2
GCA_026393905_1	tusA	2
GCA_026393905_1	tusB	3
GCA_026393905_1	tusD	1
GCA_026393905_1	tusE	1
GCA_026393905_1	yihQ	1
GCA_026415985_1	aprA	1
GCA_026415985_1	asrA	1
GCA_026415985_1	asrB	1
GCA_026415985_1	betA	3
GCA_026415985_1	betB	1
GCA_026415985_1	cuyA	1
GCA_026415985_1	cysA	6
GCA_026415985_1	cysC	6
GCA_026415985_1	cysD	2
GCA_026415985_1	cysE	2
GCA_026415985_1	cysI	1
GCA_026415985_1	cysJ	3
GCA_026415985_1	cysK	5
GCA_026415985_1	cysM	7
GCA_026415985_1	cysN	3
GCA_026415985_1	cysN_cysC	5
GCA_026415985_1	cysP	2
GCA_026415985_1	cysQ	1
GCA_026415985_1	cysU	4
GCA_026415985_1	dddP	2
GCA_026415985_1	dmdB	1
GCA_026415985_1	dmdC	1
GCA_026415985_1	dmsA	4
GCA_026415985_1	dmsC	1
GCA_026415985_1	dsrA	1
GCA_026415985_1	dsrN	1
GCA_026415985_1	dsrP	1
GCA_026415985_1	dsyB	1
GCA_026415985_1	glpE	8
GCA_026415985_1	hdrA1	2
GCA_026415985_1	hdrA2	2
GCA_026415985_1	hdrD	2
GCA_026415985_1	hydA	1
GCA_026415985_1	hydD	1
GCA_026415985_1	mdh	9
GCA_026415985_1	metC	5
GCA_026415985_1	metX	2
GCA_026415985_1	metY	3
GCA_026415985_1	metZ	1
GCA_026415985_1	nrnA	3
GCA_026415985_1	otr	1
GCA_026415985_1	phsA	1
GCA_026415985_1	prpE	2
GCA_026415985_1	psrC	1
GCA_026415985_1	pta	3
GCA_026415985_1	sat	4
GCA_026415985_1	sbp	2
GCA_026415985_1	sgpB	1
GCA_026415985_1	shyC	1
GCA_026415985_1	slcC	1
GCA_026415985_1	sqdX	1
GCA_026415985_1	sseA	1
GCA_026415985_1	ssuA	13
GCA_026415985_1	ssuB	8
GCA_026415985_1	ssuC	2
GCA_026415985_1	ssuD	2
GCA_026415985_1	sudA	4
GCA_026415985_1	sulP	2
GCA_026415985_1	tauA	2
GCA_026415985_1	tauB	2
GCA_026415985_1	tauD	1
GCA_026415985_1	tpa	1
GCA_026415985_1	tsdA	1
GCA_026415985_1	ttrA	2
GCA_026415985_1	ttrB	3
GCA_026415985_1	tusA	2
GCA_026415985_1	tusB	1
GCA_026415985_1	tusD	1
GCA_026415985_1	xsc	1
GCA_026418035_1	acuI	1
GCA_026418035_1	aprA	1
GCA_026418035_1	asrC	2
GCA_026418035_1	betA	6
GCA_026418035_1	betB	6
GCA_026418035_1	betC	6
GCA_026418035_1	comB	1
GCA_026418035_1	comC	1
GCA_026418035_1	cuyA	1
GCA_026418035_1	cysA	3
GCA_026418035_1	cysC	8
GCA_026418035_1	cysE	5
GCA_026418035_1	cysH	1
GCA_026418035_1	cysJ	6
GCA_026418035_1	cysK	9
GCA_026418035_1	cysM	3
GCA_026418035_1	cysN_cysC	4
GCA_026418035_1	cysP	25
GCA_026418035_1	cysQ	2
GCA_026418035_1	cysU	10
GCA_026418035_1	dddP	1
GCA_026418035_1	dmdA	1
GCA_026418035_1	dmdB	1
GCA_026418035_1	dmsA	1
GCA_026418035_1	dmsB	1
GCA_026418035_1	dmsC	1
GCA_026418035_1	gdh	1
GCA_026418035_1	glpE	5
GCA_026418035_1	hdrA1	1
GCA_026418035_1	hdrA2	1
GCA_026418035_1	hpsN	1
GCA_026418035_1	hpsP	9
GCA_026418035_1	hydD	1
GCA_026418035_1	isfD	1
GCA_026418035_1	mccB	2
GCA_026418035_1	mdh	14
GCA_026418035_1	metB	8
GCA_026418035_1	metC	4
GCA_026418035_1	metX	2
GCA_026418035_1	metY	1
GCA_026418035_1	metZ	2
GCA_026418035_1	mtsA	1
GCA_026418035_1	mtsB	2
GCA_026418035_1	nrnA	6
GCA_026418035_1	pta	6
GCA_026418035_1	sat	2
GCA_026418035_1	sgpC	1
GCA_026418035_1	shyA	1
GCA_026418035_1	shyC	1
GCA_026418035_1	sir	2
GCA_026418035_1	slcC	5
GCA_026418035_1	soxA	1
GCA_026418035_1	soxB	1
GCA_026418035_1	soxC	1
GCA_026418035_1	soxX	1
GCA_026418035_1	sqdB	1
GCA_026418035_1	sqdX	8
GCA_026418035_1	ssuB	11
GCA_026418035_1	ssuC	2
GCA_026418035_1	ssuD	4
GCA_026418035_1	sudA	3
GCA_026418035_1	sudB	1
GCA_026418035_1	suyA	1
GCA_026418035_1	suyB	1
GCA_026418035_1	tauA	2
GCA_026418035_1	tauB	3
GCA_026418035_1	tsdA	1
GCA_026418035_1	ttrA	2
GCA_026418035_1	tusA	2
GCA_026418035_1	tusB	1
GCA_026418035_1	tusD	1
GCA_026418035_1	xsc	2
GCA_026418035_1	yihQ	2
GCA_026421135_1	acuI	13
GCA_026421135_1	asrA	1
GCA_026421135_1	asrC	2
GCA_026421135_1	betA	7
GCA_026421135_1	betB	18
GCA_026421135_1	betC	5
GCA_026421135_1	comB	1
GCA_026421135_1	comC	1
GCA_026421135_1	cuyA	1
GCA_026421135_1	cysA	6
GCA_026421135_1	cysC	19
GCA_026421135_1	cysD	3
GCA_026421135_1	cysE	10
GCA_026421135_1	cysH	1
GCA_026421135_1	cysJ	13
GCA_026421135_1	cysK	20
GCA_026421135_1	cysM	5
GCA_026421135_1	cysN	5
GCA_026421135_1	cysN_cysC	5
GCA_026421135_1	cysP	3
GCA_026421135_1	cysQ	3
GCA_026421135_1	cysU	9
GCA_026421135_1	cysW	2
GCA_026421135_1	dddL	1
GCA_026421135_1	dddP	4
GCA_026421135_1	dmdA	2
GCA_026421135_1	dmdB	13
GCA_026421135_1	dmdC	22
GCA_026421135_1	dmdD	9
GCA_026421135_1	dmoA	1
GCA_026421135_1	dmsA	14
GCA_026421135_1	dmsB	1
GCA_026421135_1	dmsC	4
GCA_026421135_1	dsrA	1
GCA_026421135_1	dsyB	3
GCA_026421135_1	fccB	2
GCA_026421135_1	gdh	1
GCA_026421135_1	glpE	14
GCA_026421135_1	hdrA1	1
GCA_026421135_1	hdrD	1
GCA_026421135_1	hpsK	1
GCA_026421135_1	hpsL	1
GCA_026421135_1	hpsM	2
GCA_026421135_1	hpsN	2
GCA_026421135_1	hpsO	1
GCA_026421135_1	hpsP	3
GCA_026421135_1	iseM	11
GCA_026421135_1	isfD	11
GCA_026421135_1	mddA	1
GCA_026421135_1	mdh	15
GCA_026421135_1	metA	1
GCA_026421135_1	metB	4
GCA_026421135_1	metC	11
GCA_026421135_1	metX	1
GCA_026421135_1	metY	2
GCA_026421135_1	metZ	11
GCA_026421135_1	msmA	2
GCA_026421135_1	nrnA	1
GCA_026421135_1	phsA	1
GCA_026421135_1	prpE	12
GCA_026421135_1	pta	18
GCA_026421135_1	qmoA	1
GCA_026421135_1	sat	5
GCA_026421135_1	sbp	1
GCA_026421135_1	sgpB	2
GCA_026421135_1	sgpC	1
GCA_026421135_1	shyC	1
GCA_026421135_1	sir	3
GCA_026421135_1	slcC	1
GCA_026421135_1	slcD	3
GCA_026421135_1	soeA	1
GCA_026421135_1	soeB	1
GCA_026421135_1	soeC	1
GCA_026421135_1	sorA	1
GCA_026421135_1	sorB	1
GCA_026421135_1	soxA	1
GCA_026421135_1	soxB	3
GCA_026421135_1	soxC	2
GCA_026421135_1	soxD	2
GCA_026421135_1	soxX	4
GCA_026421135_1	soxY	1
GCA_026421135_1	soxZ	2
GCA_026421135_1	sqdB	1
GCA_026421135_1	sqdX	2
GCA_026421135_1	sseA	2
GCA_026421135_1	ssuA	6
GCA_026421135_1	ssuB	13
GCA_026421135_1	ssuC	9
GCA_026421135_1	ssuD	4
GCA_026421135_1	sudA	6
GCA_026421135_1	sulP	9
GCA_026421135_1	suyA	2
GCA_026421135_1	suyB	1
GCA_026421135_1	tauB	5
GCA_026421135_1	tauD	4
GCA_026421135_1	tauY	1
GCA_026421135_1	tauZ	1
GCA_026421135_1	tmm	2
GCA_026421135_1	tpa	8
GCA_026421135_1	tsdA	2
GCA_026421135_1	tsdB	1
GCA_026421135_1	ttrA	7
GCA_026421135_1	ttrC	1
GCA_026421135_1	tusA	9
GCA_026421135_1	tusB	3
GCA_026421135_1	tusD	3
GCA_026421135_1	tusE	1
GCA_026421135_1	xsc	6
GCA_026702745_1	acuI	4
GCA_026702745_1	asrA	1
GCA_026702745_1	asrB	1
GCA_026702745_1	asrC	1
GCA_026702745_1	betA	13
GCA_026702745_1	betB	9
GCA_026702745_1	betC	30
GCA_026702745_1	comB	1
GCA_026702745_1	comC	2
GCA_026702745_1	comE	1
GCA_026702745_1	cuyA	4
GCA_026702745_1	cysA	2
GCA_026702745_1	cysC	16
GCA_026702745_1	cysD	3
GCA_026702745_1	cysE	4
GCA_026702745_1	cysH	3
GCA_026702745_1	cysJ	7
GCA_026702745_1	cysK	18
GCA_026702745_1	cysM	4
GCA_026702745_1	cysN	4
GCA_026702745_1	cysN_cysC	4
GCA_026702745_1	cysP	7
GCA_026702745_1	cysQ	3
GCA_026702745_1	cysU	7
GCA_026702745_1	dddP	1
GCA_026702745_1	dddT	1
GCA_026702745_1	dmdA	1
GCA_026702745_1	dmdC	2
GCA_026702745_1	dmsA	3
GCA_026702745_1	dmsB	1
GCA_026702745_1	dsrA	3
GCA_026702745_1	dsyB	1
GCA_026702745_1	gdh	2
GCA_026702745_1	glpE	11
GCA_026702745_1	hdrD	2
GCA_026702745_1	hpsN	2
GCA_026702745_1	hpsO	1
GCA_026702745_1	hpsP	9
GCA_026702745_1	iseM	1
GCA_026702745_1	isfD	3
GCA_026702745_1	mdh	19
GCA_026702745_1	metB	4
GCA_026702745_1	metC	6
GCA_026702745_1	metX	2
GCA_026702745_1	metY	7
GCA_026702745_1	metZ	9
GCA_026702745_1	mtsB	1
GCA_026702745_1	nrnA	3
GCA_026702745_1	prpE	3
GCA_026702745_1	pta	3
GCA_026702745_1	sat	17
GCA_026702745_1	sir	3
GCA_026702745_1	slcC	5
GCA_026702745_1	slcD	1
GCA_026702745_1	sorA	1
GCA_026702745_1	soxB	1
GCA_026702745_1	soxC	1
GCA_026702745_1	soxX	2
GCA_026702745_1	sqdB	1
GCA_026702745_1	sqdX	3
GCA_026702745_1	sqr	1
GCA_026702745_1	sseA	1
GCA_026702745_1	ssuA	4
GCA_026702745_1	ssuB	10
GCA_026702745_1	ssuC	2
GCA_026702745_1	ssuD	3
GCA_026702745_1	sudA	4
GCA_026702745_1	sulP	4
GCA_026702745_1	suyA	1
GCA_026702745_1	tauA	2
GCA_026702745_1	tauB	2
GCA_026702745_1	tauD	3
GCA_026702745_1	tbuB	1
GCA_026702745_1	tmoC	1
GCA_026702745_1	tpa	8
GCA_026702745_1	ttrA	1
GCA_026702745_1	ttrB	1
GCA_026702745_1	tusA	4
GCA_026702745_1	tusB	1
GCA_026702745_1	tusE	1
GCA_026702745_1	xsc	8
GCA_026705445_1	acuI	2
GCA_026705445_1	asrA	1
GCA_026705445_1	betA	2
GCA_026705445_1	betB	6
GCA_026705445_1	cuyA	1
GCA_026705445_1	cysA	2
GCA_026705445_1	cysC	13
GCA_026705445_1	cysD	1
GCA_026705445_1	cysE	4
GCA_026705445_1	cysH	3
GCA_026705445_1	cysJ	3
GCA_026705445_1	cysK	7
GCA_026705445_1	cysM	5
GCA_026705445_1	cysN_cysC	3
GCA_026705445_1	cysP	3
GCA_026705445_1	cysQ	2
GCA_026705445_1	cysU	3
GCA_026705445_1	dddT	2
GCA_026705445_1	dmdA	2
GCA_026705445_1	dmdB	3
GCA_026705445_1	dmdC	2
GCA_026705445_1	dmsA	2
GCA_026705445_1	dmsC	1
GCA_026705445_1	dsrA	1
GCA_026705445_1	dsyB	1
GCA_026705445_1	gdh	1
GCA_026705445_1	glpE	5
GCA_026705445_1	hdrD	4
GCA_026705445_1	hpsP	2
GCA_026705445_1	isfD	2
GCA_026705445_1	mdh	9
GCA_026705445_1	metA	1
GCA_026705445_1	metB	2
GCA_026705445_1	metC	6
GCA_026705445_1	metZ	2
GCA_026705445_1	nrnA	1
GCA_026705445_1	prpE	4
GCA_026705445_1	pta	1
GCA_026705445_1	sat	3
GCA_026705445_1	sfnG	1
GCA_026705445_1	sir	2
GCA_026705445_1	slcC	1
GCA_026705445_1	soxB	1
GCA_026705445_1	soxX	4
GCA_026705445_1	sqdX	2
GCA_026705445_1	sseA	1
GCA_026705445_1	ssuA	1
GCA_026705445_1	ssuB	1
GCA_026705445_1	ssuC	1
GCA_026705445_1	ssuD	6
GCA_026705445_1	ssuE	1
GCA_026705445_1	sudA	2
GCA_026705445_1	sudB	1
GCA_026705445_1	sulP	3
GCA_026705445_1	tauA	1
GCA_026705445_1	tauB	2
GCA_026705445_1	tauD	1
GCA_026705445_1	tmoC	1
GCA_026705445_1	tpa	2
GCA_026705445_1	ttrA	2
GCA_026705445_1	tusB	1
GCA_026705445_1	tusD	2
GCA_026705445_1	xsc	2
GCA_026985515_1	asrC	1
GCA_026985515_1	betA	7
GCA_026985515_1	betB	6
GCA_026985515_1	betC	4
GCA_026985515_1	comE	1
GCA_026985515_1	cuyA	1
GCA_026985515_1	cysA	5
GCA_026985515_1	cysC	21
GCA_026985515_1	cysD	2
GCA_026985515_1	cysE	5
GCA_026985515_1	cysI	1
GCA_026985515_1	cysJ	7
GCA_026985515_1	cysK	12
GCA_026985515_1	cysM	2
GCA_026985515_1	cysN	4
GCA_026985515_1	cysN_cysC	4
GCA_026985515_1	cysP	2
GCA_026985515_1	cysQ	1
GCA_026985515_1	cysU	3
GCA_026985515_1	cysW	1
GCA_026985515_1	cysZ	1
GCA_026985515_1	dmdA	1
GCA_026985515_1	dmdB	6
GCA_026985515_1	dmdC	16
GCA_026985515_1	dmsA	5
GCA_026985515_1	dmsC	1
GCA_026985515_1	dsrA	1
GCA_026985515_1	gdh	2
GCA_026985515_1	glpE	8
GCA_026985515_1	hdrD	5
GCA_026985515_1	hpsN	1
GCA_026985515_1	hpsO	1
GCA_026985515_1	isfD	1
GCA_026985515_1	mdh	11
GCA_026985515_1	metA	1
GCA_026985515_1	metB	1
GCA_026985515_1	metC	5
GCA_026985515_1	metX	1
GCA_026985515_1	metY	1
GCA_026985515_1	metZ	2
GCA_026985515_1	nrnA	3
GCA_026985515_1	phsA	1
GCA_026985515_1	prpE	1
GCA_026985515_1	psrA	2
GCA_026985515_1	pta	8
GCA_026985515_1	sat	4
GCA_026985515_1	sbp	1
GCA_026985515_1	sgpB	1
GCA_026985515_1	shyC	1
GCA_026985515_1	sir	1
GCA_026985515_1	slcC	2
GCA_026985515_1	soxC	1
GCA_026985515_1	soxX	2
GCA_026985515_1	sqdB	1
GCA_026985515_1	sqdX	5
GCA_026985515_1	ssuA	9
GCA_026985515_1	ssuB	8
GCA_026985515_1	ssuC	6
GCA_026985515_1	ssuD	4
GCA_026985515_1	sudA	4
GCA_026985515_1	sudB	1
GCA_026985515_1	sulP	2
GCA_026985515_1	tauA	1
GCA_026985515_1	tauB	2
GCA_026985515_1	tauD	2
GCA_026985515_1	tpa	2
GCA_026985515_1	tsdA	1
GCA_026985515_1	ttrA	2
GCA_026985515_1	ttrB	2
GCA_026985515_1	tusA	2
GCA_026985515_1	tusB	1
GCA_026985515_1	xsc	4
GCA_026985515_1	yihQ	2
GCA_026987085_1	acuI	1
GCA_026987085_1	asrA	1
GCA_026987085_1	betA	1
GCA_026987085_1	betB	3
GCA_026987085_1	comE	1
GCA_026987085_1	cuyA	2
GCA_026987085_1	cysC	6
GCA_026987085_1	cysD	1
GCA_026987085_1	cysE	2
GCA_026987085_1	cysJ	6
GCA_026987085_1	cysK	2
GCA_026987085_1	cysM	5
GCA_026987085_1	cysN_cysC	4
GCA_026987085_1	cysQ	2
GCA_026987085_1	cysU	2
GCA_026987085_1	cysW	1
GCA_026987085_1	dddP	1
GCA_026987085_1	dmdA	1
GCA_026987085_1	dmsC	1
GCA_026987085_1	dsrA	1
GCA_026987085_1	glpE	5
GCA_026987085_1	hdrB2	1
GCA_026987085_1	hdrD	1
GCA_026987085_1	hpsN	1
GCA_026987085_1	mdh	7
GCA_026987085_1	metB	3
GCA_026987085_1	metC	6
GCA_026987085_1	metY	1
GCA_026987085_1	metZ	1
GCA_026987085_1	nrnA	4
GCA_026987085_1	prpE	2
GCA_026987085_1	psrA	1
GCA_026987085_1	psrC	1
GCA_026987085_1	pta	4
GCA_026987085_1	sat	3
GCA_026987085_1	shyA	1
GCA_026987085_1	sir	2
GCA_026987085_1	slcC	1
GCA_026987085_1	soxC	1
GCA_026987085_1	sqdX	1
GCA_026987085_1	sqr	2
GCA_026987085_1	sreB	1
GCA_026987085_1	ssuA	2
GCA_026987085_1	ssuB	4
GCA_026987085_1	ssuC	2
GCA_026987085_1	ssuD	2
GCA_026987085_1	ssuE	1
GCA_026987085_1	sudA	4
GCA_026987085_1	sudB	1
GCA_026987085_1	sulP	1
GCA_026987085_1	tauA	1
GCA_026987085_1	tauB	3
GCA_026987085_1	tpa	2
GCA_026987085_1	tsdA	1
GCA_026987085_1	tusA	1
GCA_026987085_1	tusB	1
GCA_026987085_1	tusD	1
GCA_026987085_1	xsc	1
GCA_026991065_1	acuI	3
GCA_026991065_1	aprA	1
GCA_026991065_1	aprB	1
GCA_026991065_1	asrA	1
GCA_026991065_1	asrB	2
GCA_026991065_1	asrC	1
GCA_026991065_1	betA	5
GCA_026991065_1	betB	12
GCA_026991065_1	betC	31
GCA_026991065_1	comB	1
GCA_026991065_1	cuyA	1
GCA_026991065_1	cysA	4
GCA_026991065_1	cysC	25
GCA_026991065_1	cysD	3
GCA_026991065_1	cysE	6
GCA_026991065_1	cysI	3
GCA_026991065_1	cysJ	6
GCA_026991065_1	cysK	19
GCA_026991065_1	cysM	9
GCA_026991065_1	cysN	2
GCA_026991065_1	cysN_cysC	5
GCA_026991065_1	cysP	2
GCA_026991065_1	cysQ	3
GCA_026991065_1	cysU	4
GCA_026991065_1	dddP	3
GCA_026991065_1	dmdA	1
GCA_026991065_1	dmdB	3
GCA_026991065_1	dmdC	8
GCA_026991065_1	dmdD	2
GCA_026991065_1	dmsA	10
GCA_026991065_1	dmsB	2
GCA_026991065_1	dmsC	3
GCA_026991065_1	dsrA	3
GCA_026991065_1	dsrB	3
GCA_026991065_1	dsrE	1
GCA_026991065_1	dsrJ	1
GCA_026991065_1	dsrK	5
GCA_026991065_1	dsrM	1
GCA_026991065_1	dsrP	2
GCA_026991065_1	gdh	4
GCA_026991065_1	glpE	16
GCA_026991065_1	hdrA1	1
GCA_026991065_1	hdrA2	2
GCA_026991065_1	hdrC2	1
GCA_026991065_1	hdrD	1
GCA_026991065_1	hpsP	2
GCA_026991065_1	hydA	1
GCA_026991065_1	iseM	1
GCA_026991065_1	isfD	1
GCA_026991065_1	mdh	11
GCA_026991065_1	metB	2
GCA_026991065_1	metC	5
GCA_026991065_1	metX	1
GCA_026991065_1	metY	2
GCA_026991065_1	metZ	3
GCA_026991065_1	nrnA	1
GCA_026991065_1	otr	1
GCA_026991065_1	phsA	1
GCA_026991065_1	phsC	2
GCA_026991065_1	prpE	2
GCA_026991065_1	pta	8
GCA_026991065_1	qmoB	2
GCA_026991065_1	qmoC	3
GCA_026991065_1	rdlA	1
GCA_026991065_1	sat	3
GCA_026991065_1	sbp	1
GCA_026991065_1	sgpB	2
GCA_026991065_1	sgpC	1
GCA_026991065_1	shyD	1
GCA_026991065_1	sir	2
GCA_026991065_1	slcC	3
GCA_026991065_1	soxA	1
GCA_026991065_1	soxB	3
GCA_026991065_1	soxX	3
GCA_026991065_1	soxY	1
GCA_026991065_1	sqdB	1
GCA_026991065_1	sqdX	22
GCA_026991065_1	sqr	1
GCA_026991065_1	ssuA	31
GCA_026991065_1	ssuB	5
GCA_026991065_1	ssuC	4
GCA_026991065_1	ssuD	6
GCA_026991065_1	ssuE	1
GCA_026991065_1	sudA	9
GCA_026991065_1	sulP	10
GCA_026991065_1	tauA	3
GCA_026991065_1	tauB	3
GCA_026991065_1	tauE	1
GCA_026991065_1	toa	2
GCA_026991065_1	tsdA	1
GCA_026991065_1	tsdB	3
GCA_026991065_1	ttrA	1
GCA_026991065_1	ttrB	9
GCA_026991065_1	tusD	1
GCA_026991065_1	xsc	4
GCA_026991065_1	yihQ	1
GCA_026991605_1	acuI	4
GCA_026991605_1	asrA	1
GCA_026991605_1	betA	6
GCA_026991605_1	betB	6
GCA_026991605_1	betC	1
GCA_026991605_1	cuyA	2
GCA_026991605_1	cysA	1
GCA_026991605_1	cysC	11
GCA_026991605_1	cysD	2
GCA_026991605_1	cysE	7
GCA_026991605_1	cysH	2
GCA_026991605_1	cysI	3
GCA_026991605_1	cysJ	5
GCA_026991605_1	cysK	10
GCA_026991605_1	cysM	3
GCA_026991605_1	cysN	3
GCA_026991605_1	cysN_cysC	2
GCA_026991605_1	cysP	1
GCA_026991605_1	cysQ	2
GCA_026991605_1	cysU	4
GCA_026991605_1	cysW	2
GCA_026991605_1	dddP	1
GCA_026991605_1	dmdB	2
GCA_026991605_1	dmdD	1
GCA_026991605_1	dmsA	2
GCA_026991605_1	dmsB	2
GCA_026991605_1	dmsC	2
GCA_026991605_1	dsrA	1
GCA_026991605_1	fccB	3
GCA_026991605_1	gdh	2
GCA_026991605_1	glpE	14
GCA_026991605_1	hdrB2	1
GCA_026991605_1	hdrD	1
GCA_026991605_1	hpsN	1
GCA_026991605_1	iseM	1
GCA_026991605_1	isfD	3
GCA_026991605_1	mdh	13
GCA_026991605_1	metB	1
GCA_026991605_1	metC	3
GCA_026991605_1	metX	1
GCA_026991605_1	metY	2
GCA_026991605_1	metZ	2
GCA_026991605_1	nrnA	2
GCA_026991605_1	phsA	1
GCA_026991605_1	prpE	2
GCA_026991605_1	psrA	1
GCA_026991605_1	pta	4
GCA_026991605_1	sat	3
GCA_026991605_1	sbp	1
GCA_026991605_1	sgpB	1
GCA_026991605_1	sir	3
GCA_026991605_1	slcC	3
GCA_026991605_1	sorA	1
GCA_026991605_1	sorB	1
GCA_026991605_1	soxA	1
GCA_026991605_1	soxB	3
GCA_026991605_1	soxC	2
GCA_026991605_1	soxD	2
GCA_026991605_1	soxL	2
GCA_026991605_1	soxX	1
GCA_026991605_1	soxY	2
GCA_026991605_1	soxZ	2
GCA_026991605_1	sqdX	1
GCA_026991605_1	sqr	3
GCA_026991605_1	sseA	1
GCA_026991605_1	ssuB	4
GCA_026991605_1	ssuC	1
GCA_026991605_1	ssuD	1
GCA_026991605_1	ssuE	2
GCA_026991605_1	sudA	4
GCA_026991605_1	sulP	9
GCA_026991605_1	tauB	2
GCA_026991605_1	tauZ	1
GCA_026991605_1	tpa	1
GCA_026991605_1	tsdA	2
GCA_026991605_1	tsdB	2
GCA_026991605_1	ttrB	3
GCA_026991605_1	ttrC	1
GCA_026991605_1	tusA	1
GCA_026991605_1	tusB	1
GCA_026991605_1	tusD	1
GCA_026991605_1	tusE	1
GCA_026991605_1	xsc	2
GCA_027004335_1	asrA	1
GCA_027004335_1	asrC	1
GCA_027004335_1	betA	3
GCA_027004335_1	betB	5
GCA_027004335_1	betC	1
GCA_027004335_1	comE	1
GCA_027004335_1	cuyA	1
GCA_027004335_1	cysA	1
GCA_027004335_1	cysC	12
GCA_027004335_1	cysD	2
GCA_027004335_1	cysE	3
GCA_027004335_1	cysI	1
GCA_027004335_1	cysJ	6
GCA_027004335_1	cysK	5
GCA_027004335_1	cysM	2
GCA_027004335_1	cysN	4
GCA_027004335_1	cysN_cysC	1
GCA_027004335_1	cysU	2
GCA_027004335_1	cysW	1
GCA_027004335_1	cysZ	1
GCA_027004335_1	dddP	1
GCA_027004335_1	dmdA	1
GCA_027004335_1	dmdB	2
GCA_027004335_1	dmdC	14
GCA_027004335_1	dmdD	1
GCA_027004335_1	dmsA	1
GCA_027004335_1	dmsC	1
GCA_027004335_1	dsrA	1
GCA_027004335_1	gdh	2
GCA_027004335_1	glpE	1
GCA_027004335_1	hdrA1	1
GCA_027004335_1	hdrA2	1
GCA_027004335_1	hdrD	5
GCA_027004335_1	hpsN	1
GCA_027004335_1	hpsP	1
GCA_027004335_1	isfD	2
GCA_027004335_1	mdh	11
GCA_027004335_1	metB	1
GCA_027004335_1	metC	2
GCA_027004335_1	metY	1
GCA_027004335_1	nrnA	2
GCA_027004335_1	phsA	1
GCA_027004335_1	prpE	1
GCA_027004335_1	pta	7
GCA_027004335_1	sat	3
GCA_027004335_1	sbp	1
GCA_027004335_1	shyC	1
GCA_027004335_1	sir	1
GCA_027004335_1	soxB	1
GCA_027004335_1	sqdB	1
GCA_027004335_1	sqdX	2
GCA_027004335_1	sreB	1
GCA_027004335_1	ssuA	4
GCA_027004335_1	ssuB	5
GCA_027004335_1	ssuC	2
GCA_027004335_1	ssuD	3
GCA_027004335_1	sudA	1
GCA_027004335_1	sulP	1
GCA_027004335_1	tauA	2
GCA_027004335_1	tauB	4
GCA_027004335_1	tauD	2
GCA_027004335_1	tpa	2
GCA_027004335_1	tsdA	1
GCA_027004335_1	tusA	3
GCA_027004335_1	tusB	1
GCA_027004335_1	xsc	3
GCA_027004335_1	yihQ	3
GCA_027030425_1	acuI	2
GCA_027030425_1	aprB	1
GCA_027030425_1	asrA	1
GCA_027030425_1	betA	8
GCA_027030425_1	betB	7
GCA_027030425_1	betC	2
GCA_027030425_1	comB	2
GCA_027030425_1	cuyA	1
GCA_027030425_1	cysA	7
GCA_027030425_1	cysC	20
GCA_027030425_1	cysD	4
GCA_027030425_1	cysE	10
GCA_027030425_1	cysH	2
GCA_027030425_1	cysI	3
GCA_027030425_1	cysJ	3
GCA_027030425_1	cysK	17
GCA_027030425_1	cysM	8
GCA_027030425_1	cysN	5
GCA_027030425_1	cysN_cysC	6
GCA_027030425_1	cysP	2
GCA_027030425_1	cysQ	5
GCA_027030425_1	cysU	7
GCA_027030425_1	cysW	1
GCA_027030425_1	cysZ	4
GCA_027030425_1	dddP	1
GCA_027030425_1	dmdA	1
GCA_027030425_1	dmdB	3
GCA_027030425_1	dmdC	1
GCA_027030425_1	dmdD	2
GCA_027030425_1	dmsA	6
GCA_027030425_1	dmsB	4
GCA_027030425_1	dmsC	3
GCA_027030425_1	dsrA	1
GCA_027030425_1	dsrK	3
GCA_027030425_1	dsrN	1
GCA_027030425_1	dsyB	2
GCA_027030425_1	fccA	3
GCA_027030425_1	fccB	2
GCA_027030425_1	glpE	20
GCA_027030425_1	hdrC2	1
GCA_027030425_1	hpsN	1
GCA_027030425_1	hpsP	1
GCA_027030425_1	iseM	2
GCA_027030425_1	mddA	1
GCA_027030425_1	mdh	13
GCA_027030425_1	metA	2
GCA_027030425_1	metB	1
GCA_027030425_1	metC	4
GCA_027030425_1	metZ	7
GCA_027030425_1	nrnA	1
GCA_027030425_1	otr	1
GCA_027030425_1	phsB	1
GCA_027030425_1	phsC	1
GCA_027030425_1	prpE	3
GCA_027030425_1	pta	15
GCA_027030425_1	qmoA	1
GCA_027030425_1	qmoB	1
GCA_027030425_1	sat	5
GCA_027030425_1	sbp	1
GCA_027030425_1	sgpA	1
GCA_027030425_1	sgpB	2
GCA_027030425_1	sgpC	1
GCA_027030425_1	shyC	1
GCA_027030425_1	sir	7
GCA_027030425_1	slcC	1
GCA_027030425_1	soeA	1
GCA_027030425_1	soeC	1
GCA_027030425_1	soxA	1
GCA_027030425_1	soxB	1
GCA_027030425_1	soxC	2
GCA_027030425_1	soxX	6
GCA_027030425_1	soxY	1
GCA_027030425_1	soxZ	1
GCA_027030425_1	sqdX	6
GCA_027030425_1	sqr	2
GCA_027030425_1	sseA	1
GCA_027030425_1	ssuA	11
GCA_027030425_1	ssuB	13
GCA_027030425_1	ssuC	1
GCA_027030425_1	ssuD	6
GCA_027030425_1	sudA	3
GCA_027030425_1	sulP	9
GCA_027030425_1	tauA	1
GCA_027030425_1	tauB	5
GCA_027030425_1	tauD	2
GCA_027030425_1	tpa	2
GCA_027030425_1	tsdA	1
GCA_027030425_1	tsdB	8
GCA_027030425_1	ttrA	2
GCA_027030425_1	ttrB	1
GCA_027030425_1	ttrC	2
GCA_027030425_1	tusA	5
GCA_027030425_1	tusD	1
GCA_027030425_1	tusE	3
GCA_027030425_1	xsc	2
GCA_027062325_1	asrC	1
GCA_027062325_1	betA	3
GCA_027062325_1	betB	4
GCA_027062325_1	betC	1
GCA_027062325_1	comE	1
GCA_027062325_1	cuyA	1
GCA_027062325_1	cysA	2
GCA_027062325_1	cysC	5
GCA_027062325_1	cysE	1
GCA_027062325_1	cysI	1
GCA_027062325_1	cysJ	3
GCA_027062325_1	cysK	5
GCA_027062325_1	cysM	3
GCA_027062325_1	cysN	2
GCA_027062325_1	cysN_cysC	3
GCA_027062325_1	cysP	2
GCA_027062325_1	cysU	3
GCA_027062325_1	cysW	2
GCA_027062325_1	dddP	1
GCA_027062325_1	dmdA	1
GCA_027062325_1	dmdC	1
GCA_027062325_1	dmsA	1
GCA_027062325_1	dmsB	3
GCA_027062325_1	dmsC	1
GCA_027062325_1	dsrA	1
GCA_027062325_1	gdh	1
GCA_027062325_1	glpE	4
GCA_027062325_1	hdrA1	1
GCA_027062325_1	isfD	1
GCA_027062325_1	mdh	7
GCA_027062325_1	metA	1
GCA_027062325_1	metC	3
GCA_027062325_1	metX	1
GCA_027062325_1	metZ	1
GCA_027062325_1	nrnA	5
GCA_027062325_1	pta	7
GCA_027062325_1	sat	2
GCA_027062325_1	sgpB	1
GCA_027062325_1	sir	1
GCA_027062325_1	soxB	1
GCA_027062325_1	soxX	1
GCA_027062325_1	ssuA	3
GCA_027062325_1	ssuB	2
GCA_027062325_1	ssuC	6
GCA_027062325_1	ssuD	1
GCA_027062325_1	sudA	2
GCA_027062325_1	sulP	1
GCA_027062325_1	tauA	1
GCA_027062325_1	tauB	2
GCA_027062325_1	tauD	1
GCA_027062325_1	tpa	1
GCA_027062325_1	tsdA	1
GCA_027062325_1	ttrB	2
GCA_027062325_1	tusB	1
GCA_027062325_1	tusD	1
GCA_027062365_1	acuI	3
GCA_027062365_1	betA	6
GCA_027062365_1	betB	1
GCA_027062365_1	betC	1
GCA_027062365_1	cuyA	2
GCA_027062365_1	cysA	2
GCA_027062365_1	cysC	10
GCA_027062365_1	cysD	2
GCA_027062365_1	cysE	5
GCA_027062365_1	cysH	3
GCA_027062365_1	cysI	3
GCA_027062365_1	cysJ	4
GCA_027062365_1	cysK	6
GCA_027062365_1	cysM	2
GCA_027062365_1	cysN	1
GCA_027062365_1	cysN_cysC	4
GCA_027062365_1	cysP	2
GCA_027062365_1	cysQ	2
GCA_027062365_1	cysU	2
GCA_027062365_1	cysW	3
GCA_027062365_1	dddP	1
GCA_027062365_1	dmdB	1
GCA_027062365_1	dmsA	3
GCA_027062365_1	dmsB	2
GCA_027062365_1	dmsC	1
GCA_027062365_1	dsrA	1
GCA_027062365_1	fccB	3
GCA_027062365_1	gdh	1
GCA_027062365_1	glpE	9
GCA_027062365_1	hdrB2	1
GCA_027062365_1	hdrD	1
GCA_027062365_1	hpsN	1
GCA_027062365_1	iseM	1
GCA_027062365_1	mdh	7
GCA_027062365_1	metB	1
GCA_027062365_1	metC	3
GCA_027062365_1	metX	1
GCA_027062365_1	metY	2
GCA_027062365_1	metZ	3
GCA_027062365_1	nrnA	3
GCA_027062365_1	prpE	2
GCA_027062365_1	psrA	1
GCA_027062365_1	pta	4
GCA_027062365_1	sat	2
GCA_027062365_1	sbp	1
GCA_027062365_1	sgpB	1
GCA_027062365_1	sir	4
GCA_027062365_1	slcC	1
GCA_027062365_1	soxA	1
GCA_027062365_1	soxB	2
GCA_027062365_1	soxL	4
GCA_027062365_1	soxX	1
GCA_027062365_1	soxY	2
GCA_027062365_1	soxZ	1
GCA_027062365_1	sqdX	4
GCA_027062365_1	sqr	1
GCA_027062365_1	ssuB	1
GCA_027062365_1	ssuC	1
GCA_027062365_1	ssuD	3
GCA_027062365_1	ssuE	1
GCA_027062365_1	sudA	3
GCA_027062365_1	sulP	9
GCA_027062365_1	tauB	1
GCA_027062365_1	tauD	3
GCA_027062365_1	tauZ	1
GCA_027062365_1	toa	1
GCA_027062365_1	tpa	2
GCA_027062365_1	tsdA	1
GCA_027062365_1	ttrB	2
GCA_027062365_1	ttrC	1
GCA_027062365_1	tusA	1
GCA_027062365_1	tusB	1
GCA_027062365_1	tusD	1
GCA_027062365_1	xsc	1
GCA_027063545_1	asrB	1
GCA_027063545_1	betA	2
GCA_027063545_1	cuyA	1
GCA_027063545_1	cysA	1
GCA_027063545_1	cysC	10
GCA_027063545_1	cysD	3
GCA_027063545_1	cysE	2
GCA_027063545_1	cysI	2
GCA_027063545_1	cysJ	2
GCA_027063545_1	cysK	7
GCA_027063545_1	cysM	2
GCA_027063545_1	cysN	2
GCA_027063545_1	cysN_cysC	4
GCA_027063545_1	cysQ	2
GCA_027063545_1	cysU	1
GCA_027063545_1	cysW	1
GCA_027063545_1	dddP	1
GCA_027063545_1	dmsA	1
GCA_027063545_1	dmsB	1
GCA_027063545_1	dmsC	1
GCA_027063545_1	dsrA	1
GCA_027063545_1	glpE	4
GCA_027063545_1	hdrA1	1
GCA_027063545_1	hpsN	1
GCA_027063545_1	isfD	1
GCA_027063545_1	mdh	6
GCA_027063545_1	metA	1
GCA_027063545_1	metB	1
GCA_027063545_1	metC	5
GCA_027063545_1	metY	1
GCA_027063545_1	metZ	3
GCA_027063545_1	nrnA	2
GCA_027063545_1	prpE	2
GCA_027063545_1	pta	4
GCA_027063545_1	sat	3
GCA_027063545_1	sgpC	1
GCA_027063545_1	sir	1
GCA_027063545_1	slcC	3
GCA_027063545_1	soxA	1
GCA_027063545_1	soxX	1
GCA_027063545_1	sqdX	8
GCA_027063545_1	sseA	1
GCA_027063545_1	ssuA	7
GCA_027063545_1	ssuB	4
GCA_027063545_1	ssuD	2
GCA_027063545_1	ssuE	1
GCA_027063545_1	sudA	3
GCA_027063545_1	sulP	3
GCA_027063545_1	tauA	2
GCA_027063545_1	tauB	4
GCA_027063545_1	tpa	1
GCA_027063545_1	tsdA	1
GCA_027063545_1	ttrA	1
GCA_027063545_1	tusA	1
GCA_027063545_1	tusB	1
GCA_027063545_1	tusD	1
GCA_027063545_1	xsc	1
GCA_027083035_1	acuI	7
GCA_027083035_1	asrA	1
GCA_027083035_1	betA	4
GCA_027083035_1	betB	4
GCA_027083035_1	betC	1
GCA_027083035_1	comE	1
GCA_027083035_1	cuyA	2
GCA_027083035_1	cysC	11
GCA_027083035_1	cysD	4
GCA_027083035_1	cysE	5
GCA_027083035_1	cysI	3
GCA_027083035_1	cysJ	6
GCA_027083035_1	cysK	8
GCA_027083035_1	cysM	4
GCA_027083035_1	cysN	3
GCA_027083035_1	cysN_cysC	4
GCA_027083035_1	cysP	3
GCA_027083035_1	cysQ	3
GCA_027083035_1	cysU	2
GCA_027083035_1	dddP	1
GCA_027083035_1	dmsA	7
GCA_027083035_1	dmsB	1
GCA_027083035_1	dmsC	1
GCA_027083035_1	dsrA	2
GCA_027083035_1	dsrD	1
GCA_027083035_1	dsrN	2
GCA_027083035_1	fccA	2
GCA_027083035_1	fccB	1
GCA_027083035_1	gdh	1
GCA_027083035_1	glpE	8
GCA_027083035_1	hdrB2	1
GCA_027083035_1	hdrD	1
GCA_027083035_1	hpsN	1
GCA_027083035_1	iseM	1
GCA_027083035_1	isfD	1
GCA_027083035_1	mdh	11
GCA_027083035_1	metC	7
GCA_027083035_1	metX	1
GCA_027083035_1	metY	3
GCA_027083035_1	metZ	2
GCA_027083035_1	nrnA	3
GCA_027083035_1	prpE	1
GCA_027083035_1	psrA	1
GCA_027083035_1	pta	5
GCA_027083035_1	sat	3
GCA_027083035_1	sbp	2
GCA_027083035_1	sgpB	2
GCA_027083035_1	sir	5
GCA_027083035_1	slcC	2
GCA_027083035_1	sorA	2
GCA_027083035_1	sorB	2
GCA_027083035_1	soxC	2
GCA_027083035_1	soxD	1
GCA_027083035_1	soxY	1
GCA_027083035_1	soxZ	1
GCA_027083035_1	sqdX	4
GCA_027083035_1	sqr	2
GCA_027083035_1	sseA	2
GCA_027083035_1	ssuA	2
GCA_027083035_1	ssuB	4
GCA_027083035_1	ssuC	1
GCA_027083035_1	ssuD	1
GCA_027083035_1	ssuE	1
GCA_027083035_1	sudA	7
GCA_027083035_1	sulP	7
GCA_027083035_1	tauB	2
GCA_027083035_1	tauD	3
GCA_027083035_1	tauZ	2
GCA_027083035_1	tpa	1
GCA_027083035_1	tsdA	2
GCA_027083035_1	tsdB	1
GCA_027083035_1	ttrB	2
GCA_027083035_1	ttrC	1
GCA_027083035_1	tusA	1
GCA_027083035_1	tusB	1
GCA_027083035_1	tusD	1
GCA_027083035_1	xsc	1
GCA_027308005_1	acuI	5
GCA_027308005_1	aprA	1
GCA_027308005_1	betA	6
GCA_027308005_1	betB	9
GCA_027308005_1	betC	2
GCA_027308005_1	comB	1
GCA_027308005_1	cuyA	1
GCA_027308005_1	cysA	7
GCA_027308005_1	cysC	16
GCA_027308005_1	cysD	5
GCA_027308005_1	cysE	5
GCA_027308005_1	cysH	6
GCA_027308005_1	cysI	2
GCA_027308005_1	cysJ	4
GCA_027308005_1	cysK	12
GCA_027308005_1	cysM	8
GCA_027308005_1	cysN	5
GCA_027308005_1	cysN_cysC	7
GCA_027308005_1	cysP	3
GCA_027308005_1	cysQ	4
GCA_027308005_1	cysU	9
GCA_027308005_1	cysW	4
GCA_027308005_1	cysZ	2
GCA_027308005_1	dmdB	4
GCA_027308005_1	dmdC	6
GCA_027308005_1	dmdD	2
GCA_027308005_1	dmsA	7
GCA_027308005_1	dmsC	2
GCA_027308005_1	dsrA	1
GCA_027308005_1	dsrB	1
GCA_027308005_1	dsyB	1
GCA_027308005_1	fccA	1
GCA_027308005_1	gdh	1
GCA_027308005_1	glpE	8
GCA_027308005_1	hpsN	1
GCA_027308005_1	hpsP	1
GCA_027308005_1	hydD	1
GCA_027308005_1	isfD	2
GCA_027308005_1	mdh	13
GCA_027308005_1	metA	2
GCA_027308005_1	metC	10
GCA_027308005_1	metX	2
GCA_027308005_1	metZ	2
GCA_027308005_1	nrnA	3
GCA_027308005_1	phsB	1
GCA_027308005_1	prpE	6
GCA_027308005_1	pta	9
GCA_027308005_1	sat	5
GCA_027308005_1	sgpC	1
GCA_027308005_1	shyA	1
GCA_027308005_1	shyC	1
GCA_027308005_1	sir	6
GCA_027308005_1	slcC	1
GCA_027308005_1	slcD	1
GCA_027308005_1	soxB	1
GCA_027308005_1	soxX	1
GCA_027308005_1	soxY	1
GCA_027308005_1	soxZ	1
GCA_027308005_1	sqdB	1
GCA_027308005_1	sqdX	6
GCA_027308005_1	sqr	2
GCA_027308005_1	sseA	3
GCA_027308005_1	ssuA	6
GCA_027308005_1	ssuB	17
GCA_027308005_1	ssuC	5
GCA_027308005_1	ssuD	3
GCA_027308005_1	ssuE	1
GCA_027308005_1	sudA	2
GCA_027308005_1	sudB	1
GCA_027308005_1	sulP	8
GCA_027308005_1	tauA	2
GCA_027308005_1	tauB	5
GCA_027308005_1	tauC	1
GCA_027308005_1	tauD	4
GCA_027308005_1	tpa	2
GCA_027308005_1	tsdA	3
GCA_027308005_1	tsdB	1
GCA_027308005_1	ttrA	2
GCA_027308005_1	ttrB	1
GCA_027308005_1	ttrC	2
GCA_027308005_1	tusA	2
GCA_027308005_1	tusB	2
GCA_027308005_1	tusC	1
GCA_027308005_1	tusD	1
GCA_027308005_1	xsc	3
GCA_027344185_1	acuI	3
GCA_027344185_1	aprA	3
GCA_027344185_1	aprB	1
GCA_027344185_1	asrA	2
GCA_027344185_1	asrB	1
GCA_027344185_1	betA	9
GCA_027344185_1	betB	7
GCA_027344185_1	betC	1
GCA_027344185_1	comB	2
GCA_027344185_1	cysA	5
GCA_027344185_1	cysC	28
GCA_027344185_1	cysD	5
GCA_027344185_1	cysE	7
GCA_027344185_1	cysH	4
GCA_027344185_1	cysJ	7
GCA_027344185_1	cysK	16
GCA_027344185_1	cysM	10
GCA_027344185_1	cysN	7
GCA_027344185_1	cysN_cysC	7
GCA_027344185_1	cysP	1
GCA_027344185_1	cysQ	10
GCA_027344185_1	cysU	10
GCA_027344185_1	cysW	1
GCA_027344185_1	cysZ	1
GCA_027344185_1	dmdB	2
GCA_027344185_1	dmsA	7
GCA_027344185_1	dmsB	1
GCA_027344185_1	dmsC	2
GCA_027344185_1	dsrA	3
GCA_027344185_1	dsrC	2
GCA_027344185_1	dsrK	1
GCA_027344185_1	dsrL	1
GCA_027344185_1	dsrM	2
GCA_027344185_1	dsrN	2
GCA_027344185_1	dsrP	1
GCA_027344185_1	dsyB	2
GCA_027344185_1	fccA	3
GCA_027344185_1	fccB	2
GCA_027344185_1	glpE	22
GCA_027344185_1	hdrA1	1
GCA_027344185_1	hdrD	1
GCA_027344185_1	hpsN	2
GCA_027344185_1	hpsP	2
GCA_027344185_1	hydD	1
GCA_027344185_1	iseM	2
GCA_027344185_1	isfD	1
GCA_027344185_1	mdh	17
GCA_027344185_1	metA	1
GCA_027344185_1	metB	2
GCA_027344185_1	metC	11
GCA_027344185_1	metX	1
GCA_027344185_1	metY	1
GCA_027344185_1	metZ	11
GCA_027344185_1	nrnA	1
GCA_027344185_1	phsA	1
GCA_027344185_1	phsC	1
GCA_027344185_1	prpE	9
GCA_027344185_1	pta	17
GCA_027344185_1	qmoA	1
GCA_027344185_1	sat	6
GCA_027344185_1	sbp	2
GCA_027344185_1	sgpB	5
GCA_027344185_1	sgpC	1
GCA_027344185_1	shyA	1
GCA_027344185_1	shyC	2
GCA_027344185_1	sir	10
GCA_027344185_1	slcC	2
GCA_027344185_1	soeA	2
GCA_027344185_1	sorA	1
GCA_027344185_1	sorB	1
GCA_027344185_1	soxA	3
GCA_027344185_1	soxB	3
GCA_027344185_1	soxC	1
GCA_027344185_1	soxD	2
GCA_027344185_1	soxX	3
GCA_027344185_1	soxY	4
GCA_027344185_1	soxZ	4
GCA_027344185_1	sqdB	1
GCA_027344185_1	sqdX	13
GCA_027344185_1	sqr	4
GCA_027344185_1	sseA	1
GCA_027344185_1	ssuA	9
GCA_027344185_1	ssuB	17
GCA_027344185_1	ssuC	7
GCA_027344185_1	ssuD	5
GCA_027344185_1	ssuE	2
GCA_027344185_1	sudA	3
GCA_027344185_1	sulP	9
GCA_027344185_1	tauA	1
GCA_027344185_1	tauB	6
GCA_027344185_1	tauD	7
GCA_027344185_1	tmoC	1
GCA_027344185_1	toa	1
GCA_027344185_1	touF	1
GCA_027344185_1	tpa	1
GCA_027344185_1	tsdA	4
GCA_027344185_1	tsdB	1
GCA_027344185_1	ttrA	2
GCA_027344185_1	ttrB	1
GCA_027344185_1	ttrC	2
GCA_027344185_1	tusA	5
GCA_027344185_1	tusB	5
GCA_027344185_1	tusD	2
GCA_027344185_1	tusE	6
GCA_027344185_1	xsc	3
GCA_027491485_1	betA	1
GCA_027491485_1	cysA	1
GCA_027491485_1	cysC	1
GCA_027491485_1	cysH	1
GCA_027491485_1	cysI	1
GCA_027491485_1	cysJ	2
GCA_027491485_1	cysK	3
GCA_027491485_1	dmdA	1
GCA_027491485_1	dmsB	1
GCA_027491485_1	glpE	3
GCA_027491485_1	hdrA1	1
GCA_027491485_1	hdrA2	1
GCA_027491485_1	hdrD	1
GCA_027491485_1	hpsN	1
GCA_027491485_1	hydD	1
GCA_027491485_1	mdh	3
GCA_027491485_1	metB	1
GCA_027491485_1	metX	1
GCA_027491485_1	metZ	1
GCA_027491485_1	mtsB	1
GCA_027491485_1	pta	1
GCA_027491485_1	qmoC	1
GCA_027491485_1	sir	1
GCA_027491485_1	sqdX	2
GCA_027491485_1	ssuB	1
GCA_027491485_1	tpa	1
GCA_027491485_1	tusA	1
GCA_027491785_1	asrA	1
GCA_027491785_1	betA	5
GCA_027491785_1	betC	1
GCA_027491785_1	comD	1
GCA_027491785_1	cysA	5
GCA_027491785_1	cysC	6
GCA_027491785_1	cysE	7
GCA_027491785_1	cysH	1
GCA_027491785_1	cysI	2
GCA_027491785_1	cysJ	2
GCA_027491785_1	cysK	7
GCA_027491785_1	cysM	1
GCA_027491785_1	cysP	3
GCA_027491785_1	cysQ	1
GCA_027491785_1	cysU	3
GCA_027491785_1	cysW	1
GCA_027491785_1	dddP	1
GCA_027491785_1	dddW	1
GCA_027491785_1	dmdA	1
GCA_027491785_1	dmsA	3
GCA_027491785_1	dmsB	2
GCA_027491785_1	dmsC	2
GCA_027491785_1	dsrK	1
GCA_027491785_1	dsyB	1
GCA_027491785_1	gdh	1
GCA_027491785_1	glpE	6
GCA_027491785_1	hdrD	3
GCA_027491785_1	hpsN	2
GCA_027491785_1	hpsP	1
GCA_027491785_1	mdh	5
GCA_027491785_1	metB	2
GCA_027491785_1	metC	1
GCA_027491785_1	metX	3
GCA_027491785_1	metZ	1
GCA_027491785_1	mtsB	1
GCA_027491785_1	phsA	1
GCA_027491785_1	pta	3
GCA_027491785_1	sat	1
GCA_027491785_1	shyC	1
GCA_027491785_1	sir	2
GCA_027491785_1	slcC	1
GCA_027491785_1	sqdB	1
GCA_027491785_1	sqdX	3
GCA_027491785_1	sqr	1
GCA_027491785_1	ssuB	1
GCA_027491785_1	ssuE	1
GCA_027491785_1	sudA	1
GCA_027491785_1	tauA	1
GCA_027491785_1	tauB	1
GCA_027491785_1	tpa	4
GCA_027491785_1	ttrB	3
GCA_027491785_1	tusA	3
GCA_027491785_1	tusD	1
GCA_027491785_1	tusE	1
GCA_027491785_1	xsc	1
GCA_027717595_1	acuI	4
GCA_027717595_1	asrA	1
GCA_027717595_1	asrB	1
GCA_027717595_1	betA	6
GCA_027717595_1	betB	9
GCA_027717595_1	betC	1
GCA_027717595_1	cysA	2
GCA_027717595_1	cysC	15
GCA_027717595_1	cysD	2
GCA_027717595_1	cysE	6
GCA_027717595_1	cysH	1
GCA_027717595_1	cysI	2
GCA_027717595_1	cysJ	4
GCA_027717595_1	cysK	11
GCA_027717595_1	cysM	4
GCA_027717595_1	cysN	1
GCA_027717595_1	cysN_cysC	6
GCA_027717595_1	cysP	1
GCA_027717595_1	cysU	2
GCA_027717595_1	cysZ	1
GCA_027717595_1	dmdC	1
GCA_027717595_1	dmdD	1
GCA_027717595_1	dmsA	5
GCA_027717595_1	dmsC	3
GCA_027717595_1	dsrA	2
GCA_027717595_1	dsrB	1
GCA_027717595_1	dsrN	1
GCA_027717595_1	dsyB	2
GCA_027717595_1	gdh	2
GCA_027717595_1	glpE	10
GCA_027717595_1	hdrD	2
GCA_027717595_1	hpsN	1
GCA_027717595_1	iseM	1
GCA_027717595_1	mdh	12
GCA_027717595_1	metA	1
GCA_027717595_1	metB	1
GCA_027717595_1	metC	7
GCA_027717595_1	metX	1
GCA_027717595_1	metY	2
GCA_027717595_1	metZ	2
GCA_027717595_1	nrnA	2
GCA_027717595_1	phsA	1
GCA_027717595_1	prpE	2
GCA_027717595_1	psrC	1
GCA_027717595_1	pta	6
GCA_027717595_1	sat	8
GCA_027717595_1	sgpC	1
GCA_027717595_1	sir	3
GCA_027717595_1	slcC	2
GCA_027717595_1	sorA	1
GCA_027717595_1	soxB	1
GCA_027717595_1	soxC	1
GCA_027717595_1	soxX	1
GCA_027717595_1	soxY	1
GCA_027717595_1	soxZ	1
GCA_027717595_1	sqdX	11
GCA_027717595_1	sqr	1
GCA_027717595_1	sseA	5
GCA_027717595_1	ssuA	6
GCA_027717595_1	ssuB	4
GCA_027717595_1	ssuC	4
GCA_027717595_1	ssuD	2
GCA_027717595_1	ssuE	1
GCA_027717595_1	sudA	1
GCA_027717595_1	sudB	1
GCA_027717595_1	sulP	3
GCA_027717595_1	tauA	1
GCA_027717595_1	tauB	2
GCA_027717595_1	tmoC	1
GCA_027717595_1	tpa	3
GCA_027717595_1	tsdA	1
GCA_027717595_1	ttrA	2
GCA_027717595_1	ttrB	2
GCA_027717595_1	tusA	1
GCA_027717595_1	tusB	2
GCA_027717595_1	tusD	1
GCA_028277725_1	acuI	2
GCA_028277725_1	aprA	2
GCA_028277725_1	aprB	2
GCA_028277725_1	asrA	2
GCA_028277725_1	betA	6
GCA_028277725_1	betB	4
GCA_028277725_1	betC	2
GCA_028277725_1	comB	2
GCA_028277725_1	comE	2
GCA_028277725_1	cysA	7
GCA_028277725_1	cysC	22
GCA_028277725_1	cysD	7
GCA_028277725_1	cysE	13
GCA_028277725_1	cysH	2
GCA_028277725_1	cysI	2
GCA_028277725_1	cysJ	10
GCA_028277725_1	cysK	18
GCA_028277725_1	cysM	8
GCA_028277725_1	cysN	7
GCA_028277725_1	cysN_cysC	7
GCA_028277725_1	cysP	5
GCA_028277725_1	cysQ	6
GCA_028277725_1	cysU	7
GCA_028277725_1	cysW	2
GCA_028277725_1	cysZ	4
GCA_028277725_1	dddP	1
GCA_028277725_1	dddT	1
GCA_028277725_1	ddhA	1
GCA_028277725_1	ddhC	1
GCA_028277725_1	dmdA	1
GCA_028277725_1	dmdB	2
GCA_028277725_1	dmdC	1
GCA_028277725_1	dmsA	8
GCA_028277725_1	dmsB	5
GCA_028277725_1	dmsC	4
GCA_028277725_1	dsrA	1
GCA_028277725_1	dsrE	1
GCA_028277725_1	dsrF	1
GCA_028277725_1	dsrH	1
GCA_028277725_1	dsrK	4
GCA_028277725_1	dsrL	1
GCA_028277725_1	dsrM	1
GCA_028277725_1	dsrN	2
GCA_028277725_1	dsrO	1
GCA_028277725_1	dsrP	1
GCA_028277725_1	dsyB	1
GCA_028277725_1	fccA	3
GCA_028277725_1	fccB	3
GCA_028277725_1	gdh	2
GCA_028277725_1	glpE	18
GCA_028277725_1	hdrD	1
GCA_028277725_1	hpsK	1
GCA_028277725_1	hpsN	1
GCA_028277725_1	hpsO	1
GCA_028277725_1	iseM	3
GCA_028277725_1	isfD	3
GCA_028277725_1	mccB	1
GCA_028277725_1	mdh	16
GCA_028277725_1	metA	2
GCA_028277725_1	metB	3
GCA_028277725_1	metC	7
GCA_028277725_1	metY	1
GCA_028277725_1	metZ	8
GCA_028277725_1	otr	3
GCA_028277725_1	phsC	2
GCA_028277725_1	prpE	5
GCA_028277725_1	pta	14
GCA_028277725_1	rdsr	1
GCA_028277725_1	sat	6
GCA_028277725_1	sgpA	1
GCA_028277725_1	sgpB	6
GCA_028277725_1	sgpC	1
GCA_028277725_1	shyA	1
GCA_028277725_1	sir	4
GCA_028277725_1	slcC	5
GCA_028277725_1	soeA	1
GCA_028277725_1	soeC	1
GCA_028277725_1	soxA	3
GCA_028277725_1	soxB	1
GCA_028277725_1	soxL	1
GCA_028277725_1	soxX	3
GCA_028277725_1	soxY	1
GCA_028277725_1	soxZ	2
GCA_028277725_1	sqdX	21
GCA_028277725_1	sqr	2
GCA_028277725_1	sseA	1
GCA_028277725_1	ssuA	16
GCA_028277725_1	ssuB	16
GCA_028277725_1	ssuC	4
GCA_028277725_1	ssuD	3
GCA_028277725_1	sudA	4
GCA_028277725_1	sudB	1
GCA_028277725_1	sulP	15
GCA_028277725_1	tauA	2
GCA_028277725_1	tauB	5
GCA_028277725_1	tauD	4
GCA_028277725_1	tbuC	1
GCA_028277725_1	tsdA	1
GCA_028277725_1	tsdB	5
GCA_028277725_1	ttrA	1
GCA_028277725_1	ttrC	1
GCA_028277725_1	tusA	5
GCA_028277725_1	tusD	1
GCA_028277725_1	tusE	5
GCA_028277725_1	xsc	3
GCA_028685295_1	acuI	3
GCA_028685295_1	aprA	2
GCA_028685295_1	asrB	2
GCA_028685295_1	betA	4
GCA_028685295_1	betB	1
GCA_028685295_1	betC	1
GCA_028685295_1	cuyA	1
GCA_028685295_1	cysA	5
GCA_028685295_1	cysC	16
GCA_028685295_1	cysE	6
GCA_028685295_1	cysJ	5
GCA_028685295_1	cysK	9
GCA_028685295_1	cysM	3
GCA_028685295_1	cysN	2
GCA_028685295_1	cysN_cysC	5
GCA_028685295_1	cysP	1
GCA_028685295_1	cysQ	3
GCA_028685295_1	cysU	2
GCA_028685295_1	cysW	1
GCA_028685295_1	dddP	3
GCA_028685295_1	dmdC	1
GCA_028685295_1	dmsA	5
GCA_028685295_1	dmsB	1
GCA_028685295_1	dmsC	1
GCA_028685295_1	gdh	2
GCA_028685295_1	hdrA1	1
GCA_028685295_1	hpsP	1
GCA_028685295_1	isfD	1
GCA_028685295_1	mdh	10
GCA_028685295_1	metB	5
GCA_028685295_1	metC	6
GCA_028685295_1	metX	1
GCA_028685295_1	metY	2
GCA_028685295_1	metZ	1
GCA_028685295_1	mtsB	1
GCA_028685295_1	nrnA	7
GCA_028685295_1	pta	8
GCA_028685295_1	sat	3
GCA_028685295_1	sir	1
GCA_028685295_1	slcC	2
GCA_028685295_1	soxB	2
GCA_028685295_1	sqdX	7
GCA_028685295_1	ssuA	1
GCA_028685295_1	ssuB	6
GCA_028685295_1	ssuC	1
GCA_028685295_1	ssuD	2
GCA_028685295_1	sudA	4
GCA_028685295_1	sudB	1
GCA_028685295_1	sulP	2
GCA_028685295_1	tauA	2
GCA_028685295_1	tauB	3
GCA_028685295_1	tauD	2
GCA_028685295_1	tpa	3
GCA_028685295_1	tsdA	1
GCA_028685295_1	tusA	1
GCA_028685295_1	tusB	1
GCA_028685295_1	tusD	2
GCA_028685295_1	xsc	1
GCA_028700425_1	acuI	1
GCA_028700425_1	aprA	2
GCA_028700425_1	asrC	1
GCA_028700425_1	betA	2
GCA_028700425_1	betB	6
GCA_028700425_1	betC	1
GCA_028700425_1	comC	1
GCA_028700425_1	cuyA	1
GCA_028700425_1	cysA	3
GCA_028700425_1	cysC	10
GCA_028700425_1	cysD	1
GCA_028700425_1	cysE	5
GCA_028700425_1	cysH	1
GCA_028700425_1	cysI	1
GCA_028700425_1	cysJ	2
GCA_028700425_1	cysK	11
GCA_028700425_1	cysM	6
GCA_028700425_1	cysN	2
GCA_028700425_1	cysN_cysC	3
GCA_028700425_1	cysP	2
GCA_028700425_1	cysQ	3
GCA_028700425_1	cysU	11
GCA_028700425_1	dmdA	1
GCA_028700425_1	dmsA	4
GCA_028700425_1	dmsB	1
GCA_028700425_1	fccB	1
GCA_028700425_1	gdh	2
GCA_028700425_1	glpE	5
GCA_028700425_1	hdrA1	1
GCA_028700425_1	hdrA2	1
GCA_028700425_1	hpsM	3
GCA_028700425_1	hpsO	1
GCA_028700425_1	hpsP	3
GCA_028700425_1	isfD	3
GCA_028700425_1	mccB	2
GCA_028700425_1	mdh	15
GCA_028700425_1	metB	2
GCA_028700425_1	metC	1
GCA_028700425_1	metX	1
GCA_028700425_1	metZ	2
GCA_028700425_1	nrnA	7
GCA_028700425_1	pta	7
GCA_028700425_1	sat	4
GCA_028700425_1	sbp	1
GCA_028700425_1	sgpC	1
GCA_028700425_1	sir	1
GCA_028700425_1	slcC	1
GCA_028700425_1	soxA	1
GCA_028700425_1	soxB	4
GCA_028700425_1	sqdX	3
GCA_028700425_1	ssuA	3
GCA_028700425_1	ssuB	8
GCA_028700425_1	ssuC	1
GCA_028700425_1	ssuD	2
GCA_028700425_1	ssuE	2
GCA_028700425_1	sudA	3
GCA_028700425_1	sudB	1
GCA_028700425_1	sulP	4
GCA_028700425_1	tauA	1
GCA_028700425_1	tauB	4
GCA_028700425_1	tsdA	1
GCA_028700425_1	ttrA	1
GCA_028700425_1	tusA	2
GCA_028700425_1	tusB	2
GCA_028700425_1	yihQ	1
GCA_028709985_1	asrA	1
GCA_028709985_1	betA	5
GCA_028709985_1	betB	4
GCA_028709985_1	betC	1
GCA_028709985_1	cysA	4
GCA_028709985_1	cysC	11
GCA_028709985_1	cysD	1
GCA_028709985_1	cysE	3
GCA_028709985_1	cysI	3
GCA_028709985_1	cysJ	3
GCA_028709985_1	cysK	12
GCA_028709985_1	cysM	6
GCA_028709985_1	cysN	2
GCA_028709985_1	cysN_cysC	4
GCA_028709985_1	cysP	7
GCA_028709985_1	cysQ	1
GCA_028709985_1	cysU	2
GCA_028709985_1	cysW	3
GCA_028709985_1	cysZ	1
GCA_028709985_1	dddP	1
GCA_028709985_1	dddT	1
GCA_028709985_1	dmdA	1
GCA_028709985_1	dmdB	2
GCA_028709985_1	dmsA	4
GCA_028709985_1	dmsC	1
GCA_028709985_1	dsrN	1
GCA_028709985_1	dsyB	1
GCA_028709985_1	gdh	1
GCA_028709985_1	glpE	7
GCA_028709985_1	hdrA1	2
GCA_028709985_1	hdrA2	1
GCA_028709985_1	hpsK	2
GCA_028709985_1	hpsL	1
GCA_028709985_1	hpsM	4
GCA_028709985_1	hpsN	1
GCA_028709985_1	iseM	3
GCA_028709985_1	isfD	1
GCA_028709985_1	mdh	10
GCA_028709985_1	metA	1
GCA_028709985_1	metB	3
GCA_028709985_1	metC	6
GCA_028709985_1	metZ	4
GCA_028709985_1	mtsB	1
GCA_028709985_1	nrnA	4
GCA_028709985_1	prpE	1
GCA_028709985_1	pta	11
GCA_028709985_1	rdlA	2
GCA_028709985_1	sat	2
GCA_028709985_1	sir	2
GCA_028709985_1	slcC	2
GCA_028709985_1	soxB	1
GCA_028709985_1	soxX	1
GCA_028709985_1	sqdB	1
GCA_028709985_1	sqdX	2
GCA_028709985_1	sseA	4
GCA_028709985_1	ssuA	4
GCA_028709985_1	ssuB	12
GCA_028709985_1	ssuC	5
GCA_028709985_1	ssuD	2
GCA_028709985_1	sudA	6
GCA_028709985_1	sulP	2
GCA_028709985_1	tauA	1
GCA_028709985_1	tauB	3
GCA_028709985_1	tauD	1
GCA_028709985_1	tpa	4
GCA_028709985_1	ttrA	1
GCA_028709985_1	tusA	4
GCA_028709985_1	tusB	1
GCA_028709985_1	tusD	1
GCA_028709985_1	xsc	1
GCA_028715055_1	acuI	1
GCA_028715055_1	betA	3
GCA_028715055_1	betB	3
GCA_028715055_1	cuyA	2
GCA_028715055_1	cysA	3
GCA_028715055_1	cysC	6
GCA_028715055_1	cysD	1
GCA_028715055_1	cysE	8
GCA_028715055_1	cysH	3
GCA_028715055_1	cysI	3
GCA_028715055_1	cysJ	4
GCA_028715055_1	cysK	9
GCA_028715055_1	cysM	3
GCA_028715055_1	cysN	2
GCA_028715055_1	cysN_cysC	4
GCA_028715055_1	cysP	1
GCA_028715055_1	cysQ	2
GCA_028715055_1	cysU	6
GCA_028715055_1	cysW	1
GCA_028715055_1	dddP	1
GCA_028715055_1	ddhA	1
GCA_028715055_1	dmdB	1
GCA_028715055_1	dmsA	1
GCA_028715055_1	dmsB	2
GCA_028715055_1	dmsC	1
GCA_028715055_1	dsrA	2
GCA_028715055_1	dsrD	1
GCA_028715055_1	fccB	5
GCA_028715055_1	glpE	9
GCA_028715055_1	hdrB2	1
GCA_028715055_1	hdrD	1
GCA_028715055_1	hpsN	1
GCA_028715055_1	isfD	1
GCA_028715055_1	mdh	9
GCA_028715055_1	metB	1
GCA_028715055_1	metC	3
GCA_028715055_1	metX	1
GCA_028715055_1	metY	1
GCA_028715055_1	metZ	3
GCA_028715055_1	nrnA	1
GCA_028715055_1	prpE	1
GCA_028715055_1	pta	4
GCA_028715055_1	sat	3
GCA_028715055_1	sbp	1
GCA_028715055_1	shyA	1
GCA_028715055_1	sir	1
GCA_028715055_1	slcC	2
GCA_028715055_1	soxX	1
GCA_028715055_1	soxY	1
GCA_028715055_1	soxZ	1
GCA_028715055_1	sqdX	4
GCA_028715055_1	sqr	2
GCA_028715055_1	sseA	1
GCA_028715055_1	ssuA	1
GCA_028715055_1	ssuB	2
GCA_028715055_1	ssuC	2
GCA_028715055_1	ssuD	3
GCA_028715055_1	ssuE	1
GCA_028715055_1	sudA	4
GCA_028715055_1	sulP	2
GCA_028715055_1	tauB	2
GCA_028715055_1	tauZ	1
GCA_028715055_1	tpa	1
GCA_028715055_1	tsdA	1
GCA_028715055_1	ttrB	2
GCA_028715055_1	tusB	1
GCA_028715055_1	xsc	1
GCA_028715665_1	asrB	1
GCA_028715665_1	asrC	1
GCA_028715665_1	betA	2
GCA_028715665_1	betB	2
GCA_028715665_1	comB	1
GCA_028715665_1	comD	1
GCA_028715665_1	cysA	2
GCA_028715665_1	cysC	10
GCA_028715665_1	cysD	1
GCA_028715665_1	cysE	4
GCA_028715665_1	cysI	2
GCA_028715665_1	cysJ	3
GCA_028715665_1	cysK	8
GCA_028715665_1	cysM	3
GCA_028715665_1	cysN	1
GCA_028715665_1	cysN_cysC	3
GCA_028715665_1	cysU	3
GCA_028715665_1	cysW	2
GCA_028715665_1	dddP	1
GCA_028715665_1	dmdC	1
GCA_028715665_1	dmsA	4
GCA_028715665_1	dmsB	2
GCA_028715665_1	dmsC	1
GCA_028715665_1	gdh	2
GCA_028715665_1	glpE	3
GCA_028715665_1	hpsK	1
GCA_028715665_1	hpsP	3
GCA_028715665_1	hydA	1
GCA_028715665_1	iseM	1
GCA_028715665_1	mdh	7
GCA_028715665_1	metB	1
GCA_028715665_1	metC	2
GCA_028715665_1	metX	1
GCA_028715665_1	metZ	2
GCA_028715665_1	mtsB	1
GCA_028715665_1	nrnA	2
GCA_028715665_1	pta	1
GCA_028715665_1	sat	2
GCA_028715665_1	shyB	1
GCA_028715665_1	shyC	1
GCA_028715665_1	shyD	1
GCA_028715665_1	sir	1
GCA_028715665_1	slcC	5
GCA_028715665_1	soxX	1
GCA_028715665_1	sqdB	4
GCA_028715665_1	sqdX	16
GCA_028715665_1	ssuA	3
GCA_028715665_1	ssuB	7
GCA_028715665_1	ssuC	1
GCA_028715665_1	ssuD	2
GCA_028715665_1	sudA	2
GCA_028715665_1	sudB	1
GCA_028715665_1	sulP	5
GCA_028715665_1	tauA	1
GCA_028715665_1	tauB	2
GCA_028715665_1	tauD	1
GCA_028715665_1	tsdA	1
GCA_028715665_1	ttrA	1
GCA_028715665_1	ttrB	1
GCA_028715665_1	tusB	2
GCA_028715665_1	xsc	1
GCA_029259175_1	betA	2
GCA_029259175_1	comC	1
GCA_029259175_1	cysA	2
GCA_029259175_1	cysC	7
GCA_029259175_1	cysD	1
GCA_029259175_1	cysE	2
GCA_029259175_1	cysI	2
GCA_029259175_1	cysJ	1
GCA_029259175_1	cysK	4
GCA_029259175_1	cysM	2
GCA_029259175_1	cysN	1
GCA_029259175_1	dmdA	1
GCA_029259175_1	dmsA	2
GCA_029259175_1	dsyB	1
GCA_029259175_1	gdh	1
GCA_029259175_1	glpE	6
GCA_029259175_1	hdrA2	2
GCA_029259175_1	hdrB2	1
GCA_029259175_1	hpsP	1
GCA_029259175_1	mdh	6
GCA_029259175_1	metB	1
GCA_029259175_1	metC	1
GCA_029259175_1	metX	2
GCA_029259175_1	metY	1
GCA_029259175_1	metZ	2
GCA_029259175_1	nrnA	3
GCA_029259175_1	prpE	1
GCA_029259175_1	pta	4
GCA_029259175_1	sat	1
GCA_029259175_1	sir	1
GCA_029259175_1	slcC	1
GCA_029259175_1	sqdB	1
GCA_029259175_1	sqdX	9
GCA_029259175_1	ssuB	3
GCA_029259175_1	ssuD	1
GCA_029259175_1	ssuE	1
GCA_029259175_1	sudA	3
GCA_029259175_1	sulP	1
GCA_029259175_1	tpa	1
GCA_029259175_1	ttrA	1
GCA_029259175_1	ttrB	1
GCA_029259175_1	ttrC	1
GCA_029259175_1	xsc	1
GCA_029553345_1	aprA	1
GCA_029553345_1	asrC	1
GCA_029553345_1	betA	3
GCA_029553345_1	betB	4
GCA_029553345_1	cuyA	1
GCA_029553345_1	cysA	5
GCA_029553345_1	cysC	8
GCA_029553345_1	cysD	3
GCA_029553345_1	cysE	5
GCA_029553345_1	cysH	1
GCA_029553345_1	cysI	1
GCA_029553345_1	cysJ	4
GCA_029553345_1	cysK	12
GCA_029553345_1	cysM	5
GCA_029553345_1	cysN	3
GCA_029553345_1	cysN_cysC	5
GCA_029553345_1	cysP	1
GCA_029553345_1	cysU	11
GCA_029553345_1	dddP	1
GCA_029553345_1	dmdA	1
GCA_029553345_1	dmsA	2
GCA_029553345_1	dmsB	1
GCA_029553345_1	dmsC	1
GCA_029553345_1	dsrN	1
GCA_029553345_1	fccB	2
GCA_029553345_1	gdh	1
GCA_029553345_1	glpE	2
GCA_029553345_1	hdrA1	2
GCA_029553345_1	hpsK	1
GCA_029553345_1	hpsM	1
GCA_029553345_1	hpsN	1
GCA_029553345_1	hpsP	3
GCA_029553345_1	hydD	1
GCA_029553345_1	isfD	2
GCA_029553345_1	mdh	12
GCA_029553345_1	metB	1
GCA_029553345_1	metC	5
GCA_029553345_1	metZ	1
GCA_029553345_1	mtsB	1
GCA_029553345_1	nrnA	7
GCA_029553345_1	phsC	1
GCA_029553345_1	pta	6
GCA_029553345_1	sat	3
GCA_029553345_1	shyA	1
GCA_029553345_1	sir	2
GCA_029553345_1	slcC	4
GCA_029553345_1	soxA	1
GCA_029553345_1	soxB	1
GCA_029553345_1	sqdX	8
GCA_029553345_1	ssuB	5
GCA_029553345_1	ssuC	3
GCA_029553345_1	ssuD	1
GCA_029553345_1	sudA	3
GCA_029553345_1	sudB	2
GCA_029553345_1	sulP	1
GCA_029553345_1	suyA	1
GCA_029553345_1	tauA	2
GCA_029553345_1	tauB	4
GCA_029553345_1	tauC	1
GCA_029553345_1	tsdA	1
GCA_029553345_1	ttrA	1
GCA_029553345_1	ttrB	1
GCA_029553345_1	tusA	1
GCA_029553345_1	tusB	3
GCA_029553345_1	tusD	1
GCA_029553345_1	xsc	2
GCA_029553345_1	yihQ	1
GCA_029933275_1	acuI	3
GCA_029933275_1	betA	3
GCA_029933275_1	betB	2
GCA_029933275_1	betC	1
GCA_029933275_1	comB	1
GCA_029933275_1	cuyA	1
GCA_029933275_1	cysA	2
GCA_029933275_1	cysC	9
GCA_029933275_1	cysE	7
GCA_029933275_1	cysH	2
GCA_029933275_1	cysI	3
GCA_029933275_1	cysJ	3
GCA_029933275_1	cysK	10
GCA_029933275_1	cysM	5
GCA_029933275_1	cysN	4
GCA_029933275_1	cysN_cysC	6
GCA_029933275_1	cysP	2
GCA_029933275_1	cysQ	1
GCA_029933275_1	cysU	7
GCA_029933275_1	cysW	1
GCA_029933275_1	dddP	1
GCA_029933275_1	dmdB	2
GCA_029933275_1	dmdC	5
GCA_029933275_1	dmsA	5
GCA_029933275_1	dmsC	2
GCA_029933275_1	dsrA	1
GCA_029933275_1	gdh	1
GCA_029933275_1	glpE	6
GCA_029933275_1	hdrA2	1
GCA_029933275_1	hdrD	1
GCA_029933275_1	hpsN	1
GCA_029933275_1	hydD	1
GCA_029933275_1	isfD	3
GCA_029933275_1	mddA	2
GCA_029933275_1	mdh	11
GCA_029933275_1	metB	4
GCA_029933275_1	metC	3
GCA_029933275_1	metX	2
GCA_029933275_1	metZ	2
GCA_029933275_1	nrnA	4
GCA_029933275_1	prpE	1
GCA_029933275_1	pta	2
GCA_029933275_1	qmoC	1
GCA_029933275_1	sat	2
GCA_029933275_1	sbp	1
GCA_029933275_1	shyA	1
GCA_029933275_1	sir	3
GCA_029933275_1	slcC	3
GCA_029933275_1	sorA	1
GCA_029933275_1	soxA	1
GCA_029933275_1	soxY	1
GCA_029933275_1	sqdX	20
GCA_029933275_1	ssuA	1
GCA_029933275_1	ssuB	9
GCA_029933275_1	ssuC	2
GCA_029933275_1	ssuD	3
GCA_029933275_1	sudA	3
GCA_029933275_1	sulP	11
GCA_029933275_1	tauA	1
GCA_029933275_1	tauB	3
GCA_029933275_1	tauC	1
GCA_029933275_1	tauD	1
GCA_029933275_1	tmoC	1
GCA_029933275_1	tpa	5
GCA_029933275_1	tsdA	1
GCA_029933275_1	tsdB	1
GCA_029933275_1	tusA	5
GCA_029933275_1	tusB	2
GCA_029933275_1	tusD	1
GCA_029933275_1	xsc	1
GCA_029937335_1	acuI	1
GCA_029937335_1	aprA	2
GCA_029937335_1	aprB	1
GCA_029937335_1	betA	2
GCA_029937335_1	betB	3
GCA_029937335_1	cuyA	1
GCA_029937335_1	cysA	3
GCA_029937335_1	cysC	12
GCA_029937335_1	cysE	5
GCA_029937335_1	cysH	1
GCA_029937335_1	cysJ	2
GCA_029937335_1	cysK	11
GCA_029937335_1	cysM	5
GCA_029937335_1	cysN	5
GCA_029937335_1	cysN_cysC	4
GCA_029937335_1	cysQ	1
GCA_029937335_1	cysU	1
GCA_029937335_1	cysW	1
GCA_029937335_1	dddP	1
GCA_029937335_1	dmdA	1
GCA_029937335_1	dmdB	1
GCA_029937335_1	dmdC	1
GCA_029937335_1	dmsA	3
GCA_029937335_1	dmsC	1
GCA_029937335_1	dsrA	2
GCA_029937335_1	dsrB	2
GCA_029937335_1	dsrE	1
GCA_029937335_1	dsrF	1
GCA_029937335_1	dsrH	1
GCA_029937335_1	dsrJ	1
GCA_029937335_1	dsrK	1
GCA_029937335_1	dsrL	3
GCA_029937335_1	dsrO	1
GCA_029937335_1	glpE	12
GCA_029937335_1	hdrE	1
GCA_029937335_1	hpsN	1
GCA_029937335_1	hpsP	1
GCA_029937335_1	isfD	2
GCA_029937335_1	mdh	9
GCA_029937335_1	metA	1
GCA_029937335_1	metB	1
GCA_029937335_1	metC	3
GCA_029937335_1	metZ	3
GCA_029937335_1	nrnA	2
GCA_029937335_1	phsB	1
GCA_029937335_1	prpE	3
GCA_029937335_1	pta	3
GCA_029937335_1	sat	5
GCA_029937335_1	sgpC	2
GCA_029937335_1	shyA	1
GCA_029937335_1	sir	2
GCA_029937335_1	soxA	1
GCA_029937335_1	soxB	1
GCA_029937335_1	soxC	3
GCA_029937335_1	soxL	1
GCA_029937335_1	soxX	1
GCA_029937335_1	soxY	2
GCA_029937335_1	sqr	2
GCA_029937335_1	ssuB	7
GCA_029937335_1	ssuC	1
GCA_029937335_1	ssuD	1
GCA_029937335_1	sudA	2
GCA_029937335_1	sudB	1
GCA_029937335_1	sulP	2
GCA_029937335_1	tauA	2
GCA_029937335_1	tauB	2
GCA_029937335_1	tbuC	1
GCA_029937335_1	tsdA	2
GCA_029937335_1	tsdB	3
GCA_029937335_1	ttrC	1
GCA_029937335_1	tusA	2
GCA_029937335_1	tusD	1
GCA_029937335_1	xsc	3
GCA_030041545_1	acuI	4
GCA_030041545_1	asrA	1
GCA_030041545_1	betA	5
GCA_030041545_1	betB	7
GCA_030041545_1	comB	1
GCA_030041545_1	cuyA	1
GCA_030041545_1	cysA	10
GCA_030041545_1	cysC	20
GCA_030041545_1	cysD	3
GCA_030041545_1	cysE	6
GCA_030041545_1	cysH	2
GCA_030041545_1	cysI	3
GCA_030041545_1	cysJ	4
GCA_030041545_1	cysK	15
GCA_030041545_1	cysM	5
GCA_030041545_1	cysN	4
GCA_030041545_1	cysN_cysC	6
GCA_030041545_1	cysP	2
GCA_030041545_1	cysQ	3
GCA_030041545_1	cysU	4
GCA_030041545_1	cysW	2
GCA_030041545_1	dddP	1
GCA_030041545_1	dmdA	1
GCA_030041545_1	dmdB	1
GCA_030041545_1	dmdC	2
GCA_030041545_1	dmdD	1
GCA_030041545_1	dmsA	6
GCA_030041545_1	dmsC	1
GCA_030041545_1	dsrA	1
GCA_030041545_1	dsrB	2
GCA_030041545_1	dsrN	1
GCA_030041545_1	dsyB	2
GCA_030041545_1	gdh	2
GCA_030041545_1	glpE	11
GCA_030041545_1	hdrA1	1
GCA_030041545_1	hpsN	1
GCA_030041545_1	hpsP	2
GCA_030041545_1	iseM	1
GCA_030041545_1	isfD	2
GCA_030041545_1	mdh	12
GCA_030041545_1	metB	1
GCA_030041545_1	metC	10
GCA_030041545_1	metX	2
GCA_030041545_1	metY	1
GCA_030041545_1	metZ	4
GCA_030041545_1	nrnA	2
GCA_030041545_1	prpE	1
GCA_030041545_1	pta	8
GCA_030041545_1	sat	3
GCA_030041545_1	sbp	1
GCA_030041545_1	sgpB	2
GCA_030041545_1	sir	1
GCA_030041545_1	slcC	1
GCA_030041545_1	soxB	3
GCA_030041545_1	soxX	4
GCA_030041545_1	sqdX	13
GCA_030041545_1	ssuA	9
GCA_030041545_1	ssuB	10
GCA_030041545_1	ssuC	5
GCA_030041545_1	ssuD	3
GCA_030041545_1	ssuE	2
GCA_030041545_1	sudA	5
GCA_030041545_1	sulP	3
GCA_030041545_1	tauA	3
GCA_030041545_1	tauB	3
GCA_030041545_1	tauD	3
GCA_030041545_1	tmoC	1
GCA_030041545_1	tpa	3
GCA_030041545_1	tsdA	2
GCA_030041545_1	ttrA	2
GCA_030041545_1	tusA	1
GCA_030041545_1	tusB	3
GCA_030041545_1	tusD	1
GCA_030041545_1	xsc	1
GCA_030041545_1	yihQ	1
GCA_030145005_1	aprA	1
GCA_030145005_1	asrA	2
GCA_030145005_1	asrB	1
GCA_030145005_1	asrC	3
GCA_030145005_1	betA	2
GCA_030145005_1	betB	6
GCA_030145005_1	comE	1
GCA_030145005_1	cuyA	1
GCA_030145005_1	cysA	3
GCA_030145005_1	cysC	9
GCA_030145005_1	cysE	5
GCA_030145005_1	cysI	1
GCA_030145005_1	cysJ	7
GCA_030145005_1	cysK	14
GCA_030145005_1	cysM	5
GCA_030145005_1	cysN	4
GCA_030145005_1	cysN_cysC	3
GCA_030145005_1	cysP	4
GCA_030145005_1	cysQ	1
GCA_030145005_1	cysU	5
GCA_030145005_1	cysW	2
GCA_030145005_1	cysZ	1
GCA_030145005_1	dddT	1
GCA_030145005_1	dmdB	2
GCA_030145005_1	dmdC	7
GCA_030145005_1	dmsA	8
GCA_030145005_1	dmsB	1
GCA_030145005_1	dmsC	3
GCA_030145005_1	dsrA	2
GCA_030145005_1	dsrB	1
GCA_030145005_1	dsrC	1
GCA_030145005_1	dsrD	1
GCA_030145005_1	dsrJ	1
GCA_030145005_1	dsrK	1
GCA_030145005_1	dsrM	1
GCA_030145005_1	dsrN	1
GCA_030145005_1	dsrP	1
GCA_030145005_1	gdh	2
GCA_030145005_1	glpE	8
GCA_030145005_1	hdrA1	1
GCA_030145005_1	hdrA2	3
GCA_030145005_1	hdrB2	1
GCA_030145005_1	hdrC1	1
GCA_030145005_1	hdrC2	1
GCA_030145005_1	hdrD	5
GCA_030145005_1	hpsN	1
GCA_030145005_1	hpsP	2
GCA_030145005_1	iseM	1
GCA_030145005_1	isfD	1
GCA_030145005_1	mdh	10
GCA_030145005_1	metA	1
GCA_030145005_1	metB	1
GCA_030145005_1	metC	2
GCA_030145005_1	metZ	5
GCA_030145005_1	nrnA	4
GCA_030145005_1	otr	1
GCA_030145005_1	phsC	1
GCA_030145005_1	prpE	3
GCA_030145005_1	pta	6
GCA_030145005_1	sat	5
GCA_030145005_1	sbp	1
GCA_030145005_1	sgpB	2
GCA_030145005_1	sgpC	1
GCA_030145005_1	shyA	1
GCA_030145005_1	shyC	1
GCA_030145005_1	slcC	1
GCA_030145005_1	slcD	1
GCA_030145005_1	soxB	1
GCA_030145005_1	soxX	1
GCA_030145005_1	sqdX	1
GCA_030145005_1	ssuA	21
GCA_030145005_1	ssuB	10
GCA_030145005_1	ssuC	4
GCA_030145005_1	ssuD	3
GCA_030145005_1	ssuE	2
GCA_030145005_1	sudA	6
GCA_030145005_1	sudB	1
GCA_030145005_1	sulP	13
GCA_030145005_1	tauA	4
GCA_030145005_1	tauB	3
GCA_030145005_1	tauD	2
GCA_030145005_1	tbuC	1
GCA_030145005_1	tpa	2
GCA_030145005_1	ttrA	1
GCA_030145005_1	ttrB	5
GCA_030145005_1	tusA	3
GCA_030145005_1	xsc	1
GCA_030426685_1	acuI	10
GCA_030426685_1	aprA	1
GCA_030426685_1	asrA	2
GCA_030426685_1	asrB	1
GCA_030426685_1	asrC	1
GCA_030426685_1	betA	13
GCA_030426685_1	betB	19
GCA_030426685_1	betC	7
GCA_030426685_1	comB	5
GCA_030426685_1	comC	2
GCA_030426685_1	cuyA	2
GCA_030426685_1	cysA	4
GCA_030426685_1	cysC	31
GCA_030426685_1	cysD	3
GCA_030426685_1	cysE	15
GCA_030426685_1	cysH	5
GCA_030426685_1	cysI	1
GCA_030426685_1	cysJ	11
GCA_030426685_1	cysK	18
GCA_030426685_1	cysM	5
GCA_030426685_1	cysN	7
GCA_030426685_1	cysN_cysC	8
GCA_030426685_1	cysP	5
GCA_030426685_1	cysQ	2
GCA_030426685_1	cysU	13
GCA_030426685_1	cysW	1
GCA_030426685_1	dddP	4
GCA_030426685_1	dddQ	1
GCA_030426685_1	dddT	3
GCA_030426685_1	dmdA	1
GCA_030426685_1	dmdB	4
GCA_030426685_1	dmdC	7
GCA_030426685_1	dmdD	3
GCA_030426685_1	dmoA	1
GCA_030426685_1	dmsA	13
GCA_030426685_1	dmsB	1
GCA_030426685_1	dmsC	4
GCA_030426685_1	dsrA	3
GCA_030426685_1	dsrB	1
GCA_030426685_1	dsrN	1
GCA_030426685_1	dsyB	4
GCA_030426685_1	fccB	1
GCA_030426685_1	gdh	2
GCA_030426685_1	glpE	10
GCA_030426685_1	hdrA2	1
GCA_030426685_1	hdrD	1
GCA_030426685_1	hpsK	2
GCA_030426685_1	hpsM	1
GCA_030426685_1	hpsN	2
GCA_030426685_1	hpsO	1
GCA_030426685_1	hpsP	5
GCA_030426685_1	iseM	7
GCA_030426685_1	isfD	3
GCA_030426685_1	mdh	16
GCA_030426685_1	metA	1
GCA_030426685_1	metB	5
GCA_030426685_1	metC	20
GCA_030426685_1	metX	2
GCA_030426685_1	metY	2
GCA_030426685_1	metZ	14
GCA_030426685_1	msmA	1
GCA_030426685_1	mtsB	1
GCA_030426685_1	nrnA	2
GCA_030426685_1	prpE	8
GCA_030426685_1	pta	15
GCA_030426685_1	qmoA	1
GCA_030426685_1	sat	5
GCA_030426685_1	sfnG	1
GCA_030426685_1	sgpB	3
GCA_030426685_1	sgpC	1
GCA_030426685_1	sir	4
GCA_030426685_1	slcC	3
GCA_030426685_1	slcD	1
GCA_030426685_1	soeA	1
GCA_030426685_1	soeB	1
GCA_030426685_1	soeC	1
GCA_030426685_1	sorA	1
GCA_030426685_1	soxA	1
GCA_030426685_1	soxB	7
GCA_030426685_1	soxC	1
GCA_030426685_1	soxD	2
GCA_030426685_1	soxX	2
GCA_030426685_1	soxY	1
GCA_030426685_1	soxZ	1
GCA_030426685_1	sqdB	1
GCA_030426685_1	sqdX	6
GCA_030426685_1	sseA	1
GCA_030426685_1	ssuA	7
GCA_030426685_1	ssuB	26
GCA_030426685_1	ssuC	7
GCA_030426685_1	ssuD	11
GCA_030426685_1	ssuE	2
GCA_030426685_1	sudA	4
GCA_030426685_1	sulP	9
GCA_030426685_1	tauA	1
GCA_030426685_1	tauB	3
GCA_030426685_1	tauC	1
GCA_030426685_1	tauD	5
GCA_030426685_1	tauZ	1
GCA_030426685_1	tbuC	1
GCA_030426685_1	tmm	1
GCA_030426685_1	tmoC	1
GCA_030426685_1	tmoF	1
GCA_030426685_1	touF	1
GCA_030426685_1	tpa	8
GCA_030426685_1	tsdA	2
GCA_030426685_1	ttrA	4
GCA_030426685_1	ttrB	2
GCA_030426685_1	tusA	4
GCA_030426685_1	tusB	5
GCA_030426685_1	tusD	5
GCA_030426685_1	tusE	1
GCA_030426685_1	xsc	7
GCA_030429345_1	acuI	2
GCA_030429345_1	aprA	1
GCA_030429345_1	betA	6
GCA_030429345_1	betB	7
GCA_030429345_1	comB	3
GCA_030429345_1	comE	1
GCA_030429345_1	cuyA	1
GCA_030429345_1	cysA	5
GCA_030429345_1	cysC	16
GCA_030429345_1	cysD	4
GCA_030429345_1	cysE	3
GCA_030429345_1	cysI	1
GCA_030429345_1	cysJ	7
GCA_030429345_1	cysK	16
GCA_030429345_1	cysM	9
GCA_030429345_1	cysN	4
GCA_030429345_1	cysN_cysC	6
GCA_030429345_1	cysP	3
GCA_030429345_1	cysQ	3
GCA_030429345_1	cysU	9
GCA_030429345_1	cysW	1
GCA_030429345_1	dddP	1
GCA_030429345_1	dmdB	3
GCA_030429345_1	dmdC	6
GCA_030429345_1	dmdD	1
GCA_030429345_1	dmsA	9
GCA_030429345_1	dmsB	3
GCA_030429345_1	dmsC	2
GCA_030429345_1	gdh	5
GCA_030429345_1	glpE	15
GCA_030429345_1	hdrA1	1
GCA_030429345_1	hdrD	2
GCA_030429345_1	hpsP	1
GCA_030429345_1	isfD	4
GCA_030429345_1	mdh	14
GCA_030429345_1	metB	5
GCA_030429345_1	metC	10
GCA_030429345_1	metZ	5
GCA_030429345_1	nrnA	4
GCA_030429345_1	otr	1
GCA_030429345_1	phsA	1
GCA_030429345_1	phsC	1
GCA_030429345_1	prpE	1
GCA_030429345_1	pta	7
GCA_030429345_1	rdlA	1
GCA_030429345_1	sat	4
GCA_030429345_1	sbp	1
GCA_030429345_1	sgpC	1
GCA_030429345_1	sir	1
GCA_030429345_1	slcC	1
GCA_030429345_1	sorB	1
GCA_030429345_1	soxX	2
GCA_030429345_1	sqdB	2
GCA_030429345_1	sqdX	13
GCA_030429345_1	sqr	1
GCA_030429345_1	ssuA	17
GCA_030429345_1	ssuB	7
GCA_030429345_1	ssuC	4
GCA_030429345_1	ssuD	4
GCA_030429345_1	ssuE	3
GCA_030429345_1	sudA	3
GCA_030429345_1	sulP	6
GCA_030429345_1	tauA	3
GCA_030429345_1	tauB	3
GCA_030429345_1	tauD	1
GCA_030429345_1	tsdA	1
GCA_030429345_1	ttrB	3
GCA_030429345_1	ttrC	1
GCA_030429345_1	tusA	2
GCA_030429345_1	tusB	1
GCA_030429345_1	tusD	1
GCA_030429345_1	yihQ	1
GCA_030491005_1	acuI	3
GCA_030491005_1	aprA	2
GCA_030491005_1	asrA	2
GCA_030491005_1	betA	5
GCA_030491005_1	betB	9
GCA_030491005_1	comB	1
GCA_030491005_1	cuyA	2
GCA_030491005_1	cysA	4
GCA_030491005_1	cysC	10
GCA_030491005_1	cysD	3
GCA_030491005_1	cysE	3
GCA_030491005_1	cysH	3
GCA_030491005_1	cysI	7
GCA_030491005_1	cysJ	8
GCA_030491005_1	cysK	8
GCA_030491005_1	cysM	3
GCA_030491005_1	cysN	6
GCA_030491005_1	cysN_cysC	5
GCA_030491005_1	cysP	2
GCA_030491005_1	cysQ	7
GCA_030491005_1	cysU	7
GCA_030491005_1	dddP	2
GCA_030491005_1	dmdA	1
GCA_030491005_1	dmdC	1
GCA_030491005_1	dmsA	3
GCA_030491005_1	dmsC	2
GCA_030491005_1	dsrA	1
GCA_030491005_1	dsrN	1
GCA_030491005_1	dsyB	2
GCA_030491005_1	fccA	1
GCA_030491005_1	fccB	2
GCA_030491005_1	glpE	10
GCA_030491005_1	hdrD	2
GCA_030491005_1	hpsN	1
GCA_030491005_1	iseM	7
GCA_030491005_1	isfD	1
GCA_030491005_1	mdh	13
GCA_030491005_1	metB	1
GCA_030491005_1	metC	1
GCA_030491005_1	metX	1
GCA_030491005_1	metY	2
GCA_030491005_1	metZ	4
GCA_030491005_1	nrnA	4
GCA_030491005_1	prpE	1
GCA_030491005_1	pta	6
GCA_030491005_1	sat	3
GCA_030491005_1	sbp	1
GCA_030491005_1	shyA	1
GCA_030491005_1	sir	3
GCA_030491005_1	slcC	3
GCA_030491005_1	soxA	2
GCA_030491005_1	soxB	1
GCA_030491005_1	soxC	3
GCA_030491005_1	soxD	1
GCA_030491005_1	soxL	1
GCA_030491005_1	soxX	3
GCA_030491005_1	soxY	1
GCA_030491005_1	soxZ	2
GCA_030491005_1	sqdX	2
GCA_030491005_1	ssuB	12
GCA_030491005_1	ssuC	1
GCA_030491005_1	ssuD	7
GCA_030491005_1	sudA	3
GCA_030491005_1	sulP	6
GCA_030491005_1	suyA	2
GCA_030491005_1	suyB	2
GCA_030491005_1	tauB	3
GCA_030491005_1	tauD	1
GCA_030491005_1	tbuC	1
GCA_030491005_1	tpa	2
GCA_030491005_1	tsdA	2
GCA_030491005_1	tusA	1
GCA_030491005_1	tusB	1
GCA_030491005_1	tusD	1
GCA_030491005_1	xsc	2
GCA_030590165_1	betB	1
GCA_030590165_1	cysA	2
GCA_030590165_1	cysC	2
GCA_030590165_1	cysE	2
GCA_030590165_1	cysM	1
GCA_030590165_1	cysN	1
GCA_030590165_1	dddP	1
GCA_030590165_1	glpE	1
GCA_030590165_1	mdh	4
GCA_030590165_1	shyC	1
GCA_030590165_1	soxB	1
GCA_030590165_1	sqdX	2
GCA_030590165_1	ssuB	1
GCA_030590165_1	tauA	1
GCA_030590165_1	tauB	1
GCA_030590165_1	ttrA	2
GCA_030590165_1	tusA	1
GCA_030595925_1	asrC	1
GCA_030595925_1	betA	6
GCA_030595925_1	betB	2
GCA_030595925_1	cuyA	1
GCA_030595925_1	cysA	4
GCA_030595925_1	cysC	13
GCA_030595925_1	cysD	1
GCA_030595925_1	cysE	3
GCA_030595925_1	cysH	1
GCA_030595925_1	cysI	1
GCA_030595925_1	cysJ	5
GCA_030595925_1	cysK	9
GCA_030595925_1	cysM	3
GCA_030595925_1	cysN	2
GCA_030595925_1	cysN_cysC	6
GCA_030595925_1	cysP	1
GCA_030595925_1	cysQ	1
GCA_030595925_1	cysU	3
GCA_030595925_1	cysW	1
GCA_030595925_1	dddP	1
GCA_030595925_1	dmdB	1
GCA_030595925_1	dmdC	1
GCA_030595925_1	dmsA	5
GCA_030595925_1	dmsB	1
GCA_030595925_1	dmsC	1
GCA_030595925_1	gdh	1
GCA_030595925_1	glpE	5
GCA_030595925_1	hdrA1	1
GCA_030595925_1	hdrA2	1
GCA_030595925_1	hpsN	1
GCA_030595925_1	hpsP	1
GCA_030595925_1	mdh	10
GCA_030595925_1	metB	3
GCA_030595925_1	metC	5
GCA_030595925_1	metZ	1
GCA_030595925_1	nrnA	5
GCA_030595925_1	pta	5
GCA_030595925_1	sat	2
GCA_030595925_1	shyC	1
GCA_030595925_1	slcC	1
GCA_030595925_1	sqdB	1
GCA_030595925_1	sqdX	13
GCA_030595925_1	ssuA	3
GCA_030595925_1	ssuB	3
GCA_030595925_1	ssuC	2
GCA_030595925_1	ssuD	4
GCA_030595925_1	ssuE	1
GCA_030595925_1	sudA	10
GCA_030595925_1	sulP	8
GCA_030595925_1	tauA	1
GCA_030595925_1	tauB	2
GCA_030595925_1	tauC	1
GCA_030595925_1	tauD	1
GCA_030595925_1	tpa	1
GCA_030595925_1	tsdA	1
GCA_030595925_1	ttrA	2
GCA_030595925_1	ttrB	1
GCA_030595925_1	tusB	1
GCA_030595925_1	tusD	2
GCA_030595925_1	xsc	3
GCA_030602715_1	asrB	1
GCA_030602715_1	betA	4
GCA_030602715_1	betB	5
GCA_030602715_1	betC	8
GCA_030602715_1	comB	2
GCA_030602715_1	comE	2
GCA_030602715_1	cuyA	1
GCA_030602715_1	cysA	3
GCA_030602715_1	cysC	13
GCA_030602715_1	cysD	2
GCA_030602715_1	cysE	3
GCA_030602715_1	cysH	1
GCA_030602715_1	cysI	1
GCA_030602715_1	cysJ	4
GCA_030602715_1	cysK	5
GCA_030602715_1	cysM	4
GCA_030602715_1	cysN_cysC	3
GCA_030602715_1	cysQ	1
GCA_030602715_1	dddP	1
GCA_030602715_1	dmdA	1
GCA_030602715_1	dmdC	5
GCA_030602715_1	dmdD	1
GCA_030602715_1	dmsC	1
GCA_030602715_1	dsrA	1
GCA_030602715_1	gdh	1
GCA_030602715_1	glpE	3
GCA_030602715_1	hdrA1	7
GCA_030602715_1	hdrA2	2
GCA_030602715_1	hdrB1	3
GCA_030602715_1	hdrC2	3
GCA_030602715_1	hdrD	4
GCA_030602715_1	hpsP	5
GCA_030602715_1	hydD	1
GCA_030602715_1	mdh	7
GCA_030602715_1	metB	2
GCA_030602715_1	metC	3
GCA_030602715_1	metY	1
GCA_030602715_1	metZ	1
GCA_030602715_1	nrnA	3
GCA_030602715_1	prpE	1
GCA_030602715_1	pta	8
GCA_030602715_1	sat	3
GCA_030602715_1	slcC	1
GCA_030602715_1	soxA	1
GCA_030602715_1	soxB	1
GCA_030602715_1	soxD	2
GCA_030602715_1	sqdB	1
GCA_030602715_1	sqdX	7
GCA_030602715_1	sseA	1
GCA_030602715_1	ssuA	2
GCA_030602715_1	ssuB	6
GCA_030602715_1	ssuC	2
GCA_030602715_1	ssuD	2
GCA_030602715_1	ssuE	2
GCA_030602715_1	sudA	5
GCA_030602715_1	sudB	2
GCA_030602715_1	tauA	1
GCA_030602715_1	tauB	3
GCA_030602715_1	tusA	1
GCA_030602715_1	tusB	1
GCA_030602715_1	tusD	1
GCA_030611765_1	asrC	1
GCA_030611765_1	betA	3
GCA_030611765_1	betB	5
GCA_030611765_1	comB	1
GCA_030611765_1	comE	1
GCA_030611765_1	cuyA	1
GCA_030611765_1	cysA	4
GCA_030611765_1	cysC	15
GCA_030611765_1	cysD	1
GCA_030611765_1	cysE	4
GCA_030611765_1	cysI	1
GCA_030611765_1	cysJ	6
GCA_030611765_1	cysK	6
GCA_030611765_1	cysM	6
GCA_030611765_1	cysN	1
GCA_030611765_1	cysN_cysC	2
GCA_030611765_1	cysU	1
GCA_030611765_1	dmdA	1
GCA_030611765_1	dmdB	3
GCA_030611765_1	dmdC	1
GCA_030611765_1	dmsA	2
GCA_030611765_1	dmsB	2
GCA_030611765_1	dmsC	2
GCA_030611765_1	gdh	2
GCA_030611765_1	glpE	2
GCA_030611765_1	hdrA2	1
GCA_030611765_1	hdrB2	1
GCA_030611765_1	mdh	9
GCA_030611765_1	metB	4
GCA_030611765_1	metC	2
GCA_030611765_1	metZ	1
GCA_030611765_1	nrnA	1
GCA_030611765_1	prpE	1
GCA_030611765_1	pta	7
GCA_030611765_1	sat	6
GCA_030611765_1	sgpC	1
GCA_030611765_1	shyA	1
GCA_030611765_1	shyC	2
GCA_030611765_1	shyD	1
GCA_030611765_1	slcC	1
GCA_030611765_1	soxB	3
GCA_030611765_1	sqdB	1
GCA_030611765_1	sqdX	2
GCA_030611765_1	ssuA	6
GCA_030611765_1	ssuB	5
GCA_030611765_1	ssuC	2
GCA_030611765_1	ssuD	1
GCA_030611765_1	sudA	5
GCA_030611765_1	sudB	1
GCA_030611765_1	sulP	2
GCA_030611765_1	tauA	4
GCA_030611765_1	tauB	2
GCA_030611765_1	tauD	1
GCA_030611765_1	tusD	1
GCA_030615145_1	acuI	2
GCA_030615145_1	aprA	1
GCA_030615145_1	asrA	1
GCA_030615145_1	asrC	1
GCA_030615145_1	betA	3
GCA_030615145_1	betB	9
GCA_030615145_1	betC	3
GCA_030615145_1	cysA	2
GCA_030615145_1	cysC	4
GCA_030615145_1	cysE	2
GCA_030615145_1	cysI	3
GCA_030615145_1	cysJ	3
GCA_030615145_1	cysK	4
GCA_030615145_1	cysM	6
GCA_030615145_1	cysN	2
GCA_030615145_1	cysP	2
GCA_030615145_1	cysQ	1
GCA_030615145_1	cysW	1
GCA_030615145_1	dddP	1
GCA_030615145_1	dmdB	7
GCA_030615145_1	dmdC	5
GCA_030615145_1	dmdD	2
GCA_030615145_1	dmsA	2
GCA_030615145_1	dmsB	1
GCA_030615145_1	dsrB	1
GCA_030615145_1	dsrH	1
GCA_030615145_1	gdh	1
GCA_030615145_1	glpE	7
GCA_030615145_1	hdrA2	7
GCA_030615145_1	hdrB1	6
GCA_030615145_1	hdrB2	2
GCA_030615145_1	hdrC1	4
GCA_030615145_1	hdrD	4
GCA_030615145_1	hpsO	1
GCA_030615145_1	hpsP	5
GCA_030615145_1	hydD	2
GCA_030615145_1	isfD	2
GCA_030615145_1	mddA	1
GCA_030615145_1	mdh	12
GCA_030615145_1	metB	1
GCA_030615145_1	metX	2
GCA_030615145_1	metZ	2
GCA_030615145_1	mtsA	1
GCA_030615145_1	mtsB	2
GCA_030615145_1	nrnA	1
GCA_030615145_1	prpE	2
GCA_030615145_1	pta	2
GCA_030615145_1	sat	1
GCA_030615145_1	shyA	1
GCA_030615145_1	shyC	1
GCA_030615145_1	sir	1
GCA_030615145_1	soxB	1
GCA_030615145_1	sqdB	1
GCA_030615145_1	sqdX	3
GCA_030615145_1	ssuB	2
GCA_030615145_1	ssuC	1
GCA_030615145_1	ssuE	1
GCA_030615145_1	sudA	9
GCA_030615145_1	sudB	1
GCA_030615145_1	sulP	2
GCA_030615145_1	suyA	1
GCA_030615145_1	suyB	1
GCA_030615145_1	tauB	1
GCA_030615145_1	tauD	1
GCA_030615145_1	tbuC	1
GCA_030615145_1	tpa	1
GCA_030615145_1	ttrA	3
GCA_030615145_1	tusA	4
GCA_030615145_1	tusD	2
GCA_030615145_1	xsc	2
GCA_030615405_1	betA	2
GCA_030615405_1	betB	2
GCA_030615405_1	betC	1
GCA_030615405_1	comB	1
GCA_030615405_1	cysA	1
GCA_030615405_1	cysC	5
GCA_030615405_1	cysD	2
GCA_030615405_1	cysE	3
GCA_030615405_1	cysI	2
GCA_030615405_1	cysJ	3
GCA_030615405_1	cysK	4
GCA_030615405_1	cysM	2
GCA_030615405_1	cysN	2
GCA_030615405_1	cysN_cysC	5
GCA_030615405_1	cysP	1
GCA_030615405_1	cysZ	1
GCA_030615405_1	dmdC	1
GCA_030615405_1	dmsA	3
GCA_030615405_1	dmsB	2
GCA_030615405_1	dmsC	1
GCA_030615405_1	fccB	1
GCA_030615405_1	hdrA1	1
GCA_030615405_1	isfD	1
GCA_030615405_1	mdh	6
GCA_030615405_1	metA	2
GCA_030615405_1	metB	1
GCA_030615405_1	metC	1
GCA_030615405_1	metX	1
GCA_030615405_1	metZ	1
GCA_030615405_1	nrnA	1
GCA_030615405_1	prpE	1
GCA_030615405_1	pta	3
GCA_030615405_1	sat	1
GCA_030615405_1	sir	1
GCA_030615405_1	slcC	2
GCA_030615405_1	soxB	1
GCA_030615405_1	sqdB	1
GCA_030615405_1	ssuA	1
GCA_030615405_1	ssuB	3
GCA_030615405_1	ssuC	1
GCA_030615405_1	ssuD	1
GCA_030615405_1	tauB	1
GCA_030615405_1	tsdA	1
GCA_030615405_1	tusA	2
GCA_030615405_1	tusB	3
GCA_030615405_1	xsc	1
GCA_030615855_1	asrA	1
GCA_030615855_1	asrC	1
GCA_030615855_1	betA	4
GCA_030615855_1	betB	3
GCA_030615855_1	comB	1
GCA_030615855_1	comD	1
GCA_030615855_1	comE	1
GCA_030615855_1	cuyA	1
GCA_030615855_1	cysA	3
GCA_030615855_1	cysC	14
GCA_030615855_1	cysE	5
GCA_030615855_1	cysI	1
GCA_030615855_1	cysJ	5
GCA_030615855_1	cysK	10
GCA_030615855_1	cysM	2
GCA_030615855_1	cysN	2
GCA_030615855_1	cysN_cysC	6
GCA_030615855_1	cysP	1
GCA_030615855_1	cysW	1
GCA_030615855_1	dddP	2
GCA_030615855_1	dmdA	1
GCA_030615855_1	dmdC	1
GCA_030615855_1	dmsA	1
GCA_030615855_1	dmsB	3
GCA_030615855_1	dmsC	1
GCA_030615855_1	dsrA	2
GCA_030615855_1	dsrB	1
GCA_030615855_1	gdh	2
GCA_030615855_1	glpE	3
GCA_030615855_1	hdrA1	1
GCA_030615855_1	hdrA2	1
GCA_030615855_1	hpsN	1
GCA_030615855_1	mdh	13
GCA_030615855_1	metA	1
GCA_030615855_1	metC	3
GCA_030615855_1	metX	1
GCA_030615855_1	metZ	2
GCA_030615855_1	nrnA	3
GCA_030615855_1	prpE	1
GCA_030615855_1	pta	2
GCA_030615855_1	sat	2
GCA_030615855_1	sgpC	1
GCA_030615855_1	shyC	1
GCA_030615855_1	sir	1
GCA_030615855_1	slcC	1
GCA_030615855_1	soxA	1
GCA_030615855_1	soxB	2
GCA_030615855_1	sqdX	14
GCA_030615855_1	ssuB	5
GCA_030615855_1	ssuC	1
GCA_030615855_1	ssuD	1
GCA_030615855_1	ssuE	1
GCA_030615855_1	sudA	5
GCA_030615855_1	sudB	1
GCA_030615855_1	sulP	1
GCA_030615855_1	tauA	1
GCA_030615855_1	tauB	4
GCA_030615855_1	tauD	1
GCA_030615855_1	tpa	1
GCA_030615855_1	tsdA	2
GCA_030615855_1	ttrB	1
GCA_030615855_1	tusB	1
GCA_030615855_1	tusD	1
GCA_030615855_1	xsc	2
GCA_030619245_1	asrC	1
GCA_030619245_1	betA	6
GCA_030619245_1	betB	1
GCA_030619245_1	comB	1
GCA_030619245_1	cuyA	1
GCA_030619245_1	cysA	3
GCA_030619245_1	cysC	10
GCA_030619245_1	cysE	5
GCA_030619245_1	cysI	2
GCA_030619245_1	cysJ	2
GCA_030619245_1	cysK	8
GCA_030619245_1	cysM	2
GCA_030619245_1	cysN	5
GCA_030619245_1	cysN_cysC	5
GCA_030619245_1	dddP	1
GCA_030619245_1	dmdC	2
GCA_030619245_1	dmsA	1
GCA_030619245_1	dmsB	1
GCA_030619245_1	dmsC	1
GCA_030619245_1	gdh	1
GCA_030619245_1	glpE	5
GCA_030619245_1	hdrA1	1
GCA_030619245_1	hdrA2	1
GCA_030619245_1	hpsP	2
GCA_030619245_1	hydD	1
GCA_030619245_1	mdh	7
GCA_030619245_1	metA	1
GCA_030619245_1	metB	1
GCA_030619245_1	metC	2
GCA_030619245_1	metZ	1
GCA_030619245_1	nrnA	4
GCA_030619245_1	pta	5
GCA_030619245_1	sat	2
GCA_030619245_1	shyA	1
GCA_030619245_1	shyB	1
GCA_030619245_1	shyC	2
GCA_030619245_1	soxC	1
GCA_030619245_1	soxX	1
GCA_030619245_1	sqdX	9
GCA_030619245_1	ssuB	6
GCA_030619245_1	ssuC	4
GCA_030619245_1	ssuD	3
GCA_030619245_1	ssuE	1
GCA_030619245_1	sudA	4
GCA_030619245_1	sudB	1
GCA_030619245_1	sulP	6
GCA_030619245_1	tauA	1
GCA_030619245_1	tauB	1
GCA_030619245_1	tauD	1
GCA_030619245_1	tsdA	1
GCA_030619245_1	ttrA	2
GCA_030619245_1	ttrB	2
GCA_030619245_1	tusA	1
GCA_030619245_1	tusB	1
GCA_030619245_1	xsc	1
GCA_030619955_1	cysA	1
GCA_030619955_1	cysC	1
GCA_030619955_1	cysE	1
GCA_030619955_1	cysJ	1
GCA_030619955_1	cysN_cysC	1
GCA_030619955_1	mdh	2
GCA_030619955_1	metB	1
GCA_030619955_1	pta	2
GCA_030619955_1	ssuB	1
GCA_030619955_1	ssuD	1
GCA_030619955_1	sudB	1
GCA_030619955_1	tauB	1
GCA_030619955_1	tusD	1
GCA_030620115_1	asrB	2
GCA_030620115_1	asrC	1
GCA_030620115_1	betA	3
GCA_030620115_1	betB	3
GCA_030620115_1	betC	24
GCA_030620115_1	comB	1
GCA_030620115_1	cuyA	2
GCA_030620115_1	cysA	3
GCA_030620115_1	cysC	13
GCA_030620115_1	cysD	5
GCA_030620115_1	cysE	8
GCA_030620115_1	cysI	4
GCA_030620115_1	cysJ	6
GCA_030620115_1	cysK	12
GCA_030620115_1	cysM	5
GCA_030620115_1	cysN	5
GCA_030620115_1	cysN_cysC	4
GCA_030620115_1	cysU	8
GCA_030620115_1	dmdA	1
GCA_030620115_1	dmdB	1
GCA_030620115_1	dmdC	1
GCA_030620115_1	dmsA	12
GCA_030620115_1	dmsB	2
GCA_030620115_1	dmsC	1
GCA_030620115_1	dsyB	1
GCA_030620115_1	gdh	3
GCA_030620115_1	glpE	3
GCA_030620115_1	hdrA1	1
GCA_030620115_1	hdrA2	1
GCA_030620115_1	hdrB1	1
GCA_030620115_1	hdrD	1
GCA_030620115_1	hpsP	1
GCA_030620115_1	iseM	1
GCA_030620115_1	isfD	1
GCA_030620115_1	mddA	1
GCA_030620115_1	mdh	12
GCA_030620115_1	metA	1
GCA_030620115_1	metB	3
GCA_030620115_1	metC	4
GCA_030620115_1	metZ	3
GCA_030620115_1	mtsB	1
GCA_030620115_1	nrnA	2
GCA_030620115_1	pta	8
GCA_030620115_1	sat	2
GCA_030620115_1	sbp	2
GCA_030620115_1	sgpB	2
GCA_030620115_1	sgpC	1
GCA_030620115_1	shyA	1
GCA_030620115_1	shyD	1
GCA_030620115_1	sir	3
GCA_030620115_1	slcC	1
GCA_030620115_1	soxA	1
GCA_030620115_1	soxB	3
GCA_030620115_1	sqdX	21
GCA_030620115_1	ssuA	14
GCA_030620115_1	ssuB	9
GCA_030620115_1	ssuC	1
GCA_030620115_1	ssuD	3
GCA_030620115_1	sudA	6
GCA_030620115_1	sudB	1
GCA_030620115_1	sulP	7
GCA_030620115_1	tauA	1
GCA_030620115_1	tauB	3
GCA_030620115_1	tauD	1
GCA_030620115_1	tsdA	1
GCA_030620115_1	tusA	1
GCA_030620115_1	tusD	1
GCA_030620925_1	acuI	1
GCA_030620925_1	aprA	5
GCA_030620925_1	asrA	1
GCA_030620925_1	asrC	1
GCA_030620925_1	betA	4
GCA_030620925_1	betB	5
GCA_030620925_1	comB	1
GCA_030620925_1	comE	1
GCA_030620925_1	cuyA	1
GCA_030620925_1	cysA	4
GCA_030620925_1	cysC	11
GCA_030620925_1	cysD	2
GCA_030620925_1	cysE	6
GCA_030620925_1	cysH	1
GCA_030620925_1	cysI	2
GCA_030620925_1	cysJ	16
GCA_030620925_1	cysK	10
GCA_030620925_1	cysM	5
GCA_030620925_1	cysN	1
GCA_030620925_1	cysN_cysC	4
GCA_030620925_1	cysP	2
GCA_030620925_1	cysU	7
GCA_030620925_1	cysW	1
GCA_030620925_1	dddP	2
GCA_030620925_1	dmdA	1
GCA_030620925_1	dmdB	16
GCA_030620925_1	dmdC	37
GCA_030620925_1	dmdD	2
GCA_030620925_1	dmsA	7
GCA_030620925_1	dmsB	1
GCA_030620925_1	dmsC	1
GCA_030620925_1	dsrA	1
GCA_030620925_1	dsrN	1
GCA_030620925_1	dsrP	1
GCA_030620925_1	dsyB	3
GCA_030620925_1	gdh	4
GCA_030620925_1	glpE	14
GCA_030620925_1	hdrB1	1
GCA_030620925_1	hdrB2	1
GCA_030620925_1	hdrD	3
GCA_030620925_1	hdrE	2
GCA_030620925_1	hpsO	1
GCA_030620925_1	hpsP	7
GCA_030620925_1	isfD	5
GCA_030620925_1	mdh	15
GCA_030620925_1	metB	5
GCA_030620925_1	metC	4
GCA_030620925_1	metX	1
GCA_030620925_1	metY	1
GCA_030620925_1	metZ	3
GCA_030620925_1	mtsA	1
GCA_030620925_1	mtsB	1
GCA_030620925_1	nrnA	1
GCA_030620925_1	phsA	2
GCA_030620925_1	prpE	4
GCA_030620925_1	psrC	2
GCA_030620925_1	pta	6
GCA_030620925_1	sat	2
GCA_030620925_1	sgpC	1
GCA_030620925_1	shyC	2
GCA_030620925_1	sir	1
GCA_030620925_1	slcC	4
GCA_030620925_1	soeA	1
GCA_030620925_1	soxX	2
GCA_030620925_1	sqdB	1
GCA_030620925_1	sqdX	4
GCA_030620925_1	sqr	1
GCA_030620925_1	sseA	3
GCA_030620925_1	ssuA	4
GCA_030620925_1	ssuB	3
GCA_030620925_1	ssuC	3
GCA_030620925_1	ssuD	3
GCA_030620925_1	ssuE	3
GCA_030620925_1	sudA	9
GCA_030620925_1	sudB	1
GCA_030620925_1	sulP	9
GCA_030620925_1	tauA	1
GCA_030620925_1	tauB	1
GCA_030620925_1	tauD	1
GCA_030620925_1	tauE	1
GCA_030620925_1	tmoC	1
GCA_030620925_1	tpa	4
GCA_030620925_1	tsdA	1
GCA_030620925_1	ttrA	2
GCA_030620925_1	ttrB	5
GCA_030620925_1	tusA	2
GCA_030620925_1	tusB	1
GCA_030620925_1	tusD	1
GCA_030620925_1	xsc	5
GCA_030625085_1	asrA	2
GCA_030625085_1	asrB	3
GCA_030625085_1	betA	4
GCA_030625085_1	betB	2
GCA_030625085_1	betC	13
GCA_030625085_1	comB	3
GCA_030625085_1	cuyA	1
GCA_030625085_1	cysA	11
GCA_030625085_1	cysC	17
GCA_030625085_1	cysD	1
GCA_030625085_1	cysE	5
GCA_030625085_1	cysH	3
GCA_030625085_1	cysI	9
GCA_030625085_1	cysJ	5
GCA_030625085_1	cysK	15
GCA_030625085_1	cysM	7
GCA_030625085_1	cysN	5
GCA_030625085_1	cysN_cysC	6
GCA_030625085_1	cysP	2
GCA_030625085_1	cysQ	7
GCA_030625085_1	cysU	5
GCA_030625085_1	cysW	2
GCA_030625085_1	dddP	1
GCA_030625085_1	dmdB	1
GCA_030625085_1	dmdC	1
GCA_030625085_1	dmsA	39
GCA_030625085_1	dmsB	4
GCA_030625085_1	dmsC	3
GCA_030625085_1	dsrA	3
GCA_030625085_1	dsrB	1
GCA_030625085_1	gdh	1
GCA_030625085_1	glpE	6
GCA_030625085_1	hdrA1	2
GCA_030625085_1	hdrA2	8
GCA_030625085_1	hdrB1	1
GCA_030625085_1	hdrC2	2
GCA_030625085_1	hpsN	1
GCA_030625085_1	hpsO	1
GCA_030625085_1	hpsP	2
GCA_030625085_1	hydA	1
GCA_030625085_1	hydD	1
GCA_030625085_1	isfD	1
GCA_030625085_1	mddA	1
GCA_030625085_1	mdh	23
GCA_030625085_1	metB	3
GCA_030625085_1	metC	6
GCA_030625085_1	metX	1
GCA_030625085_1	metZ	2
GCA_030625085_1	nrnA	3
GCA_030625085_1	phsA	1
GCA_030625085_1	phsC	1
GCA_030625085_1	pta	1
GCA_030625085_1	sat	8
GCA_030625085_1	sbp	8
GCA_030625085_1	sgpC	1
GCA_030625085_1	shyB	1
GCA_030625085_1	shyC	2
GCA_030625085_1	sir	3
GCA_030625085_1	slcC	2
GCA_030625085_1	soxB	2
GCA_030625085_1	soxC	1
GCA_030625085_1	soxY	1
GCA_030625085_1	sqdB	2
GCA_030625085_1	sqdX	18
GCA_030625085_1	ssuA	30
GCA_030625085_1	ssuB	11
GCA_030625085_1	ssuC	2
GCA_030625085_1	ssuD	3
GCA_030625085_1	ssuE	1
GCA_030625085_1	sudA	7
GCA_030625085_1	sudB	1
GCA_030625085_1	sulP	11
GCA_030625085_1	tauA	2
GCA_030625085_1	tauB	5
GCA_030625085_1	tauC	1
GCA_030625085_1	tauD	7
GCA_030625085_1	tmoC	1
GCA_030625085_1	tpa	2
GCA_030625085_1	tsdA	1
GCA_030625085_1	ttrA	1
GCA_030625085_1	tusA	4
GCA_030625085_1	tusB	1
GCA_030625085_1	xsc	3
GCA_030636965_1	acuI	3
GCA_030636965_1	asrC	1
GCA_030636965_1	betA	6
GCA_030636965_1	betB	1
GCA_030636965_1	betC	1
GCA_030636965_1	cuyA	1
GCA_030636965_1	cysA	4
GCA_030636965_1	cysC	12
GCA_030636965_1	cysD	1
GCA_030636965_1	cysE	3
GCA_030636965_1	cysJ	3
GCA_030636965_1	cysK	5
GCA_030636965_1	cysM	2
GCA_030636965_1	cysN	1
GCA_030636965_1	cysN_cysC	5
GCA_030636965_1	cysP	1
GCA_030636965_1	cysU	3
GCA_030636965_1	dmdB	1
GCA_030636965_1	dmdC	2
GCA_030636965_1	dmdD	2
GCA_030636965_1	dmsA	6
GCA_030636965_1	dmsB	4
GCA_030636965_1	dmsC	2
GCA_030636965_1	dsrA	2
GCA_030636965_1	dsrB	1
GCA_030636965_1	glpE	6
GCA_030636965_1	hdrA1	1
GCA_030636965_1	hpsK	1
GCA_030636965_1	hpsP	2
GCA_030636965_1	mddA	1
GCA_030636965_1	mdh	12
GCA_030636965_1	metC	6
GCA_030636965_1	nrnA	2
GCA_030636965_1	otr	2
GCA_030636965_1	phsA	1
GCA_030636965_1	prpE	2
GCA_030636965_1	pta	3
GCA_030636965_1	sat	2
GCA_030636965_1	sbp	1
GCA_030636965_1	sgpB	1
GCA_030636965_1	sir	1
GCA_030636965_1	slcC	1
GCA_030636965_1	sqdX	1
GCA_030636965_1	ssuA	12
GCA_030636965_1	ssuB	4
GCA_030636965_1	ssuC	2
GCA_030636965_1	ssuD	1
GCA_030636965_1	sudA	7
GCA_030636965_1	sudB	1
GCA_030636965_1	sulP	8
GCA_030636965_1	tauA	1
GCA_030636965_1	tauB	2
GCA_030636965_1	tauD	2
GCA_030636965_1	tpa	1
GCA_030636965_1	tusA	2
GCA_030636965_1	tusD	1
GCA_030636965_1	xsc	1
GCA_030648035_1	acuI	1
GCA_030648035_1	aprA	1
GCA_030648035_1	betA	1
GCA_030648035_1	betB	6
GCA_030648035_1	comB	1
GCA_030648035_1	cuyA	1
GCA_030648035_1	cysA	3
GCA_030648035_1	cysC	15
GCA_030648035_1	cysD	2
GCA_030648035_1	cysE	6
GCA_030648035_1	cysJ	5
GCA_030648035_1	cysK	7
GCA_030648035_1	cysM	4
GCA_030648035_1	cysN_cysC	3
GCA_030648035_1	cysP	1
GCA_030648035_1	cysQ	2
GCA_030648035_1	cysU	5
GCA_030648035_1	cysZ	2
GCA_030648035_1	dddP	1
GCA_030648035_1	dmdA	1
GCA_030648035_1	dmdC	3
GCA_030648035_1	dmsA	1
GCA_030648035_1	dmsB	1
GCA_030648035_1	dmsC	1
GCA_030648035_1	fccB	1
GCA_030648035_1	gdh	2
GCA_030648035_1	glpE	5
GCA_030648035_1	hpsO	1
GCA_030648035_1	isfD	1
GCA_030648035_1	mdh	10
GCA_030648035_1	metB	3
GCA_030648035_1	metC	5
GCA_030648035_1	metZ	4
GCA_030648035_1	nrnA	1
GCA_030648035_1	prpE	1
GCA_030648035_1	pta	3
GCA_030648035_1	sat	3
GCA_030648035_1	sgpB	3
GCA_030648035_1	sir	2
GCA_030648035_1	slcC	3
GCA_030648035_1	soxD	1
GCA_030648035_1	soxX	2
GCA_030648035_1	soxY	1
GCA_030648035_1	sqdB	3
GCA_030648035_1	sqdX	5
GCA_030648035_1	ssuA	10
GCA_030648035_1	ssuB	6
GCA_030648035_1	ssuC	1
GCA_030648035_1	ssuD	6
GCA_030648035_1	ssuE	2
GCA_030648035_1	sudA	2
GCA_030648035_1	sulP	7
GCA_030648035_1	tauA	1
GCA_030648035_1	tauB	2
GCA_030648035_1	tauD	2
GCA_030648035_1	tmoC	2
GCA_030648035_1	tpa	1
GCA_030648035_1	tsdA	1
GCA_030648035_1	ttrA	1
GCA_030648035_1	ttrB	3
GCA_030648035_1	tusA	2
GCA_030648035_1	tusB	2
GCA_030652805_1	acuI	1
GCA_030652805_1	aprA	1
GCA_030652805_1	asrA	1
GCA_030652805_1	asrC	1
GCA_030652805_1	betA	3
GCA_030652805_1	betB	2
GCA_030652805_1	betC	3
GCA_030652805_1	comB	1
GCA_030652805_1	cuyA	1
GCA_030652805_1	cysA	1
GCA_030652805_1	cysC	16
GCA_030652805_1	cysE	4
GCA_030652805_1	cysH	1
GCA_030652805_1	cysI	1
GCA_030652805_1	cysJ	3
GCA_030652805_1	cysK	5
GCA_030652805_1	cysM	1
GCA_030652805_1	cysN	6
GCA_030652805_1	cysN_cysC	4
GCA_030652805_1	cysP	1
GCA_030652805_1	cysQ	2
GCA_030652805_1	cysW	1
GCA_030652805_1	dddP	1
GCA_030652805_1	dmdA	1
GCA_030652805_1	dmdB	2
GCA_030652805_1	dmdC	1
GCA_030652805_1	dmsA	5
GCA_030652805_1	dmsB	1
GCA_030652805_1	dmsC	1
GCA_030652805_1	dsrA	1
GCA_030652805_1	dsrB	1
GCA_030652805_1	gdh	3
GCA_030652805_1	glpE	2
GCA_030652805_1	hdrA1	1
GCA_030652805_1	hdrA2	2
GCA_030652805_1	hdrC2	1
GCA_030652805_1	hpsP	5
GCA_030652805_1	isfD	2
GCA_030652805_1	mccB	1
GCA_030652805_1	mdh	7
GCA_030652805_1	metA	1
GCA_030652805_1	metB	2
GCA_030652805_1	metC	3
GCA_030652805_1	metX	1
GCA_030652805_1	metY	1
GCA_030652805_1	metZ	3
GCA_030652805_1	mtsA	1
GCA_030652805_1	mtsB	1
GCA_030652805_1	nrnA	4
GCA_030652805_1	prpE	1
GCA_030652805_1	pta	6
GCA_030652805_1	sat	3
GCA_030652805_1	sbp	1
GCA_030652805_1	sgpC	1
GCA_030652805_1	shyC	2
GCA_030652805_1	sir	1
GCA_030652805_1	slcC	1
GCA_030652805_1	sqdX	27
GCA_030652805_1	ssuA	6
GCA_030652805_1	ssuB	6
GCA_030652805_1	ssuC	1
GCA_030652805_1	ssuD	2
GCA_030652805_1	ssuE	1
GCA_030652805_1	sudA	3
GCA_030652805_1	sudB	1
GCA_030652805_1	sulP	3
GCA_030652805_1	tauA	2
GCA_030652805_1	tauB	5
GCA_030652805_1	tauD	2
GCA_030652805_1	tpa	4
GCA_030652805_1	ttrA	1
GCA_030652805_1	ttrB	1
GCA_030652805_1	tusA	1
GCA_030652805_1	tusD	1
GCA_030652805_1	xsc	1
GCA_030656095_1	acuI	1
GCA_030656095_1	betA	3
GCA_030656095_1	betB	6
GCA_030656095_1	betC	2
GCA_030656095_1	comB	1
GCA_030656095_1	comE	1
GCA_030656095_1	cuyA	1
GCA_030656095_1	cysA	2
GCA_030656095_1	cysC	15
GCA_030656095_1	cysD	1
GCA_030656095_1	cysE	5
GCA_030656095_1	cysI	5
GCA_030656095_1	cysJ	8
GCA_030656095_1	cysK	10
GCA_030656095_1	cysM	6
GCA_030656095_1	cysN	3
GCA_030656095_1	cysN_cysC	4
GCA_030656095_1	cysP	1
GCA_030656095_1	cysQ	2
GCA_030656095_1	cysU	1
GCA_030656095_1	cysW	1
GCA_030656095_1	dddP	3
GCA_030656095_1	dmdB	5
GCA_030656095_1	dmsA	7
GCA_030656095_1	dmsC	1
GCA_030656095_1	gdh	1
GCA_030656095_1	glpE	5
GCA_030656095_1	hdrA1	1
GCA_030656095_1	hdrA2	1
GCA_030656095_1	hpsN	1
GCA_030656095_1	iseM	1
GCA_030656095_1	isfD	2
GCA_030656095_1	mddA	1
GCA_030656095_1	mdh	18
GCA_030656095_1	metB	4
GCA_030656095_1	metC	7
GCA_030656095_1	metX	2
GCA_030656095_1	metY	1
GCA_030656095_1	metZ	6
GCA_030656095_1	nrnA	4
GCA_030656095_1	prpE	1
GCA_030656095_1	psrA	1
GCA_030656095_1	pta	10
GCA_030656095_1	sat	3
GCA_030656095_1	sir	1
GCA_030656095_1	slcC	3
GCA_030656095_1	soxA	1
GCA_030656095_1	soxB	1
GCA_030656095_1	soxY	1
GCA_030656095_1	sqdX	3
GCA_030656095_1	sseA	1
GCA_030656095_1	ssuB	7
GCA_030656095_1	ssuC	3
GCA_030656095_1	ssuD	2
GCA_030656095_1	sudA	2
GCA_030656095_1	sudB	1
GCA_030656095_1	sulP	1
GCA_030656095_1	tauA	2
GCA_030656095_1	tauB	2
GCA_030656095_1	tauC	1
GCA_030656095_1	tauD	8
GCA_030656095_1	tpa	4
GCA_030656095_1	tsdA	1
GCA_030656095_1	ttrA	1
GCA_030656095_1	tusA	3
GCA_030656095_1	xsc	4
GCA_030666935_1	acuI	1
GCA_030666935_1	asrC	2
GCA_030666935_1	betA	6
GCA_030666935_1	betB	3
GCA_030666935_1	comB	1
GCA_030666935_1	comC	1
GCA_030666935_1	comE	1
GCA_030666935_1	cuyA	1
GCA_030666935_1	cysA	3
GCA_030666935_1	cysC	10
GCA_030666935_1	cysE	5
GCA_030666935_1	cysI	3
GCA_030666935_1	cysJ	5
GCA_030666935_1	cysK	12
GCA_030666935_1	cysM	5
GCA_030666935_1	cysN	4
GCA_030666935_1	cysN_cysC	5
GCA_030666935_1	cysP	1
GCA_030666935_1	cysQ	1
GCA_030666935_1	cysU	15
GCA_030666935_1	cysW	2
GCA_030666935_1	dddP	1
GCA_030666935_1	dmdA	1
GCA_030666935_1	dmsA	3
GCA_030666935_1	dmsC	1
GCA_030666935_1	dsyB	1
GCA_030666935_1	gdh	4
GCA_030666935_1	glpE	4
GCA_030666935_1	hdrA1	2
GCA_030666935_1	hpsK	4
GCA_030666935_1	hpsL	1
GCA_030666935_1	hpsM	3
GCA_030666935_1	hpsP	5
GCA_030666935_1	iseM	3
GCA_030666935_1	mddA	2
GCA_030666935_1	mdh	16
GCA_030666935_1	metB	3
GCA_030666935_1	metC	6
GCA_030666935_1	metX	1
GCA_030666935_1	metY	1
GCA_030666935_1	metZ	3
GCA_030666935_1	mtsA	1
GCA_030666935_1	mtsB	1
GCA_030666935_1	nrnA	10
GCA_030666935_1	prpE	1
GCA_030666935_1	pta	14
GCA_030666935_1	sat	2
GCA_030666935_1	sir	2
GCA_030666935_1	slcC	5
GCA_030666935_1	soxA	2
GCA_030666935_1	soxB	2
GCA_030666935_1	soxC	1
GCA_030666935_1	soxY	1
GCA_030666935_1	sqdB	3
GCA_030666935_1	sqdX	6
GCA_030666935_1	ssuA	1
GCA_030666935_1	ssuB	7
GCA_030666935_1	ssuC	5
GCA_030666935_1	ssuD	1
GCA_030666935_1	ssuE	1
GCA_030666935_1	sudA	12
GCA_030666935_1	sudB	3
GCA_030666935_1	sulP	3
GCA_030666935_1	tauA	2
GCA_030666935_1	tauB	3
GCA_030666935_1	tauD	1
GCA_030666935_1	tpa	1
GCA_030666935_1	tsdA	2
GCA_030666935_1	ttrA	1
GCA_030666935_1	ttrB	4
GCA_030666935_1	tusB	6
GCA_030666935_1	tusD	1
GCA_030666935_1	xsc	2
GCA_030671985_1	acuI	1
GCA_030671985_1	asrC	1
GCA_030671985_1	betA	3
GCA_030671985_1	betB	1
GCA_030671985_1	betC	2
GCA_030671985_1	cysA	2
GCA_030671985_1	cysC	10
GCA_030671985_1	cysD	2
GCA_030671985_1	cysE	6
GCA_030671985_1	cysI	2
GCA_030671985_1	cysJ	2
GCA_030671985_1	cysK	6
GCA_030671985_1	cysM	1
GCA_030671985_1	cysN	1
GCA_030671985_1	cysN_cysC	2
GCA_030671985_1	cysP	2
GCA_030671985_1	cysQ	1
GCA_030671985_1	dddP	1
GCA_030671985_1	dmsA	2
GCA_030671985_1	dmsB	1
GCA_030671985_1	dmsC	1
GCA_030671985_1	gdh	3
GCA_030671985_1	glpE	3
GCA_030671985_1	hdrA1	1
GCA_030671985_1	hdrA2	2
GCA_030671985_1	hpsO	1
GCA_030671985_1	hpsP	2
GCA_030671985_1	isfD	1
GCA_030671985_1	mdh	7
GCA_030671985_1	metC	2
GCA_030671985_1	metZ	1
GCA_030671985_1	mtsB	1
GCA_030671985_1	nrnA	3
GCA_030671985_1	pta	3
GCA_030671985_1	sat	4
GCA_030671985_1	shyC	1
GCA_030671985_1	sir	2
GCA_030671985_1	slcC	1
GCA_030671985_1	soxB	1
GCA_030671985_1	sqdB	1
GCA_030671985_1	sqdX	14
GCA_030671985_1	ssuA	2
GCA_030671985_1	ssuB	3
GCA_030671985_1	ssuC	1
GCA_030671985_1	ssuD	2
GCA_030671985_1	ssuE	1
GCA_030671985_1	sudA	4
GCA_030671985_1	sudB	1
GCA_030671985_1	tauA	2
GCA_030671985_1	tauB	3
GCA_030671985_1	tbuC	1
GCA_030671985_1	tpa	2
GCA_030671985_1	ttrA	1
GCA_030671985_1	ttrB	1
GCA_030671985_1	tusD	1
GCA_030671985_1	xsc	2
GCA_030673425_1	asrC	1
GCA_030673425_1	betA	3
GCA_030673425_1	betB	1
GCA_030673425_1	betC	1
GCA_030673425_1	comB	1
GCA_030673425_1	cuyA	1
GCA_030673425_1	cysA	2
GCA_030673425_1	cysC	7
GCA_030673425_1	cysE	6
GCA_030673425_1	cysJ	5
GCA_030673425_1	cysK	8
GCA_030673425_1	cysM	2
GCA_030673425_1	cysN	2
GCA_030673425_1	cysN_cysC	3
GCA_030673425_1	cysP	2
GCA_030673425_1	cysU	3
GCA_030673425_1	dddP	1
GCA_030673425_1	dmdA	1
GCA_030673425_1	dmsA	2
GCA_030673425_1	dmsB	2
GCA_030673425_1	dmsC	1
GCA_030673425_1	fccB	1
GCA_030673425_1	gdh	1
GCA_030673425_1	glpE	3
GCA_030673425_1	hpsP	1
GCA_030673425_1	mdh	9
GCA_030673425_1	metB	1
GCA_030673425_1	metC	2
GCA_030673425_1	metX	1
GCA_030673425_1	metZ	1
GCA_030673425_1	nrnA	5
GCA_030673425_1	pta	6
GCA_030673425_1	sat	4
GCA_030673425_1	sbp	4
GCA_030673425_1	shyC	4
GCA_030673425_1	sir	1
GCA_030673425_1	slcC	1
GCA_030673425_1	soxZ	1
GCA_030673425_1	sqdX	10
GCA_030673425_1	ssuB	5
GCA_030673425_1	ssuC	1
GCA_030673425_1	ssuD	2
GCA_030673425_1	ssuE	1
GCA_030673425_1	sudA	1
GCA_030673425_1	sudB	1
GCA_030673425_1	sulP	4
GCA_030673425_1	tauA	2
GCA_030673425_1	tauB	1
GCA_030673425_1	tsdA	1
GCA_030673425_1	ttrA	1
GCA_030673425_1	ttrB	2
GCA_030673425_1	tusA	1
GCA_030673425_1	tusB	1
GCA_030673425_1	tusD	1
GCA_030673425_1	xsc	1
GCA_030691485_1	acuI	7
GCA_030691485_1	asrA	1
GCA_030691485_1	betA	2
GCA_030691485_1	betB	3
GCA_030691485_1	cuyA	2
GCA_030691485_1	cysA	1
GCA_030691485_1	cysC	10
GCA_030691485_1	cysD	1
GCA_030691485_1	cysE	6
GCA_030691485_1	cysI	3
GCA_030691485_1	cysJ	6
GCA_030691485_1	cysK	10
GCA_030691485_1	cysM	4
GCA_030691485_1	cysN	2
GCA_030691485_1	cysN_cysC	4
GCA_030691485_1	cysP	4
GCA_030691485_1	cysQ	3
GCA_030691485_1	cysU	2
GCA_030691485_1	dmsA	2
GCA_030691485_1	dmsC	2
GCA_030691485_1	dsrA	1
GCA_030691485_1	dsrD	1
GCA_030691485_1	fccB	3
GCA_030691485_1	gdh	1
GCA_030691485_1	glpE	4
GCA_030691485_1	hdrA1	1
GCA_030691485_1	hdrB2	1
GCA_030691485_1	hdrD	1
GCA_030691485_1	hpsN	1
GCA_030691485_1	hydD	1
GCA_030691485_1	isfD	3
GCA_030691485_1	mdh	11
GCA_030691485_1	metB	2
GCA_030691485_1	metC	6
GCA_030691485_1	metX	1
GCA_030691485_1	metY	2
GCA_030691485_1	metZ	3
GCA_030691485_1	nrnA	4
GCA_030691485_1	phsA	1
GCA_030691485_1	prpE	1
GCA_030691485_1	psrA	1
GCA_030691485_1	pta	4
GCA_030691485_1	sat	4
GCA_030691485_1	shyA	1
GCA_030691485_1	sir	7
GCA_030691485_1	slcC	2
GCA_030691485_1	soxC	1
GCA_030691485_1	soxD	1
GCA_030691485_1	soxY	1
GCA_030691485_1	soxZ	1
GCA_030691485_1	sqdX	4
GCA_030691485_1	sqr	2
GCA_030691485_1	ssuA	1
GCA_030691485_1	ssuB	7
GCA_030691485_1	ssuC	1
GCA_030691485_1	ssuD	2
GCA_030691485_1	ssuE	1
GCA_030691485_1	sudA	4
GCA_030691485_1	sulP	4
GCA_030691485_1	tauA	1
GCA_030691485_1	tauB	3
GCA_030691485_1	tauC	1
GCA_030691485_1	tauD	2
GCA_030691485_1	tauZ	1
GCA_030691485_1	tpa	1
GCA_030691485_1	tsdA	2
GCA_030691485_1	tsdB	2
GCA_030691485_1	ttrB	2
GCA_030691485_1	tusA	2
GCA_030691485_1	tusB	1
GCA_030691485_1	tusD	2
GCA_030691485_1	xsc	1
GCA_030691545_1	acuI	1
GCA_030691545_1	aprA	3
GCA_030691545_1	asrA	3
GCA_030691545_1	asrB	6
GCA_030691545_1	betA	7
GCA_030691545_1	betB	2
GCA_030691545_1	betC	21
GCA_030691545_1	comB	1
GCA_030691545_1	comE	1
GCA_030691545_1	cuyA	1
GCA_030691545_1	cysA	9
GCA_030691545_1	cysC	24
GCA_030691545_1	cysD	5
GCA_030691545_1	cysE	9
GCA_030691545_1	cysH	2
GCA_030691545_1	cysI	2
GCA_030691545_1	cysJ	9
GCA_030691545_1	cysK	12
GCA_030691545_1	cysM	6
GCA_030691545_1	cysN	2
GCA_030691545_1	cysN_cysC	6
GCA_030691545_1	cysP	1
GCA_030691545_1	cysQ	8
GCA_030691545_1	cysU	4
GCA_030691545_1	dddP	1
GCA_030691545_1	dmdA	1
GCA_030691545_1	dmdB	3
GCA_030691545_1	dmdC	1
GCA_030691545_1	dmsA	16
GCA_030691545_1	dmsB	2
GCA_030691545_1	dmsC	1
GCA_030691545_1	dsrA	6
GCA_030691545_1	dsyB	1
GCA_030691545_1	fccB	1
GCA_030691545_1	gdh	1
GCA_030691545_1	glpE	5
GCA_030691545_1	hdrA1	5
GCA_030691545_1	hdrA2	9
GCA_030691545_1	hdrB1	4
GCA_030691545_1	hdrC2	3
GCA_030691545_1	hdrD	1
GCA_030691545_1	hpsN	1
GCA_030691545_1	hpsP	9
GCA_030691545_1	hydA	1
GCA_030691545_1	hydD	1
GCA_030691545_1	isfD	3
GCA_030691545_1	mdh	16
GCA_030691545_1	metA	1
GCA_030691545_1	metB	5
GCA_030691545_1	metC	4
GCA_030691545_1	metX	1
GCA_030691545_1	metZ	5
GCA_030691545_1	mtsB	2
GCA_030691545_1	nrnA	3
GCA_030691545_1	pta	6
GCA_030691545_1	sat	5
GCA_030691545_1	sbp	1
GCA_030691545_1	shyC	3
GCA_030691545_1	shyD	1
GCA_030691545_1	sir	2
GCA_030691545_1	slcC	3
GCA_030691545_1	soxA	1
GCA_030691545_1	soxB	1
GCA_030691545_1	soxC	1
GCA_030691545_1	sqdX	24
GCA_030691545_1	ssuA	19
GCA_030691545_1	ssuB	10
GCA_030691545_1	ssuC	3
GCA_030691545_1	ssuD	2
GCA_030691545_1	ssuE	1
GCA_030691545_1	sudA	8
GCA_030691545_1	sudB	2
GCA_030691545_1	sulP	7
GCA_030691545_1	tauA	3
GCA_030691545_1	tauB	4
GCA_030691545_1	tauD	9
GCA_030691545_1	tpa	1
GCA_030691545_1	ttrB	2
GCA_030691545_1	ttrC	1
GCA_030691545_1	tusA	1
GCA_030691545_1	tusB	8
GCA_030691545_1	tusD	1
GCA_030691545_1	tusE	1
GCA_030691545_1	xsc	1
GCA_030698575_1	acuI	6
GCA_030698575_1	aprA	2
GCA_030698575_1	aprB	1
GCA_030698575_1	asrA	1
GCA_030698575_1	asrB	1
GCA_030698575_1	betA	6
GCA_030698575_1	betB	7
GCA_030698575_1	betC	11
GCA_030698575_1	comB	1
GCA_030698575_1	cuyA	1
GCA_030698575_1	cysA	6
GCA_030698575_1	cysC	25
GCA_030698575_1	cysD	1
GCA_030698575_1	cysE	5
GCA_030698575_1	cysH	1
GCA_030698575_1	cysI	4
GCA_030698575_1	cysJ	11
GCA_030698575_1	cysK	20
GCA_030698575_1	cysM	6
GCA_030698575_1	cysN	7
GCA_030698575_1	cysN_cysC	4
GCA_030698575_1	cysP	4
GCA_030698575_1	cysQ	1
GCA_030698575_1	cysU	8
GCA_030698575_1	cysW	2
GCA_030698575_1	cysZ	2
GCA_030698575_1	dddP	1
GCA_030698575_1	ddhA	8
GCA_030698575_1	ddhC	2
GCA_030698575_1	dmdA	1
GCA_030698575_1	dmdB	10
GCA_030698575_1	dmdC	30
GCA_030698575_1	dmdD	6
GCA_030698575_1	dmsA	13
GCA_030698575_1	dmsB	1
GCA_030698575_1	dmsC	4
GCA_030698575_1	dsrA	1
GCA_030698575_1	dsrL	1
GCA_030698575_1	dsrM	1
GCA_030698575_1	dsrP	3
GCA_030698575_1	dsyB	1
GCA_030698575_1	fccB	2
GCA_030698575_1	gdh	1
GCA_030698575_1	glpE	12
GCA_030698575_1	hdrA2	1
GCA_030698575_1	hdrD	3
GCA_030698575_1	hpsM	1
GCA_030698575_1	hpsP	2
GCA_030698575_1	isfD	12
GCA_030698575_1	mddA	2
GCA_030698575_1	mdh	12
GCA_030698575_1	metA	1
GCA_030698575_1	metB	4
GCA_030698575_1	metC	6
GCA_030698575_1	metX	6
GCA_030698575_1	metZ	2
GCA_030698575_1	nrnA	3
GCA_030698575_1	phsA	3
GCA_030698575_1	prpE	5
GCA_030698575_1	psrA	1
GCA_030698575_1	pta	5
GCA_030698575_1	sat	6
GCA_030698575_1	sgpB	2
GCA_030698575_1	sgpC	1
GCA_030698575_1	slcC	1
GCA_030698575_1	soxB	3
GCA_030698575_1	soxX	2
GCA_030698575_1	soxY	1
GCA_030698575_1	sqdB	1
GCA_030698575_1	sqdX	21
GCA_030698575_1	sseA	1
GCA_030698575_1	ssuA	20
GCA_030698575_1	ssuB	10
GCA_030698575_1	ssuC	8
GCA_030698575_1	ssuD	18
GCA_030698575_1	sudA	3
GCA_030698575_1	sudB	1
GCA_030698575_1	sulP	7
GCA_030698575_1	suyA	1
GCA_030698575_1	tauA	1
GCA_030698575_1	tauB	3
GCA_030698575_1	tauD	2
GCA_030698575_1	tmoC	2
GCA_030698575_1	tpa	3
GCA_030698575_1	tsdA	1
GCA_030698575_1	ttrA	5
GCA_030698575_1	ttrB	3
GCA_030698575_1	tusA	1
GCA_030698575_1	tusB	1
GCA_030698575_1	xsc	4
GCA_030947645_1	asrA	1
GCA_030947645_1	asrC	1
GCA_030947645_1	betA	3
GCA_030947645_1	betB	3
GCA_030947645_1	betC	1
GCA_030947645_1	cuyA	1
GCA_030947645_1	cysA	3
GCA_030947645_1	cysC	10
GCA_030947645_1	cysD	1
GCA_030947645_1	cysE	9
GCA_030947645_1	cysH	1
GCA_030947645_1	cysJ	2
GCA_030947645_1	cysK	14
GCA_030947645_1	cysM	4
GCA_030947645_1	cysN	3
GCA_030947645_1	cysN_cysC	2
GCA_030947645_1	cysP	3
GCA_030947645_1	cysU	5
GCA_030947645_1	cysW	1
GCA_030947645_1	dddP	1
GCA_030947645_1	dmdA	1
GCA_030947645_1	dmdC	5
GCA_030947645_1	dmdD	2
GCA_030947645_1	dmsA	1
GCA_030947645_1	dmsC	1
GCA_030947645_1	dsyB	1
GCA_030947645_1	fccA	1
GCA_030947645_1	gdh	2
GCA_030947645_1	glpE	10
GCA_030947645_1	hpsP	4
GCA_030947645_1	mccB	1
GCA_030947645_1	mdh	7
GCA_030947645_1	metB	1
GCA_030947645_1	metC	6
GCA_030947645_1	metY	2
GCA_030947645_1	metZ	2
GCA_030947645_1	nrnA	3
GCA_030947645_1	phsA	2
GCA_030947645_1	prpE	2
GCA_030947645_1	pta	7
GCA_030947645_1	sat	3
GCA_030947645_1	shyA	2
GCA_030947645_1	sir	3
GCA_030947645_1	slcC	1
GCA_030947645_1	soeA	1
GCA_030947645_1	sorA	1
GCA_030947645_1	soxA	1
GCA_030947645_1	soxB	2
GCA_030947645_1	soxX	1
GCA_030947645_1	sqdB	1
GCA_030947645_1	sqdX	4
GCA_030947645_1	ssuB	3
GCA_030947645_1	ssuC	2
GCA_030947645_1	ssuD	1
GCA_030947645_1	sudA	5
GCA_030947645_1	sulP	2
GCA_030947645_1	tauA	3
GCA_030947645_1	tauB	3
GCA_030947645_1	tauD	2
GCA_030947645_1	tpa	1
GCA_030947645_1	tsdA	2
GCA_030947645_1	ttrA	1
GCA_030947645_1	tusB	2
GCA_030947645_1	xsc	1
GCA_031406795_1	acuI	2
GCA_031406795_1	aprA	3
GCA_031406795_1	aprB	1
GCA_031406795_1	asrA	1
GCA_031406795_1	asrB	2
GCA_031406795_1	asrC	4
GCA_031406795_1	betA	2
GCA_031406795_1	betB	7
GCA_031406795_1	betC	1
GCA_031406795_1	comB	1
GCA_031406795_1	comD	1
GCA_031406795_1	cuyA	1
GCA_031406795_1	cysA	9
GCA_031406795_1	cysC	20
GCA_031406795_1	cysD	2
GCA_031406795_1	cysE	5
GCA_031406795_1	cysH	3
GCA_031406795_1	cysI	4
GCA_031406795_1	cysJ	5
GCA_031406795_1	cysK	26
GCA_031406795_1	cysM	7
GCA_031406795_1	cysN	8
GCA_031406795_1	cysN_cysC	4
GCA_031406795_1	cysP	2
GCA_031406795_1	cysQ	2
GCA_031406795_1	cysU	3
GCA_031406795_1	cysZ	1
GCA_031406795_1	dddP	2
GCA_031406795_1	dmdB	2
GCA_031406795_1	dmdC	1
GCA_031406795_1	dmdD	1
GCA_031406795_1	dmsA	24
GCA_031406795_1	dmsB	3
GCA_031406795_1	dmsC	4
GCA_031406795_1	dsrA	3
GCA_031406795_1	dsrB	1
GCA_031406795_1	dsrK	1
GCA_031406795_1	dsrM	2
GCA_031406795_1	dsrN	1
GCA_031406795_1	dsrT	1
GCA_031406795_1	dsyB	4
GCA_031406795_1	fccB	1
GCA_031406795_1	gdh	1
GCA_031406795_1	glpE	15
GCA_031406795_1	hdrA1	3
GCA_031406795_1	hdrA2	3
GCA_031406795_1	hdrB1	1
GCA_031406795_1	hdrC2	2
GCA_031406795_1	hdrD	2
GCA_031406795_1	hdrE	1
GCA_031406795_1	hpsP	1
GCA_031406795_1	hydA	1
GCA_031406795_1	hydB	1
GCA_031406795_1	iseM	1
GCA_031406795_1	mccB	1
GCA_031406795_1	mdh	19
GCA_031406795_1	metB	3
GCA_031406795_1	metC	10
GCA_031406795_1	metX	2
GCA_031406795_1	metY	1
GCA_031406795_1	metZ	4
GCA_031406795_1	mtsA	2
GCA_031406795_1	mtsB	2
GCA_031406795_1	nrnA	3
GCA_031406795_1	phsC	1
GCA_031406795_1	prpE	3
GCA_031406795_1	psrC	1
GCA_031406795_1	pta	6
GCA_031406795_1	qmoA	1
GCA_031406795_1	qmoB	1
GCA_031406795_1	qmoC	1
GCA_031406795_1	sat	6
GCA_031406795_1	sbp	6
GCA_031406795_1	shyD	1
GCA_031406795_1	slcC	1
GCA_031406795_1	soxA	1
GCA_031406795_1	soxB	3
GCA_031406795_1	soxC	1
GCA_031406795_1	soxY	1
GCA_031406795_1	sqdB	3
GCA_031406795_1	sqdX	19
GCA_031406795_1	sqr	1
GCA_031406795_1	sseA	2
GCA_031406795_1	ssuA	34
GCA_031406795_1	ssuB	12
GCA_031406795_1	ssuC	3
GCA_031406795_1	ssuD	5
GCA_031406795_1	sudA	8
GCA_031406795_1	sudB	3
GCA_031406795_1	sulP	15
GCA_031406795_1	tauA	3
GCA_031406795_1	tauB	4
GCA_031406795_1	tauC	2
GCA_031406795_1	tauD	4
GCA_031406795_1	tpa	1
GCA_031406795_1	tsdA	2
GCA_031406795_1	ttrA	4
GCA_031406795_1	ttrB	3
GCA_031406795_1	ttrC	1
GCA_031406795_1	tusA	8
GCA_031406795_1	tusB	3
GCA_031406795_1	tusD	1
GCA_031406795_1	tusE	2
GCA_031406795_1	xsc	1
GCA_031432495_1	acuI	2
GCA_031432495_1	asrB	1
GCA_031432495_1	betA	5
GCA_031432495_1	betB	10
GCA_031432495_1	betC	1
GCA_031432495_1	comE	1
GCA_031432495_1	cuyA	2
GCA_031432495_1	cysA	6
GCA_031432495_1	cysC	10
GCA_031432495_1	cysD	2
GCA_031432495_1	cysE	3
GCA_031432495_1	cysH	1
GCA_031432495_1	cysJ	3
GCA_031432495_1	cysK	8
GCA_031432495_1	cysM	3
GCA_031432495_1	cysN	2
GCA_031432495_1	cysN_cysC	5
GCA_031432495_1	cysP	3
GCA_031432495_1	cysQ	1
GCA_031432495_1	cysU	3
GCA_031432495_1	cysZ	1
GCA_031432495_1	dddP	2
GCA_031432495_1	dmdA	1
GCA_031432495_1	dmdB	3
GCA_031432495_1	dmdC	5
GCA_031432495_1	dmdD	2
GCA_031432495_1	dmsA	1
GCA_031432495_1	dmsC	1
GCA_031432495_1	dsrA	2
GCA_031432495_1	dsrB	1
GCA_031432495_1	dsyB	1
GCA_031432495_1	gdh	3
GCA_031432495_1	glpE	4
GCA_031432495_1	hdrD	2
GCA_031432495_1	hpsN	1
GCA_031432495_1	hpsP	3
GCA_031432495_1	hydA	1
GCA_031432495_1	hydD	1
GCA_031432495_1	mdh	11
GCA_031432495_1	metA	1
GCA_031432495_1	metC	6
GCA_031432495_1	metX	6
GCA_031432495_1	metZ	3
GCA_031432495_1	msmA	1
GCA_031432495_1	nrnA	1
GCA_031432495_1	phsA	1
GCA_031432495_1	prpE	4
GCA_031432495_1	pta	7
GCA_031432495_1	sat	4
GCA_031432495_1	shyC	1
GCA_031432495_1	slcC	1
GCA_031432495_1	slcD	1
GCA_031432495_1	soeA	1
GCA_031432495_1	soxA	2
GCA_031432495_1	soxB	1
GCA_031432495_1	soxC	2
GCA_031432495_1	soxD	1
GCA_031432495_1	soxX	2
GCA_031432495_1	sqdX	2
GCA_031432495_1	sqr	1
GCA_031432495_1	sseA	1
GCA_031432495_1	ssuA	1
GCA_031432495_1	ssuB	6
GCA_031432495_1	ssuC	3
GCA_031432495_1	ssuD	6
GCA_031432495_1	ssuE	1
GCA_031432495_1	sudA	6
GCA_031432495_1	sulP	3
GCA_031432495_1	tauA	2
GCA_031432495_1	tauB	2
GCA_031432495_1	tauC	1
GCA_031432495_1	tauD	1
GCA_031432495_1	tauY	1
GCA_031432495_1	tbuB	1
GCA_031432495_1	tmoC	1
GCA_031432495_1	tpa	4
GCA_031432495_1	tsdA	1
GCA_031432495_1	ttrC	1
GCA_031432495_1	tusA	2
GCA_031432495_1	tusB	1
GCA_031432495_1	tusD	1
GCA_031432495_1	tusE	2
GCA_031432495_1	xsc	1
GCA_031551405_1	betA	3
GCA_031551405_1	betB	1
GCA_031551405_1	cuyA	1
GCA_031551405_1	cysA	3
GCA_031551405_1	cysC	5
GCA_031551405_1	cysE	3
GCA_031551405_1	cysI	1
GCA_031551405_1	cysJ	5
GCA_031551405_1	cysK	6
GCA_031551405_1	cysM	6
GCA_031551405_1	cysN	1
GCA_031551405_1	cysN_cysC	4
GCA_031551405_1	cysQ	1
GCA_031551405_1	cysU	3
GCA_031551405_1	cysW	1
GCA_031551405_1	dddP	1
GCA_031551405_1	dmdA	1
GCA_031551405_1	dmsC	1
GCA_031551405_1	dsrA	1
GCA_031551405_1	fccB	1
GCA_031551405_1	gdh	1
GCA_031551405_1	glpE	5
GCA_031551405_1	hpsN	1
GCA_031551405_1	isfD	1
GCA_031551405_1	mdh	10
GCA_031551405_1	metC	2
GCA_031551405_1	metX	1
GCA_031551405_1	metY	1
GCA_031551405_1	metZ	2
GCA_031551405_1	nrnA	4
GCA_031551405_1	pta	4
GCA_031551405_1	sat	2
GCA_031551405_1	shyC	1
GCA_031551405_1	sir	1
GCA_031551405_1	slcC	1
GCA_031551405_1	soxZ	1
GCA_031551405_1	sqdB	1
GCA_031551405_1	sqdX	3
GCA_031551405_1	ssuB	6
GCA_031551405_1	ssuC	1
GCA_031551405_1	ssuD	1
GCA_031551405_1	ssuE	1
GCA_031551405_1	sudA	5
GCA_031551405_1	sulP	1
GCA_031551405_1	tauA	1
GCA_031551405_1	tauB	3
GCA_031551405_1	tpa	1
GCA_031551405_1	tsdA	1
GCA_031551405_1	ttrA	2
GCA_031551405_1	tusA	1
GCA_031551405_1	tusB	1
GCA_031551405_1	xsc	1
GCA_031960865_1	asrB	1
GCA_031960865_1	betA	2
GCA_031960865_1	betB	7
GCA_031960865_1	cuyA	1
GCA_031960865_1	cysA	3
GCA_031960865_1	cysC	8
GCA_031960865_1	cysD	1
GCA_031960865_1	cysE	3
GCA_031960865_1	cysI	2
GCA_031960865_1	cysJ	5
GCA_031960865_1	cysK	11
GCA_031960865_1	cysM	4
GCA_031960865_1	cysN	2
GCA_031960865_1	cysN_cysC	4
GCA_031960865_1	cysQ	1
GCA_031960865_1	cysU	3
GCA_031960865_1	dddP	1
GCA_031960865_1	dmdB	1
GCA_031960865_1	dmdC	6
GCA_031960865_1	dmsA	2
GCA_031960865_1	dmsB	2
GCA_031960865_1	dmsC	3
GCA_031960865_1	doxD	1
GCA_031960865_1	dsrA	1
GCA_031960865_1	dsrB	1
GCA_031960865_1	dsrK	1
GCA_031960865_1	dsrM	1
GCA_031960865_1	dsrN	1
GCA_031960865_1	gdh	2
GCA_031960865_1	glpE	1
GCA_031960865_1	hdrD	6
GCA_031960865_1	isfD	2
GCA_031960865_1	mdh	11
GCA_031960865_1	metC	2
GCA_031960865_1	metY	1
GCA_031960865_1	metZ	2
GCA_031960865_1	nrnA	4
GCA_031960865_1	prpE	2
GCA_031960865_1	psrA	1
GCA_031960865_1	pta	4
GCA_031960865_1	sat	3
GCA_031960865_1	sir	3
GCA_031960865_1	slcC	1
GCA_031960865_1	soxB	1
GCA_031960865_1	soxX	1
GCA_031960865_1	sqdX	5
GCA_031960865_1	sqr	2
GCA_031960865_1	sseA	2
GCA_031960865_1	ssuB	7
GCA_031960865_1	ssuC	3
GCA_031960865_1	ssuD	1
GCA_031960865_1	sudA	5
GCA_031960865_1	sudB	1
GCA_031960865_1	sulP	1
GCA_031960865_1	tauA	2
GCA_031960865_1	tauB	3
GCA_031960865_1	tauD	2
GCA_031960865_1	tpa	1
GCA_031960865_1	ttrB	1
GCA_031960865_1	tusB	1
GCA_031960865_1	tusE	2
GCA_031960865_1	xsc	1
GCA_034003445_1	acuI	3
GCA_034003445_1	aprA	2
GCA_034003445_1	aprB	1
GCA_034003445_1	asrB	4
GCA_034003445_1	asrC	2
GCA_034003445_1	betA	7
GCA_034003445_1	betB	3
GCA_034003445_1	comB	1
GCA_034003445_1	comE	1
GCA_034003445_1	cuyA	1
GCA_034003445_1	cysA	3
GCA_034003445_1	cysC	15
GCA_034003445_1	cysD	2
GCA_034003445_1	cysE	5
GCA_034003445_1	cysH	4
GCA_034003445_1	cysJ	4
GCA_034003445_1	cysK	15
GCA_034003445_1	cysM	5
GCA_034003445_1	cysN	5
GCA_034003445_1	cysN_cysC	6
GCA_034003445_1	cysP	1
GCA_034003445_1	cysQ	2
GCA_034003445_1	cysU	3
GCA_034003445_1	cysW	1
GCA_034003445_1	cysZ	1
GCA_034003445_1	dddP	1
GCA_034003445_1	dmdB	2
GCA_034003445_1	dmdC	3
GCA_034003445_1	dmdD	2
GCA_034003445_1	dmsA	6
GCA_034003445_1	dmsB	3
GCA_034003445_1	dmsC	1
GCA_034003445_1	dsrA	1
GCA_034003445_1	dsrB	1
GCA_034003445_1	dsrC	1
GCA_034003445_1	dsrD	1
GCA_034003445_1	dsrJ	1
GCA_034003445_1	dsrK	2
GCA_034003445_1	dsrM	2
GCA_034003445_1	dsrN	2
GCA_034003445_1	dsrP	1
GCA_034003445_1	dsrT	1
GCA_034003445_1	dsyB	1
GCA_034003445_1	gdh	2
GCA_034003445_1	glpE	8
GCA_034003445_1	hdrA1	1
GCA_034003445_1	hdrA2	3
GCA_034003445_1	hdrD	5
GCA_034003445_1	hydD	2
GCA_034003445_1	isfD	2
GCA_034003445_1	mddA	1
GCA_034003445_1	mdh	18
GCA_034003445_1	metB	2
GCA_034003445_1	metC	9
GCA_034003445_1	metX	3
GCA_034003445_1	metY	1
GCA_034003445_1	metZ	2
GCA_034003445_1	nrnA	2
GCA_034003445_1	phsA	2
GCA_034003445_1	prpE	1
GCA_034003445_1	pta	8
GCA_034003445_1	qmoB	1
GCA_034003445_1	qmoC	1
GCA_034003445_1	sat	5
GCA_034003445_1	sbp	2
GCA_034003445_1	sgpB	1
GCA_034003445_1	sgpC	1
GCA_034003445_1	shyA	2
GCA_034003445_1	sir	3
GCA_034003445_1	slcD	1
GCA_034003445_1	soxB	1
GCA_034003445_1	sqdX	4
GCA_034003445_1	ssuA	18
GCA_034003445_1	ssuB	7
GCA_034003445_1	ssuC	3
GCA_034003445_1	ssuD	2
GCA_034003445_1	sudA	8
GCA_034003445_1	sudB	1
GCA_034003445_1	sulP	12
GCA_034003445_1	tauA	4
GCA_034003445_1	tauB	2
GCA_034003445_1	tauC	1
GCA_034003445_1	tauD	2
GCA_034003445_1	tauE	1
GCA_034003445_1	tauZ	1
GCA_034003445_1	tpa	1
GCA_034003445_1	tsdA	2
GCA_034003445_1	ttrA	3
GCA_034003445_1	ttrB	3
GCA_034003445_1	tusA	1
GCA_034003445_1	tusD	2
GCA_034003445_1	tusE	3
GCA_034003445_1	xsc	1
GCA_034679345_1	acuI	1
GCA_034679345_1	aprA	1
GCA_034679345_1	asrA	1
GCA_034679345_1	asrB	5
GCA_034679345_1	betA	3
GCA_034679345_1	betB	5
GCA_034679345_1	betC	3
GCA_034679345_1	comB	1
GCA_034679345_1	comE	1
GCA_034679345_1	cuyA	2
GCA_034679345_1	cysA	2
GCA_034679345_1	cysC	15
GCA_034679345_1	cysD	6
GCA_034679345_1	cysE	7
GCA_034679345_1	cysH	1
GCA_034679345_1	cysI	2
GCA_034679345_1	cysJ	8
GCA_034679345_1	cysK	10
GCA_034679345_1	cysM	6
GCA_034679345_1	cysN	1
GCA_034679345_1	cysN_cysC	5
GCA_034679345_1	cysQ	1
GCA_034679345_1	cysU	9
GCA_034679345_1	cysW	1
GCA_034679345_1	cysZ	1
GCA_034679345_1	dddP	1
GCA_034679345_1	dmdA	1
GCA_034679345_1	dmdB	3
GCA_034679345_1	dmdC	6
GCA_034679345_1	dmsA	8
GCA_034679345_1	dmsB	1
GCA_034679345_1	dmsC	1
GCA_034679345_1	dsrB	1
GCA_034679345_1	dsrC	1
GCA_034679345_1	dsrK	1
GCA_034679345_1	dsyB	1
GCA_034679345_1	gdh	3
GCA_034679345_1	glpE	11
GCA_034679345_1	hdrA2	1
GCA_034679345_1	hdrB1	1
GCA_034679345_1	hdrC2	1
GCA_034679345_1	hpsP	2
GCA_034679345_1	isfD	2
GCA_034679345_1	mdh	13
GCA_034679345_1	metB	7
GCA_034679345_1	metC	10
GCA_034679345_1	metZ	2
GCA_034679345_1	msmA	1
GCA_034679345_1	mtoX	1
GCA_034679345_1	mtsB	1
GCA_034679345_1	nrnA	4
GCA_034679345_1	prpE	1
GCA_034679345_1	psrC	1
GCA_034679345_1	pta	3
GCA_034679345_1	sat	2
GCA_034679345_1	sgpB	2
GCA_034679345_1	shyA	1
GCA_034679345_1	shyC	3
GCA_034679345_1	shyD	1
GCA_034679345_1	sir	2
GCA_034679345_1	soxA	1
GCA_034679345_1	soxB	2
GCA_034679345_1	soxX	2
GCA_034679345_1	soxY	1
GCA_034679345_1	sqdB	1
GCA_034679345_1	sqdX	21
GCA_034679345_1	ssuA	26
GCA_034679345_1	ssuB	11
GCA_034679345_1	ssuC	4
GCA_034679345_1	ssuD	2
GCA_034679345_1	ssuE	2
GCA_034679345_1	sudA	4
GCA_034679345_1	sudB	2
GCA_034679345_1	sulP	6
GCA_034679345_1	tauA	2
GCA_034679345_1	tauB	3
GCA_034679345_1	tauD	2
GCA_034679345_1	tmoC	1
GCA_034679345_1	tpa	1
GCA_034679345_1	tsdA	2
GCA_034679345_1	ttrA	2
GCA_034679345_1	ttrB	1
GCA_034679345_1	tusA	2
GCA_034679345_1	tusB	3
GCA_034679345_1	tusD	2
GCA_034717985_1	asrC	1
GCA_034717985_1	betA	2
GCA_034717985_1	betB	2
GCA_034717985_1	comB	1
GCA_034717985_1	cuyA	1
GCA_034717985_1	cysA	2
GCA_034717985_1	cysC	7
GCA_034717985_1	cysI	2
GCA_034717985_1	cysJ	2
GCA_034717985_1	cysK	5
GCA_034717985_1	cysM	2
GCA_034717985_1	cysN	1
GCA_034717985_1	cysN_cysC	5
GCA_034717985_1	dddP	1
GCA_034717985_1	dmdA	1
GCA_034717985_1	dmdC	1
GCA_034717985_1	dmsC	1
GCA_034717985_1	gdh	1
GCA_034717985_1	glpE	2
GCA_034717985_1	hpsN	1
GCA_034717985_1	isfD	1
GCA_034717985_1	mdh	7
GCA_034717985_1	metB	2
GCA_034717985_1	metX	1
GCA_034717985_1	metZ	1
GCA_034717985_1	nrnA	3
GCA_034717985_1	pta	4
GCA_034717985_1	sat	3
GCA_034717985_1	sbp	2
GCA_034717985_1	sgpC	1
GCA_034717985_1	shyC	1
GCA_034717985_1	slcC	1
GCA_034717985_1	soxA	1
GCA_034717985_1	sqdX	7
GCA_034717985_1	ssuB	1
GCA_034717985_1	ssuD	1
GCA_034717985_1	sudA	3
GCA_034717985_1	sudB	1
GCA_034717985_1	tauA	1
GCA_034717985_1	tauB	2
GCA_034717985_1	tauD	1
GCA_034717985_1	tbuC	1
GCA_034717985_1	tpa	1
GCA_034717985_1	tsdA	1
GCA_034717985_1	ttrB	1
GCA_034717985_1	tusB	1
GCA_034717985_1	xsc	1
GCA_035249825_1	acuI	4
GCA_035249825_1	aprA	1
GCA_035249825_1	betA	7
GCA_035249825_1	betB	4
GCA_035249825_1	comB	1
GCA_035249825_1	cuyA	1
GCA_035249825_1	cysA	5
GCA_035249825_1	cysC	13
GCA_035249825_1	cysD	5
GCA_035249825_1	cysE	5
GCA_035249825_1	cysH	1
GCA_035249825_1	cysI	1
GCA_035249825_1	cysJ	4
GCA_035249825_1	cysK	17
GCA_035249825_1	cysM	5
GCA_035249825_1	cysN	3
GCA_035249825_1	cysN_cysC	7
GCA_035249825_1	cysP	1
GCA_035249825_1	cysQ	3
GCA_035249825_1	cysU	5
GCA_035249825_1	cysW	2
GCA_035249825_1	dmdA	1
GCA_035249825_1	dmdC	3
GCA_035249825_1	dmdD	6
GCA_035249825_1	dmsA	9
GCA_035249825_1	dmsB	1
GCA_035249825_1	dmsC	1
GCA_035249825_1	doxD	1
GCA_035249825_1	dsrA	1
GCA_035249825_1	dsrB	2
GCA_035249825_1	dsyB	1
GCA_035249825_1	fccB	1
GCA_035249825_1	gdh	5
GCA_035249825_1	glpE	6
GCA_035249825_1	hpsN	1
GCA_035249825_1	hpsO	1
GCA_035249825_1	hpsP	3
GCA_035249825_1	isfD	8
GCA_035249825_1	mdh	6
GCA_035249825_1	metB	4
GCA_035249825_1	metC	6
GCA_035249825_1	metX	1
GCA_035249825_1	metY	1
GCA_035249825_1	metZ	4
GCA_035249825_1	msmA	2
GCA_035249825_1	nrnA	2
GCA_035249825_1	phsA	1
GCA_035249825_1	prpE	2
GCA_035249825_1	pta	5
GCA_035249825_1	sat	1
GCA_035249825_1	sbp	2
GCA_035249825_1	sgpB	2
GCA_035249825_1	sir	2
GCA_035249825_1	slcC	1
GCA_035249825_1	soxB	1
GCA_035249825_1	soxC	3
GCA_035249825_1	soxX	4
GCA_035249825_1	soxY	3
GCA_035249825_1	soxZ	1
GCA_035249825_1	sqdB	5
GCA_035249825_1	sqdX	22
GCA_035249825_1	sseA	4
GCA_035249825_1	ssuA	9
GCA_035249825_1	ssuB	11
GCA_035249825_1	ssuC	3
GCA_035249825_1	ssuD	4
GCA_035249825_1	ssuE	1
GCA_035249825_1	sudA	2
GCA_035249825_1	sulP	4
GCA_035249825_1	suyA	2
GCA_035249825_1	tauA	2
GCA_035249825_1	tauB	1
GCA_035249825_1	tpa	1
GCA_035249825_1	tsdA	1
GCA_035249825_1	ttrA	2
GCA_035249825_1	ttrB	1
GCA_035249825_1	tusA	2
GCA_035288405_1	acuI	3
GCA_035288405_1	aprA	1
GCA_035288405_1	asrA	1
GCA_035288405_1	asrC	1
GCA_035288405_1	betA	3
GCA_035288405_1	betB	13
GCA_035288405_1	comB	1
GCA_035288405_1	comD	1
GCA_035288405_1	cuyA	1
GCA_035288405_1	cysA	4
GCA_035288405_1	cysC	11
GCA_035288405_1	cysD	4
GCA_035288405_1	cysE	8
GCA_035288405_1	cysH	1
GCA_035288405_1	cysI	5
GCA_035288405_1	cysJ	9
GCA_035288405_1	cysK	8
GCA_035288405_1	cysM	8
GCA_035288405_1	cysN_cysC	6
GCA_035288405_1	cysP	3
GCA_035288405_1	cysQ	2
GCA_035288405_1	cysU	11
GCA_035288405_1	dddP	7
GCA_035288405_1	dmdA	1
GCA_035288405_1	dmdB	3
GCA_035288405_1	dmdC	6
GCA_035288405_1	dmsA	19
GCA_035288405_1	dmsB	1
GCA_035288405_1	dmsC	1
GCA_035288405_1	dsrA	2
GCA_035288405_1	dsrP	1
GCA_035288405_1	dsyB	1
GCA_035288405_1	gdh	3
GCA_035288405_1	glpE	8
GCA_035288405_1	hdrA1	1
GCA_035288405_1	hdrA2	3
GCA_035288405_1	hdrC2	1
GCA_035288405_1	hdrD	2
GCA_035288405_1	hpsP	3
GCA_035288405_1	isfD	4
GCA_035288405_1	mddA	1
GCA_035288405_1	mdh	13
GCA_035288405_1	metA	1
GCA_035288405_1	metB	1
GCA_035288405_1	metC	2
GCA_035288405_1	metX	2
GCA_035288405_1	metZ	1
GCA_035288405_1	nrnA	2
GCA_035288405_1	phsA	1
GCA_035288405_1	prpE	4
GCA_035288405_1	psrC	2
GCA_035288405_1	pta	5
GCA_035288405_1	sat	4
GCA_035288405_1	sbp	1
GCA_035288405_1	sfnG	1
GCA_035288405_1	shyC	1
GCA_035288405_1	slcC	2
GCA_035288405_1	soeA	10
GCA_035288405_1	soeC	1
GCA_035288405_1	sorB	1
GCA_035288405_1	soxB	1
GCA_035288405_1	soxC	2
GCA_035288405_1	soxX	1
GCA_035288405_1	sqdX	5
GCA_035288405_1	sseA	1
GCA_035288405_1	ssuA	52
GCA_035288405_1	ssuB	14
GCA_035288405_1	ssuC	20
GCA_035288405_1	ssuD	18
GCA_035288405_1	ssuE	1
GCA_035288405_1	sudA	3
GCA_035288405_1	sudB	1
GCA_035288405_1	sulP	11
GCA_035288405_1	suyA	1
GCA_035288405_1	tauA	14
GCA_035288405_1	tauB	7
GCA_035288405_1	tauC	2
GCA_035288405_1	tauD	1
GCA_035288405_1	tbuB	1
GCA_035288405_1	toa	1
GCA_035288405_1	tpa	4
GCA_035288405_1	tsdA	1
GCA_035288405_1	tsdB	1
GCA_035288405_1	ttrB	11
GCA_035288405_1	ttrC	1
GCA_035288405_1	tusA	6
GCA_035288405_1	tusB	1
GCA_035288405_1	tusD	2
GCA_035288405_1	xsc	7
GCA_035353495_1	betA	5
GCA_035353495_1	betB	3
GCA_035353495_1	betC	4
GCA_035353495_1	cuyA	1
GCA_035353495_1	cysA	2
GCA_035353495_1	cysC	10
GCA_035353495_1	cysD	2
GCA_035353495_1	cysE	6
GCA_035353495_1	cysI	1
GCA_035353495_1	cysJ	5
GCA_035353495_1	cysK	12
GCA_035353495_1	cysM	5
GCA_035353495_1	cysN	1
GCA_035353495_1	cysN_cysC	3
GCA_035353495_1	cysQ	2
GCA_035353495_1	cysU	4
GCA_035353495_1	dddP	2
GCA_035353495_1	dmdA	1
GCA_035353495_1	dmdB	3
GCA_035353495_1	dmdC	1
GCA_035353495_1	dmdD	1
GCA_035353495_1	dmsA	10
GCA_035353495_1	dmsB	2
GCA_035353495_1	dmsC	2
GCA_035353495_1	dsrA	2
GCA_035353495_1	dsrN	1
GCA_035353495_1	dsyB	1
GCA_035353495_1	gdh	3
GCA_035353495_1	glpE	8
GCA_035353495_1	hdrA1	1
GCA_035353495_1	hpsP	2
GCA_035353495_1	isfD	2
GCA_035353495_1	mdh	10
GCA_035353495_1	metB	2
GCA_035353495_1	metC	4
GCA_035353495_1	metY	1
GCA_035353495_1	metZ	3
GCA_035353495_1	nrnA	5
GCA_035353495_1	prpE	2
GCA_035353495_1	pta	4
GCA_035353495_1	sat	5
GCA_035353495_1	sbp	1
GCA_035353495_1	sir	1
GCA_035353495_1	slcD	1
GCA_035353495_1	soxA	1
GCA_035353495_1	soxB	4
GCA_035353495_1	soxY	1
GCA_035353495_1	sqdX	27
GCA_035353495_1	ssuA	17
GCA_035353495_1	ssuB	4
GCA_035353495_1	ssuC	2
GCA_035353495_1	ssuD	3
GCA_035353495_1	ssuE	1
GCA_035353495_1	sudA	3
GCA_035353495_1	sulP	10
GCA_035353495_1	suyA	1
GCA_035353495_1	tauA	2
GCA_035353495_1	tauD	2
GCA_035353495_1	tsdA	1
GCA_035353495_1	ttrA	2
GCA_035353495_1	tusA	3
GCA_035353495_1	tusD	1
GCA_035353495_1	xsc	2
GCA_035359435_1	asrA	1
GCA_035359435_1	asrB	2
GCA_035359435_1	betA	3
GCA_035359435_1	betB	4
GCA_035359435_1	betC	1
GCA_035359435_1	comB	1
GCA_035359435_1	cuyA	1
GCA_035359435_1	cysA	2
GCA_035359435_1	cysC	5
GCA_035359435_1	cysD	2
GCA_035359435_1	cysE	5
GCA_035359435_1	cysH	2
GCA_035359435_1	cysI	1
GCA_035359435_1	cysJ	2
GCA_035359435_1	cysK	13
GCA_035359435_1	cysM	4
GCA_035359435_1	cysN	1
GCA_035359435_1	cysN_cysC	4
GCA_035359435_1	cysP	2
GCA_035359435_1	cysQ	1
GCA_035359435_1	cysU	4
GCA_035359435_1	dddP	1
GCA_035359435_1	dmdB	1
GCA_035359435_1	dmdC	1
GCA_035359435_1	dmsA	6
GCA_035359435_1	dmsB	1
GCA_035359435_1	dmsC	1
GCA_035359435_1	dsrO	1
GCA_035359435_1	dsyB	1
GCA_035359435_1	fccB	1
GCA_035359435_1	gdh	2
GCA_035359435_1	glpE	8
GCA_035359435_1	hdrA1	2
GCA_035359435_1	hydD	1
GCA_035359435_1	iseM	1
GCA_035359435_1	mdh	10
GCA_035359435_1	metB	3
GCA_035359435_1	metC	4
GCA_035359435_1	metX	1
GCA_035359435_1	metY	2
GCA_035359435_1	nrnA	4
GCA_035359435_1	pta	6
GCA_035359435_1	sat	4
GCA_035359435_1	sbp	5
GCA_035359435_1	shyA	1
GCA_035359435_1	shyC	2
GCA_035359435_1	shyD	1
GCA_035359435_1	sir	2
GCA_035359435_1	slcC	3
GCA_035359435_1	slcD	1
GCA_035359435_1	soxB	3
GCA_035359435_1	soxX	1
GCA_035359435_1	sqdB	4
GCA_035359435_1	sqdX	16
GCA_035359435_1	ssuA	5
GCA_035359435_1	ssuB	4
GCA_035359435_1	ssuC	3
GCA_035359435_1	ssuD	2
GCA_035359435_1	ssuE	1
GCA_035359435_1	sudA	5
GCA_035359435_1	sulP	9
GCA_035359435_1	tauB	1
GCA_035359435_1	tauD	3
GCA_035359435_1	tsdA	1
GCA_035359435_1	ttrA	2
GCA_035359435_1	tusA	1
GCA_035359435_1	tusB	1
GCA_035359435_1	tusD	1
GCA_035359435_1	xsc	1
GCA_035379745_1	asrB	1
GCA_035379745_1	betA	1
GCA_035379745_1	betB	4
GCA_035379745_1	betC	2
GCA_035379745_1	comB	1
GCA_035379745_1	comE	1
GCA_035379745_1	cuyA	1
GCA_035379745_1	cysA	5
GCA_035379745_1	cysC	14
GCA_035379745_1	cysD	2
GCA_035379745_1	cysE	5
GCA_035379745_1	cysI	1
GCA_035379745_1	cysJ	5
GCA_035379745_1	cysK	6
GCA_035379745_1	cysM	3
GCA_035379745_1	cysN	2
GCA_035379745_1	cysN_cysC	4
GCA_035379745_1	cysU	3
GCA_035379745_1	cysW	1
GCA_035379745_1	cysZ	1
GCA_035379745_1	dddP	1
GCA_035379745_1	dmdA	1
GCA_035379745_1	dmdB	3
GCA_035379745_1	dmdC	2
GCA_035379745_1	dmsA	7
GCA_035379745_1	dmsB	1
GCA_035379745_1	dmsC	1
GCA_035379745_1	dsyB	1
GCA_035379745_1	gdh	3
GCA_035379745_1	glpE	8
GCA_035379745_1	hdrA1	2
GCA_035379745_1	hydD	2
GCA_035379745_1	mdh	11
GCA_035379745_1	metA	1
GCA_035379745_1	metB	2
GCA_035379745_1	metC	4
GCA_035379745_1	metZ	3
GCA_035379745_1	nrnA	2
GCA_035379745_1	prpE	3
GCA_035379745_1	pta	10
GCA_035379745_1	sat	3
GCA_035379745_1	sbp	1
GCA_035379745_1	sgpC	1
GCA_035379745_1	shyA	2
GCA_035379745_1	sir	1
GCA_035379745_1	slcC	4
GCA_035379745_1	soxA	1
GCA_035379745_1	soxB	2
GCA_035379745_1	sqdB	1
GCA_035379745_1	sqdX	12
GCA_035379745_1	ssuA	5
GCA_035379745_1	ssuB	7
GCA_035379745_1	ssuC	2
GCA_035379745_1	ssuD	1
GCA_035379745_1	sudA	7
GCA_035379745_1	sudB	1
GCA_035379745_1	sulP	11
GCA_035379745_1	tauA	1
GCA_035379745_1	tauB	3
GCA_035379745_1	tbuC	1
GCA_035379745_1	tpa	1
GCA_035379745_1	tsdA	2
GCA_035379745_1	tusA	1
GCA_035379745_1	tusB	1
GCA_035379745_1	tusD	1
GCA_035379745_1	xsc	1
GCA_035380865_1	acuI	1
GCA_035380865_1	asrB	1
GCA_035380865_1	betA	1
GCA_035380865_1	betB	9
GCA_035380865_1	betC	7
GCA_035380865_1	comB	1
GCA_035380865_1	comE	1
GCA_035380865_1	cysA	5
GCA_035380865_1	cysC	10
GCA_035380865_1	cysD	3
GCA_035380865_1	cysE	8
GCA_035380865_1	cysH	2
GCA_035380865_1	cysJ	4
GCA_035380865_1	cysK	12
GCA_035380865_1	cysM	3
GCA_035380865_1	cysN	4
GCA_035380865_1	cysN_cysC	3
GCA_035380865_1	cysP	1
GCA_035380865_1	cysQ	1
GCA_035380865_1	cysU	3
GCA_035380865_1	dmdB	1
GCA_035380865_1	dmdC	7
GCA_035380865_1	dmsA	9
GCA_035380865_1	dmsB	3
GCA_035380865_1	dmsC	1
GCA_035380865_1	dsyB	2
GCA_035380865_1	gdh	1
GCA_035380865_1	glpE	11
GCA_035380865_1	hdrA1	2
GCA_035380865_1	hdrB2	1
GCA_035380865_1	hdrD	5
GCA_035380865_1	hpsP	4
GCA_035380865_1	hydD	2
GCA_035380865_1	iseM	1
GCA_035380865_1	isfD	1
GCA_035380865_1	mdh	10
GCA_035380865_1	metB	2
GCA_035380865_1	metC	2
GCA_035380865_1	metY	1
GCA_035380865_1	metZ	1
GCA_035380865_1	nrnA	3
GCA_035380865_1	otr	1
GCA_035380865_1	pta	7
GCA_035380865_1	sat	3
GCA_035380865_1	sbp	2
GCA_035380865_1	sir	2
GCA_035380865_1	slcC	1
GCA_035380865_1	soxA	1
GCA_035380865_1	soxB	1
GCA_035380865_1	soxC	1
GCA_035380865_1	soxX	1
GCA_035380865_1	sqdX	10
GCA_035380865_1	ssuA	9
GCA_035380865_1	ssuB	9
GCA_035380865_1	ssuC	1
GCA_035380865_1	ssuD	5
GCA_035380865_1	ssuE	2
GCA_035380865_1	sudA	9
GCA_035380865_1	sudB	1
GCA_035380865_1	sulP	5
GCA_035380865_1	tauA	1
GCA_035380865_1	tauB	3
GCA_035380865_1	tauD	3
GCA_035380865_1	toa	1
GCA_035380865_1	ttrA	1
GCA_035380865_1	ttrB	2
GCA_035380865_1	tusA	2
GCA_035380865_1	tusB	3
GCA_035380865_1	tusD	1
GCA_035380865_1	xsc	3
GCA_035380865_1	yihQ	3
GCA_035391585_1	asrB	1
GCA_035391585_1	betA	2
GCA_035391585_1	betB	1
GCA_035391585_1	comE	2
GCA_035391585_1	cuyA	1
GCA_035391585_1	cysA	2
GCA_035391585_1	cysC	7
GCA_035391585_1	cysD	1
GCA_035391585_1	cysE	3
GCA_035391585_1	cysJ	6
GCA_035391585_1	cysK	3
GCA_035391585_1	cysM	1
GCA_035391585_1	cysN	1
GCA_035391585_1	cysN_cysC	4
GCA_035391585_1	cysP	1
GCA_035391585_1	cysU	1
GCA_035391585_1	cysZ	1
GCA_035391585_1	dmdC	1
GCA_035391585_1	gdh	1
GCA_035391585_1	glpE	3
GCA_035391585_1	hpsN	1
GCA_035391585_1	isfD	1
GCA_035391585_1	mdh	7
GCA_035391585_1	metC	2
GCA_035391585_1	metZ	1
GCA_035391585_1	nrnA	1
GCA_035391585_1	pta	7
GCA_035391585_1	sat	1
GCA_035391585_1	slcC	2
GCA_035391585_1	soxA	1
GCA_035391585_1	sqdB	2
GCA_035391585_1	sqdX	3
GCA_035391585_1	ssuA	2
GCA_035391585_1	ssuD	2
GCA_035391585_1	ssuE	2
GCA_035391585_1	sudB	1
GCA_035391585_1	sulP	1
GCA_035391585_1	tauB	2
GCA_035391585_1	ttrA	1
GCA_035391585_1	ttrB	2
GCA_035484035_1	acuI	13
GCA_035484035_1	aprA	3
GCA_035484035_1	asrA	1
GCA_035484035_1	asrB	1
GCA_035484035_1	asrC	1
GCA_035484035_1	betA	5
GCA_035484035_1	betB	14
GCA_035484035_1	betC	2
GCA_035484035_1	comB	2
GCA_035484035_1	comC	1
GCA_035484035_1	cuyA	2
GCA_035484035_1	cysA	6
GCA_035484035_1	cysC	22
GCA_035484035_1	cysD	8
GCA_035484035_1	cysE	13
GCA_035484035_1	cysH	3
GCA_035484035_1	cysJ	11
GCA_035484035_1	cysK	19
GCA_035484035_1	cysM	5
GCA_035484035_1	cysN	3
GCA_035484035_1	cysN_cysC	6
GCA_035484035_1	cysP	2
GCA_035484035_1	cysQ	4
GCA_035484035_1	cysU	30
GCA_035484035_1	cysW	5
GCA_035484035_1	dmdB	3
GCA_035484035_1	dmdC	1
GCA_035484035_1	dmdD	4
GCA_035484035_1	dmsA	6
GCA_035484035_1	dmsB	1
GCA_035484035_1	dmsC	9
GCA_035484035_1	dsrA	1
GCA_035484035_1	dsrM	1
GCA_035484035_1	dsrN	1
GCA_035484035_1	dsyB	3
GCA_035484035_1	fccA	1
GCA_035484035_1	gdh	1
GCA_035484035_1	glpE	20
GCA_035484035_1	hdrA1	4
GCA_035484035_1	hdrD	3
GCA_035484035_1	hpsN	2
GCA_035484035_1	hpsO	1
GCA_035484035_1	hpsP	9
GCA_035484035_1	isfD	11
GCA_035484035_1	mccB	4
GCA_035484035_1	mdh	13
GCA_035484035_1	metB	5
GCA_035484035_1	metC	15
GCA_035484035_1	metX	1
GCA_035484035_1	metZ	6
GCA_035484035_1	nrnA	5
GCA_035484035_1	phsA	1
GCA_035484035_1	phsC	1
GCA_035484035_1	prpE	5
GCA_035484035_1	pta	9
GCA_035484035_1	sat	8
GCA_035484035_1	sbp	6
GCA_035484035_1	sgpC	1
GCA_035484035_1	sir	1
GCA_035484035_1	slcC	5
GCA_035484035_1	slcD	1
GCA_035484035_1	soxA	1
GCA_035484035_1	soxC	2
GCA_035484035_1	soxX	2
GCA_035484035_1	soxY	2
GCA_035484035_1	soxZ	1
GCA_035484035_1	sqdB	5
GCA_035484035_1	sqdX	13
GCA_035484035_1	sseA	1
GCA_035484035_1	ssuA	17
GCA_035484035_1	ssuB	19
GCA_035484035_1	ssuC	9
GCA_035484035_1	ssuD	9
GCA_035484035_1	ssuE	1
GCA_035484035_1	sudA	5
GCA_035484035_1	sulP	12
GCA_035484035_1	tauA	4
GCA_035484035_1	tauB	4
GCA_035484035_1	tauD	3
GCA_035484035_1	tmm	1
GCA_035484035_1	tpa	3
GCA_035484035_1	tsdA	2
GCA_035484035_1	ttrA	1
GCA_035484035_1	ttrB	1
GCA_035484035_1	tusA	7
GCA_035484035_1	tusB	23
GCA_035484035_1	tusD	1
GCA_035484035_1	tusE	1
GCA_035484035_1	xsc	8
GCA_035484035_1	yihQ	1
GCA_035489015_1	acuI	12
GCA_035489015_1	aprA	3
GCA_035489015_1	asrA	1
GCA_035489015_1	asrC	2
GCA_035489015_1	betA	11
GCA_035489015_1	betB	11
GCA_035489015_1	betC	10
GCA_035489015_1	comA	1
GCA_035489015_1	comB	3
GCA_035489015_1	cuyA	3
GCA_035489015_1	cysA	8
GCA_035489015_1	cysC	24
GCA_035489015_1	cysD	8
GCA_035489015_1	cysE	10
GCA_035489015_1	cysH	3
GCA_035489015_1	cysI	3
GCA_035489015_1	cysJ	13
GCA_035489015_1	cysK	31
GCA_035489015_1	cysM	10
GCA_035489015_1	cysN	6
GCA_035489015_1	cysN_cysC	5
GCA_035489015_1	cysP	3
GCA_035489015_1	cysQ	7
GCA_035489015_1	cysU	19
GCA_035489015_1	cysW	3
GCA_035489015_1	cysZ	2
GCA_035489015_1	dddP	2
GCA_035489015_1	dddW	1
GCA_035489015_1	dmdA	1
GCA_035489015_1	dmdB	18
GCA_035489015_1	dmdC	22
GCA_035489015_1	dmdD	6
GCA_035489015_1	dmoA	1
GCA_035489015_1	dmsA	32
GCA_035489015_1	dmsB	5
GCA_035489015_1	dmsC	2
GCA_035489015_1	dsrA	1
GCA_035489015_1	dsrB	1
GCA_035489015_1	dsyB	3
GCA_035489015_1	gdh	5
GCA_035489015_1	glpE	16
GCA_035489015_1	hdrA1	1
GCA_035489015_1	hdrD	3
GCA_035489015_1	hpsM	1
GCA_035489015_1	hpsN	1
GCA_035489015_1	hpsP	3
GCA_035489015_1	isfD	13
GCA_035489015_1	mccB	1
GCA_035489015_1	mddA	1
GCA_035489015_1	mdh	24
GCA_035489015_1	metA	1
GCA_035489015_1	metB	9
GCA_035489015_1	metC	21
GCA_035489015_1	metX	6
GCA_035489015_1	metZ	10
GCA_035489015_1	nrnA	3
GCA_035489015_1	phsA	1
GCA_035489015_1	prpE	2
GCA_035489015_1	pta	13
GCA_035489015_1	sat	4
GCA_035489015_1	sbp	2
GCA_035489015_1	sgpB	2
GCA_035489015_1	shyC	2
GCA_035489015_1	sir	6
GCA_035489015_1	slcC	4
GCA_035489015_1	slcD	1
GCA_035489015_1	soxB	7
GCA_035489015_1	soxC	3
GCA_035489015_1	soxD	4
GCA_035489015_1	soxY	2
GCA_035489015_1	sqdB	1
GCA_035489015_1	sqdX	11
GCA_035489015_1	sseA	1
GCA_035489015_1	ssuA	91
GCA_035489015_1	ssuB	15
GCA_035489015_1	ssuC	5
GCA_035489015_1	ssuD	6
GCA_035489015_1	ssuE	2
GCA_035489015_1	sudA	5
GCA_035489015_1	sulP	10
GCA_035489015_1	tauA	2
GCA_035489015_1	tauB	3
GCA_035489015_1	tauD	6
GCA_035489015_1	tauY	1
GCA_035489015_1	tauZ	1
GCA_035489015_1	tbuB	1
GCA_035489015_1	tmoC	3
GCA_035489015_1	toa	1
GCA_035489015_1	tpa	3
GCA_035489015_1	tsdA	3
GCA_035489015_1	tsdB	1
GCA_035489015_1	ttrA	3
GCA_035489015_1	ttrB	1
GCA_035489015_1	tusA	3
GCA_035489015_1	tusB	7
GCA_035489015_1	tusD	1
GCA_035489015_1	xsc	3
GCA_035542955_1	acuI	2
GCA_035542955_1	asrB	1
GCA_035542955_1	asrC	1
GCA_035542955_1	betA	4
GCA_035542955_1	betB	3
GCA_035542955_1	comD	1
GCA_035542955_1	comE	1
GCA_035542955_1	cysA	1
GCA_035542955_1	cysC	8
GCA_035542955_1	cysD	1
GCA_035542955_1	cysE	5
GCA_035542955_1	cysJ	3
GCA_035542955_1	cysK	7
GCA_035542955_1	cysM	5
GCA_035542955_1	cysN	5
GCA_035542955_1	cysN_cysC	3
GCA_035542955_1	cysU	3
GCA_035542955_1	dddP	1
GCA_035542955_1	dmdA	1
GCA_035542955_1	dmdB	1
GCA_035542955_1	dmdC	2
GCA_035542955_1	dmdD	1
GCA_035542955_1	dmsA	7
GCA_035542955_1	dmsB	1
GCA_035542955_1	dmsC	1
GCA_035542955_1	dsrA	1
GCA_035542955_1	dsrB	1
GCA_035542955_1	dsyB	1
GCA_035542955_1	glpE	4
GCA_035542955_1	hdrA1	2
GCA_035542955_1	hdrD	1
GCA_035542955_1	hpsO	1
GCA_035542955_1	hpsP	1
GCA_035542955_1	hydD	1
GCA_035542955_1	isfD	2
GCA_035542955_1	mddA	1
GCA_035542955_1	mdh	6
GCA_035542955_1	metA	1
GCA_035542955_1	metB	2
GCA_035542955_1	metC	3
GCA_035542955_1	metX	2
GCA_035542955_1	metZ	3
GCA_035542955_1	msmA	1
GCA_035542955_1	mtsB	1
GCA_035542955_1	nrnA	1
GCA_035542955_1	pta	4
GCA_035542955_1	sat	1
GCA_035542955_1	shyA	1
GCA_035542955_1	shyC	2
GCA_035542955_1	sir	1
GCA_035542955_1	slcC	2
GCA_035542955_1	soeA	1
GCA_035542955_1	soxA	1
GCA_035542955_1	soxC	2
GCA_035542955_1	sqdB	1
GCA_035542955_1	sqdX	7
GCA_035542955_1	sseA	2
GCA_035542955_1	ssuA	11
GCA_035542955_1	ssuB	7
GCA_035542955_1	ssuC	3
GCA_035542955_1	ssuD	3
GCA_035542955_1	ssuE	2
GCA_035542955_1	sudA	3
GCA_035542955_1	sulP	1
GCA_035542955_1	tauA	1
GCA_035542955_1	tauB	3
GCA_035542955_1	tpa	2
GCA_035542955_1	ttrA	1
GCA_035542955_1	tusA	3
GCA_035542955_1	tusB	1
GCA_036381125_1	acuI	9
GCA_036381125_1	aprA	2
GCA_036381125_1	asrA	1
GCA_036381125_1	asrB	1
GCA_036381125_1	betA	12
GCA_036381125_1	betB	16
GCA_036381125_1	betC	2
GCA_036381125_1	comB	2
GCA_036381125_1	comC	1
GCA_036381125_1	comE	1
GCA_036381125_1	cysA	10
GCA_036381125_1	cysC	21
GCA_036381125_1	cysD	5
GCA_036381125_1	cysE	8
GCA_036381125_1	cysH	2
GCA_036381125_1	cysI	5
GCA_036381125_1	cysJ	5
GCA_036381125_1	cysK	14
GCA_036381125_1	cysM	10
GCA_036381125_1	cysN	4
GCA_036381125_1	cysN_cysC	6
GCA_036381125_1	cysP	14
GCA_036381125_1	cysQ	5
GCA_036381125_1	cysU	10
GCA_036381125_1	cysW	7
GCA_036381125_1	cysZ	1
GCA_036381125_1	dddP	3
GCA_036381125_1	dmdA	1
GCA_036381125_1	dmdB	5
GCA_036381125_1	dmdC	6
GCA_036381125_1	dmdD	4
GCA_036381125_1	dmsA	23
GCA_036381125_1	dmsB	1
GCA_036381125_1	dmsC	2
GCA_036381125_1	dsrA	1
GCA_036381125_1	dsrB	1
GCA_036381125_1	dsrN	1
GCA_036381125_1	dsyB	4
GCA_036381125_1	fccB	1
GCA_036381125_1	gdh	4
GCA_036381125_1	glpE	14
GCA_036381125_1	hdrD	2
GCA_036381125_1	hpsK	2
GCA_036381125_1	hpsM	1
GCA_036381125_1	hpsN	2
GCA_036381125_1	hpsO	1
GCA_036381125_1	hpsP	6
GCA_036381125_1	iseM	2
GCA_036381125_1	isfD	6
GCA_036381125_1	mddA	1
GCA_036381125_1	mdh	11
GCA_036381125_1	metA	1
GCA_036381125_1	metB	4
GCA_036381125_1	metC	11
GCA_036381125_1	metX	1
GCA_036381125_1	metY	3
GCA_036381125_1	metZ	6
GCA_036381125_1	mtoX	1
GCA_036381125_1	nrnA	7
GCA_036381125_1	prpE	3
GCA_036381125_1	pta	11
GCA_036381125_1	qmoB	1
GCA_036381125_1	sat	2
GCA_036381125_1	sbp	1
GCA_036381125_1	sgpB	3
GCA_036381125_1	sir	5
GCA_036381125_1	slcC	8
GCA_036381125_1	slcD	2
GCA_036381125_1	sorA	1
GCA_036381125_1	soxB	5
GCA_036381125_1	soxC	6
GCA_036381125_1	soxD	1
GCA_036381125_1	soxX	4
GCA_036381125_1	soxY	4
GCA_036381125_1	sqdB	2
GCA_036381125_1	sqdX	10
GCA_036381125_1	sseA	2
GCA_036381125_1	ssuA	29
GCA_036381125_1	ssuB	23
GCA_036381125_1	ssuC	14
GCA_036381125_1	ssuD	6
GCA_036381125_1	sudA	2
GCA_036381125_1	sulP	11
GCA_036381125_1	suyA	1
GCA_036381125_1	tauA	4
GCA_036381125_1	tauB	7
GCA_036381125_1	tauC	2
GCA_036381125_1	tauD	1
GCA_036381125_1	tmoC	1
GCA_036381125_1	tpa	11
GCA_036381125_1	tsdA	5
GCA_036381125_1	ttrA	5
GCA_036381125_1	ttrB	3
GCA_036381125_1	tusA	9
GCA_036381125_1	tusB	3
GCA_036381125_1	tusD	1
GCA_036381125_1	tusE	1
GCA_036381125_1	xsc	10
GCA_036444275_1	aprA	1
GCA_036444275_1	aprB	1
GCA_036444275_1	asrA	2
GCA_036444275_1	asrC	2
GCA_036444275_1	betA	2
GCA_036444275_1	betB	1
GCA_036444275_1	comD	1
GCA_036444275_1	cysA	3
GCA_036444275_1	cysC	8
GCA_036444275_1	cysD	2
GCA_036444275_1	cysE	1
GCA_036444275_1	cysI	1
GCA_036444275_1	cysJ	1
GCA_036444275_1	cysK	2
GCA_036444275_1	cysM	2
GCA_036444275_1	cysN_cysC	1
GCA_036444275_1	cysU	2
GCA_036444275_1	dddP	1
GCA_036444275_1	dmsA	2
GCA_036444275_1	dsrN	1
GCA_036444275_1	fsr	4
GCA_036444275_1	glpE	3
GCA_036444275_1	hdrA1	3
GCA_036444275_1	hdrA2	5
GCA_036444275_1	hdrB1	1
GCA_036444275_1	hdrC2	1
GCA_036444275_1	hdrD	1
GCA_036444275_1	hpsP	2
GCA_036444275_1	mdh	11
GCA_036444275_1	metB	1
GCA_036444275_1	metC	1
GCA_036444275_1	metX	1
GCA_036444275_1	metZ	2
GCA_036444275_1	mtsA	3
GCA_036444275_1	mtsB	3
GCA_036444275_1	nrnA	5
GCA_036444275_1	pta	5
GCA_036444275_1	sat	5
GCA_036444275_1	sbp	3
GCA_036444275_1	shyC	1
GCA_036444275_1	sorB	1
GCA_036444275_1	sqdB	2
GCA_036444275_1	sqdX	3
GCA_036444275_1	ssuA	1
GCA_036444275_1	ssuB	3
GCA_036444275_1	ssuE	1
GCA_036444275_1	sudA	2
GCA_036444275_1	sulP	1
GCA_036444275_1	tauA	1
GCA_036444275_1	toa	1
GCA_036444275_1	ttrA	1
GCA_036444275_1	ttrB	2
GCA_036444275_1	tusA	2
GCA_036477985_1	acuI	6
GCA_036477985_1	aprA	6
GCA_036477985_1	asrA	2
GCA_036477985_1	betA	3
GCA_036477985_1	betB	8
GCA_036477985_1	comB	1
GCA_036477985_1	comC	2
GCA_036477985_1	cuyA	1
GCA_036477985_1	cysA	4
GCA_036477985_1	cysC	15
GCA_036477985_1	cysD	3
GCA_036477985_1	cysE	5
GCA_036477985_1	cysI	1
GCA_036477985_1	cysJ	6
GCA_036477985_1	cysK	9
GCA_036477985_1	cysM	9
GCA_036477985_1	cysN	6
GCA_036477985_1	cysN_cysC	7
GCA_036477985_1	cysP	3
GCA_036477985_1	cysQ	1
GCA_036477985_1	cysU	7
GCA_036477985_1	cysW	1
GCA_036477985_1	dddP	8
GCA_036477985_1	dddW	1
GCA_036477985_1	ddhC	1
GCA_036477985_1	dmdA	1
GCA_036477985_1	dmdB	6
GCA_036477985_1	dmdC	19
GCA_036477985_1	dmdD	5
GCA_036477985_1	dmsA	10
GCA_036477985_1	dmsC	2
GCA_036477985_1	dsrA	1
GCA_036477985_1	dsrB	2
GCA_036477985_1	dsrN	2
GCA_036477985_1	dsyB	1
GCA_036477985_1	gdh	3
GCA_036477985_1	glpE	9
GCA_036477985_1	hdrA1	1
GCA_036477985_1	hdrD	2
GCA_036477985_1	hpsM	1
GCA_036477985_1	hpsN	1
GCA_036477985_1	hpsP	14
GCA_036477985_1	iseK	1
GCA_036477985_1	iseM	1
GCA_036477985_1	isfD	5
GCA_036477985_1	mccB	1
GCA_036477985_1	mdh	15
GCA_036477985_1	metB	2
GCA_036477985_1	metC	4
GCA_036477985_1	metX	3
GCA_036477985_1	metY	2
GCA_036477985_1	metZ	2
GCA_036477985_1	nrnA	1
GCA_036477985_1	phsA	1
GCA_036477985_1	prpE	3
GCA_036477985_1	pta	3
GCA_036477985_1	sat	5
GCA_036477985_1	sfnG	2
GCA_036477985_1	sgpB	1
GCA_036477985_1	sgpC	1
GCA_036477985_1	shyC	2
GCA_036477985_1	sir	2
GCA_036477985_1	slcC	9
GCA_036477985_1	soeA	1
GCA_036477985_1	soxB	2
GCA_036477985_1	soxC	4
GCA_036477985_1	soxX	2
GCA_036477985_1	soxZ	1
GCA_036477985_1	sqdB	1
GCA_036477985_1	sqdX	15
GCA_036477985_1	sseA	3
GCA_036477985_1	ssuA	12
GCA_036477985_1	ssuB	10
GCA_036477985_1	ssuC	5
GCA_036477985_1	ssuD	9
GCA_036477985_1	ssuE	3
GCA_036477985_1	sudA	7
GCA_036477985_1	sulP	5
GCA_036477985_1	suyA	7
GCA_036477985_1	suyB	1
GCA_036477985_1	tauB	3
GCA_036477985_1	tauC	3
GCA_036477985_1	tbuB	1
GCA_036477985_1	tpa	5
GCA_036477985_1	tsdA	2
GCA_036477985_1	ttrA	2
GCA_036477985_1	ttrB	2
GCA_036477985_1	tusA	3
GCA_036477985_1	tusB	1
GCA_036477985_1	tusD	1
GCA_036477985_1	xsc	11
GCA_036480675_1	acuI	1
GCA_036480675_1	asrA	1
GCA_036480675_1	asrB	2
GCA_036480675_1	asrC	2
GCA_036480675_1	betA	3
GCA_036480675_1	betB	4
GCA_036480675_1	betC	14
GCA_036480675_1	comB	2
GCA_036480675_1	comE	4
GCA_036480675_1	cuyA	1
GCA_036480675_1	cysA	4
GCA_036480675_1	cysC	12
GCA_036480675_1	cysD	2
GCA_036480675_1	cysE	2
GCA_036480675_1	cysJ	5
GCA_036480675_1	cysK	7
GCA_036480675_1	cysM	3
GCA_036480675_1	cysN	1
GCA_036480675_1	cysN_cysC	3
GCA_036480675_1	cysU	3
GCA_036480675_1	cysZ	1
GCA_036480675_1	dddP	1
GCA_036480675_1	dmdA	1
GCA_036480675_1	dmdB	1
GCA_036480675_1	dmdC	4
GCA_036480675_1	dmsA	2
GCA_036480675_1	dmsC	1
GCA_036480675_1	dsrA	2
GCA_036480675_1	dsrB	1
GCA_036480675_1	gdh	2
GCA_036480675_1	glpE	4
GCA_036480675_1	hdrA1	4
GCA_036480675_1	hdrA2	4
GCA_036480675_1	hdrB1	3
GCA_036480675_1	hdrB2	2
GCA_036480675_1	hdrC2	4
GCA_036480675_1	hdrD	4
GCA_036480675_1	hpsP	1
GCA_036480675_1	isfD	1
GCA_036480675_1	mccB	1
GCA_036480675_1	mdh	10
GCA_036480675_1	metA	1
GCA_036480675_1	metB	1
GCA_036480675_1	metC	3
GCA_036480675_1	metY	1
GCA_036480675_1	metZ	3
GCA_036480675_1	nrnA	2
GCA_036480675_1	phsA	2
GCA_036480675_1	pta	11
GCA_036480675_1	sat	3
GCA_036480675_1	shyC	2
GCA_036480675_1	sir	2
GCA_036480675_1	soxB	2
GCA_036480675_1	sqdX	12
GCA_036480675_1	ssuA	4
GCA_036480675_1	ssuB	3
GCA_036480675_1	ssuC	3
GCA_036480675_1	ssuD	2
GCA_036480675_1	ssuE	1
GCA_036480675_1	sudA	4
GCA_036480675_1	sudB	1
GCA_036480675_1	sulP	1
GCA_036480675_1	tauB	3
GCA_036480675_1	ttrA	1
GCA_036480675_1	ttrB	3
GCA_036480675_1	tusA	1
GCA_036480675_1	tusB	1
GCA_036480675_1	tusD	1
GCA_036480675_1	xsc	1
GCA_036562265_1	acuI	5
GCA_036562265_1	aprA	3
GCA_036562265_1	asrA	1
GCA_036562265_1	asrB	1
GCA_036562265_1	betA	8
GCA_036562265_1	betB	14
GCA_036562265_1	betC	2
GCA_036562265_1	comB	2
GCA_036562265_1	comC	2
GCA_036562265_1	comD	1
GCA_036562265_1	comE	1
GCA_036562265_1	cuyA	2
GCA_036562265_1	cysA	3
GCA_036562265_1	cysC	15
GCA_036562265_1	cysD	1
GCA_036562265_1	cysE	4
GCA_036562265_1	cysH	1
GCA_036562265_1	cysI	2
GCA_036562265_1	cysJ	4
GCA_036562265_1	cysK	10
GCA_036562265_1	cysM	12
GCA_036562265_1	cysN	3
GCA_036562265_1	cysN_cysC	7
GCA_036562265_1	cysP	16
GCA_036562265_1	cysQ	4
GCA_036562265_1	cysU	9
GCA_036562265_1	cysW	6
GCA_036562265_1	cysZ	2
GCA_036562265_1	dddP	4
GCA_036562265_1	dmdA	1
GCA_036562265_1	dmdB	3
GCA_036562265_1	dmdC	8
GCA_036562265_1	dmdD	3
GCA_036562265_1	dmsA	20
GCA_036562265_1	dmsB	1
GCA_036562265_1	dmsC	1
GCA_036562265_1	dsrA	1
GCA_036562265_1	dsrB	1
GCA_036562265_1	dsrN	1
GCA_036562265_1	dsyB	4
GCA_036562265_1	gdh	2
GCA_036562265_1	glpE	12
GCA_036562265_1	hdrD	2
GCA_036562265_1	hpsK	3
GCA_036562265_1	hpsM	1
GCA_036562265_1	hpsN	2
GCA_036562265_1	hpsP	5
GCA_036562265_1	iseM	3
GCA_036562265_1	isfD	4
GCA_036562265_1	mccB	1
GCA_036562265_1	mddA	1
GCA_036562265_1	mdh	13
GCA_036562265_1	metA	1
GCA_036562265_1	metB	2
GCA_036562265_1	metC	9
GCA_036562265_1	metX	1
GCA_036562265_1	metY	3
GCA_036562265_1	metZ	5
GCA_036562265_1	nrnA	5
GCA_036562265_1	prpE	1
GCA_036562265_1	psrA	1
GCA_036562265_1	psrC	1
GCA_036562265_1	pta	9
GCA_036562265_1	sat	3
GCA_036562265_1	sgpB	2
GCA_036562265_1	sir	3
GCA_036562265_1	slcC	5
GCA_036562265_1	soxB	4
GCA_036562265_1	soxC	4
GCA_036562265_1	soxD	1
GCA_036562265_1	soxX	6
GCA_036562265_1	soxY	3
GCA_036562265_1	sqdB	3
GCA_036562265_1	sqdX	12
GCA_036562265_1	sseA	1
GCA_036562265_1	ssuA	24
GCA_036562265_1	ssuB	17
GCA_036562265_1	ssuC	10
GCA_036562265_1	ssuD	6
GCA_036562265_1	sudA	1
GCA_036562265_1	sulP	6
GCA_036562265_1	tauA	3
GCA_036562265_1	tauB	4
GCA_036562265_1	tauC	2
GCA_036562265_1	tpa	10
GCA_036562265_1	tsdA	3
GCA_036562265_1	ttrA	3
GCA_036562265_1	ttrB	4
GCA_036562265_1	tusA	6
GCA_036562265_1	tusB	2
GCA_036562265_1	tusD	1
GCA_036562265_1	tusE	1
GCA_036562265_1	xsc	7
GCA_036781525_1	aprA	1
GCA_036781525_1	aprB	1
GCA_036781525_1	asrA	1
GCA_036781525_1	asrC	1
GCA_036781525_1	betA	2
GCA_036781525_1	betB	4
GCA_036781525_1	cuyA	1
GCA_036781525_1	cysA	2
GCA_036781525_1	cysC	12
GCA_036781525_1	cysD	1
GCA_036781525_1	cysE	5
GCA_036781525_1	cysH	1
GCA_036781525_1	cysI	2
GCA_036781525_1	cysJ	4
GCA_036781525_1	cysK	9
GCA_036781525_1	cysM	3
GCA_036781525_1	cysN	4
GCA_036781525_1	cysN_cysC	5
GCA_036781525_1	cysQ	2
GCA_036781525_1	cysU	3
GCA_036781525_1	cysW	1
GCA_036781525_1	dddP	1
GCA_036781525_1	dmdC	1
GCA_036781525_1	dmsA	5
GCA_036781525_1	dmsB	5
GCA_036781525_1	dmsC	1
GCA_036781525_1	dsrA	2
GCA_036781525_1	dsrB	3
GCA_036781525_1	dsrC	1
GCA_036781525_1	dsrK	5
GCA_036781525_1	dsrM	2
GCA_036781525_1	dsrN	1
GCA_036781525_1	dsrT	1
GCA_036781525_1	fccB	1
GCA_036781525_1	fsr	1
GCA_036781525_1	glpE	4
GCA_036781525_1	hpsN	1
GCA_036781525_1	hydD	1
GCA_036781525_1	mdh	8
GCA_036781525_1	metB	2
GCA_036781525_1	metC	5
GCA_036781525_1	metX	3
GCA_036781525_1	metY	1
GCA_036781525_1	metZ	2
GCA_036781525_1	otr	1
GCA_036781525_1	phsA	1
GCA_036781525_1	phsC	1
GCA_036781525_1	prpE	3
GCA_036781525_1	pta	3
GCA_036781525_1	qmoA	1
GCA_036781525_1	qmoB	1
GCA_036781525_1	qmoC	1
GCA_036781525_1	sat	3
GCA_036781525_1	sbp	1
GCA_036781525_1	shyA	1
GCA_036781525_1	sir	1
GCA_036781525_1	soxX	1
GCA_036781525_1	sqdX	5
GCA_036781525_1	ssuA	5
GCA_036781525_1	ssuB	6
GCA_036781525_1	ssuC	1
GCA_036781525_1	ssuD	2
GCA_036781525_1	ssuE	1
GCA_036781525_1	sudA	1
GCA_036781525_1	sudB	1
GCA_036781525_1	sulP	1
GCA_036781525_1	tauB	3
GCA_036781525_1	tauD	3
GCA_036781525_1	tpa	1
GCA_036781525_1	tsdA	1
GCA_036781525_1	ttrB	3
GCA_036781525_1	ttrC	1
GCA_036781525_1	tusA	1
GCA_036781525_1	tusB	1
GCA_036781525_1	tusD	1
GCA_036781525_1	xsc	1
GCA_036824335_1	asrC	3
GCA_036824335_1	betA	3
GCA_036824335_1	betB	3
GCA_036824335_1	comB	2
GCA_036824335_1	comE	1
GCA_036824335_1	cuyA	1
GCA_036824335_1	cysA	3
GCA_036824335_1	cysC	11
GCA_036824335_1	cysD	2
GCA_036824335_1	cysE	8
GCA_036824335_1	cysI	1
GCA_036824335_1	cysJ	9
GCA_036824335_1	cysK	8
GCA_036824335_1	cysM	5
GCA_036824335_1	cysN	4
GCA_036824335_1	cysN_cysC	6
GCA_036824335_1	cysP	1
GCA_036824335_1	cysQ	1
GCA_036824335_1	cysU	3
GCA_036824335_1	cysZ	1
GCA_036824335_1	dddP	1
GCA_036824335_1	dmdA	1
GCA_036824335_1	dmdC	1
GCA_036824335_1	dmsA	4
GCA_036824335_1	dmsC	1
GCA_036824335_1	dsrA	2
GCA_036824335_1	gdh	3
GCA_036824335_1	glpE	6
GCA_036824335_1	hydB	1
GCA_036824335_1	isfD	1
GCA_036824335_1	mccB	1
GCA_036824335_1	mdh	8
GCA_036824335_1	metB	1
GCA_036824335_1	metC	5
GCA_036824335_1	metZ	3
GCA_036824335_1	nrnA	2
GCA_036824335_1	pta	8
GCA_036824335_1	sat	3
GCA_036824335_1	sbp	3
GCA_036824335_1	sgpB	1
GCA_036824335_1	shyC	1
GCA_036824335_1	sir	1
GCA_036824335_1	slcC	1
GCA_036824335_1	soxB	2
GCA_036824335_1	soxC	1
GCA_036824335_1	sqdX	9
GCA_036824335_1	ssuA	8
GCA_036824335_1	ssuB	6
GCA_036824335_1	ssuC	4
GCA_036824335_1	ssuD	5
GCA_036824335_1	sudA	2
GCA_036824335_1	sudB	1
GCA_036824335_1	sulP	4
GCA_036824335_1	tauA	1
GCA_036824335_1	tauB	2
GCA_036824335_1	tauD	2
GCA_036824335_1	tpa	1
GCA_036824335_1	tsdA	1
GCA_036824335_1	ttrA	1
GCA_036824335_1	tusA	3
GCA_036824335_1	tusD	2
GCA_036845625_1	aprA	1
GCA_036845625_1	aprB	1
GCA_036845625_1	asrA	1
GCA_036845625_1	asrB	3
GCA_036845625_1	asrC	1
GCA_036845625_1	betA	3
GCA_036845625_1	betB	1
GCA_036845625_1	comB	1
GCA_036845625_1	cuyA	1
GCA_036845625_1	cysA	5
GCA_036845625_1	cysC	16
GCA_036845625_1	cysD	5
GCA_036845625_1	cysE	2
GCA_036845625_1	cysH	3
GCA_036845625_1	cysJ	6
GCA_036845625_1	cysK	7
GCA_036845625_1	cysM	7
GCA_036845625_1	cysN	3
GCA_036845625_1	cysN_cysC	6
GCA_036845625_1	cysP	1
GCA_036845625_1	cysQ	3
GCA_036845625_1	cysU	6
GCA_036845625_1	cysW	4
GCA_036845625_1	cysZ	1
GCA_036845625_1	dddP	1
GCA_036845625_1	dmdB	1
GCA_036845625_1	dmdC	2
GCA_036845625_1	dmsA	11
GCA_036845625_1	dmsB	4
GCA_036845625_1	dmsC	1
GCA_036845625_1	dsrA	2
GCA_036845625_1	dsrB	1
GCA_036845625_1	dsrK	2
GCA_036845625_1	dsrM	1
GCA_036845625_1	dsrN	3
GCA_036845625_1	dsrT	1
GCA_036845625_1	gdh	1
GCA_036845625_1	glpE	9
GCA_036845625_1	hdrA1	1
GCA_036845625_1	hdrA2	2
GCA_036845625_1	hdrB1	1
GCA_036845625_1	hdrC2	1
GCA_036845625_1	hdrD	2
GCA_036845625_1	hpsM	1
GCA_036845625_1	hpsN	1
GCA_036845625_1	hpsP	2
GCA_036845625_1	hydB	1
GCA_036845625_1	hydD	1
GCA_036845625_1	isfD	1
GCA_036845625_1	mccB	1
GCA_036845625_1	mdh	15
GCA_036845625_1	metC	7
GCA_036845625_1	metX	2
GCA_036845625_1	metZ	2
GCA_036845625_1	nrnA	3
GCA_036845625_1	phsA	2
GCA_036845625_1	phsC	1
GCA_036845625_1	prpE	3
GCA_036845625_1	pta	6
GCA_036845625_1	qmoA	1
GCA_036845625_1	qmoB	1
GCA_036845625_1	qmoC	1
GCA_036845625_1	sat	4
GCA_036845625_1	sbp	2
GCA_036845625_1	shyA	3
GCA_036845625_1	shyD	3
GCA_036845625_1	sir	1
GCA_036845625_1	slcC	1
GCA_036845625_1	slcD	1
GCA_036845625_1	sorB	1
GCA_036845625_1	soxX	1
GCA_036845625_1	sqdB	1
GCA_036845625_1	sqdX	5
GCA_036845625_1	ssuA	13
GCA_036845625_1	ssuB	8
GCA_036845625_1	ssuC	2
GCA_036845625_1	ssuD	1
GCA_036845625_1	sudA	2
GCA_036845625_1	sudB	1
GCA_036845625_1	sulP	8
GCA_036845625_1	tauA	2
GCA_036845625_1	tauB	3
GCA_036845625_1	tauD	3
GCA_036845625_1	tpa	2
GCA_036845625_1	tsdA	1
GCA_036845625_1	ttrA	2
GCA_036845625_1	ttrB	4
GCA_036845625_1	tusA	5
GCA_036845625_1	tusB	1
GCA_036845625_1	tusD	1
GCA_036845625_1	tusE	2
GCA_036845625_1	xsc	2
GCA_037439705_1	acuI	1
GCA_037439705_1	aprB	1
GCA_037439705_1	asrA	1
GCA_037439705_1	betA	4
GCA_037439705_1	betB	6
GCA_037439705_1	comB	1
GCA_037439705_1	comE	1
GCA_037439705_1	cuyA	1
GCA_037439705_1	cysA	5
GCA_037439705_1	cysC	13
GCA_037439705_1	cysD	1
GCA_037439705_1	cysE	5
GCA_037439705_1	cysH	3
GCA_037439705_1	cysJ	6
GCA_037439705_1	cysK	5
GCA_037439705_1	cysM	4
GCA_037439705_1	cysN	2
GCA_037439705_1	cysN_cysC	4
GCA_037439705_1	cysP	2
GCA_037439705_1	cysU	2
GCA_037439705_1	dddP	1
GCA_037439705_1	dmdA	1
GCA_037439705_1	dmdB	4
GCA_037439705_1	dmdC	14
GCA_037439705_1	dmsA	2
GCA_037439705_1	dmsC	1
GCA_037439705_1	gdh	2
GCA_037439705_1	glpE	9
GCA_037439705_1	hdrA1	2
GCA_037439705_1	hdrA2	1
GCA_037439705_1	hdrD	8
GCA_037439705_1	hpsN	1
GCA_037439705_1	hpsP	2
GCA_037439705_1	hydD	1
GCA_037439705_1	isfD	1
GCA_037439705_1	mdh	8
GCA_037439705_1	metB	1
GCA_037439705_1	metC	2
GCA_037439705_1	metX	3
GCA_037439705_1	metZ	2
GCA_037439705_1	nrnA	1
GCA_037439705_1	phsC	1
GCA_037439705_1	prpE	1
GCA_037439705_1	psrC	1
GCA_037439705_1	pta	5
GCA_037439705_1	qmoA	1
GCA_037439705_1	qmoC	1
GCA_037439705_1	sat	4
GCA_037439705_1	sbp	1
GCA_037439705_1	shyA	1
GCA_037439705_1	sir	3
GCA_037439705_1	slcC	2
GCA_037439705_1	soeA	1
GCA_037439705_1	soxB	1
GCA_037439705_1	sqdX	9
GCA_037439705_1	ssuA	6
GCA_037439705_1	ssuB	8
GCA_037439705_1	ssuC	2
GCA_037439705_1	ssuD	4
GCA_037439705_1	sudA	3
GCA_037439705_1	sudB	3
GCA_037439705_1	sulP	1
GCA_037439705_1	tauA	1
GCA_037439705_1	tauB	3
GCA_037439705_1	tpa	2
GCA_037439705_1	tsdA	1
GCA_037439705_1	ttrB	4
GCA_037439705_1	tusB	2
GCA_037439705_1	tusD	1
GCA_037439705_1	xsc	3
GCA_037442825_1	asrC	1
GCA_037442825_1	betA	2
GCA_037442825_1	betB	2
GCA_037442825_1	cuyA	1
GCA_037442825_1	cysA	3
GCA_037442825_1	cysC	10
GCA_037442825_1	cysD	2
GCA_037442825_1	cysE	2
GCA_037442825_1	cysH	3
GCA_037442825_1	cysI	3
GCA_037442825_1	cysJ	3
GCA_037442825_1	cysK	4
GCA_037442825_1	cysM	5
GCA_037442825_1	cysN	2
GCA_037442825_1	cysN_cysC	3
GCA_037442825_1	cysP	1
GCA_037442825_1	ddhA	1
GCA_037442825_1	ddhC	1
GCA_037442825_1	dmsA	2
GCA_037442825_1	dsrA	1
GCA_037442825_1	fccA	1
GCA_037442825_1	fccB	2
GCA_037442825_1	glpE	6
GCA_037442825_1	hdrB2	1
GCA_037442825_1	hdrD	1
GCA_037442825_1	hpsN	1
GCA_037442825_1	hpsO	1
GCA_037442825_1	hydA	1
GCA_037442825_1	mccB	1
GCA_037442825_1	mdh	12
GCA_037442825_1	metC	4
GCA_037442825_1	metY	1
GCA_037442825_1	metZ	2
GCA_037442825_1	nrnA	2
GCA_037442825_1	prpE	1
GCA_037442825_1	pta	3
GCA_037442825_1	sat	2
GCA_037442825_1	shyD	1
GCA_037442825_1	sir	3
GCA_037442825_1	slcC	1
GCA_037442825_1	sorA	2
GCA_037442825_1	soxA	1
GCA_037442825_1	soxB	1
GCA_037442825_1	soxC	1
GCA_037442825_1	soxX	1
GCA_037442825_1	soxY	1
GCA_037442825_1	soxZ	1
GCA_037442825_1	sqdX	4
GCA_037442825_1	sqr	2
GCA_037442825_1	sseA	1
GCA_037442825_1	ssuA	6
GCA_037442825_1	ssuB	4
GCA_037442825_1	ssuC	1
GCA_037442825_1	ssuD	2
GCA_037442825_1	sudA	1
GCA_037442825_1	sudB	1
GCA_037442825_1	sulP	1
GCA_037442825_1	tauB	3
GCA_037442825_1	tauZ	1
GCA_037442825_1	tpa	2
GCA_037442825_1	tsdA	2
GCA_037442825_1	ttrB	2
GCA_037442825_1	tusA	2
GCA_037442825_1	tusB	2
GCA_037442825_1	tusD	1
GCA_037442825_1	xsc	1
GCA_038061795_1	asrB	1
GCA_038061795_1	betA	1
GCA_038061795_1	cysA	7
GCA_038061795_1	cysC	1
GCA_038061795_1	cysD	1
GCA_038061795_1	cysE	1
GCA_038061795_1	cysI	1
GCA_038061795_1	cysJ	1
GCA_038061795_1	cysK	1
GCA_038061795_1	cysM	1
GCA_038061795_1	cysN	2
GCA_038061795_1	cysN_cysC	1
GCA_038061795_1	cysP	1
GCA_038061795_1	dmsC	1
GCA_038061795_1	fccB	1
GCA_038061795_1	glpE	1
GCA_038061795_1	isfD	1
GCA_038061795_1	mdh	3
GCA_038061795_1	metC	1
GCA_038061795_1	soxZ	1
GCA_038061795_1	sqdX	4
GCA_038061795_1	sqr	1
GCA_038061795_1	ssuA	1
GCA_038061795_1	ssuB	3
GCA_038061795_1	ssuC	2
GCA_038061795_1	sulP	1
GCA_038061795_1	tauA	1
GCA_038061795_1	tauB	2
GCA_038061795_1	ttrA	1
GCA_038061795_1	tusD	1
GCA_038108555_1	acuI	1
GCA_038108555_1	asrA	1
GCA_038108555_1	asrB	1
GCA_038108555_1	asrC	1
GCA_038108555_1	betA	4
GCA_038108555_1	betB	7
GCA_038108555_1	comD	1
GCA_038108555_1	comE	3
GCA_038108555_1	cuyA	1
GCA_038108555_1	cysA	7
GCA_038108555_1	cysC	11
GCA_038108555_1	cysD	3
GCA_038108555_1	cysE	6
GCA_038108555_1	cysH	2
GCA_038108555_1	cysI	1
GCA_038108555_1	cysJ	5
GCA_038108555_1	cysK	20
GCA_038108555_1	cysM	4
GCA_038108555_1	cysN	1
GCA_038108555_1	cysN_cysC	5
GCA_038108555_1	cysU	2
GCA_038108555_1	cysW	1
GCA_038108555_1	cysZ	1
GCA_038108555_1	ddhA	1
GCA_038108555_1	ddhC	3
GCA_038108555_1	dmdA	2
GCA_038108555_1	dmdB	1
GCA_038108555_1	dmdC	1
GCA_038108555_1	dmsA	6
GCA_038108555_1	dmsB	2
GCA_038108555_1	dmsC	2
GCA_038108555_1	dsrA	1
GCA_038108555_1	dsrN	1
GCA_038108555_1	dsyB	2
GCA_038108555_1	gdh	5
GCA_038108555_1	glpE	14
GCA_038108555_1	hdrB2	1
GCA_038108555_1	hpsN	1
GCA_038108555_1	hpsP	2
GCA_038108555_1	hydD	1
GCA_038108555_1	mdh	11
GCA_038108555_1	metA	1
GCA_038108555_1	metB	3
GCA_038108555_1	metC	5
GCA_038108555_1	metX	2
GCA_038108555_1	metY	1
GCA_038108555_1	metZ	1
GCA_038108555_1	nrnA	4
GCA_038108555_1	phsA	1
GCA_038108555_1	prpE	1
GCA_038108555_1	pta	4
GCA_038108555_1	sat	5
GCA_038108555_1	sgpC	1
GCA_038108555_1	shyA	1
GCA_038108555_1	shyC	1
GCA_038108555_1	sir	3
GCA_038108555_1	slcC	4
GCA_038108555_1	sorA	2
GCA_038108555_1	sorB	1
GCA_038108555_1	soxB	1
GCA_038108555_1	soxC	3
GCA_038108555_1	soxX	6
GCA_038108555_1	sqdB	2
GCA_038108555_1	sqdX	15
GCA_038108555_1	sseA	1
GCA_038108555_1	ssuA	10
GCA_038108555_1	ssuB	7
GCA_038108555_1	ssuC	1
GCA_038108555_1	ssuD	3
GCA_038108555_1	ssuE	2
GCA_038108555_1	sudA	4
GCA_038108555_1	sudB	1
GCA_038108555_1	sulP	8
GCA_038108555_1	tauA	3
GCA_038108555_1	tauB	1
GCA_038108555_1	tbuB	1
GCA_038108555_1	tbuC	1
GCA_038108555_1	tpa	3
GCA_038108555_1	tsdA	1
GCA_038108555_1	ttrA	1
GCA_038108555_1	tusA	1
GCA_038108555_1	tusB	1
GCA_038108555_1	xsc	1
GCA_038825355_1	asrC	1
GCA_038825355_1	betA	4
GCA_038825355_1	comB	1
GCA_038825355_1	cysA	7
GCA_038825355_1	cysC	7
GCA_038825355_1	cysE	4
GCA_038825355_1	cysI	1
GCA_038825355_1	cysJ	1
GCA_038825355_1	cysK	6
GCA_038825355_1	cysM	1
GCA_038825355_1	cysQ	1
GCA_038825355_1	cysU	7
GCA_038825355_1	dddP	3
GCA_038825355_1	dmdA	1
GCA_038825355_1	dmsA	3
GCA_038825355_1	dmsB	1
GCA_038825355_1	dsyB	1
GCA_038825355_1	gdh	1
GCA_038825355_1	glpE	4
GCA_038825355_1	hpsN	2
GCA_038825355_1	hpsP	6
GCA_038825355_1	hydA	1
GCA_038825355_1	isfD	1
GCA_038825355_1	mccB	1
GCA_038825355_1	mdh	9
GCA_038825355_1	metB	1
GCA_038825355_1	metC	1
GCA_038825355_1	metX	1
GCA_038825355_1	metZ	1
GCA_038825355_1	mtsA	1
GCA_038825355_1	mtsB	5
GCA_038825355_1	nrnA	1
GCA_038825355_1	prpE	2
GCA_038825355_1	pta	7
GCA_038825355_1	sat	1
GCA_038825355_1	sfnG	1
GCA_038825355_1	shyC	3
GCA_038825355_1	shyD	1
GCA_038825355_1	sir	1
GCA_038825355_1	slcC	8
GCA_038825355_1	ssuB	3
GCA_038825355_1	ssuD	3
GCA_038825355_1	ssuE	1
GCA_038825355_1	sudA	3
GCA_038825355_1	sulP	1
GCA_038825355_1	suyB	2
GCA_038825355_1	tauB	1
GCA_038825355_1	tauD	1
GCA_038825355_1	tpa	1
GCA_038825355_1	ttrA	2
GCA_038825355_1	tusA	2
GCA_038825355_1	tusD	1
GCA_038825355_1	xsc	3
GCA_038890115_1	cysC	2
GCA_038890115_1	cysE	1
GCA_038890115_1	cysI	1
GCA_038890115_1	cysM	2
GCA_038890115_1	glpE	2
GCA_038890115_1	mdh	3
GCA_038890115_1	metC	1
GCA_038890115_1	pta	1
GCA_038890115_1	sat	1
GCA_038890115_1	shyC	1
GCA_038890115_1	sir	1
GCA_038890115_1	sqdX	4
GCA_038890115_1	ssuE	1
GCA_038890115_1	sudA	1
GCA_038890115_1	ttrA	1
GCA_038999215_1	betA	1
GCA_038999215_1	cysA	2
GCA_038999215_1	cysC	1
GCA_038999215_1	cysE	2
GCA_038999215_1	cysI	1
GCA_038999215_1	cysK	1
GCA_038999215_1	cysN	1
GCA_038999215_1	cysQ	1
GCA_038999215_1	dsyB	1
GCA_038999215_1	gdh	1
GCA_038999215_1	glpE	1
GCA_038999215_1	mdh	2
GCA_038999215_1	metX	1
GCA_038999215_1	metY	1
GCA_038999215_1	nrnA	1
GCA_038999215_1	pta	3
GCA_038999215_1	shyC	1
GCA_038999215_1	sqdB	1
GCA_038999215_1	sulP	1
GCA_039196345_1	acuI	3
GCA_039196345_1	aprA	1
GCA_039196345_1	asrA	3
GCA_039196345_1	asrC	1
GCA_039196345_1	betA	9
GCA_039196345_1	betB	18
GCA_039196345_1	betC	7
GCA_039196345_1	comA	1
GCA_039196345_1	comB	2
GCA_039196345_1	comC	2
GCA_039196345_1	comD	2
GCA_039196345_1	comE	2
GCA_039196345_1	cuyA	2
GCA_039196345_1	cysA	6
GCA_039196345_1	cysC	22
GCA_039196345_1	cysD	5
GCA_039196345_1	cysE	7
GCA_039196345_1	cysH	5
GCA_039196345_1	cysI	1
GCA_039196345_1	cysJ	10
GCA_039196345_1	cysK	19
GCA_039196345_1	cysM	7
GCA_039196345_1	cysN	7
GCA_039196345_1	cysN_cysC	10
GCA_039196345_1	cysP	5
GCA_039196345_1	cysQ	6
GCA_039196345_1	cysU	9
GCA_039196345_1	cysW	1
GCA_039196345_1	dddP	3
GCA_039196345_1	dddT	2
GCA_039196345_1	dmdA	3
GCA_039196345_1	dmdB	8
GCA_039196345_1	dmdC	8
GCA_039196345_1	dmdD	2
GCA_039196345_1	dmoA	2
GCA_039196345_1	dmsA	6
GCA_039196345_1	dmsB	1
GCA_039196345_1	dmsC	5
GCA_039196345_1	dsrA	1
GCA_039196345_1	dsrB	1
GCA_039196345_1	dsrN	1
GCA_039196345_1	dsyB	2
GCA_039196345_1	fccB	1
GCA_039196345_1	fsr	1
GCA_039196345_1	gdh	1
GCA_039196345_1	glpE	5
GCA_039196345_1	hdrD	1
GCA_039196345_1	hpsK	3
GCA_039196345_1	hpsL	1
GCA_039196345_1	hpsM	2
GCA_039196345_1	hpsN	2
GCA_039196345_1	hpsO	1
GCA_039196345_1	hpsP	5
GCA_039196345_1	iseK	2
GCA_039196345_1	iseL	1
GCA_039196345_1	iseM	14
GCA_039196345_1	isfD	2
GCA_039196345_1	mccB	1
GCA_039196345_1	mdh	24
GCA_039196345_1	metA	3
GCA_039196345_1	metB	4
GCA_039196345_1	metC	16
GCA_039196345_1	metX	1
GCA_039196345_1	metZ	14
GCA_039196345_1	msmA	2
GCA_039196345_1	mtsB	1
GCA_039196345_1	nrnA	3
GCA_039196345_1	prpE	14
GCA_039196345_1	pta	13
GCA_039196345_1	qmoA	1
GCA_039196345_1	qmoB	1
GCA_039196345_1	sat	5
GCA_039196345_1	sbp	1
GCA_039196345_1	sgpC	1
GCA_039196345_1	shyC	1
GCA_039196345_1	sir	4
GCA_039196345_1	slcC	2
GCA_039196345_1	slcD	3
GCA_039196345_1	soeA	1
GCA_039196345_1	soeB	1
GCA_039196345_1	soeC	1
GCA_039196345_1	sorA	1
GCA_039196345_1	soxB	3
GCA_039196345_1	soxC	1
GCA_039196345_1	soxD	1
GCA_039196345_1	soxX	3
GCA_039196345_1	soxY	1
GCA_039196345_1	soxZ	2
GCA_039196345_1	sqdX	5
GCA_039196345_1	sseA	1
GCA_039196345_1	ssuA	5
GCA_039196345_1	ssuB	15
GCA_039196345_1	ssuC	6
GCA_039196345_1	ssuD	7
GCA_039196345_1	ssuE	1
GCA_039196345_1	sudA	5
GCA_039196345_1	sulP	8
GCA_039196345_1	suyA	1
GCA_039196345_1	tauA	2
GCA_039196345_1	tauB	5
GCA_039196345_1	tauC	1
GCA_039196345_1	tauD	3
GCA_039196345_1	tauY	1
GCA_039196345_1	tetH	1
GCA_039196345_1	tmm	1
GCA_039196345_1	tpa	4
GCA_039196345_1	tsdA	2
GCA_039196345_1	ttrA	4
GCA_039196345_1	ttrB	1
GCA_039196345_1	tusA	6
GCA_039196345_1	tusB	6
GCA_039196345_1	tusD	1
GCA_039196345_1	tusE	2
GCA_039196345_1	xsc	7
GCA_039630415_1	asrB	1
GCA_039630415_1	betA	1
GCA_039630415_1	betB	4
GCA_039630415_1	cysA	2
GCA_039630415_1	cysC	8
GCA_039630415_1	cysE	5
GCA_039630415_1	cysH	1
GCA_039630415_1	cysI	1
GCA_039630415_1	cysJ	3
GCA_039630415_1	cysK	4
GCA_039630415_1	cysM	3
GCA_039630415_1	cysN	1
GCA_039630415_1	cysN_cysC	2
GCA_039630415_1	cysQ	1
GCA_039630415_1	cysU	2
GCA_039630415_1	dddP	1
GCA_039630415_1	dmdA	1
GCA_039630415_1	dmdC	1
GCA_039630415_1	dmsC	1
GCA_039630415_1	gdh	2
GCA_039630415_1	glpE	4
GCA_039630415_1	hdrD	1
GCA_039630415_1	mdh	7
GCA_039630415_1	metB	2
GCA_039630415_1	metC	1
GCA_039630415_1	metZ	1
GCA_039630415_1	nrnA	2
GCA_039630415_1	pta	2
GCA_039630415_1	sat	2
GCA_039630415_1	sir	1
GCA_039630415_1	soxB	1
GCA_039630415_1	soxC	2
GCA_039630415_1	soxX	1
GCA_039630415_1	sqdB	1
GCA_039630415_1	sqdX	3
GCA_039630415_1	sseA	1
GCA_039630415_1	ssuB	2
GCA_039630415_1	ssuD	1
GCA_039630415_1	sudA	3
GCA_039630415_1	sulP	2
GCA_039630415_1	tauB	1
GCA_039630415_1	tauD	1
GCA_039630415_1	tauZ	1
GCA_039630415_1	tmoC	1
GCA_039630415_1	tpa	3
GCA_039630415_1	tsdA	1
GCA_039630415_1	ttrA	1
GCA_039630415_1	tusA	1
GCA_039630415_1	tusD	1
GCA_039683515_1	acuI	1
GCA_039683515_1	asrA	1
GCA_039683515_1	asrB	1
GCA_039683515_1	asrC	3
GCA_039683515_1	betA	4
GCA_039683515_1	betB	3
GCA_039683515_1	betC	1
GCA_039683515_1	comE	1
GCA_039683515_1	cuyA	1
GCA_039683515_1	cysA	4
GCA_039683515_1	cysC	8
GCA_039683515_1	cysD	4
GCA_039683515_1	cysE	10
GCA_039683515_1	cysI	2
GCA_039683515_1	cysJ	4
GCA_039683515_1	cysK	16
GCA_039683515_1	cysM	5
GCA_039683515_1	cysN	4
GCA_039683515_1	cysN_cysC	6
GCA_039683515_1	cysQ	3
GCA_039683515_1	cysU	7
GCA_039683515_1	cysW	2
GCA_039683515_1	cysZ	1
GCA_039683515_1	dddP	1
GCA_039683515_1	dmdB	1
GCA_039683515_1	dmsA	12
GCA_039683515_1	dmsB	1
GCA_039683515_1	dmsC	1
GCA_039683515_1	dsrA	2
GCA_039683515_1	dsrB	1
GCA_039683515_1	dsyB	1
GCA_039683515_1	gdh	3
GCA_039683515_1	glpE	5
GCA_039683515_1	hdrA2	1
GCA_039683515_1	hdrB2	1
GCA_039683515_1	hpsN	2
GCA_039683515_1	hpsO	1
GCA_039683515_1	hpsP	1
GCA_039683515_1	isfD	1
GCA_039683515_1	mdh	11
GCA_039683515_1	metB	3
GCA_039683515_1	metC	6
GCA_039683515_1	metX	1
GCA_039683515_1	metY	1
GCA_039683515_1	metZ	1
GCA_039683515_1	nrnA	1
GCA_039683515_1	prpE	1
GCA_039683515_1	pta	6
GCA_039683515_1	sat	3
GCA_039683515_1	sbp	1
GCA_039683515_1	sgpB	1
GCA_039683515_1	sir	2
GCA_039683515_1	slcC	2
GCA_039683515_1	soxA	1
GCA_039683515_1	soxX	1
GCA_039683515_1	sqdX	26
GCA_039683515_1	ssuA	21
GCA_039683515_1	ssuB	3
GCA_039683515_1	ssuC	4
GCA_039683515_1	ssuD	2
GCA_039683515_1	ssuE	1
GCA_039683515_1	sudA	5
GCA_039683515_1	sudB	1
GCA_039683515_1	sulP	11
GCA_039683515_1	tauA	3
GCA_039683515_1	tauB	9
GCA_039683515_1	tauD	3
GCA_039683515_1	tpa	4
GCA_039683515_1	tusA	4
GCA_039683515_1	tusB	2
GCA_039683515_1	tusE	1
GCA_039683515_1	xsc	1
GCA_039941255_1	acuI	4
GCA_039941255_1	aprA	1
GCA_039941255_1	asrA	2
GCA_039941255_1	asrB	1
GCA_039941255_1	asrC	2
GCA_039941255_1	betA	11
GCA_039941255_1	betB	18
GCA_039941255_1	betC	14
GCA_039941255_1	comB	2
GCA_039941255_1	comC	1
GCA_039941255_1	comD	1
GCA_039941255_1	comE	1
GCA_039941255_1	cuyA	1
GCA_039941255_1	cysA	9
GCA_039941255_1	cysC	23
GCA_039941255_1	cysD	7
GCA_039941255_1	cysE	12
GCA_039941255_1	cysH	3
GCA_039941255_1	cysI	4
GCA_039941255_1	cysJ	7
GCA_039941255_1	cysK	21
GCA_039941255_1	cysM	7
GCA_039941255_1	cysN	11
GCA_039941255_1	cysN_cysC	8
GCA_039941255_1	cysP	6
GCA_039941255_1	cysQ	5
GCA_039941255_1	cysU	26
GCA_039941255_1	cysZ	3
GCA_039941255_1	dddD	1
GCA_039941255_1	dddP	3
GCA_039941255_1	dddT	2
GCA_039941255_1	dmdA	3
GCA_039941255_1	dmdB	6
GCA_039941255_1	dmdC	7
GCA_039941255_1	dmdD	5
GCA_039941255_1	dmoA	2
GCA_039941255_1	dmsA	15
GCA_039941255_1	dmsB	3
GCA_039941255_1	dmsC	7
GCA_039941255_1	dsrA	2
GCA_039941255_1	dsrB	1
GCA_039941255_1	dsrN	1
GCA_039941255_1	dsyB	1
GCA_039941255_1	fccB	1
GCA_039941255_1	gdh	1
GCA_039941255_1	glpE	7
GCA_039941255_1	hdrA1	1
GCA_039941255_1	hdrD	1
GCA_039941255_1	hpsK	3
GCA_039941255_1	hpsL	2
GCA_039941255_1	hpsM	2
GCA_039941255_1	hpsN	1
GCA_039941255_1	hpsO	1
GCA_039941255_1	hpsP	5
GCA_039941255_1	iseK	2
GCA_039941255_1	iseL	1
GCA_039941255_1	iseM	20
GCA_039941255_1	isfD	5
GCA_039941255_1	mddA	1
GCA_039941255_1	mdh	23
GCA_039941255_1	metA	1
GCA_039941255_1	metB	4
GCA_039941255_1	metC	20
GCA_039941255_1	metX	1
GCA_039941255_1	metZ	15
GCA_039941255_1	msmA	2
GCA_039941255_1	mtsB	1
GCA_039941255_1	nrnA	1
GCA_039941255_1	phsA	1
GCA_039941255_1	prpE	11
GCA_039941255_1	pta	13
GCA_039941255_1	qmoA	1
GCA_039941255_1	sat	5
GCA_039941255_1	sbp	1
GCA_039941255_1	sgpB	1
GCA_039941255_1	sgpC	1
GCA_039941255_1	sir	4
GCA_039941255_1	slcC	7
GCA_039941255_1	slcD	4
GCA_039941255_1	soeA	1
GCA_039941255_1	soeB	1
GCA_039941255_1	soeC	1
GCA_039941255_1	sorA	4
GCA_039941255_1	soxB	4
GCA_039941255_1	soxC	3
GCA_039941255_1	soxD	2
GCA_039941255_1	soxY	1
GCA_039941255_1	soxZ	3
GCA_039941255_1	sqdX	7
GCA_039941255_1	sseA	1
GCA_039941255_1	ssuA	14
GCA_039941255_1	ssuB	25
GCA_039941255_1	ssuC	13
GCA_039941255_1	ssuD	7
GCA_039941255_1	sudA	9
GCA_039941255_1	sulP	6
GCA_039941255_1	suyA	1
GCA_039941255_1	tauA	5
GCA_039941255_1	tauB	12
GCA_039941255_1	tauC	2
GCA_039941255_1	tauD	9
GCA_039941255_1	tmm	1
GCA_039941255_1	tpa	10
GCA_039941255_1	tsdA	1
GCA_039941255_1	ttrA	7
GCA_039941255_1	tusA	4
GCA_039941255_1	tusB	7
GCA_039941255_1	tusD	3
GCA_039941255_1	xsc	6
GCA_040225955_1	aprA	1
GCA_040225955_1	asrC	1
GCA_040225955_1	betA	2
GCA_040225955_1	betB	1
GCA_040225955_1	betC	1
GCA_040225955_1	comB	1
GCA_040225955_1	comC	1
GCA_040225955_1	comE	1
GCA_040225955_1	cysA	5
GCA_040225955_1	cysC	15
GCA_040225955_1	cysE	7
GCA_040225955_1	cysI	1
GCA_040225955_1	cysJ	8
GCA_040225955_1	cysK	1
GCA_040225955_1	cysM	1
GCA_040225955_1	cysN	1
GCA_040225955_1	cysN_cysC	1
GCA_040225955_1	cysP	1
GCA_040225955_1	cysU	2
GCA_040225955_1	cysW	2
GCA_040225955_1	dmdA	1
GCA_040225955_1	dmsA	1
GCA_040225955_1	dmsB	3
GCA_040225955_1	dsyB	1
GCA_040225955_1	gdh	1
GCA_040225955_1	glpE	4
GCA_040225955_1	hdrA2	2
GCA_040225955_1	hdrB1	1
GCA_040225955_1	hdrB2	1
GCA_040225955_1	hdrC1	1
GCA_040225955_1	hdrC2	3
GCA_040225955_1	hdrD	3
GCA_040225955_1	hpsK	1
GCA_040225955_1	hpsM	1
GCA_040225955_1	hpsP	3
GCA_040225955_1	hydD	2
GCA_040225955_1	iseM	2
GCA_040225955_1	mdh	6
GCA_040225955_1	metB	5
GCA_040225955_1	metX	2
GCA_040225955_1	metY	1
GCA_040225955_1	metZ	1
GCA_040225955_1	mtsB	1
GCA_040225955_1	nrnA	2
GCA_040225955_1	prpE	1
GCA_040225955_1	pta	7
GCA_040225955_1	sat	4
GCA_040225955_1	sfnG	1
GCA_040225955_1	shyA	1
GCA_040225955_1	sir	1
GCA_040225955_1	slcC	2
GCA_040225955_1	sqdX	6
GCA_040225955_1	ssuA	1
GCA_040225955_1	ssuB	2
GCA_040225955_1	ssuC	1
GCA_040225955_1	ssuD	4
GCA_040225955_1	sudA	10
GCA_040225955_1	sulP	4
GCA_040225955_1	tauB	4
GCA_040225955_1	tauC	1
GCA_040225955_1	tpa	4
GCA_040225955_1	ttrA	1
GCA_040225955_1	ttrB	3
GCA_040386775_1	acuI	1
GCA_040386775_1	betA	3
GCA_040386775_1	betB	5
GCA_040386775_1	betC	1
GCA_040386775_1	cuyA	1
GCA_040386775_1	cysA	2
GCA_040386775_1	cysC	8
GCA_040386775_1	cysE	5
GCA_040386775_1	cysH	2
GCA_040386775_1	cysI	2
GCA_040386775_1	cysJ	2
GCA_040386775_1	cysK	8
GCA_040386775_1	cysM	3
GCA_040386775_1	cysN	3
GCA_040386775_1	cysN_cysC	5
GCA_040386775_1	cysP	1
GCA_040386775_1	cysQ	1
GCA_040386775_1	cysU	4
GCA_040386775_1	cysZ	2
GCA_040386775_1	dddP	1
GCA_040386775_1	dmdA	1
GCA_040386775_1	dmdB	1
GCA_040386775_1	dmdC	3
GCA_040386775_1	dmdD	3
GCA_040386775_1	dmsA	3
GCA_040386775_1	dmsC	2
GCA_040386775_1	dsyB	1
GCA_040386775_1	gdh	1
GCA_040386775_1	glpE	9
GCA_040386775_1	isfD	2
GCA_040386775_1	mccB	1
GCA_040386775_1	mdh	9
GCA_040386775_1	metA	1
GCA_040386775_1	metB	2
GCA_040386775_1	metC	4
GCA_040386775_1	metX	1
GCA_040386775_1	metY	1
GCA_040386775_1	metZ	2
GCA_040386775_1	nrnA	2
GCA_040386775_1	prpE	1
GCA_040386775_1	pta	4
GCA_040386775_1	qmoA	1
GCA_040386775_1	sat	1
GCA_040386775_1	sbp	2
GCA_040386775_1	sgpB	1
GCA_040386775_1	sir	1
GCA_040386775_1	slcC	1
GCA_040386775_1	soxB	2
GCA_040386775_1	soxD	1
GCA_040386775_1	soxX	2
GCA_040386775_1	soxY	1
GCA_040386775_1	sqdB	1
GCA_040386775_1	sqdX	2
GCA_040386775_1	sqr	1
GCA_040386775_1	ssuA	10
GCA_040386775_1	ssuB	5
GCA_040386775_1	ssuC	3
GCA_040386775_1	ssuD	2
GCA_040386775_1	ssuE	2
GCA_040386775_1	sudA	2
GCA_040386775_1	sulP	4
GCA_040386775_1	tauA	2
GCA_040386775_1	tauB	2
GCA_040386775_1	tauD	1
GCA_040386775_1	tmoF	1
GCA_040386775_1	tpa	4
GCA_040386775_1	ttrA	2
GCA_040386775_1	ttrB	1
GCA_040386775_1	tusB	1
GCA_040386775_1	tusD	1
GCA_040752395_1	asrA	1
GCA_040752395_1	asrB	1
GCA_040752395_1	asrC	1
GCA_040752395_1	betA	5
GCA_040752395_1	betB	4
GCA_040752395_1	betC	5
GCA_040752395_1	comE	1
GCA_040752395_1	cuyA	1
GCA_040752395_1	cysA	3
GCA_040752395_1	cysC	14
GCA_040752395_1	cysD	2
GCA_040752395_1	cysE	7
GCA_040752395_1	cysI	4
GCA_040752395_1	cysJ	2
GCA_040752395_1	cysK	9
GCA_040752395_1	cysM	5
GCA_040752395_1	cysN	1
GCA_040752395_1	cysN_cysC	5
GCA_040752395_1	cysP	2
GCA_040752395_1	cysQ	1
GCA_040752395_1	cysU	4
GCA_040752395_1	dddP	1
GCA_040752395_1	dmdA	1
GCA_040752395_1	dmdB	1
GCA_040752395_1	dmdC	1
GCA_040752395_1	dmsA	6
GCA_040752395_1	dmsB	1
GCA_040752395_1	dmsC	1
GCA_040752395_1	fccB	2
GCA_040752395_1	gdh	1
GCA_040752395_1	glpE	4
GCA_040752395_1	hdrA1	2
GCA_040752395_1	hdrA2	4
GCA_040752395_1	hdrC2	1
GCA_040752395_1	hdrD	1
GCA_040752395_1	hpsN	1
GCA_040752395_1	hpsP	1
GCA_040752395_1	isfD	1
GCA_040752395_1	mdh	13
GCA_040752395_1	metB	6
GCA_040752395_1	metC	4
GCA_040752395_1	metX	1
GCA_040752395_1	metZ	3
GCA_040752395_1	nrnA	4
GCA_040752395_1	pta	8
GCA_040752395_1	sat	5
GCA_040752395_1	sgpB	1
GCA_040752395_1	shyA	1
GCA_040752395_1	sir	1
GCA_040752395_1	slcC	1
GCA_040752395_1	soxB	2
GCA_040752395_1	soxX	1
GCA_040752395_1	sqdB	3
GCA_040752395_1	sqdX	16
GCA_040752395_1	ssuA	6
GCA_040752395_1	ssuB	5
GCA_040752395_1	ssuC	1
GCA_040752395_1	ssuD	2
GCA_040752395_1	sudA	7
GCA_040752395_1	sudB	1
GCA_040752395_1	sulP	3
GCA_040752395_1	tauA	2
GCA_040752395_1	tauB	4
GCA_040752395_1	tpa	3
GCA_040752395_1	tsdA	1
GCA_040752395_1	ttrA	1
GCA_040752395_1	tusA	1
GCA_040752395_1	tusB	1
GCA_040752395_1	tusC	1
GCA_040752395_1	tusD	1
GCA_040752395_1	xsc	1
GCA_040752395_1	yihQ	1
GCA_040755155_1	acuI	2
GCA_040755155_1	aprA	3
GCA_040755155_1	aprB	1
GCA_040755155_1	asrA	1
GCA_040755155_1	betA	3
GCA_040755155_1	betB	10
GCA_040755155_1	betC	27
GCA_040755155_1	comB	3
GCA_040755155_1	comE	2
GCA_040755155_1	cuyA	2
GCA_040755155_1	cysA	3
GCA_040755155_1	cysC	19
GCA_040755155_1	cysD	3
GCA_040755155_1	cysE	9
GCA_040755155_1	cysH	3
GCA_040755155_1	cysI	6
GCA_040755155_1	cysJ	4
GCA_040755155_1	cysK	20
GCA_040755155_1	cysM	6
GCA_040755155_1	cysN	2
GCA_040755155_1	cysN_cysC	5
GCA_040755155_1	cysP	3
GCA_040755155_1	cysQ	4
GCA_040755155_1	cysU	5
GCA_040755155_1	cysW	2
GCA_040755155_1	dddP	2
GCA_040755155_1	ddhA	1
GCA_040755155_1	ddhC	1
GCA_040755155_1	dmdA	1
GCA_040755155_1	dmdB	2
GCA_040755155_1	dmsA	27
GCA_040755155_1	dmsB	2
GCA_040755155_1	dmsC	3
GCA_040755155_1	dsrA	4
GCA_040755155_1	dsrB	1
GCA_040755155_1	dsrC	1
GCA_040755155_1	dsrJ	1
GCA_040755155_1	dsrK	4
GCA_040755155_1	dsrM	2
GCA_040755155_1	dsrN	1
GCA_040755155_1	dsrP	2
GCA_040755155_1	dsrT	1
GCA_040755155_1	dsyB	1
GCA_040755155_1	gdh	3
GCA_040755155_1	glpE	11
GCA_040755155_1	hdrA1	1
GCA_040755155_1	hdrB1	1
GCA_040755155_1	hdrD	5
GCA_040755155_1	hpsO	1
GCA_040755155_1	hpsP	6
GCA_040755155_1	hydD	2
GCA_040755155_1	isfD	2
GCA_040755155_1	mddA	1
GCA_040755155_1	mdh	12
GCA_040755155_1	metA	2
GCA_040755155_1	metB	7
GCA_040755155_1	metC	7
GCA_040755155_1	metX	1
GCA_040755155_1	metY	1
GCA_040755155_1	metZ	3
GCA_040755155_1	mtsA	1
GCA_040755155_1	mtsB	3
GCA_040755155_1	nrnA	3
GCA_040755155_1	otr	1
GCA_040755155_1	prpE	1
GCA_040755155_1	psrC	1
GCA_040755155_1	pta	8
GCA_040755155_1	qmoA	2
GCA_040755155_1	qmoB	1
GCA_040755155_1	qmoC	1
GCA_040755155_1	sat	9
GCA_040755155_1	sbp	2
GCA_040755155_1	shyA	2
GCA_040755155_1	sir	4
GCA_040755155_1	slcC	4
GCA_040755155_1	soxA	2
GCA_040755155_1	soxB	2
GCA_040755155_1	soxC	1
GCA_040755155_1	soxX	1
GCA_040755155_1	sqdX	18
GCA_040755155_1	sqr	1
GCA_040755155_1	ssuA	27
GCA_040755155_1	ssuB	10
GCA_040755155_1	ssuC	3
GCA_040755155_1	ssuD	2
GCA_040755155_1	ssuE	3
GCA_040755155_1	sudA	10
GCA_040755155_1	sulP	17
GCA_040755155_1	tauA	1
GCA_040755155_1	tauB	3
GCA_040755155_1	tauD	4
GCA_040755155_1	tmoC	1
GCA_040755155_1	tpa	8
GCA_040755155_1	tsdA	1
GCA_040755155_1	ttrA	1
GCA_040755155_1	ttrB	6
GCA_040755155_1	tusA	7
GCA_040755155_1	tusB	5
GCA_040755155_1	xsc	1
GCA_040755795_1	aprA	1
GCA_040755795_1	aprB	1
GCA_040755795_1	asrA	1
GCA_040755795_1	asrC	1
GCA_040755795_1	betA	9
GCA_040755795_1	betB	4
GCA_040755795_1	comB	1
GCA_040755795_1	comD	2
GCA_040755795_1	comE	1
GCA_040755795_1	cuyA	1
GCA_040755795_1	cysA	4
GCA_040755795_1	cysC	15
GCA_040755795_1	cysD	2
GCA_040755795_1	cysE	13
GCA_040755795_1	cysH	7
GCA_040755795_1	cysI	2
GCA_040755795_1	cysJ	4
GCA_040755795_1	cysK	18
GCA_040755795_1	cysM	4
GCA_040755795_1	cysN	2
GCA_040755795_1	cysN_cysC	11
GCA_040755795_1	cysP	3
GCA_040755795_1	cysQ	2
GCA_040755795_1	cysU	4
GCA_040755795_1	cysZ	1
GCA_040755795_1	dddW	1
GCA_040755795_1	dmdB	2
GCA_040755795_1	dmdC	1
GCA_040755795_1	dmsA	9
GCA_040755795_1	dmsB	1
GCA_040755795_1	dmsC	1
GCA_040755795_1	dsrA	8
GCA_040755795_1	dsrB	1
GCA_040755795_1	dsrJ	1
GCA_040755795_1	dsrK	1
GCA_040755795_1	dsrM	2
GCA_040755795_1	dsrN	1
GCA_040755795_1	dsrP	1
GCA_040755795_1	dsrT	1
GCA_040755795_1	dsyB	1
GCA_040755795_1	glpE	5
GCA_040755795_1	hdrA1	2
GCA_040755795_1	hdrA2	1
GCA_040755795_1	hdrB1	1
GCA_040755795_1	hdrC2	2
GCA_040755795_1	hpsP	1
GCA_040755795_1	hydD	1
GCA_040755795_1	isfD	2
GCA_040755795_1	mccB	1
GCA_040755795_1	mddA	1
GCA_040755795_1	mdh	14
GCA_040755795_1	metB	2
GCA_040755795_1	metC	3
GCA_040755795_1	metX	1
GCA_040755795_1	metY	1
GCA_040755795_1	metZ	1
GCA_040755795_1	nrnA	3
GCA_040755795_1	pta	9
GCA_040755795_1	qmoA	1
GCA_040755795_1	qmoB	1
GCA_040755795_1	qmoC	1
GCA_040755795_1	sat	8
GCA_040755795_1	sbp	3
GCA_040755795_1	shyA	1
GCA_040755795_1	sir	1
GCA_040755795_1	slcC	2
GCA_040755795_1	soxC	2
GCA_040755795_1	sqdB	2
GCA_040755795_1	sqdX	20
GCA_040755795_1	ssuA	6
GCA_040755795_1	ssuB	6
GCA_040755795_1	ssuC	3
GCA_040755795_1	ssuD	2
GCA_040755795_1	ssuE	2
GCA_040755795_1	sudA	6
GCA_040755795_1	sudB	1
GCA_040755795_1	sulP	6
GCA_040755795_1	tauA	1
GCA_040755795_1	tauB	3
GCA_040755795_1	tauD	2
GCA_040755795_1	tsdA	1
GCA_040755795_1	ttrA	2
GCA_040755795_1	ttrB	2
GCA_040755795_1	tusB	4
GCA_040755795_1	tusC	2
GCA_040755795_1	tusD	1
GCA_040755795_1	tusE	1
GCA_040755795_1	xsc	1
GCA_040757115_1	aprA	1
GCA_040757115_1	aprB	1
GCA_040757115_1	asrA	1
GCA_040757115_1	asrC	2
GCA_040757115_1	betA	5
GCA_040757115_1	betB	5
GCA_040757115_1	comB	1
GCA_040757115_1	comD	3
GCA_040757115_1	comE	3
GCA_040757115_1	cuyA	1
GCA_040757115_1	cysA	5
GCA_040757115_1	cysC	14
GCA_040757115_1	cysD	1
GCA_040757115_1	cysE	15
GCA_040757115_1	cysH	2
GCA_040757115_1	cysI	2
GCA_040757115_1	cysJ	5
GCA_040757115_1	cysK	14
GCA_040757115_1	cysM	4
GCA_040757115_1	cysN	4
GCA_040757115_1	cysN_cysC	6
GCA_040757115_1	cysP	4
GCA_040757115_1	cysQ	4
GCA_040757115_1	cysU	5
GCA_040757115_1	dddP	1
GCA_040757115_1	dmdB	2
GCA_040757115_1	dmdC	1
GCA_040757115_1	dmsA	11
GCA_040757115_1	dmsB	1
GCA_040757115_1	dmsC	1
GCA_040757115_1	dsrA	7
GCA_040757115_1	dsrB	1
GCA_040757115_1	dsrJ	1
GCA_040757115_1	dsrK	3
GCA_040757115_1	dsrM	1
GCA_040757115_1	dsrN	1
GCA_040757115_1	dsrP	1
GCA_040757115_1	dsrT	1
GCA_040757115_1	gdh	1
GCA_040757115_1	glpE	5
GCA_040757115_1	hdrA1	2
GCA_040757115_1	hdrA2	6
GCA_040757115_1	hdrB1	1
GCA_040757115_1	hdrB2	1
GCA_040757115_1	hdrC2	1
GCA_040757115_1	hpsN	1
GCA_040757115_1	hpsP	1
GCA_040757115_1	hydD	1
GCA_040757115_1	mccB	1
GCA_040757115_1	mddA	1
GCA_040757115_1	mdh	10
GCA_040757115_1	metB	4
GCA_040757115_1	metC	2
GCA_040757115_1	metX	2
GCA_040757115_1	metY	1
GCA_040757115_1	metZ	2
GCA_040757115_1	nrnA	3
GCA_040757115_1	pta	5
GCA_040757115_1	qmoA	1
GCA_040757115_1	qmoB	1
GCA_040757115_1	qmoC	1
GCA_040757115_1	sat	7
GCA_040757115_1	sbp	4
GCA_040757115_1	sgpB	1
GCA_040757115_1	shyA	1
GCA_040757115_1	sir	1
GCA_040757115_1	slcC	2
GCA_040757115_1	soxC	3
GCA_040757115_1	sqdB	2
GCA_040757115_1	sqdX	13
GCA_040757115_1	ssuA	5
GCA_040757115_1	ssuB	5
GCA_040757115_1	ssuC	2
GCA_040757115_1	ssuD	2
GCA_040757115_1	ssuE	2
GCA_040757115_1	sudA	6
GCA_040757115_1	sudB	2
GCA_040757115_1	sulP	7
GCA_040757115_1	tauA	1
GCA_040757115_1	tauB	4
GCA_040757115_1	tauD	2
GCA_040757115_1	tsdA	1
GCA_040757115_1	ttrA	3
GCA_040757115_1	ttrB	3
GCA_040757115_1	tusB	4
GCA_040757115_1	tusD	1
GCA_040757115_1	tusE	1
GCA_040757115_1	xsc	1
GCA_040772385_1	acuI	5
GCA_040772385_1	aprA	1
GCA_040772385_1	asrA	3
GCA_040772385_1	asrB	2
GCA_040772385_1	asrC	2
GCA_040772385_1	betA	11
GCA_040772385_1	betB	13
GCA_040772385_1	betC	7
GCA_040772385_1	comB	4
GCA_040772385_1	comE	2
GCA_040772385_1	cuyA	2
GCA_040772385_1	cysA	10
GCA_040772385_1	cysC	30
GCA_040772385_1	cysD	2
GCA_040772385_1	cysE	16
GCA_040772385_1	cysH	1
GCA_040772385_1	cysI	4
GCA_040772385_1	cysJ	9
GCA_040772385_1	cysK	33
GCA_040772385_1	cysM	7
GCA_040772385_1	cysN	11
GCA_040772385_1	cysN_cysC	8
GCA_040772385_1	cysP	24
GCA_040772385_1	cysQ	5
GCA_040772385_1	cysU	47
GCA_040772385_1	cysW	1
GCA_040772385_1	cysZ	1
GCA_040772385_1	dddP	1
GCA_040772385_1	dmdA	1
GCA_040772385_1	dmdB	2
GCA_040772385_1	dmdD	3
GCA_040772385_1	dmsA	13
GCA_040772385_1	dmsB	1
GCA_040772385_1	dmsC	2
GCA_040772385_1	dsrA	2
GCA_040772385_1	dsrB	1
GCA_040772385_1	dsrN	1
GCA_040772385_1	dsyB	1
GCA_040772385_1	gdh	3
GCA_040772385_1	glpE	12
GCA_040772385_1	hdrA1	7
GCA_040772385_1	hdrA2	2
GCA_040772385_1	hdrC1	1
GCA_040772385_1	hpsK	11
GCA_040772385_1	hpsL	6
GCA_040772385_1	hpsM	12
GCA_040772385_1	hpsN	2
GCA_040772385_1	hpsP	16
GCA_040772385_1	iseK	1
GCA_040772385_1	iseM	12
GCA_040772385_1	isfD	2
GCA_040772385_1	mccB	2
GCA_040772385_1	mdh	32
GCA_040772385_1	metB	3
GCA_040772385_1	metC	23
GCA_040772385_1	metX	1
GCA_040772385_1	metY	1
GCA_040772385_1	metZ	5
GCA_040772385_1	mtsA	1
GCA_040772385_1	mtsB	4
GCA_040772385_1	nrnA	13
GCA_040772385_1	prpE	1
GCA_040772385_1	pta	17
GCA_040772385_1	sat	4
GCA_040772385_1	sbp	1
GCA_040772385_1	sgpB	2
GCA_040772385_1	shyC	1
GCA_040772385_1	sir	1
GCA_040772385_1	slcC	9
GCA_040772385_1	soxB	2
GCA_040772385_1	soxC	1
GCA_040772385_1	soxX	1
GCA_040772385_1	soxY	2
GCA_040772385_1	sqdX	30
GCA_040772385_1	ssuA	45
GCA_040772385_1	ssuB	12
GCA_040772385_1	ssuC	7
GCA_040772385_1	ssuD	5
GCA_040772385_1	ssuE	2
GCA_040772385_1	sudA	10
GCA_040772385_1	sulP	20
GCA_040772385_1	suyA	2
GCA_040772385_1	tauA	4
GCA_040772385_1	tauB	5
GCA_040772385_1	tauC	1
GCA_040772385_1	tauD	4
GCA_040772385_1	tbuC	1
GCA_040772385_1	tpa	3
GCA_040772385_1	tsdA	1
GCA_040772385_1	ttrA	1
GCA_040772385_1	ttrB	1
GCA_040772385_1	tusA	6
GCA_040772385_1	tusB	40
GCA_040772385_1	tusD	1
GCA_040772385_1	xsc	3
GCA_040772385_1	yihQ	1
GCA_041306075_1	asrA	1
GCA_041306075_1	asrC	1
GCA_041306075_1	betB	2
GCA_041306075_1	betC	7
GCA_041306075_1	cysA	3
GCA_041306075_1	cysC	3
GCA_041306075_1	cysD	2
GCA_041306075_1	cysE	3
GCA_041306075_1	cysI	1
GCA_041306075_1	cysJ	2
GCA_041306075_1	cysK	4
GCA_041306075_1	cysM	3
GCA_041306075_1	cysN	1
GCA_041306075_1	cysU	4
GCA_041306075_1	dmdA	1
GCA_041306075_1	dmsA	1
GCA_041306075_1	dsyB	1
GCA_041306075_1	gdh	1
GCA_041306075_1	glpE	6
GCA_041306075_1	hpsP	2
GCA_041306075_1	hydA	1
GCA_041306075_1	hydD	1
GCA_041306075_1	mdh	12
GCA_041306075_1	metB	1
GCA_041306075_1	metX	4
GCA_041306075_1	metY	1
GCA_041306075_1	prpE	1
GCA_041306075_1	pta	5
GCA_041306075_1	shyC	2
GCA_041306075_1	soxC	1
GCA_041306075_1	sqdX	10
GCA_041306075_1	ssuD	3
GCA_041306075_1	ssuE	3
GCA_041306075_1	sudA	3
GCA_041306075_1	sudB	1
GCA_041306075_1	sulP	2
GCA_041306075_1	tauD	2
GCA_041306075_1	tbuC	1
GCA_041306075_1	tusD	1
GCA_041306075_1	xsc	1
GCA_041393395_1	acuI	1
GCA_041393395_1	aprA	1
GCA_041393395_1	asrB	1
GCA_041393395_1	asrC	2
GCA_041393395_1	betA	3
GCA_041393395_1	betB	8
GCA_041393395_1	betC	27
GCA_041393395_1	comB	2
GCA_041393395_1	comE	1
GCA_041393395_1	cuyA	1
GCA_041393395_1	cysA	5
GCA_041393395_1	cysC	26
GCA_041393395_1	cysD	3
GCA_041393395_1	cysE	10
GCA_041393395_1	cysI	1
GCA_041393395_1	cysJ	6
GCA_041393395_1	cysK	9
GCA_041393395_1	cysM	9
GCA_041393395_1	cysN	5
GCA_041393395_1	cysN_cysC	7
GCA_041393395_1	cysP	2
GCA_041393395_1	cysQ	2
GCA_041393395_1	cysU	3
GCA_041393395_1	cysW	1
GCA_041393395_1	cysZ	1
GCA_041393395_1	dddP	3
GCA_041393395_1	dmdA	1
GCA_041393395_1	dmdB	4
GCA_041393395_1	dmdC	5
GCA_041393395_1	dmdD	4
GCA_041393395_1	dmsA	10
GCA_041393395_1	dmsB	3
GCA_041393395_1	dmsC	2
GCA_041393395_1	dsrA	2
GCA_041393395_1	dsyB	1
GCA_041393395_1	gdh	4
GCA_041393395_1	glpE	8
GCA_041393395_1	hdrA1	1
GCA_041393395_1	hpsP	1
GCA_041393395_1	iseM	1
GCA_041393395_1	isfD	3
GCA_041393395_1	mddA	2
GCA_041393395_1	mdh	12
GCA_041393395_1	metB	5
GCA_041393395_1	metC	13
GCA_041393395_1	metX	2
GCA_041393395_1	metY	1
GCA_041393395_1	metZ	6
GCA_041393395_1	nrnA	1
GCA_041393395_1	otr	2
GCA_041393395_1	phsC	1
GCA_041393395_1	prpE	1
GCA_041393395_1	pta	8
GCA_041393395_1	sat	4
GCA_041393395_1	sgpB	3
GCA_041393395_1	sgpC	1
GCA_041393395_1	sir	3
GCA_041393395_1	soxA	1
GCA_041393395_1	soxB	6
GCA_041393395_1	soxC	3
GCA_041393395_1	soxX	1
GCA_041393395_1	sqdB	2
GCA_041393395_1	sqdX	23
GCA_041393395_1	sseA	1
GCA_041393395_1	ssuA	29
GCA_041393395_1	ssuB	10
GCA_041393395_1	ssuC	3
GCA_041393395_1	ssuD	4
GCA_041393395_1	ssuE	2
GCA_041393395_1	sudA	3
GCA_041393395_1	sudB	1
GCA_041393395_1	sulP	7
GCA_041393395_1	tauA	1
GCA_041393395_1	tauB	3
GCA_041393395_1	tauD	1
GCA_041393395_1	tpa	2
GCA_041393395_1	ttrA	3
GCA_041393395_1	ttrB	1
GCA_041393395_1	ttrC	1
GCA_041393395_1	tusA	2
GCA_041393395_1	tusB	3
GCA_041393395_1	tusD	1
GCA_041393395_1	xsc	1
GCA_041483475_1	aprA	1
GCA_041483475_1	betA	1
GCA_041483475_1	betB	3
GCA_041483475_1	betC	3
GCA_041483475_1	comB	1
GCA_041483475_1	comC	1
GCA_041483475_1	comE	1
GCA_041483475_1	cuyA	2
GCA_041483475_1	cysA	2
GCA_041483475_1	cysC	10
GCA_041483475_1	cysD	4
GCA_041483475_1	cysE	5
GCA_041483475_1	cysH	1
GCA_041483475_1	cysJ	4
GCA_041483475_1	cysK	9
GCA_041483475_1	cysM	3
GCA_041483475_1	cysN_cysC	5
GCA_041483475_1	cysP	4
GCA_041483475_1	cysQ	1
GCA_041483475_1	cysU	5
GCA_041483475_1	dmdA	1
GCA_041483475_1	dmdD	1
GCA_041483475_1	dmsA	6
GCA_041483475_1	dmsB	2
GCA_041483475_1	dsrD	1
GCA_041483475_1	dsyB	2
GCA_041483475_1	gdh	3
GCA_041483475_1	glpE	9
GCA_041483475_1	isfD	1
GCA_041483475_1	mccB	1
GCA_041483475_1	mdh	5
GCA_041483475_1	metB	3
GCA_041483475_1	metC	3
GCA_041483475_1	metX	1
GCA_041483475_1	metZ	1
GCA_041483475_1	nrnA	3
GCA_041483475_1	prpE	2
GCA_041483475_1	pta	3
GCA_041483475_1	sat	3
GCA_041483475_1	sbp	2
GCA_041483475_1	sgpB	1
GCA_041483475_1	sir	4
GCA_041483475_1	slcC	4
GCA_041483475_1	soxX	1
GCA_041483475_1	soxZ	1
GCA_041483475_1	sqdB	1
GCA_041483475_1	sqdX	8
GCA_041483475_1	ssuA	8
GCA_041483475_1	ssuB	6
GCA_041483475_1	ssuC	2
GCA_041483475_1	ssuD	2
GCA_041483475_1	ssuE	1
GCA_041483475_1	sudA	2
GCA_041483475_1	sulP	1
GCA_041483475_1	tauA	2
GCA_041483475_1	tauB	4
GCA_041483475_1	tmoC	1
GCA_041483475_1	tpa	3
GCA_041483475_1	tsdA	1
GCA_041483475_1	ttrA	1
GCA_041483475_1	tusA	3
GCA_041483475_1	tusB	1
GCA_041483475_1	tusD	1
GCA_041483475_1	xsc	1
GCA_041486365_1	acuI	6
GCA_041486365_1	aprA	2
GCA_041486365_1	aprB	1
GCA_041486365_1	asrA	1
GCA_041486365_1	asrB	2
GCA_041486365_1	asrC	1
GCA_041486365_1	betA	7
GCA_041486365_1	betB	7
GCA_041486365_1	betC	8
GCA_041486365_1	comB	2
GCA_041486365_1	comE	1
GCA_041486365_1	cuyA	1
GCA_041486365_1	cysA	4
GCA_041486365_1	cysC	18
GCA_041486365_1	cysD	3
GCA_041486365_1	cysE	7
GCA_041486365_1	cysH	2
GCA_041486365_1	cysI	3
GCA_041486365_1	cysJ	7
GCA_041486365_1	cysK	16
GCA_041486365_1	cysM	6
GCA_041486365_1	cysN	3
GCA_041486365_1	cysN_cysC	4
GCA_041486365_1	cysP	2
GCA_041486365_1	cysU	4
GCA_041486365_1	cysZ	2
GCA_041486365_1	dddP	1
GCA_041486365_1	ddhA	3
GCA_041486365_1	ddhC	1
GCA_041486365_1	dmdA	1
GCA_041486365_1	dmdB	8
GCA_041486365_1	dmdC	23
GCA_041486365_1	dmdD	1
GCA_041486365_1	dmsA	11
GCA_041486365_1	dmsB	1
GCA_041486365_1	dmsC	2
GCA_041486365_1	dsrA	1
GCA_041486365_1	dsyB	1
GCA_041486365_1	gdh	1
GCA_041486365_1	glpE	13
GCA_041486365_1	hdrD	1
GCA_041486365_1	hpsN	1
GCA_041486365_1	hpsP	2
GCA_041486365_1	hydA	1
GCA_041486365_1	hydB	2
GCA_041486365_1	hydD	1
GCA_041486365_1	isfD	7
GCA_041486365_1	mccB	2
GCA_041486365_1	mddA	1
GCA_041486365_1	mdh	9
GCA_041486365_1	metA	1
GCA_041486365_1	metB	5
GCA_041486365_1	metC	6
GCA_041486365_1	metX	4
GCA_041486365_1	metY	3
GCA_041486365_1	metZ	2
GCA_041486365_1	nrnA	4
GCA_041486365_1	prpE	4
GCA_041486365_1	pta	8
GCA_041486365_1	sat	4
GCA_041486365_1	sfnG	1
GCA_041486365_1	sir	2
GCA_041486365_1	slcC	1
GCA_041486365_1	soxB	1
GCA_041486365_1	soxX	1
GCA_041486365_1	soxY	1
GCA_041486365_1	sqdB	1
GCA_041486365_1	sqdX	21
GCA_041486365_1	ssuA	18
GCA_041486365_1	ssuB	9
GCA_041486365_1	ssuC	9
GCA_041486365_1	ssuD	11
GCA_041486365_1	ssuE	1
GCA_041486365_1	sudA	2
GCA_041486365_1	sulP	6
GCA_041486365_1	tauA	3
GCA_041486365_1	tauB	2
GCA_041486365_1	tauD	2
GCA_041486365_1	tbuB	1
GCA_041486365_1	tmoC	2
GCA_041486365_1	tpa	2
GCA_041486365_1	tsdA	3
GCA_041486365_1	ttrA	4
GCA_041486365_1	tusA	2
GCA_041486365_1	tusB	1
GCA_041486365_1	tusD	1
GCA_041486365_1	xsc	4
GCA_041557855_1	acuI	5
GCA_041557855_1	asrC	1
GCA_041557855_1	betA	9
GCA_041557855_1	betB	10
GCA_041557855_1	betC	3
GCA_041557855_1	comB	7
GCA_041557855_1	comC	1
GCA_041557855_1	comD	1
GCA_041557855_1	comE	2
GCA_041557855_1	cuyA	2
GCA_041557855_1	cysA	5
GCA_041557855_1	cysC	16
GCA_041557855_1	cysD	3
GCA_041557855_1	cysE	5
GCA_041557855_1	cysH	2
GCA_041557855_1	cysJ	4
GCA_041557855_1	cysK	14
GCA_041557855_1	cysM	2
GCA_041557855_1	cysN	8
GCA_041557855_1	cysN_cysC	4
GCA_041557855_1	cysP	1
GCA_041557855_1	cysQ	4
GCA_041557855_1	cysU	9
GCA_041557855_1	cysW	1
GCA_041557855_1	cysZ	1
GCA_041557855_1	dddD	1
GCA_041557855_1	dddP	6
GCA_041557855_1	dmdA	1
GCA_041557855_1	dmdB	5
GCA_041557855_1	dmdC	7
GCA_041557855_1	dmdD	2
GCA_041557855_1	dmoA	1
GCA_041557855_1	dmsA	6
GCA_041557855_1	dmsC	2
GCA_041557855_1	dsrA	3
GCA_041557855_1	dsrB	1
GCA_041557855_1	dsyB	1
GCA_041557855_1	fccB	1
GCA_041557855_1	fsr	1
GCA_041557855_1	glpE	6
GCA_041557855_1	hdrA1	1
GCA_041557855_1	hdrD	1
GCA_041557855_1	hpsK	3
GCA_041557855_1	hpsL	1
GCA_041557855_1	hpsM	3
GCA_041557855_1	hpsN	2
GCA_041557855_1	hpsO	1
GCA_041557855_1	hpsP	2
GCA_041557855_1	iseK	1
GCA_041557855_1	iseL	2
GCA_041557855_1	iseM	8
GCA_041557855_1	isfD	5
GCA_041557855_1	mdh	12
GCA_041557855_1	metB	3
GCA_041557855_1	metC	14
GCA_041557855_1	metX	1
GCA_041557855_1	metY	4
GCA_041557855_1	metZ	8
GCA_041557855_1	mtsB	1
GCA_041557855_1	nrnA	2
GCA_041557855_1	phsA	2
GCA_041557855_1	prpE	5
GCA_041557855_1	pta	8
GCA_041557855_1	qmoA	1
GCA_041557855_1	qmoB	1
GCA_041557855_1	sat	4
GCA_041557855_1	sbp	2
GCA_041557855_1	sgpB	2
GCA_041557855_1	sgpC	1
GCA_041557855_1	sir	1
GCA_041557855_1	slcC	2
GCA_041557855_1	slcD	3
GCA_041557855_1	soeA	1
GCA_041557855_1	sorA	1
GCA_041557855_1	sorB	1
GCA_041557855_1	soxA	1
GCA_041557855_1	soxB	2
GCA_041557855_1	soxC	2
GCA_041557855_1	soxD	3
GCA_041557855_1	soxX	2
GCA_041557855_1	soxY	1
GCA_041557855_1	soxZ	2
GCA_041557855_1	ssuA	5
GCA_041557855_1	ssuB	11
GCA_041557855_1	ssuC	7
GCA_041557855_1	ssuD	6
GCA_041557855_1	sudA	2
GCA_041557855_1	sulP	6
GCA_041557855_1	suyA	1
GCA_041557855_1	tauA	1
GCA_041557855_1	tauB	4
GCA_041557855_1	tauC	1
GCA_041557855_1	tauD	1
GCA_041557855_1	tauX	1
GCA_041557855_1	tauY	2
GCA_041557855_1	tpa	4
GCA_041557855_1	tsdA	2
GCA_041557855_1	ttrA	4
GCA_041557855_1	tusA	4
GCA_041557855_1	tusB	3
GCA_041557855_1	xsc	3
GCA_041622895_1	acuI	6
GCA_041622895_1	aprA	3
GCA_041622895_1	aprB	1
GCA_041622895_1	asrA	2
GCA_041622895_1	asrB	3
GCA_041622895_1	asrC	4
GCA_041622895_1	betA	8
GCA_041622895_1	betB	7
GCA_041622895_1	betC	1
GCA_041622895_1	comB	4
GCA_041622895_1	comE	2
GCA_041622895_1	cysA	6
GCA_041622895_1	cysC	21
GCA_041622895_1	cysD	1
GCA_041622895_1	cysE	6
GCA_041622895_1	cysH	3
GCA_041622895_1	cysI	3
GCA_041622895_1	cysJ	12
GCA_041622895_1	cysK	18
GCA_041622895_1	cysM	9
GCA_041622895_1	cysN	9
GCA_041622895_1	cysN_cysC	7
GCA_041622895_1	cysP	3
GCA_041622895_1	cysQ	1
GCA_041622895_1	cysU	9
GCA_041622895_1	cysZ	1
GCA_041622895_1	dddP	2
GCA_041622895_1	dddT	1
GCA_041622895_1	dmdA	1
GCA_041622895_1	dmdB	3
GCA_041622895_1	dmdC	5
GCA_041622895_1	dmdD	1
GCA_041622895_1	dmsA	18
GCA_041622895_1	dmsB	7
GCA_041622895_1	dmsC	3
GCA_041622895_1	dsrA	1
GCA_041622895_1	dsrB	1
GCA_041622895_1	dsrC	1
GCA_041622895_1	dsrD	1
GCA_041622895_1	dsrJ	1
GCA_041622895_1	dsrK	2
GCA_041622895_1	dsrM	1
GCA_041622895_1	dsrN	2
GCA_041622895_1	dsrP	1
GCA_041622895_1	dsyB	3
GCA_041622895_1	gdh	2
GCA_041622895_1	glpE	16
GCA_041622895_1	hdrA1	2
GCA_041622895_1	hdrA2	1
GCA_041622895_1	hdrC2	1
GCA_041622895_1	hdrD	5
GCA_041622895_1	hpsK	2
GCA_041622895_1	hpsM	1
GCA_041622895_1	hpsN	1
GCA_041622895_1	hpsO	1
GCA_041622895_1	hpsP	2
GCA_041622895_1	hydD	1
GCA_041622895_1	iseM	3
GCA_041622895_1	isfD	4
GCA_041622895_1	mddA	1
GCA_041622895_1	mdh	13
GCA_041622895_1	metB	1
GCA_041622895_1	metC	8
GCA_041622895_1	metX	2
GCA_041622895_1	metY	3
GCA_041622895_1	metZ	2
GCA_041622895_1	mtsB	2
GCA_041622895_1	nrnA	6
GCA_041622895_1	otr	1
GCA_041622895_1	phsA	1
GCA_041622895_1	prpE	3
GCA_041622895_1	psrA	1
GCA_041622895_1	pta	16
GCA_041622895_1	qmoA	1
GCA_041622895_1	qmoB	1
GCA_041622895_1	qmoC	1
GCA_041622895_1	sat	4
GCA_041622895_1	sbp	1
GCA_041622895_1	sgpB	2
GCA_041622895_1	sgpC	1
GCA_041622895_1	shyA	2
GCA_041622895_1	sir	6
GCA_041622895_1	slcC	1
GCA_041622895_1	slcD	1
GCA_041622895_1	soxB	3
GCA_041622895_1	soxC	3
GCA_041622895_1	soxY	2
GCA_041622895_1	soxZ	2
GCA_041622895_1	sqdB	1
GCA_041622895_1	sqdX	6
GCA_041622895_1	ssuA	30
GCA_041622895_1	ssuB	15
GCA_041622895_1	ssuC	8
GCA_041622895_1	ssuD	2
GCA_041622895_1	ssuE	3
GCA_041622895_1	sudA	12
GCA_041622895_1	sudB	2
GCA_041622895_1	sulP	15
GCA_041622895_1	tauA	4
GCA_041622895_1	tauB	5
GCA_041622895_1	tauC	1
GCA_041622895_1	tauD	2
GCA_041622895_1	tsdA	1
GCA_041622895_1	ttrA	1
GCA_041622895_1	ttrB	4
GCA_041622895_1	ttrC	1
GCA_041622895_1	tusA	4
GCA_041622895_1	tusB	2
GCA_041622895_1	tusE	4
GCA_041622895_1	xsc	1
GCA_041623475_1	acuI	9
GCA_041623475_1	aprA	1
GCA_041623475_1	betA	13
GCA_041623475_1	betB	12
GCA_041623475_1	betC	4
GCA_041623475_1	comB	1
GCA_041623475_1	cuyA	2
GCA_041623475_1	cysA	3
GCA_041623475_1	cysC	18
GCA_041623475_1	cysD	4
GCA_041623475_1	cysE	7
GCA_041623475_1	cysH	1
GCA_041623475_1	cysJ	14
GCA_041623475_1	cysK	11
GCA_041623475_1	cysM	10
GCA_041623475_1	cysN	3
GCA_041623475_1	cysN_cysC	4
GCA_041623475_1	cysP	3
GCA_041623475_1	cysQ	2
GCA_041623475_1	cysU	1
GCA_041623475_1	cysW	3
GCA_041623475_1	cysZ	2
GCA_041623475_1	dddP	1
GCA_041623475_1	dmdA	1
GCA_041623475_1	dmdB	10
GCA_041623475_1	dmdC	24
GCA_041623475_1	dmdD	5
GCA_041623475_1	dmsA	8
GCA_041623475_1	dmsB	1
GCA_041623475_1	dmsC	3
GCA_041623475_1	dsrA	1
GCA_041623475_1	dsrP	1
GCA_041623475_1	dsyB	1
GCA_041623475_1	fccB	1
GCA_041623475_1	gdh	1
GCA_041623475_1	glpE	12
GCA_041623475_1	hdrD	1
GCA_041623475_1	hpsM	1
GCA_041623475_1	hpsN	1
GCA_041623475_1	hpsP	1
GCA_041623475_1	iseM	1
GCA_041623475_1	isfD	8
GCA_041623475_1	mdh	15
GCA_041623475_1	metB	4
GCA_041623475_1	metC	5
GCA_041623475_1	metX	4
GCA_041623475_1	metZ	2
GCA_041623475_1	nrnA	3
GCA_041623475_1	prpE	5
GCA_041623475_1	psrA	1
GCA_041623475_1	pta	7
GCA_041623475_1	qmoB	1
GCA_041623475_1	sat	4
GCA_041623475_1	sbp	1
GCA_041623475_1	sfnG	1
GCA_041623475_1	sgpB	2
GCA_041623475_1	sir	5
GCA_041623475_1	slcC	3
GCA_041623475_1	soxB	1
GCA_041623475_1	soxC	1
GCA_041623475_1	soxX	1
GCA_041623475_1	soxY	1
GCA_041623475_1	soxZ	1
GCA_041623475_1	sqdB	2
GCA_041623475_1	sqdX	7
GCA_041623475_1	ssuA	5
GCA_041623475_1	ssuB	9
GCA_041623475_1	ssuC	8
GCA_041623475_1	ssuD	10
GCA_041623475_1	ssuE	1
GCA_041623475_1	sudA	3
GCA_041623475_1	sulP	10
GCA_041623475_1	tauB	2
GCA_041623475_1	tpa	3
GCA_041623475_1	tsdB	1
GCA_041623475_1	ttrA	3
GCA_041623475_1	ttrB	1
GCA_041623475_1	tusA	4
GCA_041623475_1	tusD	1
GCA_041623475_1	xsc	2
GCA_041623475_1	yihQ	2
GCA_041640455_1	asrA	1
GCA_041640455_1	asrB	1
GCA_041640455_1	asrC	1
GCA_041640455_1	betA	2
GCA_041640455_1	betB	3
GCA_041640455_1	comB	1
GCA_041640455_1	cuyA	1
GCA_041640455_1	cysA	7
GCA_041640455_1	cysC	8
GCA_041640455_1	cysD	1
GCA_041640455_1	cysE	3
GCA_041640455_1	cysH	1
GCA_041640455_1	cysI	1
GCA_041640455_1	cysJ	4
GCA_041640455_1	cysK	10
GCA_041640455_1	cysM	7
GCA_041640455_1	cysN	4
GCA_041640455_1	cysN_cysC	5
GCA_041640455_1	cysP	3
GCA_041640455_1	cysU	7
GCA_041640455_1	cysW	1
GCA_041640455_1	dddP	2
GCA_041640455_1	dmdB	4
GCA_041640455_1	dmdC	5
GCA_041640455_1	dmdD	2
GCA_041640455_1	dmsA	11
GCA_041640455_1	dmsB	5
GCA_041640455_1	dmsC	1
GCA_041640455_1	dsrA	2
GCA_041640455_1	dsrN	1
GCA_041640455_1	dsrP	1
GCA_041640455_1	dsyB	1
GCA_041640455_1	fccB	1
GCA_041640455_1	glpE	6
GCA_041640455_1	hdrA1	1
GCA_041640455_1	hdrA2	3
GCA_041640455_1	hdrB1	1
GCA_041640455_1	hdrB2	2
GCA_041640455_1	hdrC2	2
GCA_041640455_1	hdrD	2
GCA_041640455_1	hydA	1
GCA_041640455_1	hydD	1
GCA_041640455_1	iseM	1
GCA_041640455_1	mccB	2
GCA_041640455_1	mdh	10
GCA_041640455_1	metC	3
GCA_041640455_1	metX	2
GCA_041640455_1	metY	2
GCA_041640455_1	metZ	2
GCA_041640455_1	nrnA	3
GCA_041640455_1	otr	1
GCA_041640455_1	phsA	3
GCA_041640455_1	prpE	3
GCA_041640455_1	psrC	1
GCA_041640455_1	pta	3
GCA_041640455_1	sat	5
GCA_041640455_1	sir	1
GCA_041640455_1	slcC	1
GCA_041640455_1	soxC	1
GCA_041640455_1	sqdB	1
GCA_041640455_1	sqdX	1
GCA_041640455_1	ssuA	13
GCA_041640455_1	ssuB	10
GCA_041640455_1	ssuC	1
GCA_041640455_1	ssuD	2
GCA_041640455_1	sudA	3
GCA_041640455_1	sulP	6
GCA_041640455_1	tauA	3
GCA_041640455_1	tauB	3
GCA_041640455_1	tauC	1
GCA_041640455_1	tauD	3
GCA_041640455_1	tpa	2
GCA_041640455_1	tsdA	2
GCA_041640455_1	ttrA	1
GCA_041640455_1	ttrB	3
GCA_041640455_1	ttrC	1
GCA_041640455_1	tusA	3
GCA_041640455_1	tusB	1
GCA_041640455_1	tusD	1
GCA_041640455_1	xsc	1
GCA_041640755_1	aprA	3
GCA_041640755_1	aprB	1
GCA_041640755_1	asrB	1
GCA_041640755_1	betA	2
GCA_041640755_1	betB	3
GCA_041640755_1	comB	1
GCA_041640755_1	cysA	4
GCA_041640755_1	cysC	11
GCA_041640755_1	cysD	3
GCA_041640755_1	cysE	1
GCA_041640755_1	cysJ	3
GCA_041640755_1	cysK	8
GCA_041640755_1	cysM	7
GCA_041640755_1	cysN	3
GCA_041640755_1	cysN_cysC	6
GCA_041640755_1	cysQ	2
GCA_041640755_1	cysU	7
GCA_041640755_1	cysW	2
GCA_041640755_1	cysZ	1
GCA_041640755_1	dddP	1
GCA_041640755_1	dmdC	2
GCA_041640755_1	dmsA	8
GCA_041640755_1	dmsB	4
GCA_041640755_1	dmsC	1
GCA_041640755_1	dsrA	1
GCA_041640755_1	dsrB	2
GCA_041640755_1	dsrK	2
GCA_041640755_1	dsrM	1
GCA_041640755_1	dsrN	1
GCA_041640755_1	dsrT	1
GCA_041640755_1	glpE	4
GCA_041640755_1	hdrA1	1
GCA_041640755_1	hdrA2	2
GCA_041640755_1	hdrB1	1
GCA_041640755_1	hdrC2	2
GCA_041640755_1	hdrD	2
GCA_041640755_1	hpsM	1
GCA_041640755_1	hpsP	3
GCA_041640755_1	hydD	1
GCA_041640755_1	mccB	1
GCA_041640755_1	mdh	11
GCA_041640755_1	metB	1
GCA_041640755_1	metC	5
GCA_041640755_1	metZ	2
GCA_041640755_1	nrnA	2
GCA_041640755_1	phsA	2
GCA_041640755_1	prpE	3
GCA_041640755_1	pta	6
GCA_041640755_1	qmoA	1
GCA_041640755_1	qmoB	1
GCA_041640755_1	qmoC	1
GCA_041640755_1	sat	3
GCA_041640755_1	sbp	1
GCA_041640755_1	sgpB	2
GCA_041640755_1	shyA	1
GCA_041640755_1	shyB	1
GCA_041640755_1	shyD	1
GCA_041640755_1	slcC	1
GCA_041640755_1	soxX	1
GCA_041640755_1	sqdB	1
GCA_041640755_1	sqdX	6
GCA_041640755_1	ssuA	10
GCA_041640755_1	ssuB	5
GCA_041640755_1	ssuC	1
GCA_041640755_1	ssuD	1
GCA_041640755_1	sudA	2
GCA_041640755_1	sulP	4
GCA_041640755_1	tauA	2
GCA_041640755_1	tauB	3
GCA_041640755_1	tauD	4
GCA_041640755_1	tpa	2
GCA_041640755_1	ttrA	2
GCA_041640755_1	ttrB	4
GCA_041640755_1	tusA	2
GCA_041640755_1	tusB	1
GCA_041640755_1	tusE	2
GCA_041640755_1	xsc	1
GCA_041651035_1	asrC	1
GCA_041651035_1	betA	4
GCA_041651035_1	betB	1
GCA_041651035_1	cuyA	1
GCA_041651035_1	cysA	5
GCA_041651035_1	cysC	5
GCA_041651035_1	cysD	2
GCA_041651035_1	cysE	2
GCA_041651035_1	cysI	2
GCA_041651035_1	cysJ	3
GCA_041651035_1	cysK	9
GCA_041651035_1	cysM	3
GCA_041651035_1	cysN	2
GCA_041651035_1	cysN_cysC	4
GCA_041651035_1	cysQ	1
GCA_041651035_1	cysU	2
GCA_041651035_1	cysW	2
GCA_041651035_1	dddP	1
GCA_041651035_1	dmdB	2
GCA_041651035_1	dmdC	2
GCA_041651035_1	dmsA	5
GCA_041651035_1	dmsB	1
GCA_041651035_1	dmsC	1
GCA_041651035_1	dsrA	1
GCA_041651035_1	fccB	1
GCA_041651035_1	gdh	1
GCA_041651035_1	glpE	3
GCA_041651035_1	mdh	12
GCA_041651035_1	metA	1
GCA_041651035_1	metB	3
GCA_041651035_1	metC	1
GCA_041651035_1	metZ	2
GCA_041651035_1	msmA	1
GCA_041651035_1	nrnA	4
GCA_041651035_1	pta	4
GCA_041651035_1	sat	2
GCA_041651035_1	sgpB	1
GCA_041651035_1	shyC	1
GCA_041651035_1	slcC	1
GCA_041651035_1	soxX	1
GCA_041651035_1	sqdB	1
GCA_041651035_1	sqdX	9
GCA_041651035_1	ssuB	4
GCA_041651035_1	ssuC	2
GCA_041651035_1	ssuD	2
GCA_041651035_1	sudA	5
GCA_041651035_1	sudB	2
GCA_041651035_1	tauA	1
GCA_041651035_1	tauB	2
GCA_041651035_1	tauD	1
GCA_041651035_1	tpa	2
GCA_041651035_1	tsdA	1
GCA_041651035_1	ttrA	2
GCA_041651035_1	ttrB	2
GCA_041651035_1	tusD	1
GCA_041651035_1	xsc	1
GCA_041662325_1	acuI	11
GCA_041662325_1	asrA	1
GCA_041662325_1	betA	5
GCA_041662325_1	betB	2
GCA_041662325_1	betC	1
GCA_041662325_1	cuyA	2
GCA_041662325_1	cysA	5
GCA_041662325_1	cysC	8
GCA_041662325_1	cysD	1
GCA_041662325_1	cysE	4
GCA_041662325_1	cysH	2
GCA_041662325_1	cysI	3
GCA_041662325_1	cysJ	3
GCA_041662325_1	cysK	10
GCA_041662325_1	cysM	4
GCA_041662325_1	cysN	4
GCA_041662325_1	cysN_cysC	5
GCA_041662325_1	cysP	1
GCA_041662325_1	cysQ	1
GCA_041662325_1	cysU	4
GCA_041662325_1	dddP	1
GCA_041662325_1	dmsA	6
GCA_041662325_1	dmsC	2
GCA_041662325_1	dsrA	1
GCA_041662325_1	dsrD	1
GCA_041662325_1	dsrN	1
GCA_041662325_1	fccA	3
GCA_041662325_1	fccB	2
GCA_041662325_1	gdh	1
GCA_041662325_1	glpE	8
GCA_041662325_1	hdrB2	1
GCA_041662325_1	hdrD	1
GCA_041662325_1	hpsN	1
GCA_041662325_1	iseK	1
GCA_041662325_1	isfD	1
GCA_041662325_1	mddA	1
GCA_041662325_1	mdh	10
GCA_041662325_1	metB	3
GCA_041662325_1	metC	10
GCA_041662325_1	metX	1
GCA_041662325_1	metY	2
GCA_041662325_1	metZ	3
GCA_041662325_1	nrnA	3
GCA_041662325_1	prpE	2
GCA_041662325_1	psrA	1
GCA_041662325_1	pta	7
GCA_041662325_1	sat	4
GCA_041662325_1	sbp	3
GCA_041662325_1	sgpB	3
GCA_041662325_1	sir	7
GCA_041662325_1	slcC	3
GCA_041662325_1	soxB	1
GCA_041662325_1	soxC	1
GCA_041662325_1	soxD	1
GCA_041662325_1	soxY	1
GCA_041662325_1	soxZ	1
GCA_041662325_1	sqdB	2
GCA_041662325_1	sqdX	4
GCA_041662325_1	sqr	3
GCA_041662325_1	ssuA	4
GCA_041662325_1	ssuB	9
GCA_041662325_1	ssuC	2
GCA_041662325_1	ssuD	2
GCA_041662325_1	ssuE	1
GCA_041662325_1	sudA	3
GCA_041662325_1	sulP	16
GCA_041662325_1	tauB	4
GCA_041662325_1	tauZ	1
GCA_041662325_1	tsdA	2
GCA_041662325_1	tsdB	1
GCA_041662325_1	ttrB	1
GCA_041662325_1	ttrC	1
GCA_041662325_1	tusA	1
GCA_041662325_1	tusD	2
GCA_041662325_1	xsc	1
GCA_041665245_1	asrA	1
GCA_041665245_1	asrB	1
GCA_041665245_1	betA	6
GCA_041665245_1	betB	1
GCA_041665245_1	cuyA	1
GCA_041665245_1	cysA	5
GCA_041665245_1	cysC	4
GCA_041665245_1	cysD	1
GCA_041665245_1	cysE	4
GCA_041665245_1	cysH	1
GCA_041665245_1	cysJ	5
GCA_041665245_1	cysK	13
GCA_041665245_1	cysM	4
GCA_041665245_1	cysN_cysC	3
GCA_041665245_1	cysP	1
GCA_041665245_1	cysU	4
GCA_041665245_1	dddP	1
GCA_041665245_1	dmdA	1
GCA_041665245_1	dmdC	1
GCA_041665245_1	dmsA	6
GCA_041665245_1	dmsB	1
GCA_041665245_1	dmsC	1
GCA_041665245_1	dsrA	1
GCA_041665245_1	gdh	2
GCA_041665245_1	glpE	2
GCA_041665245_1	hpsN	1
GCA_041665245_1	mdh	10
GCA_041665245_1	metB	3
GCA_041665245_1	metC	3
GCA_041665245_1	metX	2
GCA_041665245_1	metY	1
GCA_041665245_1	metZ	1
GCA_041665245_1	mtsB	1
GCA_041665245_1	nrnA	3
GCA_041665245_1	pta	2
GCA_041665245_1	sat	1
GCA_041665245_1	shyD	1
GCA_041665245_1	sir	2
GCA_041665245_1	slcC	1
GCA_041665245_1	soxA	1
GCA_041665245_1	soxX	1
GCA_041665245_1	sqdX	6
GCA_041665245_1	ssuA	4
GCA_041665245_1	ssuB	3
GCA_041665245_1	ssuC	3
GCA_041665245_1	ssuD	2
GCA_041665245_1	ssuE	1
GCA_041665245_1	sudA	2
GCA_041665245_1	sulP	4
GCA_041665245_1	tauB	3
GCA_041665245_1	tpa	2
GCA_041665245_1	tsdA	1
GCA_041665245_1	ttrA	1
GCA_041665245_1	ttrB	1
GCA_041665245_1	xsc	1
GCA_041675285_1	acuI	2
GCA_041675285_1	aprA	1
GCA_041675285_1	betA	5
GCA_041675285_1	betB	6
GCA_041675285_1	comB	1
GCA_041675285_1	cuyA	1
GCA_041675285_1	cysA	8
GCA_041675285_1	cysC	11
GCA_041675285_1	cysD	4
GCA_041675285_1	cysE	4
GCA_041675285_1	cysH	2
GCA_041675285_1	cysI	1
GCA_041675285_1	cysJ	7
GCA_041675285_1	cysK	13
GCA_041675285_1	cysM	7
GCA_041675285_1	cysN	7
GCA_041675285_1	cysN_cysC	6
GCA_041675285_1	cysQ	1
GCA_041675285_1	cysU	8
GCA_041675285_1	cysW	1
GCA_041675285_1	dddP	3
GCA_041675285_1	dmdA	1
GCA_041675285_1	dmdB	4
GCA_041675285_1	dmdC	4
GCA_041675285_1	dmdD	2
GCA_041675285_1	dmsA	8
GCA_041675285_1	dmsB	1
GCA_041675285_1	dmsC	2
GCA_041675285_1	dsrA	1
GCA_041675285_1	gdh	2
GCA_041675285_1	glpE	7
GCA_041675285_1	hdrA1	1
GCA_041675285_1	hdrA2	2
GCA_041675285_1	hdrD	2
GCA_041675285_1	hydD	1
GCA_041675285_1	iseM	1
GCA_041675285_1	isfD	1
GCA_041675285_1	mdh	10
GCA_041675285_1	metB	4
GCA_041675285_1	metC	9
GCA_041675285_1	metY	1
GCA_041675285_1	metZ	2
GCA_041675285_1	nrnA	4
GCA_041675285_1	otr	2
GCA_041675285_1	phsA	1
GCA_041675285_1	phsC	1
GCA_041675285_1	prpE	2
GCA_041675285_1	pta	9
GCA_041675285_1	qmoC	1
GCA_041675285_1	rdlA	1
GCA_041675285_1	sat	4
GCA_041675285_1	sgpB	1
GCA_041675285_1	sgpC	1
GCA_041675285_1	shyC	1
GCA_041675285_1	sir	1
GCA_041675285_1	slcC	1
GCA_041675285_1	soxB	2
GCA_041675285_1	soxD	1
GCA_041675285_1	soxX	2
GCA_041675285_1	sqdB	2
GCA_041675285_1	sqdX	8
GCA_041675285_1	sqr	1
GCA_041675285_1	ssuA	16
GCA_041675285_1	ssuB	6
GCA_041675285_1	ssuC	4
GCA_041675285_1	ssuD	2
GCA_041675285_1	ssuE	1
GCA_041675285_1	sudA	7
GCA_041675285_1	sudB	1
GCA_041675285_1	sulP	3
GCA_041675285_1	tauA	1
GCA_041675285_1	tauB	5
GCA_041675285_1	tauD	1
GCA_041675285_1	tbuC	1
GCA_041675285_1	ttrB	3
GCA_041675285_1	tusA	1
GCA_041675285_1	tusB	1
GCA_041675285_1	tusD	1
GCA_041690355_1	acuI	10
GCA_041690355_1	aprA	2
GCA_041690355_1	asrA	1
GCA_041690355_1	asrB	1
GCA_041690355_1	betA	8
GCA_041690355_1	betB	12
GCA_041690355_1	betC	1
GCA_041690355_1	comB	1
GCA_041690355_1	comE	1
GCA_041690355_1	cuyA	2
GCA_041690355_1	cysA	6
GCA_041690355_1	cysC	16
GCA_041690355_1	cysD	8
GCA_041690355_1	cysE	7
GCA_041690355_1	cysH	2
GCA_041690355_1	cysI	1
GCA_041690355_1	cysJ	3
GCA_041690355_1	cysK	17
GCA_041690355_1	cysM	9
GCA_041690355_1	cysN	7
GCA_041690355_1	cysN_cysC	5
GCA_041690355_1	cysP	4
GCA_041690355_1	cysQ	4
GCA_041690355_1	cysU	8
GCA_041690355_1	cysW	1
GCA_041690355_1	cysZ	2
GCA_041690355_1	dddP	2
GCA_041690355_1	dmdA	1
GCA_041690355_1	dmdB	5
GCA_041690355_1	dmdC	23
GCA_041690355_1	dmdD	7
GCA_041690355_1	dmsA	10
GCA_041690355_1	dmsC	2
GCA_041690355_1	dsrA	1
GCA_041690355_1	dsrP	1
GCA_041690355_1	dsyB	3
GCA_041690355_1	gdh	2
GCA_041690355_1	glpE	18
GCA_041690355_1	hdrD	2
GCA_041690355_1	hpsM	1
GCA_041690355_1	hpsN	2
GCA_041690355_1	hpsP	2
GCA_041690355_1	iseM	1
GCA_041690355_1	isfD	11
GCA_041690355_1	mdh	21
GCA_041690355_1	metA	1
GCA_041690355_1	metB	6
GCA_041690355_1	metC	8
GCA_041690355_1	metX	5
GCA_041690355_1	metY	2
GCA_041690355_1	metZ	4
GCA_041690355_1	nrnA	4
GCA_041690355_1	otr	2
GCA_041690355_1	prpE	2
GCA_041690355_1	pta	15
GCA_041690355_1	sat	4
GCA_041690355_1	sgpB	2
GCA_041690355_1	shyC	2
GCA_041690355_1	sir	3
GCA_041690355_1	slcC	1
GCA_041690355_1	slcD	1
GCA_041690355_1	soxB	4
GCA_041690355_1	soxC	2
GCA_041690355_1	soxX	3
GCA_041690355_1	soxY	1
GCA_041690355_1	sqdB	2
GCA_041690355_1	sqdX	9
GCA_041690355_1	sqr	1
GCA_041690355_1	ssuA	12
GCA_041690355_1	ssuB	16
GCA_041690355_1	ssuC	7
GCA_041690355_1	ssuD	5
GCA_041690355_1	ssuE	3
GCA_041690355_1	sudA	4
GCA_041690355_1	sulP	7
GCA_041690355_1	tauA	1
GCA_041690355_1	tauB	5
GCA_041690355_1	tbuC	1
GCA_041690355_1	tmoC	1
GCA_041690355_1	toa	1
GCA_041690355_1	tpa	2
GCA_041690355_1	tsdA	5
GCA_041690355_1	tsdB	1
GCA_041690355_1	ttrA	3
GCA_041690355_1	ttrB	1
GCA_041690355_1	tusA	2
GCA_041690355_1	tusB	1
GCA_041690355_1	tusD	3
GCA_041690355_1	xsc	2
GCA_041690355_1	yihQ	1
GCA_042570605_1	acuI	3
GCA_042570605_1	betA	2
GCA_042570605_1	betB	9
GCA_042570605_1	betC	11
GCA_042570605_1	comB	1
GCA_042570605_1	comE	1
GCA_042570605_1	cysA	4
GCA_042570605_1	cysC	9
GCA_042570605_1	cysD	3
GCA_042570605_1	cysE	3
GCA_042570605_1	cysI	3
GCA_042570605_1	cysJ	6
GCA_042570605_1	cysK	9
GCA_042570605_1	cysM	3
GCA_042570605_1	cysN	5
GCA_042570605_1	cysN_cysC	3
GCA_042570605_1	cysQ	1
GCA_042570605_1	cysU	4
GCA_042570605_1	cysW	1
GCA_042570605_1	dddP	2
GCA_042570605_1	dmdA	1
GCA_042570605_1	dmdB	1
GCA_042570605_1	dmdC	3
GCA_042570605_1	dmsA	9
GCA_042570605_1	dmsB	3
GCA_042570605_1	dmsC	2
GCA_042570605_1	dsrA	1
GCA_042570605_1	dsyB	1
GCA_042570605_1	gdh	3
GCA_042570605_1	glpE	1
GCA_042570605_1	hdrA1	3
GCA_042570605_1	hdrA2	3
GCA_042570605_1	hdrD	3
GCA_042570605_1	hpsO	1
GCA_042570605_1	hpsP	3
GCA_042570605_1	hydD	2
GCA_042570605_1	iseM	1
GCA_042570605_1	isfD	1
GCA_042570605_1	mccB	1
GCA_042570605_1	mddA	2
GCA_042570605_1	mdh	7
GCA_042570605_1	metA	1
GCA_042570605_1	metB	2
GCA_042570605_1	metC	3
GCA_042570605_1	metX	2
GCA_042570605_1	metY	2
GCA_042570605_1	metZ	5
GCA_042570605_1	mtsA	1
GCA_042570605_1	mtsB	1
GCA_042570605_1	prpE	1
GCA_042570605_1	pta	6
GCA_042570605_1	sat	2
GCA_042570605_1	sbp	1
GCA_042570605_1	sgpB	1
GCA_042570605_1	shyA	2
GCA_042570605_1	sir	1
GCA_042570605_1	soxX	1
GCA_042570605_1	sqdB	2
GCA_042570605_1	sqdX	8
GCA_042570605_1	ssuA	13
GCA_042570605_1	ssuB	5
GCA_042570605_1	ssuC	3
GCA_042570605_1	ssuD	2
GCA_042570605_1	sudA	6
GCA_042570605_1	sudB	2
GCA_042570605_1	sulP	4
GCA_042570605_1	tauA	1
GCA_042570605_1	tauB	2
GCA_042570605_1	tauD	2
GCA_042570605_1	tusB	2
GCA_042570605_1	tusD	1
GCA_042570605_1	yihQ	1
GCA_043800495_1	betA	1
GCA_043800495_1	comB	1
GCA_043800495_1	cysA	1
GCA_043800495_1	cysC	3
GCA_043800495_1	cysE	2
GCA_043800495_1	cysJ	1
GCA_043800495_1	cysK	1
GCA_043800495_1	cysU	1
GCA_043800495_1	dsyB	1
GCA_043800495_1	gdh	1
GCA_043800495_1	glpE	2
GCA_043800495_1	mdh	1
GCA_043800495_1	metC	1
GCA_043800495_1	metX	2
GCA_043800495_1	metZ	1
GCA_043800495_1	nrnA	1
GCA_043800495_1	pta	1
GCA_043800495_1	sir	1
GCA_043800495_1	slcC	1
GCA_043800495_1	sqdX	2
GCA_043800495_1	ssuB	1
GCA_043800495_1	ttrA	1
GCA_043803085_1	acuI	1
GCA_043803085_1	aprA	1
GCA_043803085_1	asrB	2
GCA_043803085_1	asrC	3
GCA_043803085_1	betA	4
GCA_043803085_1	betB	6
GCA_043803085_1	betC	16
GCA_043803085_1	comB	4
GCA_043803085_1	comE	2
GCA_043803085_1	cuyA	1
GCA_043803085_1	cysA	6
GCA_043803085_1	cysC	14
GCA_043803085_1	cysD	5
GCA_043803085_1	cysE	3
GCA_043803085_1	cysI	5
GCA_043803085_1	cysJ	10
GCA_043803085_1	cysK	11
GCA_043803085_1	cysM	4
GCA_043803085_1	cysN	2
GCA_043803085_1	cysN_cysC	4
GCA_043803085_1	cysQ	9
GCA_043803085_1	cysU	4
GCA_043803085_1	cysW	1
GCA_043803085_1	dddP	1
GCA_043803085_1	dmdA	1
GCA_043803085_1	dmdB	1
GCA_043803085_1	dmdC	4
GCA_043803085_1	dmsA	10
GCA_043803085_1	dmsB	2
GCA_043803085_1	dmsC	1
GCA_043803085_1	dsrA	1
GCA_043803085_1	dsrD	1
GCA_043803085_1	dsyB	1
GCA_043803085_1	fccB	1
GCA_043803085_1	gdh	1
GCA_043803085_1	glpE	4
GCA_043803085_1	hdrA1	4
GCA_043803085_1	hdrA2	2
GCA_043803085_1	hdrC2	1
GCA_043803085_1	hdrD	2
GCA_043803085_1	hpsM	1
GCA_043803085_1	hpsP	6
GCA_043803085_1	mdh	9
GCA_043803085_1	metB	3
GCA_043803085_1	metC	9
GCA_043803085_1	metY	1
GCA_043803085_1	metZ	3
GCA_043803085_1	mtsB	2
GCA_043803085_1	nrnA	4
GCA_043803085_1	otr	2
GCA_043803085_1	prpE	4
GCA_043803085_1	psrC	1
GCA_043803085_1	pta	5
GCA_043803085_1	sat	4
GCA_043803085_1	sbp	2
GCA_043803085_1	shyA	1
GCA_043803085_1	shyD	1
GCA_043803085_1	sir	2
GCA_043803085_1	slcC	3
GCA_043803085_1	soeA	1
GCA_043803085_1	soxX	2
GCA_043803085_1	sqdX	11
GCA_043803085_1	ssuA	10
GCA_043803085_1	ssuB	7
GCA_043803085_1	ssuC	2
GCA_043803085_1	ssuD	3
GCA_043803085_1	sudA	7
GCA_043803085_1	sudB	4
GCA_043803085_1	sulP	1
GCA_043803085_1	tauA	2
GCA_043803085_1	tauB	2
GCA_043803085_1	tauD	2
GCA_043803085_1	tmoC	1
GCA_043803085_1	tpa	2
GCA_043803085_1	ttrB	3
GCA_043803085_1	tusB	2
GCA_043803085_1	tusD	1
GCA_043803085_1	yihQ	1
GCA_043805675_1	betB	1
GCA_043805675_1	comB	1
GCA_043805675_1	cysA	1
GCA_043805675_1	cysC	7
GCA_043805675_1	cysD	2
GCA_043805675_1	cysE	2
GCA_043805675_1	cysK	4
GCA_043805675_1	cysM	1
GCA_043805675_1	cysN	3
GCA_043805675_1	cysU	2
GCA_043805675_1	gdh	1
GCA_043805675_1	glpE	4
GCA_043805675_1	hdrD	1
GCA_043805675_1	hpsP	1
GCA_043805675_1	mdh	9
GCA_043805675_1	metB	2
GCA_043805675_1	metC	1
GCA_043805675_1	metX	2
GCA_043805675_1	metZ	2
GCA_043805675_1	nrnA	1
GCA_043805675_1	pta	3
GCA_043805675_1	sat	3
GCA_043805675_1	shyC	1
GCA_043805675_1	sqdX	3
GCA_043805675_1	ssuB	3
GCA_043805675_1	ssuD	2
GCA_043805675_1	ssuE	2
GCA_043805675_1	sudA	1
GCA_043805675_1	sulP	1
GCA_043805675_1	tauD	1
GCA_043805675_1	xsc	1
GCA_043817485_1	asrB	1
GCA_043817485_1	betA	5
GCA_043817485_1	betB	1
GCA_043817485_1	betC	2
GCA_043817485_1	cuyA	1
GCA_043817485_1	cysA	1
GCA_043817485_1	cysC	10
GCA_043817485_1	cysE	7
GCA_043817485_1	cysI	1
GCA_043817485_1	cysJ	5
GCA_043817485_1	cysK	4
GCA_043817485_1	cysM	4
GCA_043817485_1	cysN	1
GCA_043817485_1	cysN_cysC	5
GCA_043817485_1	cysU	5
GCA_043817485_1	cysW	1
GCA_043817485_1	dddP	1
GCA_043817485_1	dmdC	2
GCA_043817485_1	dmsA	2
GCA_043817485_1	dmsB	1
GCA_043817485_1	dmsC	1
GCA_043817485_1	fccB	1
GCA_043817485_1	gdh	1
GCA_043817485_1	hdrA2	1
GCA_043817485_1	hdrD	2
GCA_043817485_1	hpsN	1
GCA_043817485_1	hpsP	2
GCA_043817485_1	hydA	1
GCA_043817485_1	isfD	1
GCA_043817485_1	mdh	4
GCA_043817485_1	metB	5
GCA_043817485_1	metC	2
GCA_043817485_1	metX	1
GCA_043817485_1	metZ	1
GCA_043817485_1	mtsA	1
GCA_043817485_1	mtsB	1
GCA_043817485_1	nrnA	2
GCA_043817485_1	psrC	1
GCA_043817485_1	pta	5
GCA_043817485_1	sat	2
GCA_043817485_1	shyD	1
GCA_043817485_1	slcC	1
GCA_043817485_1	soxA	1
GCA_043817485_1	sqdX	9
GCA_043817485_1	ssuA	1
GCA_043817485_1	ssuB	5
GCA_043817485_1	ssuC	1
GCA_043817485_1	ssuD	2
GCA_043817485_1	sudA	2
GCA_043817485_1	sudB	1
GCA_043817485_1	tauA	1
GCA_043817485_1	tauB	1
GCA_043817485_1	tauZ	1
GCA_043817485_1	tpa	2
GCA_043817485_1	tsdA	1
GCA_043817485_1	ttrA	1
GCA_043817485_1	ttrB	2
GCA_043817485_1	tusB	1
GCA_043817485_1	xsc	1
GCA_043818685_1	acuI	2
GCA_043818685_1	aprA	1
GCA_043818685_1	asrB	1
GCA_043818685_1	betA	4
GCA_043818685_1	betB	3
GCA_043818685_1	betC	24
GCA_043818685_1	comB	1
GCA_043818685_1	comE	1
GCA_043818685_1	cuyA	1
GCA_043818685_1	cysA	3
GCA_043818685_1	cysC	19
GCA_043818685_1	cysD	3
GCA_043818685_1	cysE	6
GCA_043818685_1	cysI	4
GCA_043818685_1	cysJ	5
GCA_043818685_1	cysK	11
GCA_043818685_1	cysM	4
GCA_043818685_1	cysN	3
GCA_043818685_1	cysN_cysC	5
GCA_043818685_1	cysQ	2
GCA_043818685_1	cysU	8
GCA_043818685_1	cysW	1
GCA_043818685_1	cysZ	1
GCA_043818685_1	dddP	1
GCA_043818685_1	dmdA	1
GCA_043818685_1	dmdB	4
GCA_043818685_1	dmdC	4
GCA_043818685_1	dmsA	9
GCA_043818685_1	dmsC	3
GCA_043818685_1	dsrA	2
GCA_043818685_1	dsrC	1
GCA_043818685_1	dsrK	1
GCA_043818685_1	gdh	2
GCA_043818685_1	glpE	10
GCA_043818685_1	hdrA1	2
GCA_043818685_1	hdrA2	1
GCA_043818685_1	hdrD	1
GCA_043818685_1	hpsN	1
GCA_043818685_1	hpsP	4
GCA_043818685_1	hydD	1
GCA_043818685_1	mdh	6
GCA_043818685_1	metC	8
GCA_043818685_1	metX	1
GCA_043818685_1	metZ	5
GCA_043818685_1	mtsB	1
GCA_043818685_1	nrnA	1
GCA_043818685_1	otr	1
GCA_043818685_1	phsC	1
GCA_043818685_1	prpE	1
GCA_043818685_1	pta	6
GCA_043818685_1	sat	3
GCA_043818685_1	sbp	5
GCA_043818685_1	sgpC	1
GCA_043818685_1	shyA	1
GCA_043818685_1	shyB	1
GCA_043818685_1	shyD	1
GCA_043818685_1	sir	1
GCA_043818685_1	soxA	1
GCA_043818685_1	soxB	6
GCA_043818685_1	sqdX	20
GCA_043818685_1	ssuA	21
GCA_043818685_1	ssuB	7
GCA_043818685_1	ssuC	3
GCA_043818685_1	ssuD	5
GCA_043818685_1	ssuE	1
GCA_043818685_1	sudA	4
GCA_043818685_1	sudB	2
GCA_043818685_1	sulP	6
GCA_043818685_1	tauA	1
GCA_043818685_1	tauB	4
GCA_043818685_1	tauC	1
GCA_043818685_1	tauD	4
GCA_043818685_1	tpa	1
GCA_043818685_1	tusA	1
GCA_043818685_1	tusD	1
GCA_043818685_1	yihQ	1
GCA_045615885_1	aprA	1
GCA_045615885_1	betA	6
GCA_045615885_1	betB	1
GCA_045615885_1	betC	2
GCA_045615885_1	comB	1
GCA_045615885_1	cuyA	1
GCA_045615885_1	cysA	5
GCA_045615885_1	cysC	11
GCA_045615885_1	cysD	1
GCA_045615885_1	cysE	11
GCA_045615885_1	cysH	1
GCA_045615885_1	cysI	2
GCA_045615885_1	cysJ	3
GCA_045615885_1	cysK	13
GCA_045615885_1	cysM	6
GCA_045615885_1	cysN	4
GCA_045615885_1	cysN_cysC	9
GCA_045615885_1	cysP	3
GCA_045615885_1	cysQ	1
GCA_045615885_1	cysU	4
GCA_045615885_1	cysW	1
GCA_045615885_1	dmdB	1
GCA_045615885_1	dmdC	1
GCA_045615885_1	dmsA	2
GCA_045615885_1	dmsB	1
GCA_045615885_1	dmsC	2
GCA_045615885_1	dsrB	1
GCA_045615885_1	fccB	1
GCA_045615885_1	gdh	2
GCA_045615885_1	glpE	6
GCA_045615885_1	hpsP	1
GCA_045615885_1	isfD	1
GCA_045615885_1	mccB	1
GCA_045615885_1	mdh	12
GCA_045615885_1	metB	2
GCA_045615885_1	metC	4
GCA_045615885_1	metX	1
GCA_045615885_1	metY	2
GCA_045615885_1	metZ	3
GCA_045615885_1	nrnA	3
GCA_045615885_1	prpE	2
GCA_045615885_1	pta	6
GCA_045615885_1	sat	3
GCA_045615885_1	sbp	1
GCA_045615885_1	sir	1
GCA_045615885_1	slcC	2
GCA_045615885_1	slcD	1
GCA_045615885_1	soxA	1
GCA_045615885_1	sqdB	2
GCA_045615885_1	sqdX	12
GCA_045615885_1	ssuA	3
GCA_045615885_1	ssuB	3
GCA_045615885_1	ssuC	2
GCA_045615885_1	ssuD	3
GCA_045615885_1	sudA	3
GCA_045615885_1	sulP	4
GCA_045615885_1	tauA	2
GCA_045615885_1	tauB	3
GCA_045615885_1	tauZ	1
GCA_045615885_1	tpa	2
GCA_045615885_1	tsdA	1
GCA_045615885_1	tusA	3
GCA_045615885_1	tusD	2
GCA_045615885_1	xsc	1
GCA_045633865_1	aprA	1
GCA_045633865_1	asrC	1
GCA_045633865_1	betA	2
GCA_045633865_1	betB	1
GCA_045633865_1	comB	1
GCA_045633865_1	comE	1
GCA_045633865_1	cuyA	1
GCA_045633865_1	cysA	3
GCA_045633865_1	cysC	9
GCA_045633865_1	cysD	6
GCA_045633865_1	cysE	6
GCA_045633865_1	cysI	1
GCA_045633865_1	cysJ	2
GCA_045633865_1	cysK	9
GCA_045633865_1	cysM	3
GCA_045633865_1	cysN_cysC	5
GCA_045633865_1	cysP	1
GCA_045633865_1	cysU	2
GCA_045633865_1	dddP	1
GCA_045633865_1	dmdB	3
GCA_045633865_1	dmoA	1
GCA_045633865_1	dmsB	1
GCA_045633865_1	dmsC	2
GCA_045633865_1	dsrB	2
GCA_045633865_1	gdh	2
GCA_045633865_1	glpE	5
GCA_045633865_1	hpsN	1
GCA_045633865_1	isfD	1
GCA_045633865_1	mdh	7
GCA_045633865_1	metA	1
GCA_045633865_1	metB	3
GCA_045633865_1	metC	3
GCA_045633865_1	metY	1
GCA_045633865_1	metZ	1
GCA_045633865_1	nrnA	4
GCA_045633865_1	prpE	1
GCA_045633865_1	pta	8
GCA_045633865_1	sat	2
GCA_045633865_1	shyC	2
GCA_045633865_1	sir	1
GCA_045633865_1	slcC	1
GCA_045633865_1	sorA	3
GCA_045633865_1	soxA	1
GCA_045633865_1	sqdX	1
GCA_045633865_1	sqr	1
GCA_045633865_1	ssuA	1
GCA_045633865_1	ssuB	3
GCA_045633865_1	ssuC	1
GCA_045633865_1	ssuD	2
GCA_045633865_1	ssuE	1
GCA_045633865_1	sudA	2
GCA_045633865_1	sudB	1
GCA_045633865_1	sulP	5
GCA_045633865_1	tauB	1
GCA_045633865_1	tauD	1
GCA_045633865_1	tauZ	1
GCA_045633865_1	tpa	1
GCA_045633865_1	tsdA	1
GCA_045633865_1	ttrB	1
GCA_045633865_1	tusB	1
GCA_046095205_1	aprA	2
GCA_046095205_1	betA	5
GCA_046095205_1	betB	2
GCA_046095205_1	betC	47
GCA_046095205_1	cuyA	2
GCA_046095205_1	cysA	2
GCA_046095205_1	cysC	9
GCA_046095205_1	cysD	1
GCA_046095205_1	cysE	6
GCA_046095205_1	cysH	1
GCA_046095205_1	cysI	2
GCA_046095205_1	cysJ	4
GCA_046095205_1	cysK	6
GCA_046095205_1	cysM	3
GCA_046095205_1	cysN_cysC	4
GCA_046095205_1	cysP	1
GCA_046095205_1	cysQ	3
GCA_046095205_1	cysU	3
GCA_046095205_1	dddP	1
GCA_046095205_1	dmdA	2
GCA_046095205_1	dmdB	2
GCA_046095205_1	dmsA	8
GCA_046095205_1	dmsB	1
GCA_046095205_1	dmsC	1
GCA_046095205_1	dsrB	1
GCA_046095205_1	glpE	3
GCA_046095205_1	hdrD	1
GCA_046095205_1	hpsN	1
GCA_046095205_1	hpsP	2
GCA_046095205_1	isfD	2
GCA_046095205_1	mdh	10
GCA_046095205_1	metB	1
GCA_046095205_1	metC	6
GCA_046095205_1	metX	1
GCA_046095205_1	metY	1
GCA_046095205_1	metZ	2
GCA_046095205_1	nrnA	2
GCA_046095205_1	prpE	3
GCA_046095205_1	pta	5
GCA_046095205_1	sat	4
GCA_046095205_1	sir	2
GCA_046095205_1	slcC	1
GCA_046095205_1	sorB	1
GCA_046095205_1	soxX	1
GCA_046095205_1	sqdB	3
GCA_046095205_1	sqdX	2
GCA_046095205_1	ssuA	3
GCA_046095205_1	ssuB	6
GCA_046095205_1	ssuC	4
GCA_046095205_1	ssuD	1
GCA_046095205_1	ssuE	1
GCA_046095205_1	sudA	2
GCA_046095205_1	sulP	6
GCA_046095205_1	tauB	4
GCA_046095205_1	tpa	1
GCA_046095205_1	tsdA	5
GCA_046095205_1	tsdB	1
GCA_046095205_1	ttrA	1
GCA_046095205_1	ttrB	1
GCA_046095205_1	tusA	2
GCA_046095205_1	tusB	1
GCA_046095205_1	tusD	1
GCA_046289735_1	acuI	2
GCA_046289735_1	asrB	1
GCA_046289735_1	asrC	1
GCA_046289735_1	betA	1
GCA_046289735_1	betB	3
GCA_046289735_1	comB	1
GCA_046289735_1	comE	1
GCA_046289735_1	cuyA	1
GCA_046289735_1	cysA	3
GCA_046289735_1	cysC	17
GCA_046289735_1	cysD	4
GCA_046289735_1	cysE	3
GCA_046289735_1	cysI	2
GCA_046289735_1	cysJ	5
GCA_046289735_1	cysK	8
GCA_046289735_1	cysM	7
GCA_046289735_1	cysN	3
GCA_046289735_1	cysN_cysC	4
GCA_046289735_1	cysP	1
GCA_046289735_1	cysQ	2
GCA_046289735_1	cysU	7
GCA_046289735_1	dddP	1
GCA_046289735_1	dmdB	1
GCA_046289735_1	dmdC	2
GCA_046289735_1	dmdD	1
GCA_046289735_1	dmsA	4
GCA_046289735_1	dmsB	1
GCA_046289735_1	dmsC	1
GCA_046289735_1	dsrA	1
GCA_046289735_1	gdh	4
GCA_046289735_1	glpE	5
GCA_046289735_1	hdrD	2
GCA_046289735_1	hpsN	1
GCA_046289735_1	hpsO	1
GCA_046289735_1	hpsP	2
GCA_046289735_1	iseM	1
GCA_046289735_1	isfD	4
GCA_046289735_1	mddA	1
GCA_046289735_1	mdh	11
GCA_046289735_1	metB	2
GCA_046289735_1	metC	7
GCA_046289735_1	metX	1
GCA_046289735_1	metY	3
GCA_046289735_1	metZ	4
GCA_046289735_1	nrnA	3
GCA_046289735_1	prpE	3
GCA_046289735_1	pta	6
GCA_046289735_1	sat	3
GCA_046289735_1	sgpB	3
GCA_046289735_1	sir	2
GCA_046289735_1	slcC	1
GCA_046289735_1	soxB	1
GCA_046289735_1	soxX	1
GCA_046289735_1	sqdB	1
GCA_046289735_1	sqdX	4
GCA_046289735_1	ssuA	5
GCA_046289735_1	ssuB	4
GCA_046289735_1	ssuC	1
GCA_046289735_1	ssuD	1
GCA_046289735_1	sudA	1
GCA_046289735_1	sudB	1
GCA_046289735_1	sulP	7
GCA_046289735_1	tauA	3
GCA_046289735_1	tauB	2
GCA_046289735_1	tpa	1
GCA_046289735_1	tsdA	1
GCA_046289735_1	tusB	1
GCA_046289735_1	tusD	1
GCA_046484865_1	acuI	1
GCA_046484865_1	aprA	3
GCA_046484865_1	aprB	1
GCA_046484865_1	asrA	1
GCA_046484865_1	asrB	2
GCA_046484865_1	asrC	2
GCA_046484865_1	betA	5
GCA_046484865_1	betB	6
GCA_046484865_1	betC	3
GCA_046484865_1	comB	3
GCA_046484865_1	comD	2
GCA_046484865_1	comE	2
GCA_046484865_1	cysA	4
GCA_046484865_1	cysC	20
GCA_046484865_1	cysD	2
GCA_046484865_1	cysE	10
GCA_046484865_1	cysI	2
GCA_046484865_1	cysJ	7
GCA_046484865_1	cysK	18
GCA_046484865_1	cysM	7
GCA_046484865_1	cysN	5
GCA_046484865_1	cysN_cysC	6
GCA_046484865_1	cysQ	4
GCA_046484865_1	cysU	7
GCA_046484865_1	dddP	1
GCA_046484865_1	dmdA	1
GCA_046484865_1	dmdB	5
GCA_046484865_1	dmdC	6
GCA_046484865_1	dmdD	1
GCA_046484865_1	dmsA	7
GCA_046484865_1	dmsB	3
GCA_046484865_1	dmsC	2
GCA_046484865_1	dsrA	4
GCA_046484865_1	dsrB	1
GCA_046484865_1	dsrC	1
GCA_046484865_1	dsrK	3
GCA_046484865_1	dsrM	2
GCA_046484865_1	dsrP	2
GCA_046484865_1	dsrT	1
GCA_046484865_1	gdh	2
GCA_046484865_1	glpE	9
GCA_046484865_1	hdrA1	1
GCA_046484865_1	hdrA2	1
GCA_046484865_1	hdrB1	1
GCA_046484865_1	hdrC2	1
GCA_046484865_1	hdrD	2
GCA_046484865_1	hpsM	1
GCA_046484865_1	hpsO	1
GCA_046484865_1	hpsP	3
GCA_046484865_1	isfD	4
GCA_046484865_1	mccB	1
GCA_046484865_1	mdh	10
GCA_046484865_1	metB	4
GCA_046484865_1	metC	10
GCA_046484865_1	metY	1
GCA_046484865_1	metZ	4
GCA_046484865_1	nrnA	3
GCA_046484865_1	otr	3
GCA_046484865_1	phsA	2
GCA_046484865_1	prpE	1
GCA_046484865_1	pta	10
GCA_046484865_1	qmoA	1
GCA_046484865_1	qmoB	1
GCA_046484865_1	qmoC	1
GCA_046484865_1	sat	6
GCA_046484865_1	sbp	1
GCA_046484865_1	sgpB	3
GCA_046484865_1	shyC	1
GCA_046484865_1	sir	1
GCA_046484865_1	soeA	1
GCA_046484865_1	soxA	1
GCA_046484865_1	soxB	1
GCA_046484865_1	soxD	1
GCA_046484865_1	soxX	1
GCA_046484865_1	sqdX	21
GCA_046484865_1	ssuA	20
GCA_046484865_1	ssuB	7
GCA_046484865_1	ssuC	3
GCA_046484865_1	ssuD	4
GCA_046484865_1	ssuE	1
GCA_046484865_1	sudA	8
GCA_046484865_1	sudB	1
GCA_046484865_1	sulP	8
GCA_046484865_1	tauA	5
GCA_046484865_1	tauB	9
GCA_046484865_1	tauD	2
GCA_046484865_1	tauE	1
GCA_046484865_1	tpa	2
GCA_046484865_1	tsdA	1
GCA_046484865_1	ttrA	1
GCA_046484865_1	ttrB	1
GCA_046484865_1	ttrC	1
GCA_046484865_1	tusA	3
GCA_046484865_1	tusD	1
GCA_046484865_1	xsc	1
GCA_046497165_1	acuI	1
GCA_046497165_1	asrB	1
GCA_046497165_1	asrC	2
GCA_046497165_1	betA	1
GCA_046497165_1	betB	4
GCA_046497165_1	comB	2
GCA_046497165_1	comE	1
GCA_046497165_1	cuyA	1
GCA_046497165_1	cysA	4
GCA_046497165_1	cysC	9
GCA_046497165_1	cysD	3
GCA_046497165_1	cysE	3
GCA_046497165_1	cysI	1
GCA_046497165_1	cysJ	4
GCA_046497165_1	cysK	5
GCA_046497165_1	cysM	3
GCA_046497165_1	cysN	3
GCA_046497165_1	cysN_cysC	2
GCA_046497165_1	cysP	1
GCA_046497165_1	cysQ	3
GCA_046497165_1	cysU	1
GCA_046497165_1	dddP	2
GCA_046497165_1	dmdB	2
GCA_046497165_1	dmdC	2
GCA_046497165_1	dmsA	6
GCA_046497165_1	dmsB	2
GCA_046497165_1	dmsC	2
GCA_046497165_1	gdh	5
GCA_046497165_1	glpE	15
GCA_046497165_1	hdrA1	1
GCA_046497165_1	mdh	11
GCA_046497165_1	metA	1
GCA_046497165_1	metC	5
GCA_046497165_1	metY	1
GCA_046497165_1	metZ	3
GCA_046497165_1	nrnA	2
GCA_046497165_1	pta	8
GCA_046497165_1	qmoB	1
GCA_046497165_1	rdlA	1
GCA_046497165_1	sat	1
GCA_046497165_1	sgpB	1
GCA_046497165_1	sir	2
GCA_046497165_1	slcC	3
GCA_046497165_1	soxB	3
GCA_046497165_1	soxX	2
GCA_046497165_1	soxY	1
GCA_046497165_1	sqdX	7
GCA_046497165_1	ssuA	8
GCA_046497165_1	ssuB	2
GCA_046497165_1	ssuC	3
GCA_046497165_1	ssuD	2
GCA_046497165_1	sudA	1
GCA_046497165_1	sulP	4
GCA_046497165_1	tauA	2
GCA_046497165_1	tauB	3
GCA_046497165_1	tauD	1
GCA_046497165_1	tpa	1
GCA_046497165_1	tsdA	1
GCA_046497165_1	ttrA	1
GCA_046497165_1	tusD	1
GCA_046497485_1	betC	1
GCA_046497485_1	cysA	1
GCA_046497485_1	cysC	1
GCA_046497485_1	cysD	1
GCA_046497485_1	cysE	2
GCA_046497485_1	cysH	1
GCA_046497485_1	cysI	1
GCA_046497485_1	cysJ	1
GCA_046497485_1	cysM	1
GCA_046497485_1	cysN_cysC	1
GCA_046497485_1	dmsA	2
GCA_046497485_1	dsyB	1
GCA_046497485_1	gdh	1
GCA_046497485_1	glpE	3
GCA_046497485_1	isfD	1
GCA_046497485_1	mdh	4
GCA_046497485_1	pta	2
GCA_046497485_1	sat	2
GCA_046497485_1	sir	1
GCA_046497485_1	sqdX	4
GCA_046497485_1	ssuE	1
GCA_046497485_1	ttrA	1
GCA_046497485_1	ttrB	1
GCA_046539725_1	acuI	2
GCA_046539725_1	aprA	3
GCA_046539725_1	asrB	1
GCA_046539725_1	betA	2
GCA_046539725_1	betB	4
GCA_046539725_1	betC	37
GCA_046539725_1	comB	1
GCA_046539725_1	cuyA	1
GCA_046539725_1	cysA	2
GCA_046539725_1	cysC	9
GCA_046539725_1	cysD	4
GCA_046539725_1	cysE	5
GCA_046539725_1	cysH	2
GCA_046539725_1	cysJ	5
GCA_046539725_1	cysK	17
GCA_046539725_1	cysM	4
GCA_046539725_1	cysN	4
GCA_046539725_1	cysN_cysC	5
GCA_046539725_1	cysP	4
GCA_046539725_1	cysQ	1
GCA_046539725_1	cysW	2
GCA_046539725_1	dddP	1
GCA_046539725_1	dddT	1
GCA_046539725_1	dmdA	1
GCA_046539725_1	dmdB	2
GCA_046539725_1	dmdC	1
GCA_046539725_1	dmsA	10
GCA_046539725_1	dmsB	2
GCA_046539725_1	dmsC	2
GCA_046539725_1	dsrA	1
GCA_046539725_1	dsyB	2
GCA_046539725_1	gdh	1
GCA_046539725_1	glpE	8
GCA_046539725_1	hpsN	1
GCA_046539725_1	hpsP	2
GCA_046539725_1	isfD	5
GCA_046539725_1	mdh	8
GCA_046539725_1	metB	1
GCA_046539725_1	metC	7
GCA_046539725_1	metX	2
GCA_046539725_1	metY	2
GCA_046539725_1	metZ	5
GCA_046539725_1	mtsA	1
GCA_046539725_1	mtsB	2
GCA_046539725_1	nrnA	3
GCA_046539725_1	pta	9
GCA_046539725_1	sat	5
GCA_046539725_1	sgpB	1
GCA_046539725_1	sgpC	1
GCA_046539725_1	shyA	2
GCA_046539725_1	shyB	1
GCA_046539725_1	shyC	1
GCA_046539725_1	shyD	2
GCA_046539725_1	sir	2
GCA_046539725_1	slcC	2
GCA_046539725_1	soxA	1
GCA_046539725_1	soxX	2
GCA_046539725_1	sqdX	16
GCA_046539725_1	ssuA	14
GCA_046539725_1	ssuB	10
GCA_046539725_1	ssuC	3
GCA_046539725_1	ssuD	2
GCA_046539725_1	ssuE	2
GCA_046539725_1	sudA	5
GCA_046539725_1	sudB	1
GCA_046539725_1	sulP	4
GCA_046539725_1	tauA	2
GCA_046539725_1	tauB	3
GCA_046539725_1	tauD	3
GCA_046539725_1	tbuC	1
GCA_046539725_1	tetH	1
GCA_046539725_1	tpa	1
GCA_046539725_1	tsdA	2
GCA_046539725_1	ttrA	1
GCA_046539725_1	tusA	1
GCA_046539725_1	tusB	1
GCA_046539725_1	tusD	3
GCA_046539725_1	xsc	1
GCA_046759065_1	asrC	1
GCA_046759065_1	betA	5
GCA_046759065_1	betB	9
GCA_046759065_1	cysA	2
GCA_046759065_1	cysC	9
GCA_046759065_1	cysD	6
GCA_046759065_1	cysE	6
GCA_046759065_1	cysH	3
GCA_046759065_1	cysI	1
GCA_046759065_1	cysJ	8
GCA_046759065_1	cysK	3
GCA_046759065_1	cysM	1
GCA_046759065_1	cysN	2
GCA_046759065_1	cysU	5
GCA_046759065_1	dmdA	1
GCA_046759065_1	dmdB	1
GCA_046759065_1	dmdC	4
GCA_046759065_1	dmsB	1
GCA_046759065_1	dsrP	1
GCA_046759065_1	dsyB	1
GCA_046759065_1	gdh	3
GCA_046759065_1	glpE	10
GCA_046759065_1	hdrA1	3
GCA_046759065_1	hdrA2	4
GCA_046759065_1	hdrB1	1
GCA_046759065_1	hdrB2	1
GCA_046759065_1	hdrC2	2
GCA_046759065_1	hdrD	1
GCA_046759065_1	hpsP	2
GCA_046759065_1	isfD	1
GCA_046759065_1	mdh	3
GCA_046759065_1	metC	4
GCA_046759065_1	metX	1
GCA_046759065_1	metY	1
GCA_046759065_1	metZ	1
GCA_046759065_1	nrnA	2
GCA_046759065_1	phsA	1
GCA_046759065_1	prpE	2
GCA_046759065_1	pta	3
GCA_046759065_1	sat	2
GCA_046759065_1	shyC	1
GCA_046759065_1	soeA	1
GCA_046759065_1	soxC	1
GCA_046759065_1	sqdB	2
GCA_046759065_1	sqdX	20
GCA_046759065_1	ssuA	1
GCA_046759065_1	ssuB	3
GCA_046759065_1	ssuC	2
GCA_046759065_1	sudA	4
GCA_046759065_1	sulP	2
GCA_046759065_1	tauB	1
GCA_046759065_1	tpa	2
GCA_046759065_1	ttrA	1
GCA_046759065_1	ttrB	2
GCA_046759065_1	tusA	1
GCA_046760505_1	acuI	1
GCA_046760505_1	aprA	1
GCA_046760505_1	aprB	1
GCA_046760505_1	asrA	2
GCA_046760505_1	betA	4
GCA_046760505_1	betB	3
GCA_046760505_1	comE	1
GCA_046760505_1	cysC	7
GCA_046760505_1	cysD	1
GCA_046760505_1	cysE	2
GCA_046760505_1	cysH	3
GCA_046760505_1	cysI	1
GCA_046760505_1	cysJ	2
GCA_046760505_1	cysK	6
GCA_046760505_1	cysM	2
GCA_046760505_1	cysN	2
GCA_046760505_1	cysN_cysC	1
GCA_046760505_1	cysP	1
GCA_046760505_1	cysQ	1
GCA_046760505_1	cysU	2
GCA_046760505_1	cysW	1
GCA_046760505_1	dddP	1
GCA_046760505_1	dmdC	1
GCA_046760505_1	dmsB	1
GCA_046760505_1	dsrA	1
GCA_046760505_1	dsrF	1
GCA_046760505_1	dsrN	1
GCA_046760505_1	glpE	9
GCA_046760505_1	hdrA1	1
GCA_046760505_1	hdrA2	2
GCA_046760505_1	hdrB1	2
GCA_046760505_1	hdrB2	2
GCA_046760505_1	hdrC2	3
GCA_046760505_1	hdrD	9
GCA_046760505_1	hdrE	1
GCA_046760505_1	hydD	2
GCA_046760505_1	mddA	1
GCA_046760505_1	mdh	11
GCA_046760505_1	metB	1
GCA_046760505_1	metC	1
GCA_046760505_1	metX	2
GCA_046760505_1	metZ	1
GCA_046760505_1	mtsA	1
GCA_046760505_1	mtsB	1
GCA_046760505_1	nrnA	7
GCA_046760505_1	phsB	1
GCA_046760505_1	prpE	1
GCA_046760505_1	psrC	1
GCA_046760505_1	pta	6
GCA_046760505_1	sat	4
GCA_046760505_1	sbp	1
GCA_046760505_1	shyA	1
GCA_046760505_1	shyC	1
GCA_046760505_1	sir	1
GCA_046760505_1	sqdB	2
GCA_046760505_1	sqdX	5
GCA_046760505_1	ssuA	3
GCA_046760505_1	ssuB	6
GCA_046760505_1	ssuC	4
GCA_046760505_1	ssuD	4
GCA_046760505_1	ssuE	1
GCA_046760505_1	sudA	2
GCA_046760505_1	tauB	1
GCA_046760505_1	tauC	1
GCA_046760505_1	tauD	2
GCA_046760505_1	tmoC	1
GCA_046760505_1	ttrA	1
GCA_046760505_1	ttrB	2
GCA_046760505_1	tusA	4
GCA_046760505_1	tusB	1
GCA_046760505_1	tusC	1
GCA_046760505_1	xsc	2
GCA_046760705_1	asrA	2
GCA_046760705_1	asrB	1
GCA_046760705_1	asrC	1
GCA_046760705_1	betA	4
GCA_046760705_1	betB	9
GCA_046760705_1	betC	1
GCA_046760705_1	comB	2
GCA_046760705_1	comE	1
GCA_046760705_1	cuyA	2
GCA_046760705_1	cysA	4
GCA_046760705_1	cysC	15
GCA_046760705_1	cysD	2
GCA_046760705_1	cysE	4
GCA_046760705_1	cysH	2
GCA_046760705_1	cysI	3
GCA_046760705_1	cysJ	8
GCA_046760705_1	cysK	14
GCA_046760705_1	cysM	6
GCA_046760705_1	cysN	2
GCA_046760705_1	cysN_cysC	6
GCA_046760705_1	cysP	1
GCA_046760705_1	cysU	7
GCA_046760705_1	dddP	1
GCA_046760705_1	dmdA	1
GCA_046760705_1	dmdC	4
GCA_046760705_1	dmdD	1
GCA_046760705_1	dmsA	14
GCA_046760705_1	dmsB	2
GCA_046760705_1	dmsC	2
GCA_046760705_1	dsrB	1
GCA_046760705_1	dsrP	2
GCA_046760705_1	gdh	1
GCA_046760705_1	glpE	6
GCA_046760705_1	hdrA1	5
GCA_046760705_1	hdrA2	14
GCA_046760705_1	hdrB2	2
GCA_046760705_1	hdrC2	3
GCA_046760705_1	hdrD	2
GCA_046760705_1	hpsP	2
GCA_046760705_1	isfD	2
GCA_046760705_1	mdh	13
GCA_046760705_1	metB	3
GCA_046760705_1	metC	6
GCA_046760705_1	metY	1
GCA_046760705_1	metZ	3
GCA_046760705_1	mtsB	2
GCA_046760705_1	nrnA	1
GCA_046760705_1	phsA	4
GCA_046760705_1	prpE	1
GCA_046760705_1	pta	6
GCA_046760705_1	sat	5
GCA_046760705_1	sgpB	1
GCA_046760705_1	sgpC	1
GCA_046760705_1	sir	2
GCA_046760705_1	soeA	1
GCA_046760705_1	soxA	1
GCA_046760705_1	soxB	1
GCA_046760705_1	soxX	1
GCA_046760705_1	sqdB	1
GCA_046760705_1	sqdX	6
GCA_046760705_1	sqr	1
GCA_046760705_1	ssuA	20
GCA_046760705_1	ssuB	3
GCA_046760705_1	ssuC	3
GCA_046760705_1	ssuD	3
GCA_046760705_1	sudA	9
GCA_046760705_1	sudB	1
GCA_046760705_1	sulP	4
GCA_046760705_1	tauB	2
GCA_046760705_1	tauD	4
GCA_046760705_1	toa	1
GCA_046760705_1	tpa	1
GCA_046760705_1	tsdA	3
GCA_046760705_1	ttrA	3
GCA_046760705_1	ttrB	5
GCA_046760705_1	tusA	2
GCA_046760705_1	tusB	1
GCA_046760705_1	tusE	1
GCA_046760705_1	xsc	2
GCA_049718665_1	aprA	1
GCA_049718665_1	asrC	1
GCA_049718665_1	betA	6
GCA_049718665_1	betB	6
GCA_049718665_1	cuyA	1
GCA_049718665_1	cysA	5
GCA_049718665_1	cysC	13
GCA_049718665_1	cysD	1
GCA_049718665_1	cysE	6
GCA_049718665_1	cysH	1
GCA_049718665_1	cysI	2
GCA_049718665_1	cysJ	3
GCA_049718665_1	cysK	10
GCA_049718665_1	cysM	4
GCA_049718665_1	cysN	2
GCA_049718665_1	cysN_cysC	3
GCA_049718665_1	cysP	4
GCA_049718665_1	cysQ	1
GCA_049718665_1	cysU	22
GCA_049718665_1	dddP	1
GCA_049718665_1	dmdA	1
GCA_049718665_1	dmsA	3
GCA_049718665_1	dmsB	1
GCA_049718665_1	dmsC	1
GCA_049718665_1	dsrF	1
GCA_049718665_1	fccB	1
GCA_049718665_1	glpE	4
GCA_049718665_1	hdrA1	2
GCA_049718665_1	hpsK	1
GCA_049718665_1	hpsM	1
GCA_049718665_1	hpsN	1
GCA_049718665_1	hpsP	6
GCA_049718665_1	hydD	1
GCA_049718665_1	isfD	1
GCA_049718665_1	mdh	10
GCA_049718665_1	metB	2
GCA_049718665_1	metC	6
GCA_049718665_1	metX	1
GCA_049718665_1	metZ	1
GCA_049718665_1	nrnA	7
GCA_049718665_1	pta	7
GCA_049718665_1	sat	5
GCA_049718665_1	sbp	1
GCA_049718665_1	shyA	1
GCA_049718665_1	slcC	3
GCA_049718665_1	soxB	2
GCA_049718665_1	soxY	1
GCA_049718665_1	sqdX	7
GCA_049718665_1	ssuB	8
GCA_049718665_1	ssuC	3
GCA_049718665_1	ssuD	3
GCA_049718665_1	ssuE	1
GCA_049718665_1	sudA	3
GCA_049718665_1	sudB	3
GCA_049718665_1	sulP	2
GCA_049718665_1	suyA	2
GCA_049718665_1	suyB	1
GCA_049718665_1	tauA	2
GCA_049718665_1	tauB	3
GCA_049718665_1	tauD	1
GCA_049718665_1	tsdA	1
GCA_049718665_1	ttrA	1
GCA_049718665_1	ttrB	1
GCA_049718665_1	tusA	3
GCA_049718665_1	tusB	5
GCA_049718665_1	tusD	1
GCA_049718665_1	xsc	1
GCA_049718665_1	yihQ	2
GCA_049967555_1	asrB	1
GCA_049967555_1	betB	1
GCA_049967555_1	betC	1
GCA_049967555_1	cysC	2
GCA_049967555_1	cysD	1
GCA_049967555_1	cysE	2
GCA_049967555_1	cysI	1
GCA_049967555_1	cysJ	1
GCA_049967555_1	cysK	1
GCA_049967555_1	cysM	2
GCA_049967555_1	glpE	2
GCA_049967555_1	mdh	3
GCA_049967555_1	metC	1
GCA_049967555_1	metY	1
GCA_049967555_1	pta	1
GCA_049967555_1	sbp	1
GCA_049967555_1	sir	1
GCA_049967555_1	sqdX	2
GCA_049967555_1	sulP	1
GCA_049967555_1	tpa	1
GCA_049968275_1	acuI	1
GCA_049968275_1	betA	1
GCA_049968275_1	betB	5
GCA_049968275_1	comE	2
GCA_049968275_1	cuyA	1
GCA_049968275_1	cysA	2
GCA_049968275_1	cysC	6
GCA_049968275_1	cysE	3
GCA_049968275_1	cysI	2
GCA_049968275_1	cysJ	2
GCA_049968275_1	cysK	2
GCA_049968275_1	cysM	3
GCA_049968275_1	cysN	3
GCA_049968275_1	cysN_cysC	2
GCA_049968275_1	cysW	1
GCA_049968275_1	dddP	1
GCA_049968275_1	dmdA	1
GCA_049968275_1	dmsA	1
GCA_049968275_1	dmsC	2
GCA_049968275_1	gdh	2
GCA_049968275_1	glpE	5
GCA_049968275_1	hdrA2	1
GCA_049968275_1	hdrD	2
GCA_049968275_1	hpsP	1
GCA_049968275_1	hydD	1
GCA_049968275_1	isfD	1
GCA_049968275_1	mdh	13
GCA_049968275_1	metA	1
GCA_049968275_1	metB	3
GCA_049968275_1	metZ	1
GCA_049968275_1	nrnA	2
GCA_049968275_1	prpE	1
GCA_049968275_1	pta	4
GCA_049968275_1	sat	1
GCA_049968275_1	sbp	1
GCA_049968275_1	shyA	1
GCA_049968275_1	slcC	1
GCA_049968275_1	soxA	1
GCA_049968275_1	soxB	3
GCA_049968275_1	soxX	1
GCA_049968275_1	sqdX	2
GCA_049968275_1	sseA	1
GCA_049968275_1	ssuA	6
GCA_049968275_1	ssuB	3
GCA_049968275_1	ssuD	1
GCA_049968275_1	sudA	3
GCA_049968275_1	sudB	1
GCA_049968275_1	sulP	1
GCA_049968275_1	tauB	3
GCA_049968275_1	tauD	1
GCA_049968275_1	tpa	2
GCA_049968275_1	tsdA	1
GCA_049968275_1	ttrA	1
GCA_049968275_1	tusD	1
GCA_050123455_1	asrA	1
GCA_050123455_1	asrC	1
GCA_050123455_1	betA	3
GCA_050123455_1	betB	5
GCA_050123455_1	betC	12
GCA_050123455_1	comB	2
GCA_050123455_1	comE	1
GCA_050123455_1	cuyA	1
GCA_050123455_1	cysA	2
GCA_050123455_1	cysC	16
GCA_050123455_1	cysD	2
GCA_050123455_1	cysE	4
GCA_050123455_1	cysH	1
GCA_050123455_1	cysI	1
GCA_050123455_1	cysJ	5
GCA_050123455_1	cysK	8
GCA_050123455_1	cysM	4
GCA_050123455_1	cysN	4
GCA_050123455_1	cysN_cysC	4
GCA_050123455_1	cysQ	1
GCA_050123455_1	cysU	1
GCA_050123455_1	cysW	1
GCA_050123455_1	dddP	2
GCA_050123455_1	dmdC	2
GCA_050123455_1	dmdD	2
GCA_050123455_1	dmsA	6
GCA_050123455_1	dmsC	1
GCA_050123455_1	dsrC	1
GCA_050123455_1	dsrK	1
GCA_050123455_1	dsyB	1
GCA_050123455_1	gdh	2
GCA_050123455_1	glpE	3
GCA_050123455_1	hdrA1	2
GCA_050123455_1	hdrA2	11
GCA_050123455_1	hdrB1	2
GCA_050123455_1	hdrB2	1
GCA_050123455_1	hdrC2	4
GCA_050123455_1	hdrD	2
GCA_050123455_1	hpsP	1
GCA_050123455_1	isfD	1
GCA_050123455_1	mccB	1
GCA_050123455_1	mdh	8
GCA_050123455_1	metA	1
GCA_050123455_1	metB	3
GCA_050123455_1	metC	4
GCA_050123455_1	metZ	1
GCA_050123455_1	mtsB	1
GCA_050123455_1	nrnA	6
GCA_050123455_1	pta	4
GCA_050123455_1	sat	5
GCA_050123455_1	sgpB	2
GCA_050123455_1	sgpC	1
GCA_050123455_1	shyA	1
GCA_050123455_1	shyC	2
GCA_050123455_1	shyD	1
GCA_050123455_1	sir	2
GCA_050123455_1	slcC	1
GCA_050123455_1	soxA	1
GCA_050123455_1	soxB	1
GCA_050123455_1	soxX	1
GCA_050123455_1	sqdX	8
GCA_050123455_1	ssuA	8
GCA_050123455_1	ssuB	3
GCA_050123455_1	ssuC	2
GCA_050123455_1	ssuD	4
GCA_050123455_1	sudA	8
GCA_050123455_1	sudB	2
GCA_050123455_1	sulP	4
GCA_050123455_1	tauA	1
GCA_050123455_1	tauB	4
GCA_050123455_1	tauD	1
GCA_050123455_1	ttrA	1
GCA_050123455_1	tusA	1
GCA_050123455_1	tusB	1
GCA_050123455_1	tusD	1
GCA_050123455_1	yihQ	1
GCA_050173015_1	acuI	4
GCA_050173015_1	aprA	3
GCA_050173015_1	asrB	2
GCA_050173015_1	betA	3
GCA_050173015_1	betB	6
GCA_050173015_1	comB	1
GCA_050173015_1	comE	1
GCA_050173015_1	cuyA	1
GCA_050173015_1	cysA	4
GCA_050173015_1	cysC	21
GCA_050173015_1	cysD	5
GCA_050173015_1	cysE	6
GCA_050173015_1	cysI	4
GCA_050173015_1	cysJ	4
GCA_050173015_1	cysK	12
GCA_050173015_1	cysM	6
GCA_050173015_1	cysN	9
GCA_050173015_1	cysN_cysC	6
GCA_050173015_1	cysQ	5
GCA_050173015_1	cysU	9
GCA_050173015_1	cysW	2
GCA_050173015_1	dddP	2
GCA_050173015_1	dmdA	1
GCA_050173015_1	dmdB	4
GCA_050173015_1	dmdC	6
GCA_050173015_1	dmdD	1
GCA_050173015_1	dmsA	20
GCA_050173015_1	dmsB	3
GCA_050173015_1	dmsC	4
GCA_050173015_1	dsrA	2
GCA_050173015_1	dsrM	2
GCA_050173015_1	fccB	1
GCA_050173015_1	gdh	5
GCA_050173015_1	glpE	9
GCA_050173015_1	hdrA2	1
GCA_050173015_1	hdrD	2
GCA_050173015_1	hpsP	1
GCA_050173015_1	isfD	8
GCA_050173015_1	mccB	1
GCA_050173015_1	mddA	1
GCA_050173015_1	mdh	10
GCA_050173015_1	metA	2
GCA_050173015_1	metB	8
GCA_050173015_1	metC	7
GCA_050173015_1	metX	1
GCA_050173015_1	metZ	3
GCA_050173015_1	nrnA	4
GCA_050173015_1	otr	2
GCA_050173015_1	phsA	1
GCA_050173015_1	prpE	1
GCA_050173015_1	psrC	2
GCA_050173015_1	pta	14
GCA_050173015_1	sat	2
GCA_050173015_1	sbp	3
GCA_050173015_1	sgpB	2
GCA_050173015_1	sgpC	1
GCA_050173015_1	sir	1
GCA_050173015_1	slcC	3
GCA_050173015_1	sorB	1
GCA_050173015_1	soxA	1
GCA_050173015_1	soxB	2
GCA_050173015_1	soxX	2
GCA_050173015_1	sqdB	2
GCA_050173015_1	sqdX	7
GCA_050173015_1	sseA	2
GCA_050173015_1	ssuA	24
GCA_050173015_1	ssuB	9
GCA_050173015_1	ssuC	3
GCA_050173015_1	ssuD	5
GCA_050173015_1	ssuE	1
GCA_050173015_1	sudA	6
GCA_050173015_1	sudB	1
GCA_050173015_1	sulP	5
GCA_050173015_1	tauA	2
GCA_050173015_1	tauB	4
GCA_050173015_1	tauD	3
GCA_050173015_1	tbuB	1
GCA_050173015_1	tmm	1
GCA_050173015_1	tpa	2
GCA_050173015_1	tsdA	3
GCA_050173015_1	ttrA	1
GCA_050173015_1	ttrB	3
GCA_050173015_1	tusB	2
GCA_050173015_1	tusD	2
GCA_050173015_1	xsc	1
GCA_050173015_1	yihQ	1
GCA_050251945_1	acuI	2
GCA_050251945_1	aprA	2
GCA_050251945_1	asrA	3
GCA_050251945_1	asrB	1
GCA_050251945_1	asrC	2
GCA_050251945_1	betA	6
GCA_050251945_1	betB	5
GCA_050251945_1	betC	2
GCA_050251945_1	comB	1
GCA_050251945_1	cuyA	1
GCA_050251945_1	cysA	8
GCA_050251945_1	cysC	14
GCA_050251945_1	cysD	5
GCA_050251945_1	cysE	6
GCA_050251945_1	cysH	2
GCA_050251945_1	cysI	6
GCA_050251945_1	cysJ	6
GCA_050251945_1	cysK	15
GCA_050251945_1	cysM	6
GCA_050251945_1	cysN	7
GCA_050251945_1	cysN_cysC	6
GCA_050251945_1	cysP	2
GCA_050251945_1	cysQ	1
GCA_050251945_1	cysU	3
GCA_050251945_1	dddP	1
GCA_050251945_1	dmdB	2
GCA_050251945_1	dmdC	1
GCA_050251945_1	dmsA	21
GCA_050251945_1	dmsB	7
GCA_050251945_1	dmsC	1
GCA_050251945_1	dsrA	1
GCA_050251945_1	dsrN	1
GCA_050251945_1	dsrO	1
GCA_050251945_1	dsrP	1
GCA_050251945_1	dsyB	3
GCA_050251945_1	fccA	1
GCA_050251945_1	fccB	1
GCA_050251945_1	gdh	2
GCA_050251945_1	glpE	12
GCA_050251945_1	hdrD	2
GCA_050251945_1	hpsN	1
GCA_050251945_1	hpsP	1
GCA_050251945_1	hydA	2
GCA_050251945_1	isfD	1
GCA_050251945_1	mddA	1
GCA_050251945_1	mdh	14
GCA_050251945_1	metB	1
GCA_050251945_1	metC	12
GCA_050251945_1	metX	2
GCA_050251945_1	metY	3
GCA_050251945_1	metZ	4
GCA_050251945_1	nrnA	4
GCA_050251945_1	phsA	1
GCA_050251945_1	prpE	2
GCA_050251945_1	psrA	1
GCA_050251945_1	psrC	1
GCA_050251945_1	pta	10
GCA_050251945_1	sat	4
GCA_050251945_1	sbp	1
GCA_050251945_1	shyC	1
GCA_050251945_1	shyD	2
GCA_050251945_1	sir	1
GCA_050251945_1	slcC	2
GCA_050251945_1	soeA	1
GCA_050251945_1	soxB	2
GCA_050251945_1	soxC	1
GCA_050251945_1	soxY	1
GCA_050251945_1	sqdB	2
GCA_050251945_1	sqdX	8
GCA_050251945_1	sqr	1
GCA_050251945_1	sreA	1
GCA_050251945_1	sseA	1
GCA_050251945_1	ssuA	18
GCA_050251945_1	ssuB	10
GCA_050251945_1	ssuC	4
GCA_050251945_1	ssuD	2
GCA_050251945_1	ssuE	1
GCA_050251945_1	sudA	4
GCA_050251945_1	sulP	10
GCA_050251945_1	suyA	1
GCA_050251945_1	tauA	4
GCA_050251945_1	tauB	3
GCA_050251945_1	tauD	3
GCA_050251945_1	tauZ	1
GCA_050251945_1	tbuC	1
GCA_050251945_1	tpa	1
GCA_050251945_1	tsdA	1
GCA_050251945_1	ttrA	1
GCA_050251945_1	ttrB	8
GCA_050251945_1	ttrC	1
GCA_050251945_1	tusA	3
GCA_050251945_1	tusB	2
GCA_050251945_1	tusD	2
GCA_050251945_1	xsc	1
GCA_050253135_1	betA	2
GCA_050253135_1	betB	5
GCA_050253135_1	cuyA	1
GCA_050253135_1	cysA	4
GCA_050253135_1	cysC	10
GCA_050253135_1	cysD	2
GCA_050253135_1	cysE	2
GCA_050253135_1	cysI	3
GCA_050253135_1	cysJ	5
GCA_050253135_1	cysK	13
GCA_050253135_1	cysM	2
GCA_050253135_1	cysN	1
GCA_050253135_1	cysN_cysC	5
GCA_050253135_1	cysQ	1
GCA_050253135_1	cysU	3
GCA_050253135_1	cysZ	1
GCA_050253135_1	dddP	1
GCA_050253135_1	dmdB	2
GCA_050253135_1	dmdC	5
GCA_050253135_1	dmsA	2
GCA_050253135_1	dmsB	1
GCA_050253135_1	dmsC	2
GCA_050253135_1	doxD	1
GCA_050253135_1	dsrA	3
GCA_050253135_1	dsrB	2
GCA_050253135_1	dsrD	1
GCA_050253135_1	dsrK	2
GCA_050253135_1	dsrM	1
GCA_050253135_1	dsrN	1
GCA_050253135_1	gdh	2
GCA_050253135_1	glpE	5
GCA_050253135_1	hdrD	3
GCA_050253135_1	hpsN	1
GCA_050253135_1	isfD	2
GCA_050253135_1	mdh	13
GCA_050253135_1	metC	4
GCA_050253135_1	metX	1
GCA_050253135_1	metY	1
GCA_050253135_1	metZ	2
GCA_050253135_1	nrnA	5
GCA_050253135_1	phsA	1
GCA_050253135_1	prpE	2
GCA_050253135_1	pta	4
GCA_050253135_1	sat	2
GCA_050253135_1	sir	2
GCA_050253135_1	slcC	2
GCA_050253135_1	sorA	1
GCA_050253135_1	soxB	1
GCA_050253135_1	sqdX	3
GCA_050253135_1	sqr	1
GCA_050253135_1	sseA	4
GCA_050253135_1	ssuA	1
GCA_050253135_1	ssuB	6
GCA_050253135_1	ssuC	3
GCA_050253135_1	ssuD	1
GCA_050253135_1	sudA	4
GCA_050253135_1	sudB	2
GCA_050253135_1	sulP	2
GCA_050253135_1	tauA	2
GCA_050253135_1	tauB	2
GCA_050253135_1	tauD	4
GCA_050253135_1	tpa	1
GCA_050253135_1	tsdA	1
GCA_050253135_1	ttrB	3
GCA_050253135_1	tusA	1
GCA_050253135_1	tusE	5
GCA_050253135_1	xsc	1
GCA_051252055_1	acuI	8
GCA_051252055_1	aprA	1
GCA_051252055_1	asrA	1
GCA_051252055_1	asrC	1
GCA_051252055_1	betA	13
GCA_051252055_1	betB	19
GCA_051252055_1	betC	10
GCA_051252055_1	comB	3
GCA_051252055_1	comC	2
GCA_051252055_1	comD	1
GCA_051252055_1	comE	1
GCA_051252055_1	cuyA	1
GCA_051252055_1	cysA	5
GCA_051252055_1	cysC	31
GCA_051252055_1	cysD	7
GCA_051252055_1	cysE	8
GCA_051252055_1	cysH	1
GCA_051252055_1	cysJ	11
GCA_051252055_1	cysK	26
GCA_051252055_1	cysM	6
GCA_051252055_1	cysN	14
GCA_051252055_1	cysN_cysC	8
GCA_051252055_1	cysP	11
GCA_051252055_1	cysQ	4
GCA_051252055_1	cysU	12
GCA_051252055_1	cysZ	2
GCA_051252055_1	dddP	3
GCA_051252055_1	dddT	2
GCA_051252055_1	dmdA	2
GCA_051252055_1	dmdB	7
GCA_051252055_1	dmdC	9
GCA_051252055_1	dmdD	3
GCA_051252055_1	dmoA	1
GCA_051252055_1	dmsA	11
GCA_051252055_1	dmsB	1
GCA_051252055_1	dmsC	5
GCA_051252055_1	dsrA	4
GCA_051252055_1	dsrB	1
GCA_051252055_1	dsrN	1
GCA_051252055_1	dsyB	3
GCA_051252055_1	gdh	1
GCA_051252055_1	glpE	9
GCA_051252055_1	hdrA1	1
GCA_051252055_1	hdrA2	1
GCA_051252055_1	hdrD	1
GCA_051252055_1	hpsK	3
GCA_051252055_1	hpsL	5
GCA_051252055_1	hpsM	6
GCA_051252055_1	hpsN	1
GCA_051252055_1	hpsO	2
GCA_051252055_1	hpsP	3
GCA_051252055_1	iseK	1
GCA_051252055_1	iseL	1
GCA_051252055_1	iseM	19
GCA_051252055_1	isfD	9
GCA_051252055_1	mdh	29
GCA_051252055_1	metA	1
GCA_051252055_1	metB	6
GCA_051252055_1	metC	16
GCA_051252055_1	metX	3
GCA_051252055_1	metY	1
GCA_051252055_1	metZ	9
GCA_051252055_1	msmA	1
GCA_051252055_1	mtsB	1
GCA_051252055_1	nrnA	2
GCA_051252055_1	phsA	2
GCA_051252055_1	prpE	13
GCA_051252055_1	pta	18
GCA_051252055_1	qmoA	2
GCA_051252055_1	sat	6
GCA_051252055_1	sgpB	1
GCA_051252055_1	sgpC	1
GCA_051252055_1	sir	2
GCA_051252055_1	slcC	4
GCA_051252055_1	slcD	1
GCA_051252055_1	soeA	1
GCA_051252055_1	soeB	1
GCA_051252055_1	soeC	1
GCA_051252055_1	sorA	1
GCA_051252055_1	soxB	2
GCA_051252055_1	soxC	1
GCA_051252055_1	soxX	1
GCA_051252055_1	soxY	1
GCA_051252055_1	soxZ	1
GCA_051252055_1	sqdB	2
GCA_051252055_1	sqdX	7
GCA_051252055_1	sseA	1
GCA_051252055_1	ssuA	8
GCA_051252055_1	ssuB	26
GCA_051252055_1	ssuC	10
GCA_051252055_1	ssuD	7
GCA_051252055_1	ssuE	2
GCA_051252055_1	sudA	7
GCA_051252055_1	sulP	6
GCA_051252055_1	suyA	2
GCA_051252055_1	tauA	1
GCA_051252055_1	tauB	6
GCA_051252055_1	tauC	2
GCA_051252055_1	tauD	3
GCA_051252055_1	tauY	1
GCA_051252055_1	tauZ	2
GCA_051252055_1	tbuC	3
GCA_051252055_1	tpa	11
GCA_051252055_1	tsdA	4
GCA_051252055_1	ttrA	8
GCA_051252055_1	tusA	6
GCA_051252055_1	tusB	4
GCA_051252055_1	tusE	2
GCA_051252055_1	xsc	7
GCA_051745145_1	acuI	1
GCA_051745145_1	asrA	1
GCA_051745145_1	asrB	2
GCA_051745145_1	asrC	1
GCA_051745145_1	betA	3
GCA_051745145_1	betB	2
GCA_051745145_1	cuyA	1
GCA_051745145_1	cysA	1
GCA_051745145_1	cysC	9
GCA_051745145_1	cysD	1
GCA_051745145_1	cysE	3
GCA_051745145_1	cysH	1
GCA_051745145_1	cysJ	5
GCA_051745145_1	cysK	7
GCA_051745145_1	cysM	3
GCA_051745145_1	cysN	5
GCA_051745145_1	cysN_cysC	4
GCA_051745145_1	cysP	1
GCA_051745145_1	cysQ	2
GCA_051745145_1	dddP	1
GCA_051745145_1	dmdC	1
GCA_051745145_1	dmsA	1
GCA_051745145_1	dmsB	2
GCA_051745145_1	dmsC	2
GCA_051745145_1	dsyB	1
GCA_051745145_1	gdh	3
GCA_051745145_1	glpE	8
GCA_051745145_1	hdrA1	1
GCA_051745145_1	hpsN	1
GCA_051745145_1	hpsO	1
GCA_051745145_1	isfD	1
GCA_051745145_1	mdh	8
GCA_051745145_1	metB	1
GCA_051745145_1	metC	4
GCA_051745145_1	metX	1
GCA_051745145_1	metZ	1
GCA_051745145_1	nrnA	3
GCA_051745145_1	pta	5
GCA_051745145_1	sat	3
GCA_051745145_1	sbp	3
GCA_051745145_1	sgpC	1
GCA_051745145_1	sir	1
GCA_051745145_1	slcC	1
GCA_051745145_1	soxB	2
GCA_051745145_1	sqdX	9
GCA_051745145_1	ssuB	9
GCA_051745145_1	ssuC	1
GCA_051745145_1	ssuD	1
GCA_051745145_1	ssuE	1
GCA_051745145_1	sudA	7
GCA_051745145_1	sudB	1
GCA_051745145_1	sulP	13
GCA_051745145_1	tauA	2
GCA_051745145_1	tsdA	1
GCA_051745145_1	ttrB	1
GCA_051745145_1	tusA	3
GCA_051745145_1	tusB	1
GCA_051745145_1	tusD	1
GCA_051745145_1	xsc	1
GCA_052033935_1	acuI	1
GCA_052033935_1	aprA	1
GCA_052033935_1	asrA	2
GCA_052033935_1	asrC	1
GCA_052033935_1	betA	3
GCA_052033935_1	betB	3
GCA_052033935_1	betC	8
GCA_052033935_1	comB	2
GCA_052033935_1	cuyA	2
GCA_052033935_1	cysA	1
GCA_052033935_1	cysC	12
GCA_052033935_1	cysD	1
GCA_052033935_1	cysE	9
GCA_052033935_1	cysI	1
GCA_052033935_1	cysJ	7
GCA_052033935_1	cysK	8
GCA_052033935_1	cysM	1
GCA_052033935_1	cysN	2
GCA_052033935_1	cysN_cysC	4
GCA_052033935_1	cysQ	1
GCA_052033935_1	cysU	13
GCA_052033935_1	dddP	1
GCA_052033935_1	dmdB	2
GCA_052033935_1	dmsA	8
GCA_052033935_1	dmsC	1
GCA_052033935_1	dsrA	1
GCA_052033935_1	dsrB	1
GCA_052033935_1	gdh	1
GCA_052033935_1	glpE	4
GCA_052033935_1	hdrA1	1
GCA_052033935_1	hdrA2	2
GCA_052033935_1	hdrB2	1
GCA_052033935_1	hdrD	1
GCA_052033935_1	hpsN	1
GCA_052033935_1	hpsO	1
GCA_052033935_1	hpsP	2
GCA_052033935_1	mdh	15
GCA_052033935_1	metB	2
GCA_052033935_1	metC	6
GCA_052033935_1	metX	2
GCA_052033935_1	metY	1
GCA_052033935_1	metZ	2
GCA_052033935_1	mtsB	1
GCA_052033935_1	nrnA	4
GCA_052033935_1	otr	1
GCA_052033935_1	pta	7
GCA_052033935_1	sat	3
GCA_052033935_1	sbp	1
GCA_052033935_1	shyC	2
GCA_052033935_1	sir	3
GCA_052033935_1	slcC	3
GCA_052033935_1	soxA	1
GCA_052033935_1	soxB	3
GCA_052033935_1	soxY	1
GCA_052033935_1	sqdX	14
GCA_052033935_1	sqr	1
GCA_052033935_1	ssuA	1
GCA_052033935_1	ssuB	12
GCA_052033935_1	ssuC	2
GCA_052033935_1	ssuD	3
GCA_052033935_1	sudA	6
GCA_052033935_1	sudB	1
GCA_052033935_1	sulP	1
GCA_052033935_1	suyA	1
GCA_052033935_1	tauA	1
GCA_052033935_1	tauB	3
GCA_052033935_1	tauD	5
GCA_052033935_1	tpa	2
GCA_052033935_1	tsdA	1
GCA_052033935_1	ttrA	1
GCA_052033935_1	ttrB	1
GCA_052033935_1	tusA	1
GCA_052033935_1	tusB	4
GCA_052033935_1	tusD	2
GCA_052033935_1	xsc	2
GCA_052390515_1	acuI	2
GCA_052390515_1	aprA	2
GCA_052390515_1	asrB	1
GCA_052390515_1	asrC	3
GCA_052390515_1	betA	3
GCA_052390515_1	betB	7
GCA_052390515_1	betC	30
GCA_052390515_1	comB	2
GCA_052390515_1	comE	1
GCA_052390515_1	cuyA	1
GCA_052390515_1	cysA	6
GCA_052390515_1	cysC	21
GCA_052390515_1	cysD	4
GCA_052390515_1	cysE	8
GCA_052390515_1	cysI	2
GCA_052390515_1	cysJ	3
GCA_052390515_1	cysK	10
GCA_052390515_1	cysM	5
GCA_052390515_1	cysN	6
GCA_052390515_1	cysN_cysC	4
GCA_052390515_1	cysP	2
GCA_052390515_1	cysQ	6
GCA_052390515_1	cysU	6
GCA_052390515_1	cysW	2
GCA_052390515_1	dddP	2
GCA_052390515_1	dmdA	2
GCA_052390515_1	dmdB	5
GCA_052390515_1	dmdC	5
GCA_052390515_1	dmdD	5
GCA_052390515_1	dmsA	9
GCA_052390515_1	dmsC	1
GCA_052390515_1	dsrA	3
GCA_052390515_1	dsyB	2
GCA_052390515_1	fccB	1
GCA_052390515_1	gdh	4
GCA_052390515_1	glpE	8
GCA_052390515_1	hdrA1	1
GCA_052390515_1	hdrB1	1
GCA_052390515_1	hdrC2	1
GCA_052390515_1	hdrD	1
GCA_052390515_1	hpsP	1
GCA_052390515_1	hydD	1
GCA_052390515_1	iseM	1
GCA_052390515_1	isfD	1
GCA_052390515_1	mdh	10
GCA_052390515_1	metB	3
GCA_052390515_1	metC	8
GCA_052390515_1	metX	1
GCA_052390515_1	metY	1
GCA_052390515_1	metZ	4
GCA_052390515_1	nrnA	3
GCA_052390515_1	prpE	2
GCA_052390515_1	pta	5
GCA_052390515_1	sat	7
GCA_052390515_1	sbp	2
GCA_052390515_1	sgpB	3
GCA_052390515_1	sgpC	2
GCA_052390515_1	shyA	1
GCA_052390515_1	sir	3
GCA_052390515_1	slcC	1
GCA_052390515_1	soeA	1
GCA_052390515_1	soxA	1
GCA_052390515_1	soxB	2
GCA_052390515_1	soxC	1
GCA_052390515_1	soxX	2
GCA_052390515_1	sqdB	4
GCA_052390515_1	sqdX	21
GCA_052390515_1	sseA	1
GCA_052390515_1	ssuA	19
GCA_052390515_1	ssuB	11
GCA_052390515_1	ssuC	2
GCA_052390515_1	ssuD	4
GCA_052390515_1	ssuE	2
GCA_052390515_1	sudA	4
GCA_052390515_1	sudB	1
GCA_052390515_1	sulP	8
GCA_052390515_1	tauB	4
GCA_052390515_1	tauC	1
GCA_052390515_1	tauD	1
GCA_052390515_1	tbuB	1
GCA_052390515_1	tpa	1
GCA_052390515_1	ttrA	2
GCA_052390515_1	ttrB	1
GCA_052390515_1	tusA	4
GCA_052390515_1	tusB	1
GCA_052390515_1	tusD	1
GCA_900321865_1	betA	2
GCA_900321865_1	betB	2
GCA_900321865_1	comB	1
GCA_900321865_1	cysA	1
GCA_900321865_1	cysC	6
GCA_900321865_1	cysD	1
GCA_900321865_1	cysE	2
GCA_900321865_1	cysI	2
GCA_900321865_1	cysJ	2
GCA_900321865_1	cysK	8
GCA_900321865_1	cysM	4
GCA_900321865_1	cysN	2
GCA_900321865_1	cysN_cysC	4
GCA_900321865_1	cysU	1
GCA_900321865_1	dddP	1
GCA_900321865_1	dmsC	1
GCA_900321865_1	gdh	1
GCA_900321865_1	glpE	2
GCA_900321865_1	hpsN	1
GCA_900321865_1	isfD	1
GCA_900321865_1	mdh	10
GCA_900321865_1	metA	1
GCA_900321865_1	metC	1
GCA_900321865_1	metX	1
GCA_900321865_1	metZ	1
GCA_900321865_1	nrnA	2
GCA_900321865_1	pta	3
GCA_900321865_1	sat	1
GCA_900321865_1	slcC	1
GCA_900321865_1	soxB	1
GCA_900321865_1	sqdB	1
GCA_900321865_1	sqdX	1
GCA_900321865_1	ssuB	3
GCA_900321865_1	ssuD	2
GCA_900321865_1	ssuE	1
GCA_900321865_1	sudA	2
GCA_900321865_1	sudB	2
GCA_900321865_1	sulP	1
GCA_900321865_1	tauB	3
GCA_900321865_1	tpa	1
GCA_900321865_1	tsdA	1
GCA_900321865_1	ttrA	1
GCA_900321865_1	xsc	1
GCA_902386255_1	acuI	1
GCA_902386255_1	asrA	2
GCA_902386255_1	asrC	2
GCA_902386255_1	betA	1
GCA_902386255_1	betB	2
GCA_902386255_1	comB	1
GCA_902386255_1	comE	1
GCA_902386255_1	cysA	3
GCA_902386255_1	cysC	11
GCA_902386255_1	cysD	3
GCA_902386255_1	cysH	3
GCA_902386255_1	cysI	2
GCA_902386255_1	cysJ	4
GCA_902386255_1	cysK	6
GCA_902386255_1	cysM	1
GCA_902386255_1	cysN	3
GCA_902386255_1	cysN_cysC	1
GCA_902386255_1	cysU	2
GCA_902386255_1	cysW	3
GCA_902386255_1	dddP	2
GCA_902386255_1	ddhA	1
GCA_902386255_1	dmsA	2
GCA_902386255_1	dmsB	1
GCA_902386255_1	dsrA	1
GCA_902386255_1	dsrN	1
GCA_902386255_1	gdh	2
GCA_902386255_1	glpE	8
GCA_902386255_1	hdrA2	6
GCA_902386255_1	hdrB1	3
GCA_902386255_1	hdrB2	1
GCA_902386255_1	hdrC2	4
GCA_902386255_1	hdrD	3
GCA_902386255_1	hdrE	1
GCA_902386255_1	hpsN	1
GCA_902386255_1	hpsP	1
GCA_902386255_1	isfD	1
GCA_902386255_1	mddA	1
GCA_902386255_1	mdh	9
GCA_902386255_1	metB	3
GCA_902386255_1	metC	1
GCA_902386255_1	metX	2
GCA_902386255_1	metY	2
GCA_902386255_1	metZ	3
GCA_902386255_1	nrnA	6
GCA_902386255_1	otr	1
GCA_902386255_1	prpE	2
GCA_902386255_1	pta	9
GCA_902386255_1	sat	4
GCA_902386255_1	sbp	1
GCA_902386255_1	shyC	1
GCA_902386255_1	slcC	1
GCA_902386255_1	slcD	1
GCA_902386255_1	soxC	1
GCA_902386255_1	soxX	1
GCA_902386255_1	soxY	1
GCA_902386255_1	sqdX	8
GCA_902386255_1	ssuA	1
GCA_902386255_1	ssuB	5
GCA_902386255_1	ssuC	1
GCA_902386255_1	ssuD	2
GCA_902386255_1	ssuE	2
GCA_902386255_1	sudA	3
GCA_902386255_1	sudB	1
GCA_902386255_1	sulP	6
GCA_902386255_1	tauA	1
GCA_902386255_1	tauC	1
GCA_902386255_1	tpa	2
GCA_902386255_1	ttrA	1
GCA_902386255_1	ttrB	2
GCA_902386255_1	ttrC	1
GCA_902386255_1	tusA	3
GCA_902386255_1	tusD	1
GCA_902386255_1	xsc	1
GCA_902606065_1	acuI	2
GCA_902606065_1	aprA	1
GCA_902606065_1	aprB	1
GCA_902606065_1	betB	3
GCA_902606065_1	cuyA	1
GCA_902606065_1	cysA	2
GCA_902606065_1	cysC	4
GCA_902606065_1	cysE	2
GCA_902606065_1	cysI	1
GCA_902606065_1	cysJ	2
GCA_902606065_1	cysK	4
GCA_902606065_1	cysN	1
GCA_902606065_1	cysN_cysC	2
GCA_902606065_1	cysU	1
GCA_902606065_1	cysZ	1
GCA_902606065_1	dmdA	3
GCA_902606065_1	dmdD	1
GCA_902606065_1	dmsA	2
GCA_902606065_1	dmsC	2
GCA_902606065_1	glpE	3
GCA_902606065_1	hpsN	1
GCA_902606065_1	hpsO	1
GCA_902606065_1	iseM	4
GCA_902606065_1	isfD	1
GCA_902606065_1	mdh	7
GCA_902606065_1	metB	1
GCA_902606065_1	metC	3
GCA_902606065_1	metX	1
GCA_902606065_1	metY	1
GCA_902606065_1	metZ	3
GCA_902606065_1	prpE	3
GCA_902606065_1	pta	4
GCA_902606065_1	qmoA	1
GCA_902606065_1	sat	3
GCA_902606065_1	sgpC	1
GCA_902606065_1	slcC	1
GCA_902606065_1	slcD	2
GCA_902606065_1	sqdB	1
GCA_902606065_1	sseA	1
GCA_902606065_1	ssuB	2
GCA_902606065_1	ssuD	1
GCA_902606065_1	sulP	1
GCA_902606065_1	suyA	1
GCA_902606065_1	suyB	1
GCA_902606065_1	tauB	2
GCA_902606065_1	tauC	1
GCA_902606065_1	tmm	1
GCA_902606065_1	tpa	1
GCA_902606065_1	ttrA	1
GCA_902606065_1	tusB	1
GCA_902606065_1	xsc	2
GCA_903823385_1	acuI	3
GCA_903823385_1	aprA	1
GCA_903823385_1	asrA	2
GCA_903823385_1	asrB	1
GCA_903823385_1	asrC	2
GCA_903823385_1	betA	4
GCA_903823385_1	betB	2
GCA_903823385_1	comD	1
GCA_903823385_1	cuyA	1
GCA_903823385_1	cysA	8
GCA_903823385_1	cysC	22
GCA_903823385_1	cysD	7
GCA_903823385_1	cysE	15
GCA_903823385_1	cysH	3
GCA_903823385_1	cysI	5
GCA_903823385_1	cysJ	8
GCA_903823385_1	cysK	14
GCA_903823385_1	cysM	7
GCA_903823385_1	cysN	2
GCA_903823385_1	cysN_cysC	5
GCA_903823385_1	cysP	3
GCA_903823385_1	cysQ	2
GCA_903823385_1	cysU	7
GCA_903823385_1	cysW	1
GCA_903823385_1	dddP	1
GCA_903823385_1	dmdA	1
GCA_903823385_1	dmdB	1
GCA_903823385_1	dmsA	7
GCA_903823385_1	dmsC	2
GCA_903823385_1	dsrA	1
GCA_903823385_1	dsrB	1
GCA_903823385_1	dsrC	1
GCA_903823385_1	dsrK	1
GCA_903823385_1	dsrM	2
GCA_903823385_1	dsrN	2
GCA_903823385_1	dsrP	1
GCA_903823385_1	dsrT	1
GCA_903823385_1	fccB	2
GCA_903823385_1	gdh	2
GCA_903823385_1	glpE	7
GCA_903823385_1	hdrA1	3
GCA_903823385_1	hdrA2	3
GCA_903823385_1	hdrB2	1
GCA_903823385_1	hydB	1
GCA_903823385_1	hydD	1
GCA_903823385_1	isfD	3
GCA_903823385_1	mdh	10
GCA_903823385_1	metB	4
GCA_903823385_1	metC	7
GCA_903823385_1	metX	1
GCA_903823385_1	metY	1
GCA_903823385_1	metZ	2
GCA_903823385_1	nrnA	3
GCA_903823385_1	phsA	1
GCA_903823385_1	phsC	2
GCA_903823385_1	prpE	2
GCA_903823385_1	psrC	1
GCA_903823385_1	pta	8
GCA_903823385_1	sat	3
GCA_903823385_1	sbp	1
GCA_903823385_1	shyA	2
GCA_903823385_1	shyC	1
GCA_903823385_1	sir	1
GCA_903823385_1	slcC	3
GCA_903823385_1	soxY	2
GCA_903823385_1	sqdB	2
GCA_903823385_1	sqdX	10
GCA_903823385_1	sqr	1
GCA_903823385_1	ssuA	9
GCA_903823385_1	ssuB	12
GCA_903823385_1	ssuC	6
GCA_903823385_1	ssuD	3
GCA_903823385_1	ssuE	4
GCA_903823385_1	sudA	4
GCA_903823385_1	sudB	2
GCA_903823385_1	sulP	3
GCA_903823385_1	tauA	1
GCA_903823385_1	tauB	6
GCA_903823385_1	tauC	1
GCA_903823385_1	tauD	4
GCA_903823385_1	tpa	1
GCA_903823385_1	tsdA	1
GCA_903823385_1	ttrB	2
GCA_903823385_1	tusB	2
GCA_903823385_1	tusD	3
GCA_903823385_1	xsc	1
GCA_903831375_1	betA	3
GCA_903831375_1	betC	3
GCA_903831375_1	comB	1
GCA_903831375_1	cysA	1
GCA_903831375_1	cysC	10
GCA_903831375_1	cysE	4
GCA_903831375_1	cysH	1
GCA_903831375_1	cysI	3
GCA_903831375_1	cysJ	3
GCA_903831375_1	cysK	5
GCA_903831375_1	cysM	3
GCA_903831375_1	cysN	2
GCA_903831375_1	cysN_cysC	3
GCA_903831375_1	cysQ	1
GCA_903831375_1	cysU	2
GCA_903831375_1	dmdB	2
GCA_903831375_1	dmsA	1
GCA_903831375_1	dmsC	1
GCA_903831375_1	dsrP	2
GCA_903831375_1	dsyB	1
GCA_903831375_1	fccB	1
GCA_903831375_1	gdh	1
GCA_903831375_1	glpE	1
GCA_903831375_1	hpsN	1
GCA_903831375_1	isfD	1
GCA_903831375_1	mccB	1
GCA_903831375_1	mdh	10
GCA_903831375_1	metB	1
GCA_903831375_1	metC	1
GCA_903831375_1	metX	1
GCA_903831375_1	metY	1
GCA_903831375_1	metZ	5
GCA_903831375_1	nrnA	1
GCA_903831375_1	pta	1
GCA_903831375_1	shyA	1
GCA_903831375_1	shyC	1
GCA_903831375_1	shyD	1
GCA_903831375_1	slcC	1
GCA_903831375_1	sqdB	1
GCA_903831375_1	sqdX	4
GCA_903831375_1	sqr	1
GCA_903831375_1	ssuA	1
GCA_903831375_1	ssuB	3
GCA_903831375_1	ssuD	3
GCA_903831375_1	ssuE	1
GCA_903831375_1	sudA	1
GCA_903831375_1	sulP	5
GCA_903831375_1	tauA	1
GCA_903831375_1	tauB	1
GCA_903831375_1	tauD	4
GCA_903831375_1	tsdA	1
GCA_903831375_1	tusD	1
GCA_903831375_1	xsc	1
GCA_903857865_1	acuI	2
GCA_903857865_1	betA	6
GCA_903857865_1	betB	2
GCA_903857865_1	comE	1
GCA_903857865_1	cysA	4
GCA_903857865_1	cysC	13
GCA_903857865_1	cysD	2
GCA_903857865_1	cysE	5
GCA_903857865_1	cysH	1
GCA_903857865_1	cysI	4
GCA_903857865_1	cysJ	3
GCA_903857865_1	cysK	11
GCA_903857865_1	cysM	2
GCA_903857865_1	cysN	5
GCA_903857865_1	cysN_cysC	3
GCA_903857865_1	cysP	2
GCA_903857865_1	cysQ	2
GCA_903857865_1	cysU	4
GCA_903857865_1	cysW	1
GCA_903857865_1	dddP	3
GCA_903857865_1	dddQ	1
GCA_903857865_1	dmdB	2
GCA_903857865_1	dmsB	1
GCA_903857865_1	dsrA	1
GCA_903857865_1	gdh	4
GCA_903857865_1	glpE	7
GCA_903857865_1	hdrA1	1
GCA_903857865_1	hdrD	1
GCA_903857865_1	hpsP	1
GCA_903857865_1	hydD	1
GCA_903857865_1	isfD	1
GCA_903857865_1	mdh	15
GCA_903857865_1	metB	2
GCA_903857865_1	metC	2
GCA_903857865_1	metZ	1
GCA_903857865_1	nrnA	1
GCA_903857865_1	prpE	1
GCA_903857865_1	pta	4
GCA_903857865_1	qmoB	1
GCA_903857865_1	sat	5
GCA_903857865_1	shyA	1
GCA_903857865_1	slcC	3
GCA_903857865_1	soxA	1
GCA_903857865_1	soxB	2
GCA_903857865_1	soxC	2
GCA_903857865_1	soxX	1
GCA_903857865_1	sqdX	3
GCA_903857865_1	ssuB	6
GCA_903857865_1	ssuC	3
GCA_903857865_1	ssuD	2
GCA_903857865_1	ssuE	1
GCA_903857865_1	sudA	6
GCA_903857865_1	sulP	3
GCA_903857865_1	tauB	3
GCA_903857865_1	tauC	1
GCA_903857865_1	tauD	3
GCA_903857865_1	tauZ	1
GCA_903857865_1	tpa	2
GCA_903857865_1	tsdA	1
GCA_903857865_1	ttrB	1
GCA_903857865_1	tusB	4
GCA_903857865_1	tusD	1
GCA_903883855_1	acuI	1
GCA_903883855_1	aprA	1
GCA_903883855_1	betA	3
GCA_903883855_1	betB	10
GCA_903883855_1	betC	5
GCA_903883855_1	comB	1
GCA_903883855_1	cuyA	1
GCA_903883855_1	cysA	6
GCA_903883855_1	cysC	15
GCA_903883855_1	cysD	4
GCA_903883855_1	cysE	5
GCA_903883855_1	cysH	1
GCA_903883855_1	cysI	3
GCA_903883855_1	cysJ	5
GCA_903883855_1	cysK	10
GCA_903883855_1	cysM	10
GCA_903883855_1	cysN	5
GCA_903883855_1	cysN_cysC	7
GCA_903883855_1	cysP	4
GCA_903883855_1	cysQ	3
GCA_903883855_1	cysU	3
GCA_903883855_1	cysZ	1
GCA_903883855_1	dddP	1
GCA_903883855_1	dmdB	4
GCA_903883855_1	dmdC	9
GCA_903883855_1	dmdD	6
GCA_903883855_1	dmsA	5
GCA_903883855_1	dmsC	2
GCA_903883855_1	gdh	1
GCA_903883855_1	glpE	9
GCA_903883855_1	hdrD	1
GCA_903883855_1	hpsN	1
GCA_903883855_1	hpsP	1
GCA_903883855_1	hydD	1
GCA_903883855_1	iseM	1
GCA_903883855_1	isfD	2
GCA_903883855_1	mdh	11
GCA_903883855_1	metB	7
GCA_903883855_1	metC	7
GCA_903883855_1	metX	2
GCA_903883855_1	metZ	2
GCA_903883855_1	nrnA	1
GCA_903883855_1	prpE	1
GCA_903883855_1	pta	6
GCA_903883855_1	qmoA	1
GCA_903883855_1	sat	4
GCA_903883855_1	sbp	1
GCA_903883855_1	sgpB	1
GCA_903883855_1	shyA	1
GCA_903883855_1	shyC	1
GCA_903883855_1	sir	1
GCA_903883855_1	slcC	3
GCA_903883855_1	soeA	1
GCA_903883855_1	soxB	1
GCA_903883855_1	soxD	1
GCA_903883855_1	soxX	2
GCA_903883855_1	sqdB	2
GCA_903883855_1	sqdX	6
GCA_903883855_1	ssuA	13
GCA_903883855_1	ssuB	13
GCA_903883855_1	ssuC	1
GCA_903883855_1	ssuD	6
GCA_903883855_1	sudA	1
GCA_903883855_1	sulP	4
GCA_903883855_1	tauA	3
GCA_903883855_1	tauB	3
GCA_903883855_1	tauD	3
GCA_903883855_1	touF	1
GCA_903883855_1	tpa	1
GCA_903883855_1	tsdA	1
GCA_903883855_1	ttrB	2
GCA_903883855_1	tusA	4
GCA_903883855_1	tusB	1
GCA_903883855_1	xsc	1
GCA_903883855_1	yihQ	2
GCA_903930515_1	asrA	1
GCA_903930515_1	asrB	3
GCA_903930515_1	betA	7
GCA_903930515_1	betB	5
GCA_903930515_1	betC	18
GCA_903930515_1	cuyA	1
GCA_903930515_1	cysA	4
GCA_903930515_1	cysC	10
GCA_903930515_1	cysD	3
GCA_903930515_1	cysE	11
GCA_903930515_1	cysI	2
GCA_903930515_1	cysJ	8
GCA_903930515_1	cysK	16
GCA_903930515_1	cysM	5
GCA_903930515_1	cysN	7
GCA_903930515_1	cysN_cysC	4
GCA_903930515_1	cysP	3
GCA_903930515_1	cysQ	1
GCA_903930515_1	cysU	6
GCA_903930515_1	dddP	1
GCA_903930515_1	dmdA	1
GCA_903930515_1	dmdB	7
GCA_903930515_1	dmdC	21
GCA_903930515_1	dmdD	3
GCA_903930515_1	dmsA	12
GCA_903930515_1	dmsB	1
GCA_903930515_1	dmsC	1
GCA_903930515_1	fccB	1
GCA_903930515_1	gdh	2
GCA_903930515_1	glpE	6
GCA_903930515_1	hdrA1	2
GCA_903930515_1	hdrA2	2
GCA_903930515_1	hdrB2	2
GCA_903930515_1	hdrD	8
GCA_903930515_1	hpsN	1
GCA_903930515_1	hpsP	4
GCA_903930515_1	isfD	5
GCA_903930515_1	mccB	1
GCA_903930515_1	mdh	19
GCA_903930515_1	metA	1
GCA_903930515_1	metB	3
GCA_903930515_1	metC	6
GCA_903930515_1	metX	2
GCA_903930515_1	metY	1
GCA_903930515_1	metZ	1
GCA_903930515_1	mtsB	2
GCA_903930515_1	nrnA	1
GCA_903930515_1	prpE	2
GCA_903930515_1	pta	5
GCA_903930515_1	qmoB	1
GCA_903930515_1	sat	5
GCA_903930515_1	shyA	2
GCA_903930515_1	shyD	1
GCA_903930515_1	slcC	3
GCA_903930515_1	soxB	3
GCA_903930515_1	soxX	1
GCA_903930515_1	soxY	1
GCA_903930515_1	sqdX	11
GCA_903930515_1	ssuA	6
GCA_903930515_1	ssuB	8
GCA_903930515_1	ssuC	4
GCA_903930515_1	ssuD	3
GCA_903930515_1	ssuE	2
GCA_903930515_1	sudA	9
GCA_903930515_1	sudB	1
GCA_903930515_1	sulP	6
GCA_903930515_1	suyA	1
GCA_903930515_1	suyB	1
GCA_903930515_1	tauA	1
GCA_903930515_1	tauB	2
GCA_903930515_1	tauD	3
GCA_903930515_1	tpa	4
GCA_903930515_1	ttrA	2
GCA_903930515_1	ttrB	1
GCA_903930515_1	tusA	2
GCA_903930515_1	tusB	5
GCA_903930515_1	xsc	2
GCA_903930515_1	yihQ	6
GCA_905236315_1	aprA	1
GCA_905236315_1	asrB	1
GCA_905236315_1	betA	4
GCA_905236315_1	betB	2
GCA_905236315_1	comC	1
GCA_905236315_1	cuyA	1
GCA_905236315_1	cysA	4
GCA_905236315_1	cysC	5
GCA_905236315_1	cysE	3
GCA_905236315_1	cysH	1
GCA_905236315_1	cysJ	2
GCA_905236315_1	cysK	10
GCA_905236315_1	cysM	2
GCA_905236315_1	cysN	2
GCA_905236315_1	cysN_cysC	5
GCA_905236315_1	cysU	8
GCA_905236315_1	cysW	3
GCA_905236315_1	dmdB	2
GCA_905236315_1	dmsA	1
GCA_905236315_1	dmsB	2
GCA_905236315_1	dmsC	1
GCA_905236315_1	dsrA	1
GCA_905236315_1	dsrB	1
GCA_905236315_1	dsrN	1
GCA_905236315_1	gdh	1
GCA_905236315_1	glpE	3
GCA_905236315_1	hdrA2	1
GCA_905236315_1	hdrB1	1
GCA_905236315_1	hdrB2	1
GCA_905236315_1	hdrC2	1
GCA_905236315_1	hpsN	2
GCA_905236315_1	hpsO	1
GCA_905236315_1	mccB	1
GCA_905236315_1	mddA	1
GCA_905236315_1	mdh	18
GCA_905236315_1	metB	3
GCA_905236315_1	metC	5
GCA_905236315_1	metX	1
GCA_905236315_1	metY	1
GCA_905236315_1	metZ	2
GCA_905236315_1	nrnA	2
GCA_905236315_1	prpE	2
GCA_905236315_1	pta	2
GCA_905236315_1	sat	5
GCA_905236315_1	sbp	1
GCA_905236315_1	sgpB	1
GCA_905236315_1	sgpC	1
GCA_905236315_1	shyC	1
GCA_905236315_1	sir	5
GCA_905236315_1	slcC	1
GCA_905236315_1	soxB	2
GCA_905236315_1	soxX	1
GCA_905236315_1	sqdB	1
GCA_905236315_1	sqdX	6
GCA_905236315_1	ssuA	4
GCA_905236315_1	ssuB	8
GCA_905236315_1	ssuC	3
GCA_905236315_1	ssuD	1
GCA_905236315_1	ssuE	1
GCA_905236315_1	sudA	5
GCA_905236315_1	sudB	1
GCA_905236315_1	sulP	4
GCA_905236315_1	tauA	2
GCA_905236315_1	tauB	3
GCA_905236315_1	tauD	4
GCA_905236315_1	tpa	1
GCA_905236315_1	tsdA	1
GCA_905236315_1	ttrA	1
GCA_905236315_1	tusA	1
GCA_905236315_1	tusB	1
GCA_905236315_1	tusD	2
GCA_905236315_1	tusE	1
GCA_905236315_1	xsc	3
GCA_905236315_1	yihQ	1
GCA_910595855_1	acuI	1
GCA_910595855_1	aprA	1
GCA_910595855_1	aprB	1
GCA_910595855_1	asrA	1
GCA_910595855_1	asrB	1
GCA_910595855_1	betA	3
GCA_910595855_1	betB	3
GCA_910595855_1	betC	1
GCA_910595855_1	comB	1
GCA_910595855_1	cuyA	1
GCA_910595855_1	cysA	3
GCA_910595855_1	cysC	10
GCA_910595855_1	cysD	1
GCA_910595855_1	cysE	5
GCA_910595855_1	cysH	1
GCA_910595855_1	cysI	1
GCA_910595855_1	cysJ	4
GCA_910595855_1	cysK	10
GCA_910595855_1	cysM	4
GCA_910595855_1	cysN	3
GCA_910595855_1	cysN_cysC	6
GCA_910595855_1	cysQ	1
GCA_910595855_1	cysU	1
GCA_910595855_1	cysW	1
GCA_910595855_1	cysZ	1
GCA_910595855_1	dmdA	1
GCA_910595855_1	dmdB	1
GCA_910595855_1	dmdC	1
GCA_910595855_1	dmsA	4
GCA_910595855_1	dmsB	1
GCA_910595855_1	dmsC	1
GCA_910595855_1	dsrA	2
GCA_910595855_1	dsrB	1
GCA_910595855_1	dsrC	2
GCA_910595855_1	dsrE	1
GCA_910595855_1	dsrF	1
GCA_910595855_1	dsrH	1
GCA_910595855_1	dsrJ	1
GCA_910595855_1	dsrK	1
GCA_910595855_1	dsrL	1
GCA_910595855_1	dsrM	1
GCA_910595855_1	dsrN	1
GCA_910595855_1	dsrO	1
GCA_910595855_1	dsyB	1
GCA_910595855_1	glpE	17
GCA_910595855_1	hdrE	1
GCA_910595855_1	hpsN	1
GCA_910595855_1	isfD	1
GCA_910595855_1	mdh	9
GCA_910595855_1	metA	1
GCA_910595855_1	metB	1
GCA_910595855_1	metC	3
GCA_910595855_1	metZ	3
GCA_910595855_1	nrnA	2
GCA_910595855_1	phsB	1
GCA_910595855_1	prpE	3
GCA_910595855_1	pta	4
GCA_910595855_1	sat	4
GCA_910595855_1	sir	1
GCA_910595855_1	soxA	1
GCA_910595855_1	soxB	1
GCA_910595855_1	soxC	2
GCA_910595855_1	soxL	3
GCA_910595855_1	soxX	1
GCA_910595855_1	soxY	1
GCA_910595855_1	soxZ	1
GCA_910595855_1	sqr	2
GCA_910595855_1	ssuB	9
GCA_910595855_1	ssuD	1
GCA_910595855_1	sudA	3
GCA_910595855_1	sulP	3
GCA_910595855_1	tauA	3
GCA_910595855_1	tauB	2
GCA_910595855_1	tbuC	1
GCA_910595855_1	tpa	2
GCA_910595855_1	tsdA	1
GCA_910595855_1	tsdB	2
GCA_910595855_1	ttrA	1
GCA_910595855_1	ttrC	1
GCA_910595855_1	tusA	3
GCA_910595855_1	tusB	1
GCA_910595855_1	tusD	1
GCA_910595855_1	tusE	2
GCA_910595855_1	xsc	2
GCA_937132175_1	betC	1
GCA_937132175_1	cysA	3
GCA_937132175_1	cysD	1
GCA_937132175_1	cysE	3
GCA_937132175_1	cysI	1
GCA_937132175_1	cysJ	1
GCA_937132175_1	cysN	1
GCA_937132175_1	cysN_cysC	1
GCA_937132175_1	dmsA	1
GCA_937132175_1	dsyB	1
GCA_937132175_1	gdh	1
GCA_937132175_1	glpE	2
GCA_937132175_1	mdh	1
GCA_937132175_1	pta	1
GCA_937132175_1	sir	1
GCA_937132175_1	sqdX	3
GCA_937132175_1	ssuB	2
GCA_937132175_1	ssuD	2
GCA_937132175_1	sudA	1
GCA_937132175_1	tauD	1
GCA_937958695_1	acuI	1
GCA_937958695_1	aprA	1
GCA_937958695_1	asrC	2
GCA_937958695_1	betA	6
GCA_937958695_1	betB	5
GCA_937958695_1	betC	12
GCA_937958695_1	comB	1
GCA_937958695_1	comC	1
GCA_937958695_1	cysA	5
GCA_937958695_1	cysC	11
GCA_937958695_1	cysE	4
GCA_937958695_1	cysH	1
GCA_937958695_1	cysI	2
GCA_937958695_1	cysJ	4
GCA_937958695_1	cysK	7
GCA_937958695_1	cysM	3
GCA_937958695_1	cysN	1
GCA_937958695_1	cysN_cysC	4
GCA_937958695_1	cysP	22
GCA_937958695_1	cysU	6
GCA_937958695_1	dddP	1
GCA_937958695_1	dmdA	1
GCA_937958695_1	dmdB	1
GCA_937958695_1	dmsA	1
GCA_937958695_1	dmsB	1
GCA_937958695_1	dmsC	1
GCA_937958695_1	gdh	1
GCA_937958695_1	glpE	4
GCA_937958695_1	hdrA2	1
GCA_937958695_1	hpsN	1
GCA_937958695_1	hpsP	10
GCA_937958695_1	hydD	1
GCA_937958695_1	isfD	1
GCA_937958695_1	mccB	2
GCA_937958695_1	mdh	13
GCA_937958695_1	metB	7
GCA_937958695_1	metC	2
GCA_937958695_1	metX	1
GCA_937958695_1	metY	2
GCA_937958695_1	metZ	1
GCA_937958695_1	mtsA	2
GCA_937958695_1	mtsB	1
GCA_937958695_1	nrnA	8
GCA_937958695_1	pta	6
GCA_937958695_1	sat	2
GCA_937958695_1	sgpC	1
GCA_937958695_1	shyA	1
GCA_937958695_1	sir	2
GCA_937958695_1	slcC	4
GCA_937958695_1	soxA	1
GCA_937958695_1	soxB	2
GCA_937958695_1	soxX	1
GCA_937958695_1	sqdB	1
GCA_937958695_1	sqdX	3
GCA_937958695_1	ssuB	11
GCA_937958695_1	ssuC	2
GCA_937958695_1	ssuD	3
GCA_937958695_1	sudA	2
GCA_937958695_1	sudB	2
GCA_937958695_1	suyA	1
GCA_937958695_1	suyB	1
GCA_937958695_1	tauA	2
GCA_937958695_1	tauB	4
GCA_937958695_1	tauD	1
GCA_937958695_1	tsdA	1
GCA_937958695_1	ttrA	2
GCA_937958695_1	tusA	2
GCA_937958695_1	tusB	1
GCA_937958695_1	tusD	1
GCA_937958695_1	xsc	1
GCA_937958695_1	yihQ	2
GCA_937967935_1	acuI	3
GCA_937967935_1	asrB	1
GCA_937967935_1	betA	5
GCA_937967935_1	betB	15
GCA_937967935_1	betC	1
GCA_937967935_1	comB	2
GCA_937967935_1	comC	1
GCA_937967935_1	comD	1
GCA_937967935_1	comE	1
GCA_937967935_1	cuyA	1
GCA_937967935_1	cysA	11
GCA_937967935_1	cysC	18
GCA_937967935_1	cysD	2
GCA_937967935_1	cysE	10
GCA_937967935_1	cysH	2
GCA_937967935_1	cysJ	4
GCA_937967935_1	cysK	13
GCA_937967935_1	cysM	3
GCA_937967935_1	cysN	1
GCA_937967935_1	cysN_cysC	4
GCA_937967935_1	cysP	4
GCA_937967935_1	cysQ	4
GCA_937967935_1	cysU	6
GCA_937967935_1	dddP	3
GCA_937967935_1	ddhA	1
GCA_937967935_1	ddhC	1
GCA_937967935_1	dmdA	2
GCA_937967935_1	dmdB	5
GCA_937967935_1	dmdC	7
GCA_937967935_1	dmdD	2
GCA_937967935_1	dmsA	3
GCA_937967935_1	dmsB	1
GCA_937967935_1	dmsC	1
GCA_937967935_1	dsrA	1
GCA_937967935_1	dsrB	1
GCA_937967935_1	dsyB	1
GCA_937967935_1	fccB	1
GCA_937967935_1	gdh	2
GCA_937967935_1	glpE	6
GCA_937967935_1	hdrA2	1
GCA_937967935_1	hdrD	4
GCA_937967935_1	hpsM	1
GCA_937967935_1	hpsN	1
GCA_937967935_1	hpsP	2
GCA_937967935_1	iseM	3
GCA_937967935_1	mddA	1
GCA_937967935_1	mdh	12
GCA_937967935_1	metA	1
GCA_937967935_1	metB	1
GCA_937967935_1	metC	6
GCA_937967935_1	metX	3
GCA_937967935_1	metY	1
GCA_937967935_1	metZ	1
GCA_937967935_1	nrnA	3
GCA_937967935_1	phsA	1
GCA_937967935_1	phsC	1
GCA_937967935_1	prpE	6
GCA_937967935_1	pta	9
GCA_937967935_1	sat	4
GCA_937967935_1	sbp	1
GCA_937967935_1	slcC	3
GCA_937967935_1	soxA	2
GCA_937967935_1	soxB	2
GCA_937967935_1	soxC	2
GCA_937967935_1	soxX	2
GCA_937967935_1	soxY	1
GCA_937967935_1	sqdB	1
GCA_937967935_1	sqdX	3
GCA_937967935_1	sseA	1
GCA_937967935_1	ssuA	7
GCA_937967935_1	ssuB	5
GCA_937967935_1	ssuC	2
GCA_937967935_1	ssuD	1
GCA_937967935_1	ssuE	1
GCA_937967935_1	sudA	4
GCA_937967935_1	sulP	4
GCA_937967935_1	tauA	2
GCA_937967935_1	tauB	2
GCA_937967935_1	tauC	3
GCA_937967935_1	tauD	2
GCA_937967935_1	tmoC	1
GCA_937967935_1	tpa	4
GCA_937967935_1	tsdA	1
GCA_937967935_1	ttrA	2
GCA_937967935_1	ttrB	2
GCA_937967935_1	tusA	7
GCA_937967935_1	tusD	1
GCA_937967935_1	tusE	2
GCA_937967935_1	xsc	5
GCA_944321895_1	asrC	2
GCA_944321895_1	betA	3
GCA_944321895_1	betC	6
GCA_944321895_1	cuyA	1
GCA_944321895_1	cysA	2
GCA_944321895_1	cysC	8
GCA_944321895_1	cysD	5
GCA_944321895_1	cysE	10
GCA_944321895_1	cysI	1
GCA_944321895_1	cysJ	5
GCA_944321895_1	cysK	12
GCA_944321895_1	cysM	4
GCA_944321895_1	cysN	5
GCA_944321895_1	cysN_cysC	4
GCA_944321895_1	cysP	1
GCA_944321895_1	cysU	2
GCA_944321895_1	dddP	1
GCA_944321895_1	dmdA	1
GCA_944321895_1	dmdC	1
GCA_944321895_1	dmsA	1
GCA_944321895_1	dmsB	2
GCA_944321895_1	dmsC	2
GCA_944321895_1	dsrA	2
GCA_944321895_1	dsrB	1
GCA_944321895_1	gdh	3
GCA_944321895_1	glpE	4
GCA_944321895_1	hdrA2	1
GCA_944321895_1	hdrB1	1
GCA_944321895_1	hdrC1	1
GCA_944321895_1	hdrC2	1
GCA_944321895_1	hdrD	1
GCA_944321895_1	hpsN	1
GCA_944321895_1	hpsP	2
GCA_944321895_1	isfD	1
GCA_944321895_1	mdh	8
GCA_944321895_1	metA	1
GCA_944321895_1	metB	3
GCA_944321895_1	metC	2
GCA_944321895_1	metY	1
GCA_944321895_1	metZ	1
GCA_944321895_1	nrnA	3
GCA_944321895_1	prpE	1
GCA_944321895_1	pta	12
GCA_944321895_1	sat	2
GCA_944321895_1	sgpB	2
GCA_944321895_1	shyC	1
GCA_944321895_1	sir	2
GCA_944321895_1	slcC	2
GCA_944321895_1	soxA	1
GCA_944321895_1	soxB	1
GCA_944321895_1	sqdB	1
GCA_944321895_1	sqdX	5
GCA_944321895_1	ssuA	2
GCA_944321895_1	ssuB	4
GCA_944321895_1	ssuC	1
GCA_944321895_1	ssuD	2
GCA_944321895_1	ssuE	1
GCA_944321895_1	sudA	4
GCA_944321895_1	sudB	1
GCA_944321895_1	sulP	5
GCA_944321895_1	suyA	1
GCA_944321895_1	tauA	2
GCA_944321895_1	tauB	3
GCA_944321895_1	tauD	2
GCA_944321895_1	tauZ	1
GCA_944321895_1	tbuC	1
GCA_944321895_1	tpa	1
GCA_944321895_1	tsdA	1
GCA_944321895_1	ttrB	2
GCA_944321895_1	ttrC	2
GCA_944321895_1	tusB	1
GCA_944321895_1	xsc	1
GCA_944324555_1	aprA	5
GCA_944324555_1	aprB	1
GCA_944324555_1	asrA	2
GCA_944324555_1	asrC	3
GCA_944324555_1	betA	6
GCA_944324555_1	betB	8
GCA_944324555_1	comC	1
GCA_944324555_1	comE	1
GCA_944324555_1	cuyA	2
GCA_944324555_1	cysA	3
GCA_944324555_1	cysC	21
GCA_944324555_1	cysD	2
GCA_944324555_1	cysE	2
GCA_944324555_1	cysH	2
GCA_944324555_1	cysI	2
GCA_944324555_1	cysJ	7
GCA_944324555_1	cysK	12
GCA_944324555_1	cysM	4
GCA_944324555_1	cysN	3
GCA_944324555_1	cysN_cysC	6
GCA_944324555_1	cysP	1
GCA_944324555_1	cysQ	1
GCA_944324555_1	cysU	5
GCA_944324555_1	cysZ	1
GCA_944324555_1	dddT	2
GCA_944324555_1	dmdA	1
GCA_944324555_1	dmdB	2
GCA_944324555_1	dmsA	6
GCA_944324555_1	dmsB	5
GCA_944324555_1	dmsC	4
GCA_944324555_1	dsrA	2
GCA_944324555_1	dsrB	2
GCA_944324555_1	dsrC	1
GCA_944324555_1	dsrD	1
GCA_944324555_1	dsrK	1
GCA_944324555_1	dsrN	2
GCA_944324555_1	dsrT	1
GCA_944324555_1	gdh	2
GCA_944324555_1	glpE	10
GCA_944324555_1	hdrA1	1
GCA_944324555_1	hdrA2	1
GCA_944324555_1	hdrB2	1
GCA_944324555_1	hdrC2	1
GCA_944324555_1	hdrD	3
GCA_944324555_1	hpsK	1
GCA_944324555_1	hpsM	2
GCA_944324555_1	hpsN	1
GCA_944324555_1	hpsP	3
GCA_944324555_1	isfD	1
GCA_944324555_1	mccB	1
GCA_944324555_1	mdh	7
GCA_944324555_1	metA	2
GCA_944324555_1	metC	6
GCA_944324555_1	metX	2
GCA_944324555_1	metZ	9
GCA_944324555_1	nrnA	4
GCA_944324555_1	phsA	1
GCA_944324555_1	prpE	2
GCA_944324555_1	psrA	1
GCA_944324555_1	pta	12
GCA_944324555_1	qmoA	1
GCA_944324555_1	qmoB	1
GCA_944324555_1	qmoC	1
GCA_944324555_1	sat	4
GCA_944324555_1	sgpC	1
GCA_944324555_1	shyC	1
GCA_944324555_1	sir	2
GCA_944324555_1	slcC	1
GCA_944324555_1	slcD	1
GCA_944324555_1	soxB	1
GCA_944324555_1	soxX	1
GCA_944324555_1	soxY	2
GCA_944324555_1	sqdB	2
GCA_944324555_1	sqdX	7
GCA_944324555_1	sseA	1
GCA_944324555_1	ssuA	16
GCA_944324555_1	ssuB	4
GCA_944324555_1	ssuC	2
GCA_944324555_1	ssuD	4
GCA_944324555_1	ssuE	2
GCA_944324555_1	sudA	8
GCA_944324555_1	sudB	1
GCA_944324555_1	sulP	5
GCA_944324555_1	suyA	2
GCA_944324555_1	suyB	2
GCA_944324555_1	tauA	1
GCA_944324555_1	tauB	4
GCA_944324555_1	tauD	13
GCA_944324555_1	tsdA	1
GCA_944324555_1	ttrA	2
GCA_944324555_1	ttrB	2
GCA_944324555_1	ttrC	1
GCA_944324555_1	tusA	4
GCA_944324555_1	tusD	1
GCA_944324555_1	xsc	1
GCA_944358455_1	betA	1
GCA_944358455_1	betB	1
GCA_944358455_1	betC	1
GCA_944358455_1	comB	2
GCA_944358455_1	cuyA	1
GCA_944358455_1	cysA	2
GCA_944358455_1	cysC	4
GCA_944358455_1	cysD	4
GCA_944358455_1	cysE	2
GCA_944358455_1	cysH	1
GCA_944358455_1	cysI	1
GCA_944358455_1	cysK	5
GCA_944358455_1	cysM	3
GCA_944358455_1	cysN	2
GCA_944358455_1	cysN_cysC	3
GCA_944358455_1	cysQ	1
GCA_944358455_1	cysU	4
GCA_944358455_1	cysZ	3
GCA_944358455_1	dmsB	1
GCA_944358455_1	dmsC	1
GCA_944358455_1	fccB	1
GCA_944358455_1	glpE	9
GCA_944358455_1	mdh	13
GCA_944358455_1	metB	1
GCA_944358455_1	metC	1
GCA_944358455_1	metZ	2
GCA_944358455_1	nrnA	4
GCA_944358455_1	prpE	1
GCA_944358455_1	pta	2
GCA_944358455_1	sorA	3
GCA_944358455_1	sqdX	2
GCA_944358455_1	sreB	1
GCA_944358455_1	ssuB	2
GCA_944358455_1	ssuC	2
GCA_944358455_1	ssuD	2
GCA_944358455_1	ssuE	1
GCA_944358455_1	sulP	1
GCA_944358455_1	tauA	1
GCA_944358455_1	tauB	2
GCA_944358455_1	tauD	1
GCA_944358455_1	ttrA	2
GCA_944358455_1	ttrC	1
GCA_944358455_1	tusB	1
GCA_944358455_1	tusD	1
GCA_945786985_1	acuI	3
GCA_945786985_1	aprA	2
GCA_945786985_1	aprB	1
GCA_945786985_1	asrA	1
GCA_945786985_1	asrB	2
GCA_945786985_1	asrC	2
GCA_945786985_1	betA	4
GCA_945786985_1	betB	5
GCA_945786985_1	comB	1
GCA_945786985_1	cuyA	1
GCA_945786985_1	cysA	7
GCA_945786985_1	cysC	18
GCA_945786985_1	cysD	2
GCA_945786985_1	cysE	9
GCA_945786985_1	cysH	1
GCA_945786985_1	cysI	1
GCA_945786985_1	cysJ	7
GCA_945786985_1	cysK	14
GCA_945786985_1	cysM	11
GCA_945786985_1	cysN	7
GCA_945786985_1	cysN_cysC	5
GCA_945786985_1	cysP	5
GCA_945786985_1	cysQ	2
GCA_945786985_1	cysU	3
GCA_945786985_1	cysW	3
GCA_945786985_1	dddP	1
GCA_945786985_1	dmdB	2
GCA_945786985_1	dmdC	4
GCA_945786985_1	dmdD	2
GCA_945786985_1	dmsA	25
GCA_945786985_1	dmsB	4
GCA_945786985_1	dmsC	4
GCA_945786985_1	dsrA	4
GCA_945786985_1	dsrB	4
GCA_945786985_1	dsrE	2
GCA_945786985_1	dsrF	1
GCA_945786985_1	dsrH	1
GCA_945786985_1	dsrJ	1
GCA_945786985_1	dsrK	1
GCA_945786985_1	dsrM	1
GCA_945786985_1	dsrN	1
GCA_945786985_1	dsrP	1
GCA_945786985_1	dsrT	1
GCA_945786985_1	dsyB	1
GCA_945786985_1	fsr	1
GCA_945786985_1	gdh	2
GCA_945786985_1	glpE	11
GCA_945786985_1	hdrA1	1
GCA_945786985_1	hdrA2	1
GCA_945786985_1	hdrB1	1
GCA_945786985_1	hdrC2	1
GCA_945786985_1	hdrD	2
GCA_945786985_1	hpsP	2
GCA_945786985_1	hydD	1
GCA_945786985_1	mdh	15
GCA_945786985_1	metA	1
GCA_945786985_1	metB	2
GCA_945786985_1	metC	2
GCA_945786985_1	metX	3
GCA_945786985_1	metY	1
GCA_945786985_1	metZ	2
GCA_945786985_1	nrnA	5
GCA_945786985_1	otr	1
GCA_945786985_1	phsA	1
GCA_945786985_1	prpE	4
GCA_945786985_1	psrA	1
GCA_945786985_1	psrC	1
GCA_945786985_1	pta	4
GCA_945786985_1	qmoA	1
GCA_945786985_1	qmoB	1
GCA_945786985_1	qmoC	1
GCA_945786985_1	sat	4
GCA_945786985_1	sbp	4
GCA_945786985_1	sgpB	3
GCA_945786985_1	sgpC	1
GCA_945786985_1	shyA	1
GCA_945786985_1	shyC	1
GCA_945786985_1	sir	1
GCA_945786985_1	slcC	1
GCA_945786985_1	soxA	1
GCA_945786985_1	soxB	3
GCA_945786985_1	soxC	1
GCA_945786985_1	soxX	4
GCA_945786985_1	sqdB	1
GCA_945786985_1	sqdX	11
GCA_945786985_1	sqr	1
GCA_945786985_1	sseA	1
GCA_945786985_1	ssuA	19
GCA_945786985_1	ssuB	7
GCA_945786985_1	ssuC	3
GCA_945786985_1	ssuD	3
GCA_945786985_1	ssuE	2
GCA_945786985_1	sudA	8
GCA_945786985_1	sudB	2
GCA_945786985_1	sulP	13
GCA_945786985_1	tauA	1
GCA_945786985_1	tauB	2
GCA_945786985_1	tauZ	2
GCA_945786985_1	tpa	2
GCA_945786985_1	tsdA	2
GCA_945786985_1	ttrA	3
GCA_945786985_1	ttrB	8
GCA_945786985_1	tusA	10
GCA_945786985_1	tusB	2
GCA_945786985_1	tusE	1
GCA_945786985_1	xsc	2
GCA_945787325_1	acuI	1
GCA_945787325_1	aprA	2
GCA_945787325_1	aprB	1
GCA_945787325_1	asrA	1
GCA_945787325_1	asrB	1
GCA_945787325_1	asrC	2
GCA_945787325_1	betA	5
GCA_945787325_1	betB	3
GCA_945787325_1	comB	4
GCA_945787325_1	comE	1
GCA_945787325_1	cuyA	2
GCA_945787325_1	cysA	5
GCA_945787325_1	cysC	15
GCA_945787325_1	cysD	3
GCA_945787325_1	cysE	5
GCA_945787325_1	cysH	3
GCA_945787325_1	cysI	3
GCA_945787325_1	cysJ	7
GCA_945787325_1	cysK	18
GCA_945787325_1	cysM	5
GCA_945787325_1	cysN	5
GCA_945787325_1	cysN_cysC	5
GCA_945787325_1	cysP	2
GCA_945787325_1	cysQ	2
GCA_945787325_1	cysU	4
GCA_945787325_1	cysW	2
GCA_945787325_1	cysZ	2
GCA_945787325_1	dmdB	2
GCA_945787325_1	dmdC	2
GCA_945787325_1	dmdD	2
GCA_945787325_1	dmsA	21
GCA_945787325_1	dmsB	3
GCA_945787325_1	dmsC	1
GCA_945787325_1	dsrA	2
GCA_945787325_1	dsrB	2
GCA_945787325_1	dsrC	2
GCA_945787325_1	dsrD	1
GCA_945787325_1	dsrJ	1
GCA_945787325_1	dsrK	1
GCA_945787325_1	dsrL	1
GCA_945787325_1	dsrM	1
GCA_945787325_1	dsrP	2
GCA_945787325_1	dsrT	1
GCA_945787325_1	dsyB	1
GCA_945787325_1	glpE	16
GCA_945787325_1	hdrA2	2
GCA_945787325_1	hdrC1	1
GCA_945787325_1	hpsL	1
GCA_945787325_1	hpsN	1
GCA_945787325_1	hpsP	1
GCA_945787325_1	iseM	3
GCA_945787325_1	isfD	1
GCA_945787325_1	mdh	8
GCA_945787325_1	metA	1
GCA_945787325_1	metB	2
GCA_945787325_1	metC	6
GCA_945787325_1	metX	3
GCA_945787325_1	metY	3
GCA_945787325_1	metZ	3
GCA_945787325_1	nrnA	2
GCA_945787325_1	phsA	1
GCA_945787325_1	phsC	1
GCA_945787325_1	prpE	3
GCA_945787325_1	pta	4
GCA_945787325_1	qmoA	1
GCA_945787325_1	sat	5
GCA_945787325_1	sbp	4
GCA_945787325_1	sgpB	2
GCA_945787325_1	sgpC	1
GCA_945787325_1	sir	1
GCA_945787325_1	slcC	2
GCA_945787325_1	soxB	3
GCA_945787325_1	soxX	1
GCA_945787325_1	soxZ	1
GCA_945787325_1	sqdX	2
GCA_945787325_1	sseA	1
GCA_945787325_1	ssuA	17
GCA_945787325_1	ssuB	8
GCA_945787325_1	ssuC	2
GCA_945787325_1	ssuD	3
GCA_945787325_1	ssuE	2
GCA_945787325_1	sudA	4
GCA_945787325_1	sudB	1
GCA_945787325_1	sulP	13
GCA_945787325_1	tauA	3
GCA_945787325_1	tauB	2
GCA_945787325_1	tauD	3
GCA_945787325_1	tpa	1
GCA_945787325_1	tsdA	1
GCA_945787325_1	ttrA	1
GCA_945787325_1	ttrB	5
GCA_945787325_1	ttrC	1
GCA_945787325_1	tusA	9
GCA_945787325_1	tusD	2
GCA_945787325_1	tusE	1
GCA_945787325_1	xsc	2
GCA_945889655_1	acuI	4
GCA_945889655_1	asrA	1
GCA_945889655_1	betA	6
GCA_945889655_1	betB	8
GCA_945889655_1	comB	1
GCA_945889655_1	comD	1
GCA_945889655_1	comE	2
GCA_945889655_1	cuyA	1
GCA_945889655_1	cysA	3
GCA_945889655_1	cysC	12
GCA_945889655_1	cysD	2
GCA_945889655_1	cysE	5
GCA_945889655_1	cysH	1
GCA_945889655_1	cysJ	3
GCA_945889655_1	cysK	13
GCA_945889655_1	cysM	4
GCA_945889655_1	cysN	4
GCA_945889655_1	cysN_cysC	6
GCA_945889655_1	cysP	1
GCA_945889655_1	cysU	3
GCA_945889655_1	cysW	1
GCA_945889655_1	dmdB	5
GCA_945889655_1	dmdC	4
GCA_945889655_1	dmdD	4
GCA_945889655_1	dmsA	6
GCA_945889655_1	dmsC	1
GCA_945889655_1	dsrA	1
GCA_945889655_1	dsrB	2
GCA_945889655_1	dsyB	1
GCA_945889655_1	gdh	2
GCA_945889655_1	glpE	8
GCA_945889655_1	hdrA2	1
GCA_945889655_1	hpsN	1
GCA_945889655_1	hpsP	1
GCA_945889655_1	isfD	3
GCA_945889655_1	mdh	9
GCA_945889655_1	metB	1
GCA_945889655_1	metC	3
GCA_945889655_1	metY	1
GCA_945889655_1	metZ	6
GCA_945889655_1	nrnA	2
GCA_945889655_1	prpE	2
GCA_945889655_1	pta	7
GCA_945889655_1	sat	5
GCA_945889655_1	sir	2
GCA_945889655_1	slcC	4
GCA_945889655_1	sorB	1
GCA_945889655_1	soxB	1
GCA_945889655_1	soxX	3
GCA_945889655_1	sqdB	2
GCA_945889655_1	sqdX	8
GCA_945889655_1	sseA	2
GCA_945889655_1	ssuA	5
GCA_945889655_1	ssuB	5
GCA_945889655_1	ssuC	1
GCA_945889655_1	ssuD	8
GCA_945889655_1	sudA	2
GCA_945889655_1	sulP	4
GCA_945889655_1	suyA	1
GCA_945889655_1	tauA	1
GCA_945889655_1	tauB	1
GCA_945889655_1	tauD	1
GCA_945889655_1	tmoC	1
GCA_945889655_1	tpa	2
GCA_945889655_1	tsdA	1
GCA_945889655_1	ttrA	4
GCA_945889655_1	ttrB	2
GCA_945889655_1	tusA	1
GCA_945889655_1	tusB	1
GCA_945889655_1	tusD	1
GCA_945889655_1	xsc	2
GCA_947491025_1	acuI	2
GCA_947491025_1	asrC	1
GCA_947491025_1	betA	2
GCA_947491025_1	betB	9
GCA_947491025_1	betC	4
GCA_947491025_1	cuyA	2
GCA_947491025_1	cysA	5
GCA_947491025_1	cysC	11
GCA_947491025_1	cysD	1
GCA_947491025_1	cysE	2
GCA_947491025_1	cysH	1
GCA_947491025_1	cysJ	6
GCA_947491025_1	cysK	11
GCA_947491025_1	cysM	6
GCA_947491025_1	cysN	4
GCA_947491025_1	cysN_cysC	2
GCA_947491025_1	cysP	1
GCA_947491025_1	cysQ	2
GCA_947491025_1	dddP	1
GCA_947491025_1	dmdB	1
GCA_947491025_1	dmdC	7
GCA_947491025_1	dmdD	2
GCA_947491025_1	dmsA	1
GCA_947491025_1	dmsC	1
GCA_947491025_1	dsrA	1
GCA_947491025_1	dsyB	1
GCA_947491025_1	glpE	12
GCA_947491025_1	hdrD	1
GCA_947491025_1	hpsP	1
GCA_947491025_1	iseM	1
GCA_947491025_1	isfD	1
GCA_947491025_1	mdh	10
GCA_947491025_1	metA	1
GCA_947491025_1	metB	5
GCA_947491025_1	metC	9
GCA_947491025_1	nrnA	2
GCA_947491025_1	prpE	1
GCA_947491025_1	pta	4
GCA_947491025_1	sat	3
GCA_947491025_1	sgpB	1
GCA_947491025_1	slcC	3
GCA_947491025_1	soxB	2
GCA_947491025_1	soxX	1
GCA_947491025_1	sqdX	7
GCA_947491025_1	sqr	1
GCA_947491025_1	ssuA	12
GCA_947491025_1	ssuB	6
GCA_947491025_1	ssuD	2
GCA_947491025_1	sudA	3
GCA_947491025_1	sulP	6
GCA_947491025_1	tauA	2
GCA_947491025_1	tauB	3
GCA_947491025_1	tauD	2
GCA_947491025_1	tauY	1
GCA_947491025_1	tbuC	1
GCA_947491025_1	tpa	1
GCA_947491025_1	tusA	1
GCA_947491025_1	tusD	1
GCA_947491025_1	tusE	1
GCA_947491025_1	xsc	2
GCA_947491025_1	yihQ	1
GCA_963422735_1	acuI	7
GCA_963422735_1	aprA	2
GCA_963422735_1	asrA	1
GCA_963422735_1	asrB	1
GCA_963422735_1	asrC	1
GCA_963422735_1	betA	6
GCA_963422735_1	betB	5
GCA_963422735_1	betC	32
GCA_963422735_1	comB	1
GCA_963422735_1	comC	7
GCA_963422735_1	comD	1
GCA_963422735_1	comE	1
GCA_963422735_1	cuyA	4
GCA_963422735_1	cysA	6
GCA_963422735_1	cysC	15
GCA_963422735_1	cysD	4
GCA_963422735_1	cysE	8
GCA_963422735_1	cysH	2
GCA_963422735_1	cysI	4
GCA_963422735_1	cysJ	3
GCA_963422735_1	cysK	13
GCA_963422735_1	cysM	4
GCA_963422735_1	cysN	1
GCA_963422735_1	cysN_cysC	4
GCA_963422735_1	cysP	6
GCA_963422735_1	cysQ	5
GCA_963422735_1	cysU	10
GCA_963422735_1	dmdA	1
GCA_963422735_1	dmdB	1
GCA_963422735_1	dmsA	5
GCA_963422735_1	dmsB	1
GCA_963422735_1	dmsC	1
GCA_963422735_1	dsrA	2
GCA_963422735_1	gdh	1
GCA_963422735_1	glpE	6
GCA_963422735_1	hdrD	2
GCA_963422735_1	hpsL	1
GCA_963422735_1	hpsO	1
GCA_963422735_1	hpsP	4
GCA_963422735_1	iseM	1
GCA_963422735_1	isfD	6
GCA_963422735_1	mdh	14
GCA_963422735_1	metB	2
GCA_963422735_1	metC	4
GCA_963422735_1	metY	1
GCA_963422735_1	metZ	4
GCA_963422735_1	mtsB	1
GCA_963422735_1	nrnA	2
GCA_963422735_1	prpE	3
GCA_963422735_1	pta	5
GCA_963422735_1	sat	23
GCA_963422735_1	sbp	1
GCA_963422735_1	sir	1
GCA_963422735_1	slcC	12
GCA_963422735_1	sorA	1
GCA_963422735_1	soxA	1
GCA_963422735_1	soxC	1
GCA_963422735_1	soxX	3
GCA_963422735_1	sqdX	6
GCA_963422735_1	ssuA	11
GCA_963422735_1	ssuB	13
GCA_963422735_1	ssuC	1
GCA_963422735_1	ssuD	3
GCA_963422735_1	ssuE	1
GCA_963422735_1	sudA	5
GCA_963422735_1	sudB	1
GCA_963422735_1	sulP	3
GCA_963422735_1	suyA	1
GCA_963422735_1	tauA	2
GCA_963422735_1	tauB	6
GCA_963422735_1	tauD	2
GCA_963422735_1	tauY	1
GCA_963422735_1	tmoC	2
GCA_963422735_1	tpa	5
GCA_963422735_1	tsdA	1
GCA_963422735_1	ttrA	1
GCA_963422735_1	ttrC	1
GCA_963422735_1	tusA	2
GCA_963422735_1	tusB	3
GCA_963422735_1	xsc	3
GCA_963583215_1	acuI	4
GCA_963583215_1	asrB	1
GCA_963583215_1	betA	4
GCA_963583215_1	betB	4
GCA_963583215_1	betC	3
GCA_963583215_1	cuyA	1
GCA_963583215_1	cysC	9
GCA_963583215_1	cysD	1
GCA_963583215_1	cysE	6
GCA_963583215_1	cysH	5
GCA_963583215_1	cysI	3
GCA_963583215_1	cysJ	4
GCA_963583215_1	cysK	7
GCA_963583215_1	cysM	2
GCA_963583215_1	cysN	1
GCA_963583215_1	cysN_cysC	4
GCA_963583215_1	cysP	1
GCA_963583215_1	cysQ	2
GCA_963583215_1	cysU	2
GCA_963583215_1	cysW	2
GCA_963583215_1	dddP	1
GCA_963583215_1	dmdC	1
GCA_963583215_1	dmdD	2
GCA_963583215_1	dmsA	4
GCA_963583215_1	dmsB	1
GCA_963583215_1	dmsC	1
GCA_963583215_1	dsrA	1
GCA_963583215_1	fccB	2
GCA_963583215_1	gdh	1
GCA_963583215_1	glpE	12
GCA_963583215_1	hdrB2	1
GCA_963583215_1	hdrD	1
GCA_963583215_1	hpsN	2
GCA_963583215_1	iseM	1
GCA_963583215_1	isfD	2
GCA_963583215_1	mdh	11
GCA_963583215_1	metB	2
GCA_963583215_1	metC	1
GCA_963583215_1	metX	1
GCA_963583215_1	metY	3
GCA_963583215_1	metZ	2
GCA_963583215_1	nrnA	3
GCA_963583215_1	pta	6
GCA_963583215_1	sat	3
GCA_963583215_1	sbp	1
GCA_963583215_1	sir	3
GCA_963583215_1	slcC	2
GCA_963583215_1	sorA	1
GCA_963583215_1	sorB	1
GCA_963583215_1	soxA	1
GCA_963583215_1	soxB	1
GCA_963583215_1	soxC	1
GCA_963583215_1	soxD	1
GCA_963583215_1	soxL	1
GCA_963583215_1	soxX	1
GCA_963583215_1	soxY	3
GCA_963583215_1	soxZ	2
GCA_963583215_1	sqdX	3
GCA_963583215_1	sqr	2
GCA_963583215_1	ssuB	2
GCA_963583215_1	ssuC	2
GCA_963583215_1	ssuD	1
GCA_963583215_1	ssuE	1
GCA_963583215_1	sudA	3
GCA_963583215_1	sulP	4
GCA_963583215_1	tauA	1
GCA_963583215_1	tauB	1
GCA_963583215_1	tauD	1
GCA_963583215_1	tauZ	1
GCA_963583215_1	tpa	1
GCA_963583215_1	tsdA	2
GCA_963583215_1	tsdB	1
GCA_963583215_1	ttrB	2
GCA_963583215_1	ttrC	1
GCA_963583215_1	tusB	1
GCA_963583215_1	tusD	1
GCA_963583215_1	xsc	2
GCA_963663345_2	acuI	2
GCA_963663345_2	aprA	2
GCA_963663345_2	aprB	1
GCA_963663345_2	asrA	2
GCA_963663345_2	asrB	3
GCA_963663345_2	asrC	3
GCA_963663345_2	betA	13
GCA_963663345_2	betB	31
GCA_963663345_2	comB	2
GCA_963663345_2	comE	2
GCA_963663345_2	cuyA	2
GCA_963663345_2	cysA	12
GCA_963663345_2	cysC	17
GCA_963663345_2	cysD	8
GCA_963663345_2	cysE	12
GCA_963663345_2	cysH	2
GCA_963663345_2	cysI	2
GCA_963663345_2	cysJ	13
GCA_963663345_2	cysK	46
GCA_963663345_2	cysM	8
GCA_963663345_2	cysN	5
GCA_963663345_2	cysN_cysC	6
GCA_963663345_2	cysP	6
GCA_963663345_2	cysQ	3
GCA_963663345_2	cysU	11
GCA_963663345_2	cysW	1
GCA_963663345_2	cysZ	2
GCA_963663345_2	dddP	1
GCA_963663345_2	dmdA	1
GCA_963663345_2	dmdB	26
GCA_963663345_2	dmdC	25
GCA_963663345_2	dmdD	4
GCA_963663345_2	dmsA	27
GCA_963663345_2	dmsB	5
GCA_963663345_2	dmsC	5
GCA_963663345_2	dsrA	1
GCA_963663345_2	dsrB	3
GCA_963663345_2	dsrC	1
GCA_963663345_2	dsrD	1
GCA_963663345_2	dsrJ	1
GCA_963663345_2	dsrK	2
GCA_963663345_2	dsrL	1
GCA_963663345_2	dsrM	1
GCA_963663345_2	dsrN	2
GCA_963663345_2	dsrP	2
GCA_963663345_2	dsrT	1
GCA_963663345_2	dsyB	2
GCA_963663345_2	fccB	1
GCA_963663345_2	gdh	2
GCA_963663345_2	glpE	17
GCA_963663345_2	hdrA1	4
GCA_963663345_2	hdrA2	8
GCA_963663345_2	hdrB1	1
GCA_963663345_2	hdrC1	1
GCA_963663345_2	hdrC2	2
GCA_963663345_2	hdrD	7
GCA_963663345_2	hpsK	2
GCA_963663345_2	hpsM	5
GCA_963663345_2	hpsN	1
GCA_963663345_2	hpsP	3
GCA_963663345_2	hydD	1
GCA_963663345_2	iseM	12
GCA_963663345_2	isfD	3
GCA_963663345_2	mccB	1
GCA_963663345_2	mdh	27
GCA_963663345_2	metA	1
GCA_963663345_2	metB	5
GCA_963663345_2	metC	16
GCA_963663345_2	metZ	3
GCA_963663345_2	mtsA	1
GCA_963663345_2	mtsB	10
GCA_963663345_2	nrnA	7
GCA_963663345_2	otr	2
GCA_963663345_2	prpE	6
GCA_963663345_2	psrC	1
GCA_963663345_2	pta	17
GCA_963663345_2	qmoA	1
GCA_963663345_2	qmoB	3
GCA_963663345_2	qmoC	2
GCA_963663345_2	sat	8
GCA_963663345_2	sbp	1
GCA_963663345_2	sgpB	2
GCA_963663345_2	sgpC	1
GCA_963663345_2	shyA	2
GCA_963663345_2	shyC	1
GCA_963663345_2	sir	3
GCA_963663345_2	slcC	3
GCA_963663345_2	slcD	2
GCA_963663345_2	soxB	5
GCA_963663345_2	soxX	8
GCA_963663345_2	soxY	11
GCA_963663345_2	sqdB	1
GCA_963663345_2	sqdX	9
GCA_963663345_2	ssuA	46
GCA_963663345_2	ssuB	17
GCA_963663345_2	ssuC	10
GCA_963663345_2	ssuD	6
GCA_963663345_2	ssuE	2
GCA_963663345_2	sudA	19
GCA_963663345_2	sudB	1
GCA_963663345_2	sulP	29
GCA_963663345_2	tauA	3
GCA_963663345_2	tauB	7
GCA_963663345_2	tauC	1
GCA_963663345_2	tauD	10
GCA_963663345_2	tbuC	1
GCA_963663345_2	tpa	8
GCA_963663345_2	tsdA	1
GCA_963663345_2	ttrA	4
GCA_963663345_2	ttrB	5
GCA_963663345_2	tusA	13
GCA_963663345_2	tusB	1
GCA_963663345_2	xsc	7
GCA_963665755_1	acuI	4
GCA_963665755_1	asrA	1
GCA_963665755_1	asrB	1
GCA_963665755_1	asrC	1
GCA_963665755_1	betA	13
GCA_963665755_1	betB	7
GCA_963665755_1	betC	30
GCA_963665755_1	comB	1
GCA_963665755_1	comC	2
GCA_963665755_1	comD	1
GCA_963665755_1	cuyA	4
GCA_963665755_1	cysA	4
GCA_963665755_1	cysC	17
GCA_963665755_1	cysD	3
GCA_963665755_1	cysE	7
GCA_963665755_1	cysH	3
GCA_963665755_1	cysI	1
GCA_963665755_1	cysJ	10
GCA_963665755_1	cysK	19
GCA_963665755_1	cysM	11
GCA_963665755_1	cysN	2
GCA_963665755_1	cysN_cysC	5
GCA_963665755_1	cysP	6
GCA_963665755_1	cysQ	2
GCA_963665755_1	cysU	7
GCA_963665755_1	dddP	1
GCA_963665755_1	dddT	1
GCA_963665755_1	dmdA	1
GCA_963665755_1	dmdC	2
GCA_963665755_1	dmsA	4
GCA_963665755_1	dmsB	1
GCA_963665755_1	dsrA	2
GCA_963665755_1	dsyB	1
GCA_963665755_1	fccB	1
GCA_963665755_1	gdh	1
GCA_963665755_1	glpE	11
GCA_963665755_1	hdrD	2
GCA_963665755_1	hpsN	2
GCA_963665755_1	hpsO	1
GCA_963665755_1	hpsP	9
GCA_963665755_1	iseM	1
GCA_963665755_1	isfD	6
GCA_963665755_1	mdh	20
GCA_963665755_1	metB	4
GCA_963665755_1	metC	5
GCA_963665755_1	metX	1
GCA_963665755_1	metY	5
GCA_963665755_1	metZ	6
GCA_963665755_1	mtsB	1
GCA_963665755_1	nrnA	3
GCA_963665755_1	prpE	2
GCA_963665755_1	pta	7
GCA_963665755_1	sat	15
GCA_963665755_1	sir	3
GCA_963665755_1	slcC	7
GCA_963665755_1	sorA	3
GCA_963665755_1	sorB	1
GCA_963665755_1	soxB	1
GCA_963665755_1	soxC	1
GCA_963665755_1	soxX	2
GCA_963665755_1	sqdX	3
GCA_963665755_1	sseA	1
GCA_963665755_1	ssuA	3
GCA_963665755_1	ssuB	8
GCA_963665755_1	ssuC	1
GCA_963665755_1	ssuD	3
GCA_963665755_1	ssuE	1
GCA_963665755_1	sudA	4
GCA_963665755_1	sulP	5
GCA_963665755_1	suyA	1
GCA_963665755_1	tauA	2
GCA_963665755_1	tauB	2
GCA_963665755_1	tauD	6
GCA_963665755_1	tbuB	1
GCA_963665755_1	tmoC	2
GCA_963665755_1	tpa	8
GCA_963665755_1	ttrA	1
GCA_963665755_1	ttrB	1
GCA_963665755_1	tusA	4
GCA_963665755_1	tusB	2
GCA_963665755_1	xsc	7
GCA_963666745_1	acuI	2
GCA_963666745_1	aprA	1
GCA_963666745_1	asrA	2
GCA_963666745_1	asrB	1
GCA_963666745_1	asrC	1
GCA_963666745_1	betA	6
GCA_963666745_1	betB	6
GCA_963666745_1	betC	1
GCA_963666745_1	comB	5
GCA_963666745_1	cuyA	1
GCA_963666745_1	cysA	5
GCA_963666745_1	cysC	24
GCA_963666745_1	cysD	10
GCA_963666745_1	cysE	4
GCA_963666745_1	cysH	1
GCA_963666745_1	cysI	2
GCA_963666745_1	cysJ	6
GCA_963666745_1	cysK	17
GCA_963666745_1	cysM	5
GCA_963666745_1	cysN	2
GCA_963666745_1	cysN_cysC	5
GCA_963666745_1	cysP	2
GCA_963666745_1	cysQ	1
GCA_963666745_1	cysU	7
GCA_963666745_1	cysW	2
GCA_963666745_1	cysZ	1
GCA_963666745_1	dddP	3
GCA_963666745_1	dddT	1
GCA_963666745_1	dmdB	3
GCA_963666745_1	dmdC	1
GCA_963666745_1	dmdD	1
GCA_963666745_1	dmsA	16
GCA_963666745_1	dmsB	1
GCA_963666745_1	dmsC	5
GCA_963666745_1	dsrA	2
GCA_963666745_1	dsrL	1
GCA_963666745_1	dsrN	1
GCA_963666745_1	dsyB	3
GCA_963666745_1	fsr	1
GCA_963666745_1	gdh	2
GCA_963666745_1	glpE	15
GCA_963666745_1	hdrA1	1
GCA_963666745_1	hdrD	1
GCA_963666745_1	hpsL	2
GCA_963666745_1	hpsM	1
GCA_963666745_1	isfD	2
GCA_963666745_1	mddA	1
GCA_963666745_1	mdh	14
GCA_963666745_1	metB	2
GCA_963666745_1	metC	14
GCA_963666745_1	metX	1
GCA_963666745_1	metY	2
GCA_963666745_1	metZ	3
GCA_963666745_1	nrnA	6
GCA_963666745_1	otr	1
GCA_963666745_1	phsA	1
GCA_963666745_1	phsB	1
GCA_963666745_1	phsC	1
GCA_963666745_1	prpE	3
GCA_963666745_1	pta	11
GCA_963666745_1	sat	4
GCA_963666745_1	sbp	2
GCA_963666745_1	sgpB	3
GCA_963666745_1	sgpC	2
GCA_963666745_1	shyC	1
GCA_963666745_1	sir	8
GCA_963666745_1	slcC	2
GCA_963666745_1	soxB	3
GCA_963666745_1	soxX	1
GCA_963666745_1	soxZ	1
GCA_963666745_1	sqdB	1
GCA_963666745_1	sqdX	6
GCA_963666745_1	sseA	5
GCA_963666745_1	ssuA	30
GCA_963666745_1	ssuB	8
GCA_963666745_1	ssuC	5
GCA_963666745_1	ssuD	4
GCA_963666745_1	sudA	3
GCA_963666745_1	sulP	18
GCA_963666745_1	tauA	2
GCA_963666745_1	tauB	8
GCA_963666745_1	tauC	1
GCA_963666745_1	tauD	3
GCA_963666745_1	tauZ	1
GCA_963666745_1	tbuC	1
GCA_963666745_1	tmoC	1
GCA_963666745_1	tpa	2
GCA_963666745_1	tsdA	2
GCA_963666745_1	ttrA	1
GCA_963666745_1	ttrB	1
GCA_963666745_1	tusA	4
GCA_963666745_1	tusB	4
GCA_963666745_1	tusD	2
GCA_963666745_1	xsc	1
GCA_963701105_1	asrB	1
GCA_963701105_1	betA	2
GCA_963701105_1	comC	1
GCA_963701105_1	cysA	3
GCA_963701105_1	cysC	5
GCA_963701105_1	cysD	3
GCA_963701105_1	cysE	2
GCA_963701105_1	cysH	1
GCA_963701105_1	cysJ	1
GCA_963701105_1	cysK	7
GCA_963701105_1	cysM	2
GCA_963701105_1	cysN	4
GCA_963701105_1	cysN_cysC	2
GCA_963701105_1	cysP	2
GCA_963701105_1	cysQ	3
GCA_963701105_1	cysU	4
GCA_963701105_1	dddP	2
GCA_963701105_1	dmdA	1
GCA_963701105_1	dmdB	2
GCA_963701105_1	dmdC	1
GCA_963701105_1	dmsC	1
GCA_963701105_1	dsyB	1
GCA_963701105_1	gdh	3
GCA_963701105_1	glpE	3
GCA_963701105_1	hdrA1	1
GCA_963701105_1	hdrB2	2
GCA_963701105_1	hdrD	2
GCA_963701105_1	hpsN	1
GCA_963701105_1	mccB	1
GCA_963701105_1	mdh	6
GCA_963701105_1	metB	3
GCA_963701105_1	metC	3
GCA_963701105_1	metX	1
GCA_963701105_1	metY	2
GCA_963701105_1	mtsB	1
GCA_963701105_1	nrnA	2
GCA_963701105_1	prpE	1
GCA_963701105_1	pta	2
GCA_963701105_1	sat	3
GCA_963701105_1	soxC	1
GCA_963701105_1	soxX	3
GCA_963701105_1	soxY	1
GCA_963701105_1	sqdX	1
GCA_963701105_1	sqr	1
GCA_963701105_1	ssuA	1
GCA_963701105_1	ssuB	4
GCA_963701105_1	ssuC	1
GCA_963701105_1	ssuD	2
GCA_963701105_1	ssuE	1
GCA_963701105_1	sudA	3
GCA_963701105_1	sudB	2
GCA_963701105_1	suyB	1
GCA_963701105_1	tauB	2
GCA_963701105_1	tauD	2
GCA_963701105_1	tsdA	1
GCA_963701105_1	tsdB	1
GCA_963701105_1	ttrA	1
GCA_963701105_1	tusA	3
GCA_963701105_1	tusD	1
GCA_963701105_1	xsc	3
GCA_963768165_1	acuI	4
GCA_963768165_1	asrA	1
GCA_963768165_1	asrB	1
GCA_963768165_1	asrC	1
GCA_963768165_1	betA	6
GCA_963768165_1	betB	4
GCA_963768165_1	comB	1
GCA_963768165_1	comE	1
GCA_963768165_1	cuyA	1
GCA_963768165_1	cysA	5
GCA_963768165_1	cysC	13
GCA_963768165_1	cysD	1
GCA_963768165_1	cysE	11
GCA_963768165_1	cysH	2
GCA_963768165_1	cysI	1
GCA_963768165_1	cysJ	3
GCA_963768165_1	cysK	11
GCA_963768165_1	cysM	5
GCA_963768165_1	cysN	4
GCA_963768165_1	cysN_cysC	5
GCA_963768165_1	cysP	3
GCA_963768165_1	cysQ	4
GCA_963768165_1	cysU	7
GCA_963768165_1	cysW	2
GCA_963768165_1	dddP	1
GCA_963768165_1	dmdA	2
GCA_963768165_1	dmdB	1
GCA_963768165_1	dmsA	10
GCA_963768165_1	dmsC	1
GCA_963768165_1	dsrA	3
GCA_963768165_1	dsyB	1
GCA_963768165_1	fccB	1
GCA_963768165_1	glpE	12
GCA_963768165_1	hdrA1	3
GCA_963768165_1	hdrA2	3
GCA_963768165_1	hdrD	1
GCA_963768165_1	hpsN	1
GCA_963768165_1	hpsP	6
GCA_963768165_1	hydD	1
GCA_963768165_1	isfD	1
GCA_963768165_1	mdh	10
GCA_963768165_1	metA	1
GCA_963768165_1	metB	4
GCA_963768165_1	metC	6
GCA_963768165_1	metX	3
GCA_963768165_1	metY	2
GCA_963768165_1	metZ	3
GCA_963768165_1	mtsA	1
GCA_963768165_1	mtsB	2
GCA_963768165_1	nrnA	5
GCA_963768165_1	prpE	1
GCA_963768165_1	pta	7
GCA_963768165_1	sat	4
GCA_963768165_1	sbp	4
GCA_963768165_1	sgpA	1
GCA_963768165_1	shyA	2
GCA_963768165_1	shyC	1
GCA_963768165_1	shyD	1
GCA_963768165_1	sir	3
GCA_963768165_1	slcC	2
GCA_963768165_1	soxB	3
GCA_963768165_1	soxC	3
GCA_963768165_1	sqdB	2
GCA_963768165_1	sqdX	16
GCA_963768165_1	sqr	2
GCA_963768165_1	sseA	1
GCA_963768165_1	ssuA	16
GCA_963768165_1	ssuB	10
GCA_963768165_1	ssuC	4
GCA_963768165_1	ssuD	2
GCA_963768165_1	ssuE	3
GCA_963768165_1	sudA	7
GCA_963768165_1	sudB	1
GCA_963768165_1	sulP	6
GCA_963768165_1	tauA	3
GCA_963768165_1	tauB	1
GCA_963768165_1	tauD	3
GCA_963768165_1	tbuB	1
GCA_963768165_1	tmoC	1
GCA_963768165_1	tpa	2
GCA_963768165_1	tsdA	2
GCA_963768165_1	ttrA	1
GCA_963768165_1	ttrB	1
GCA_963768165_1	tusA	2
GCA_963768165_1	tusB	5
GCA_963768165_1	tusD	1
GCA_963768165_1	xsc	1
GCA_963768165_1	yihQ	5
GCA_963773125_1	acuI	1
GCA_963773125_1	aprA	4
GCA_963773125_1	asrA	1
GCA_963773125_1	asrB	1
GCA_963773125_1	asrC	1
GCA_963773125_1	betA	10
GCA_963773125_1	betB	1
GCA_963773125_1	betC	6
GCA_963773125_1	comB	2
GCA_963773125_1	comC	2
GCA_963773125_1	comD	2
GCA_963773125_1	comE	2
GCA_963773125_1	cuyA	1
GCA_963773125_1	cysA	2
GCA_963773125_1	cysC	25
GCA_963773125_1	cysD	5
GCA_963773125_1	cysE	1
GCA_963773125_1	cysJ	8
GCA_963773125_1	cysK	11
GCA_963773125_1	cysM	2
GCA_963773125_1	cysN	3
GCA_963773125_1	cysN_cysC	3
GCA_963773125_1	cysP	20
GCA_963773125_1	cysQ	5
GCA_963773125_1	cysU	5
GCA_963773125_1	cysZ	2
GCA_963773125_1	dddD	1
GCA_963773125_1	dddP	2
GCA_963773125_1	dmdA	2
GCA_963773125_1	dmdB	5
GCA_963773125_1	dmdC	14
GCA_963773125_1	dmsA	14
GCA_963773125_1	dmsB	2
GCA_963773125_1	dsrA	1
GCA_963773125_1	dsrN	2
GCA_963773125_1	dsyB	2
GCA_963773125_1	gdh	2
GCA_963773125_1	glpE	12
GCA_963773125_1	hdrB1	1
GCA_963773125_1	hdrD	3
GCA_963773125_1	hpsP	3
GCA_963773125_1	iseM	1
GCA_963773125_1	isfD	4
GCA_963773125_1	mdh	4
GCA_963773125_1	metA	2
GCA_963773125_1	metB	4
GCA_963773125_1	metC	3
GCA_963773125_1	metY	1
GCA_963773125_1	metZ	3
GCA_963773125_1	msmA	1
GCA_963773125_1	nrnA	1
GCA_963773125_1	prpE	2
GCA_963773125_1	pta	5
GCA_963773125_1	sat	5
GCA_963773125_1	sbp	1
GCA_963773125_1	sfnG	5
GCA_963773125_1	sir	4
GCA_963773125_1	slcC	2
GCA_963773125_1	slcD	2
GCA_963773125_1	soxB	1
GCA_963773125_1	soxC	3
GCA_963773125_1	soxX	1
GCA_963773125_1	soxY	2
GCA_963773125_1	soxZ	1
GCA_963773125_1	sqdB	1
GCA_963773125_1	sqdX	10
GCA_963773125_1	ssuA	12
GCA_963773125_1	ssuB	10
GCA_963773125_1	ssuC	5
GCA_963773125_1	ssuD	30
GCA_963773125_1	sudA	5
GCA_963773125_1	sulP	11
GCA_963773125_1	tauB	6
GCA_963773125_1	tauC	1
GCA_963773125_1	tauD	2
GCA_963773125_1	tbuB	1
GCA_963773125_1	tmoC	2
GCA_963773125_1	tpa	4
GCA_963773125_1	tsdA	2
GCA_963773125_1	ttrA	3
GCA_963773125_1	tusA	3
GCA_963773125_1	tusB	2
GCA_963773125_1	xsc	8
GCA_963775895_1	aprA	2
GCA_963775895_1	betA	4
GCA_963775895_1	betB	4
GCA_963775895_1	comB	2
GCA_963775895_1	comE	1
GCA_963775895_1	cysA	4
GCA_963775895_1	cysC	7
GCA_963775895_1	cysE	3
GCA_963775895_1	cysH	1
GCA_963775895_1	cysI	2
GCA_963775895_1	cysJ	4
GCA_963775895_1	cysK	1
GCA_963775895_1	cysN	1
GCA_963775895_1	cysQ	1
GCA_963775895_1	dddP	1
GCA_963775895_1	dmdA	2
GCA_963775895_1	dmdB	1
GCA_963775895_1	dmdC	2
GCA_963775895_1	dmsA	2
GCA_963775895_1	gdh	3
GCA_963775895_1	glpE	6
GCA_963775895_1	hdrA1	5
GCA_963775895_1	hdrA2	4
GCA_963775895_1	hdrB1	1
GCA_963775895_1	hdrB2	1
GCA_963775895_1	hdrC2	1
GCA_963775895_1	hdrD	2
GCA_963775895_1	hpsP	3
GCA_963775895_1	hydD	2
GCA_963775895_1	isfD	1
GCA_963775895_1	mdh	8
GCA_963775895_1	metB	1
GCA_963775895_1	metC	1
GCA_963775895_1	metX	2
GCA_963775895_1	metY	2
GCA_963775895_1	metZ	1
GCA_963775895_1	nrnA	2
GCA_963775895_1	prpE	1
GCA_963775895_1	pta	5
GCA_963775895_1	shyA	2
GCA_963775895_1	sir	1
GCA_963775895_1	slcC	2
GCA_963775895_1	sorA	2
GCA_963775895_1	soxB	1
GCA_963775895_1	soxC	1
GCA_963775895_1	sqdX	6
GCA_963775895_1	ssuB	1
GCA_963775895_1	ssuC	1
GCA_963775895_1	ssuE	1
GCA_963775895_1	sudA	3
GCA_963775895_1	sulP	1
GCA_963775895_1	tauB	1
GCA_963775895_1	tpa	4
GCA_963775895_1	tusA	1
GCA_963775895_1	tusD	1
GCA_963818325_1	acuI	3
GCA_963818325_1	aprA	2
GCA_963818325_1	aprB	1
GCA_963818325_1	asrA	1
GCA_963818325_1	betA	3
GCA_963818325_1	betB	8
GCA_963818325_1	comB	2
GCA_963818325_1	cysA	8
GCA_963818325_1	cysC	26
GCA_963818325_1	cysD	4
GCA_963818325_1	cysE	15
GCA_963818325_1	cysH	4
GCA_963818325_1	cysI	8
GCA_963818325_1	cysJ	11
GCA_963818325_1	cysK	15
GCA_963818325_1	cysM	8
GCA_963818325_1	cysN	7
GCA_963818325_1	cysN_cysC	6
GCA_963818325_1	cysP	3
GCA_963818325_1	cysQ	6
GCA_963818325_1	cysU	12
GCA_963818325_1	cysW	1
GCA_963818325_1	cysZ	2
GCA_963818325_1	dddP	1
GCA_963818325_1	dmdB	2
GCA_963818325_1	dmdD	1
GCA_963818325_1	dmsA	9
GCA_963818325_1	dmsB	4
GCA_963818325_1	dmsC	1
GCA_963818325_1	dsrA	3
GCA_963818325_1	dsrC	2
GCA_963818325_1	dsrE	1
GCA_963818325_1	dsrF	1
GCA_963818325_1	dsrH	1
GCA_963818325_1	dsrK	2
GCA_963818325_1	dsrL	1
GCA_963818325_1	dsrM	2
GCA_963818325_1	dsrN	2
GCA_963818325_1	dsrO	2
GCA_963818325_1	dsrP	1
GCA_963818325_1	dsyB	1
GCA_963818325_1	fccA	3
GCA_963818325_1	fccB	4
GCA_963818325_1	fsr	1
GCA_963818325_1	gdh	3
GCA_963818325_1	glpE	16
GCA_963818325_1	hdrB2	1
GCA_963818325_1	hdrC2	1
GCA_963818325_1	hdrD	1
GCA_963818325_1	hydD	1
GCA_963818325_1	iseK	1
GCA_963818325_1	iseM	2
GCA_963818325_1	isfD	1
GCA_963818325_1	mdh	17
GCA_963818325_1	metA	1
GCA_963818325_1	metB	3
GCA_963818325_1	metC	6
GCA_963818325_1	metY	2
GCA_963818325_1	metZ	6
GCA_963818325_1	msmA	1
GCA_963818325_1	nrnA	3
GCA_963818325_1	otr	1
GCA_963818325_1	phsC	1
GCA_963818325_1	prpE	7
GCA_963818325_1	pta	16
GCA_963818325_1	qmoA	2
GCA_963818325_1	qmoB	1
GCA_963818325_1	rdsr	1
GCA_963818325_1	sat	10
GCA_963818325_1	sbp	2
GCA_963818325_1	sgpB	1
GCA_963818325_1	sgpC	2
GCA_963818325_1	shyA	1
GCA_963818325_1	sir	1
GCA_963818325_1	slcC	4
GCA_963818325_1	soeA	5
GCA_963818325_1	soeC	1
GCA_963818325_1	soxA	6
GCA_963818325_1	soxB	2
GCA_963818325_1	soxD	1
GCA_963818325_1	soxX	4
GCA_963818325_1	soxY	5
GCA_963818325_1	soxZ	3
GCA_963818325_1	sqdB	1
GCA_963818325_1	sqdX	9
GCA_963818325_1	sqr	2
GCA_963818325_1	sseA	2
GCA_963818325_1	ssuA	12
GCA_963818325_1	ssuB	16
GCA_963818325_1	ssuC	10
GCA_963818325_1	ssuD	7
GCA_963818325_1	ssuE	1
GCA_963818325_1	sudA	8
GCA_963818325_1	sulP	12
GCA_963818325_1	tauA	3
GCA_963818325_1	tauB	5
GCA_963818325_1	tauD	2
GCA_963818325_1	tpa	3
GCA_963818325_1	tsdA	4
GCA_963818325_1	tsdB	2
GCA_963818325_1	ttrA	1
GCA_963818325_1	ttrC	2
GCA_963818325_1	tusA	4
GCA_963818325_1	tusD	2
GCA_963818325_1	tusE	2
GCA_963818325_1	xsc	2
GCA_964343345_1	acuI	1
GCA_964343345_1	betA	1
GCA_964343345_1	betB	6
GCA_964343345_1	betC	1
GCA_964343345_1	cysA	1
GCA_964343345_1	cysC	7
GCA_964343345_1	cysD	2
GCA_964343345_1	cysE	2
GCA_964343345_1	cysI	1
GCA_964343345_1	cysK	5
GCA_964343345_1	cysN	1
GCA_964343345_1	cysN_cysC	1
GCA_964343345_1	cysU	1
GCA_964343345_1	dddP	2
GCA_964343345_1	dmdA	1
GCA_964343345_1	dmdB	1
GCA_964343345_1	dmdC	3
GCA_964343345_1	dmdD	1
GCA_964343345_1	dmsA	1
GCA_964343345_1	dmsC	1
GCA_964343345_1	dsrA	1
GCA_964343345_1	gdh	2
GCA_964343345_1	glpE	5
GCA_964343345_1	hdrA1	1
GCA_964343345_1	hdrB2	1
GCA_964343345_1	hpsP	1
GCA_964343345_1	mdh	10
GCA_964343345_1	metB	2
GCA_964343345_1	metC	4
GCA_964343345_1	metZ	1
GCA_964343345_1	msmA	1
GCA_964343345_1	nrnA	2
GCA_964343345_1	pta	3
GCA_964343345_1	sat	2
GCA_964343345_1	shyC	1
GCA_964343345_1	soxC	1
GCA_964343345_1	sqdX	6
GCA_964343345_1	ssuB	4
GCA_964343345_1	ssuC	2
GCA_964343345_1	ssuD	1
GCA_964343345_1	ssuE	1
GCA_964343345_1	sudA	2
GCA_964343345_1	sudB	1
GCA_964343345_1	sulP	2
GCA_964343345_1	tauB	2
GCA_964343345_1	tauD	1
GCA_964343345_1	tusA	1
GCA_964343345_1	tusD	1
GCA_964347835_1	acuI	3
GCA_964347835_1	asrA	1
GCA_964347835_1	asrC	2
GCA_964347835_1	betA	2
GCA_964347835_1	betB	3
GCA_964347835_1	cysA	3
GCA_964347835_1	cysC	9
GCA_964347835_1	cysD	1
GCA_964347835_1	cysE	2
GCA_964347835_1	cysH	3
GCA_964347835_1	cysI	1
GCA_964347835_1	cysJ	3
GCA_964347835_1	cysK	4
GCA_964347835_1	cysM	1
GCA_964347835_1	cysN_cysC	1
GCA_964347835_1	cysP	2
GCA_964347835_1	cysU	2
GCA_964347835_1	cysW	2
GCA_964347835_1	dddP	1
GCA_964347835_1	dmdC	1
GCA_964347835_1	dmsB	1
GCA_964347835_1	dmsC	1
GCA_964347835_1	dsrA	1
GCA_964347835_1	dsyB	1
GCA_964347835_1	fsr	1
GCA_964347835_1	glpE	12
GCA_964347835_1	hdrA1	1
GCA_964347835_1	hdrA2	3
GCA_964347835_1	hdrB1	4
GCA_964347835_1	hdrB2	1
GCA_964347835_1	hdrC2	6
GCA_964347835_1	hdrD	6
GCA_964347835_1	hpsP	1
GCA_964347835_1	hydD	1
GCA_964347835_1	mddA	2
GCA_964347835_1	mdh	7
GCA_964347835_1	metB	2
GCA_964347835_1	metC	1
GCA_964347835_1	metX	2
GCA_964347835_1	metZ	1
GCA_964347835_1	mtsA	1
GCA_964347835_1	mtsB	1
GCA_964347835_1	nrnA	5
GCA_964347835_1	pta	4
GCA_964347835_1	sat	2
GCA_964347835_1	shyC	1
GCA_964347835_1	sir	1
GCA_964347835_1	slcD	1
GCA_964347835_1	sorB	1
GCA_964347835_1	soxC	2
GCA_964347835_1	sqdB	1
GCA_964347835_1	sqdX	6
GCA_964347835_1	ssuA	3
GCA_964347835_1	ssuB	5
GCA_964347835_1	ssuC	2
GCA_964347835_1	ssuD	2
GCA_964347835_1	ssuE	1
GCA_964347835_1	sudA	1
GCA_964347835_1	tauB	1
GCA_964347835_1	tauC	2
GCA_964347835_1	tauD	2
GCA_964347835_1	tauZ	1
GCA_964347835_1	tmoC	1
GCA_964347835_1	tpa	1
GCA_964347835_1	ttrA	2
GCA_964347835_1	ttrB	2
GCA_964347835_1	ttrC	1
GCA_964347835_1	tusA	4
GCA_964347835_1	tusC	2
GCA_964347835_1	xsc	1
GCA_964354375_1	acuI	3
GCA_964354375_1	aprA	1
GCA_964354375_1	asrB	1
GCA_964354375_1	betA	2
GCA_964354375_1	betB	7
GCA_964354375_1	betC	14
GCA_964354375_1	comE	1
GCA_964354375_1	cuyA	1
GCA_964354375_1	cysA	3
GCA_964354375_1	cysC	14
GCA_964354375_1	cysE	6
GCA_964354375_1	cysH	1
GCA_964354375_1	cysI	3
GCA_964354375_1	cysJ	7
GCA_964354375_1	cysK	12
GCA_964354375_1	cysM	3
GCA_964354375_1	cysN	2
GCA_964354375_1	cysN_cysC	3
GCA_964354375_1	cysQ	1
GCA_964354375_1	cysU	4
GCA_964354375_1	cysW	1
GCA_964354375_1	dddP	1
GCA_964354375_1	dmdA	1
GCA_964354375_1	dmdC	3
GCA_964354375_1	dmsA	1
GCA_964354375_1	dmsB	1
GCA_964354375_1	dmsC	1
GCA_964354375_1	dsrA	1
GCA_964354375_1	dsrC	1
GCA_964354375_1	dsrK	1
GCA_964354375_1	gdh	3
GCA_964354375_1	glpE	5
GCA_964354375_1	hdrA1	4
GCA_964354375_1	hdrA2	4
GCA_964354375_1	hdrB1	1
GCA_964354375_1	hdrB2	1
GCA_964354375_1	hdrC1	1
GCA_964354375_1	hdrC2	1
GCA_964354375_1	hdrD	1
GCA_964354375_1	hpsO	1
GCA_964354375_1	hpsP	3
GCA_964354375_1	hydD	3
GCA_964354375_1	mdh	8
GCA_964354375_1	metA	1
GCA_964354375_1	metB	1
GCA_964354375_1	metC	4
GCA_964354375_1	metZ	3
GCA_964354375_1	mtsB	1
GCA_964354375_1	nrnA	3
GCA_964354375_1	prpE	1
GCA_964354375_1	pta	2
GCA_964354375_1	sat	2
GCA_964354375_1	sbp	1
GCA_964354375_1	shyA	1
GCA_964354375_1	sir	2
GCA_964354375_1	slcC	1
GCA_964354375_1	soxB	1
GCA_964354375_1	soxC	1
GCA_964354375_1	soxX	3
GCA_964354375_1	sqdB	1
GCA_964354375_1	sqdX	9
GCA_964354375_1	sseA	1
GCA_964354375_1	ssuA	7
GCA_964354375_1	ssuB	5
GCA_964354375_1	ssuC	2
GCA_964354375_1	ssuD	1
GCA_964354375_1	sudA	11
GCA_964354375_1	sudB	4
GCA_964354375_1	sulP	1
GCA_964354375_1	tauB	2
GCA_964354375_1	tauD	1
GCA_964354375_1	tusA	1
GCA_964354375_1	tusD	1
GCA_964354375_1	yihQ	1
GCA_964371695_1	acuI	4
GCA_964371695_1	aprA	2
GCA_964371695_1	asrA	1
GCA_964371695_1	betA	5
GCA_964371695_1	betB	9
GCA_964371695_1	comE	1
GCA_964371695_1	cysA	4
GCA_964371695_1	cysC	9
GCA_964371695_1	cysD	1
GCA_964371695_1	cysE	6
GCA_964371695_1	cysH	2
GCA_964371695_1	cysI	1
GCA_964371695_1	cysJ	5
GCA_964371695_1	cysK	7
GCA_964371695_1	cysM	5
GCA_964371695_1	cysN	2
GCA_964371695_1	cysN_cysC	2
GCA_964371695_1	cysQ	4
GCA_964371695_1	cysU	3
GCA_964371695_1	cysW	1
GCA_964371695_1	ddhA	1
GCA_964371695_1	dmdA	1
GCA_964371695_1	dmdB	4
GCA_964371695_1	dmdC	8
GCA_964371695_1	dmdD	2
GCA_964371695_1	dmsA	8
GCA_964371695_1	dmsB	2
GCA_964371695_1	dmsC	2
GCA_964371695_1	gdh	1
GCA_964371695_1	glpE	6
GCA_964371695_1	hdrA1	1
GCA_964371695_1	hpsM	3
GCA_964371695_1	hpsN	1
GCA_964371695_1	hydD	1
GCA_964371695_1	isfD	4
GCA_964371695_1	mdh	12
GCA_964371695_1	metB	1
GCA_964371695_1	metC	3
GCA_964371695_1	metZ	4
GCA_964371695_1	nrnA	1
GCA_964371695_1	prpE	1
GCA_964371695_1	pta	5
GCA_964371695_1	sat	3
GCA_964371695_1	sbp	2
GCA_964371695_1	sgpC	1
GCA_964371695_1	shyA	2
GCA_964371695_1	shyB	1
GCA_964371695_1	shyC	1
GCA_964371695_1	sir	2
GCA_964371695_1	slcC	1
GCA_964371695_1	soxB	2
GCA_964371695_1	soxD	1
GCA_964371695_1	soxX	2
GCA_964371695_1	soxY	1
GCA_964371695_1	sqdB	1
GCA_964371695_1	sqdX	13
GCA_964371695_1	ssuA	11
GCA_964371695_1	ssuB	13
GCA_964371695_1	ssuC	3
GCA_964371695_1	ssuD	4
GCA_964371695_1	ssuE	1
GCA_964371695_1	sudA	5
GCA_964371695_1	sulP	6
GCA_964371695_1	tauB	2
GCA_964371695_1	tauD	1
GCA_964371695_1	touF	1
GCA_964371695_1	tpa	3
GCA_964371695_1	tsdA	1
GCA_964371695_1	tusB	1
GCA_964371695_1	tusC	1
GCA_964371695_1	tusD	1
GCA_964371695_1	xsc	4
GCA_964372275_1	acuI	1
GCA_964372275_1	aprA	1
GCA_964372275_1	asrB	1
GCA_964372275_1	asrC	1
GCA_964372275_1	betA	10
GCA_964372275_1	betB	11
GCA_964372275_1	betC	2
GCA_964372275_1	comB	2
GCA_964372275_1	comE	1
GCA_964372275_1	cuyA	1
GCA_964372275_1	cysA	5
GCA_964372275_1	cysC	12
GCA_964372275_1	cysD	5
GCA_964372275_1	cysE	9
GCA_964372275_1	cysH	2
GCA_964372275_1	cysI	1
GCA_964372275_1	cysJ	5
GCA_964372275_1	cysK	12
GCA_964372275_1	cysM	7
GCA_964372275_1	cysN	2
GCA_964372275_1	cysN_cysC	7
GCA_964372275_1	cysQ	2
GCA_964372275_1	cysU	3
GCA_964372275_1	cysW	1
GCA_964372275_1	cysZ	1
GCA_964372275_1	dddP	2
GCA_964372275_1	dmdA	1
GCA_964372275_1	dmdB	5
GCA_964372275_1	dmdC	14
GCA_964372275_1	dmdD	3
GCA_964372275_1	dmsA	7
GCA_964372275_1	dmsB	2
GCA_964372275_1	dmsC	1
GCA_964372275_1	dsrA	1
GCA_964372275_1	dsrB	1
GCA_964372275_1	dsyB	2
GCA_964372275_1	fccB	1
GCA_964372275_1	gdh	1
GCA_964372275_1	glpE	10
GCA_964372275_1	hdrA1	1
GCA_964372275_1	hdrD	2
GCA_964372275_1	hpsK	1
GCA_964372275_1	hpsP	1
GCA_964372275_1	iseM	1
GCA_964372275_1	isfD	3
GCA_964372275_1	mccB	1
GCA_964372275_1	mddA	2
GCA_964372275_1	mdh	17
GCA_964372275_1	metB	5
GCA_964372275_1	metC	11
GCA_964372275_1	metX	2
GCA_964372275_1	metZ	2
GCA_964372275_1	mtsA	1
GCA_964372275_1	nrnA	2
GCA_964372275_1	phsA	2
GCA_964372275_1	prpE	1
GCA_964372275_1	pta	6
GCA_964372275_1	sat	3
GCA_964372275_1	sbp	4
GCA_964372275_1	sgpB	1
GCA_964372275_1	sir	1
GCA_964372275_1	slcC	2
GCA_964372275_1	sorA	1
GCA_964372275_1	sorB	1
GCA_964372275_1	soxB	5
GCA_964372275_1	soxX	3
GCA_964372275_1	sqdB	2
GCA_964372275_1	sqdX	11
GCA_964372275_1	ssuA	33
GCA_964372275_1	ssuB	16
GCA_964372275_1	ssuC	5
GCA_964372275_1	ssuD	6
GCA_964372275_1	sudA	4
GCA_964372275_1	sudB	1
GCA_964372275_1	sulP	8
GCA_964372275_1	tauA	4
GCA_964372275_1	tauB	3
GCA_964372275_1	tauD	1
GCA_964372275_1	tauZ	1
GCA_964372275_1	tpa	5
GCA_964372275_1	tsdA	4
GCA_964372275_1	ttrA	1
GCA_964372275_1	tusA	3
GCA_964372275_1	tusB	2
GCA_964372275_1	xsc	1
GCA_964384665_1	aprA	1
GCA_964384665_1	asrA	2
GCA_964384665_1	asrC	4
GCA_964384665_1	betA	3
GCA_964384665_1	betB	6
GCA_964384665_1	comB	1
GCA_964384665_1	comE	1
GCA_964384665_1	cysA	5
GCA_964384665_1	cysC	6
GCA_964384665_1	cysD	5
GCA_964384665_1	cysE	5
GCA_964384665_1	cysI	2
GCA_964384665_1	cysJ	6
GCA_964384665_1	cysK	14
GCA_964384665_1	cysM	7
GCA_964384665_1	cysN	5
GCA_964384665_1	cysN_cysC	4
GCA_964384665_1	cysP	1
GCA_964384665_1	cysQ	1
GCA_964384665_1	cysU	7
GCA_964384665_1	cysZ	2
GCA_964384665_1	dddP	2
GCA_964384665_1	dmdA	1
GCA_964384665_1	dmdB	2
GCA_964384665_1	dmsA	18
GCA_964384665_1	dmsB	2
GCA_964384665_1	dmsC	2
GCA_964384665_1	dsrA	1
GCA_964384665_1	dsrB	1
GCA_964384665_1	dsrK	3
GCA_964384665_1	dsrN	1
GCA_964384665_1	dsyB	1
GCA_964384665_1	gdh	1
GCA_964384665_1	glpE	13
GCA_964384665_1	hdrA2	4
GCA_964384665_1	hdrB1	1
GCA_964384665_1	hdrB2	2
GCA_964384665_1	hdrC1	2
GCA_964384665_1	hdrD	3
GCA_964384665_1	hpsN	1
GCA_964384665_1	hpsP	2
GCA_964384665_1	iseM	3
GCA_964384665_1	mdh	12
GCA_964384665_1	metB	1
GCA_964384665_1	metC	6
GCA_964384665_1	metX	3
GCA_964384665_1	metY	1
GCA_964384665_1	metZ	3
GCA_964384665_1	mtsB	1
GCA_964384665_1	nrnA	3
GCA_964384665_1	otr	1
GCA_964384665_1	phsA	1
GCA_964384665_1	prpE	4
GCA_964384665_1	pta	18
GCA_964384665_1	qmoA	1
GCA_964384665_1	qmoB	2
GCA_964384665_1	qmoC	1
GCA_964384665_1	sat	4
GCA_964384665_1	sgpC	1
GCA_964384665_1	shyA	2
GCA_964384665_1	shyC	1
GCA_964384665_1	sir	3
GCA_964384665_1	slcD	1
GCA_964384665_1	soxB	2
GCA_964384665_1	soxC	1
GCA_964384665_1	soxX	1
GCA_964384665_1	soxZ	1
GCA_964384665_1	sqdB	1
GCA_964384665_1	sqdX	11
GCA_964384665_1	ssuA	29
GCA_964384665_1	ssuB	9
GCA_964384665_1	ssuC	3
GCA_964384665_1	ssuD	3
GCA_964384665_1	sudA	7
GCA_964384665_1	sudB	1
GCA_964384665_1	sulP	12
GCA_964384665_1	tauA	1
GCA_964384665_1	tauB	5
GCA_964384665_1	tauD	5
GCA_964384665_1	tsdA	1
GCA_964384665_1	ttrB	3
GCA_964384665_1	tusA	5
GCA_964384665_1	tusD	1
GCA_964387285_1	acuI	1
GCA_964387285_1	aprA	1
GCA_964387285_1	asrA	1
GCA_964387285_1	asrB	2
GCA_964387285_1	betA	5
GCA_964387285_1	betB	11
GCA_964387285_1	betC	11
GCA_964387285_1	comB	1
GCA_964387285_1	comE	1
GCA_964387285_1	cuyA	2
GCA_964387285_1	cysA	5
GCA_964387285_1	cysC	13
GCA_964387285_1	cysD	5
GCA_964387285_1	cysE	9
GCA_964387285_1	cysH	2
GCA_964387285_1	cysI	4
GCA_964387285_1	cysJ	7
GCA_964387285_1	cysK	21
GCA_964387285_1	cysM	7
GCA_964387285_1	cysN	8
GCA_964387285_1	cysN_cysC	6
GCA_964387285_1	cysQ	1
GCA_964387285_1	cysU	10
GCA_964387285_1	dddP	2
GCA_964387285_1	dmdA	1
GCA_964387285_1	dmdB	4
GCA_964387285_1	dmdC	1
GCA_964387285_1	dmsA	15
GCA_964387285_1	dmsB	2
GCA_964387285_1	dmsC	3
GCA_964387285_1	dsrA	1
GCA_964387285_1	dsrB	1
GCA_964387285_1	dsrD	1
GCA_964387285_1	gdh	3
GCA_964387285_1	glpE	11
GCA_964387285_1	hdrA1	2
GCA_964387285_1	hdrA2	2
GCA_964387285_1	hdrB2	1
GCA_964387285_1	hdrD	3
GCA_964387285_1	hpsN	1
GCA_964387285_1	hpsP	4
GCA_964387285_1	isfD	2
GCA_964387285_1	mccB	2
GCA_964387285_1	mdh	17
GCA_964387285_1	metA	2
GCA_964387285_1	metB	4
GCA_964387285_1	metC	9
GCA_964387285_1	metX	1
GCA_964387285_1	metY	2
GCA_964387285_1	metZ	3
GCA_964387285_1	mtsA	1
GCA_964387285_1	mtsB	1
GCA_964387285_1	nrnA	7
GCA_964387285_1	phsA	1
GCA_964387285_1	pta	14
GCA_964387285_1	sat	2
GCA_964387285_1	sgpB	2
GCA_964387285_1	shyC	2
GCA_964387285_1	sir	2
GCA_964387285_1	slcC	5
GCA_964387285_1	soxA	1
GCA_964387285_1	soxB	3
GCA_964387285_1	soxY	2
GCA_964387285_1	sqdB	2
GCA_964387285_1	sqdX	24
GCA_964387285_1	sseA	1
GCA_964387285_1	ssuA	36
GCA_964387285_1	ssuB	10
GCA_964387285_1	ssuC	5
GCA_964387285_1	ssuD	2
GCA_964387285_1	ssuE	2
GCA_964387285_1	sudA	12
GCA_964387285_1	sudB	1
GCA_964387285_1	sulP	4
GCA_964387285_1	tauB	3
GCA_964387285_1	tauD	1
GCA_964387285_1	tpa	3
GCA_964387285_1	tsdA	1
GCA_964387285_1	ttrA	2
GCA_964387285_1	ttrB	3
GCA_964387285_1	tusA	2
GCA_964387285_1	tusB	7
GCA_964387285_1	tusD	1
GCA_964387285_1	xsc	4
GCA_964389675_1	asrB	1
GCA_964389675_1	betA	4
GCA_964389675_1	betB	5
GCA_964389675_1	betC	9
GCA_964389675_1	comB	1
GCA_964389675_1	comE	2
GCA_964389675_1	cuyA	1
GCA_964389675_1	cysA	2
GCA_964389675_1	cysC	17
GCA_964389675_1	cysD	1
GCA_964389675_1	cysE	5
GCA_964389675_1	cysI	1
GCA_964389675_1	cysJ	7
GCA_964389675_1	cysK	12
GCA_964389675_1	cysM	2
GCA_964389675_1	cysN	2
GCA_964389675_1	cysN_cysC	5
GCA_964389675_1	cysP	2
GCA_964389675_1	cysQ	2
GCA_964389675_1	cysU	4
GCA_964389675_1	cysZ	1
GCA_964389675_1	dddP	2
GCA_964389675_1	dmdA	1
GCA_964389675_1	dmdB	2
GCA_964389675_1	dmdC	2
GCA_964389675_1	dmsA	8
GCA_964389675_1	dmsB	1
GCA_964389675_1	dmsC	1
GCA_964389675_1	fsr	1
GCA_964389675_1	gdh	3
GCA_964389675_1	glpE	8
GCA_964389675_1	hdrA1	1
GCA_964389675_1	hdrA2	1
GCA_964389675_1	hdrB2	1
GCA_964389675_1	hpsO	1
GCA_964389675_1	hpsP	2
GCA_964389675_1	hydA	1
GCA_964389675_1	hydB	1
GCA_964389675_1	hydD	1
GCA_964389675_1	isfD	2
GCA_964389675_1	mdh	14
GCA_964389675_1	metB	2
GCA_964389675_1	metC	9
GCA_964389675_1	metZ	2
GCA_964389675_1	nrnA	2
GCA_964389675_1	pta	7
GCA_964389675_1	sat	3
GCA_964389675_1	shyA	1
GCA_964389675_1	shyD	1
GCA_964389675_1	sir	2
GCA_964389675_1	slcC	1
GCA_964389675_1	soxA	1
GCA_964389675_1	soxB	2
GCA_964389675_1	sqdX	11
GCA_964389675_1	sqr	1
GCA_964389675_1	ssuA	7
GCA_964389675_1	ssuB	4
GCA_964389675_1	ssuC	3
GCA_964389675_1	ssuD	3
GCA_964389675_1	ssuE	1
GCA_964389675_1	sudA	6
GCA_964389675_1	sudB	1
GCA_964389675_1	sulP	7
GCA_964389675_1	tauA	2
GCA_964389675_1	tauB	3
GCA_964389675_1	tauD	2
GCA_964389675_1	tsdA	1
GCA_964389675_1	tusB	3
GCA_964389675_1	tusD	1
GCA_964392195_1	acuI	10
GCA_964392195_1	aprA	5
GCA_964392195_1	aprB	1
GCA_964392195_1	asrA	2
GCA_964392195_1	asrB	4
GCA_964392195_1	betA	15
GCA_964392195_1	betB	25
GCA_964392195_1	betC	14
GCA_964392195_1	cysA	9
GCA_964392195_1	cysC	18
GCA_964392195_1	cysD	6
GCA_964392195_1	cysE	13
GCA_964392195_1	cysI	3
GCA_964392195_1	cysJ	15
GCA_964392195_1	cysK	22
GCA_964392195_1	cysM	6
GCA_964392195_1	cysN	2
GCA_964392195_1	cysN_cysC	1
GCA_964392195_1	cysP	5
GCA_964392195_1	cysQ	4
GCA_964392195_1	cysU	7
GCA_964392195_1	cysW	3
GCA_964392195_1	cysZ	1
GCA_964392195_1	dddP	1
GCA_964392195_1	dmdA	1
GCA_964392195_1	dmdB	17
GCA_964392195_1	dmdC	33
GCA_964392195_1	dmdD	11
GCA_964392195_1	dmsA	12
GCA_964392195_1	dmsB	2
GCA_964392195_1	dmsC	4
GCA_964392195_1	dsrA	1
GCA_964392195_1	dsyB	1
GCA_964392195_1	fccB	1
GCA_964392195_1	gdh	1
GCA_964392195_1	glpE	11
GCA_964392195_1	hdrD	3
GCA_964392195_1	hpsM	1
GCA_964392195_1	hpsP	3
GCA_964392195_1	hydD	1
GCA_964392195_1	isfD	23
GCA_964392195_1	mddA	3
GCA_964392195_1	mdh	12
GCA_964392195_1	metB	3
GCA_964392195_1	metC	9
GCA_964392195_1	metX	1
GCA_964392195_1	metY	1
GCA_964392195_1	metZ	5
GCA_964392195_1	nrnA	2
GCA_964392195_1	prpE	4
GCA_964392195_1	psrC	1
GCA_964392195_1	pta	11
GCA_964392195_1	sat	3
GCA_964392195_1	sbp	1
GCA_964392195_1	sfnG	1
GCA_964392195_1	sgpB	2
GCA_964392195_1	sgpC	1
GCA_964392195_1	shyA	3
GCA_964392195_1	shyC	1
GCA_964392195_1	sir	5
GCA_964392195_1	slcC	2
GCA_964392195_1	soxB	2
GCA_964392195_1	soxX	3
GCA_964392195_1	soxY	1
GCA_964392195_1	sqdX	30
GCA_964392195_1	sqr	1
GCA_964392195_1	ssuA	19
GCA_964392195_1	ssuB	11
GCA_964392195_1	ssuC	4
GCA_964392195_1	ssuD	20
GCA_964392195_1	ssuE	2
GCA_964392195_1	sudA	7
GCA_964392195_1	sudB	1
GCA_964392195_1	sulP	8
GCA_964392195_1	tauB	2
GCA_964392195_1	tauC	1
GCA_964392195_1	tauD	3
GCA_964392195_1	tauZ	1
GCA_964392195_1	tbuB	1
GCA_964392195_1	toa	1
GCA_964392195_1	tpa	2
GCA_964392195_1	tsdA	2
GCA_964392195_1	tsdB	2
GCA_964392195_1	ttrA	2
GCA_964392195_1	ttrB	1
GCA_964392195_1	tusA	3
GCA_964392195_1	xsc	2
GCA_964392195_1	yihQ	7
GCA_964393905_1	acuI	1
GCA_964393905_1	aprA	1
GCA_964393905_1	asrB	2
GCA_964393905_1	betA	2
GCA_964393905_1	betB	9
GCA_964393905_1	betC	2
GCA_964393905_1	comB	1
GCA_964393905_1	comD	1
GCA_964393905_1	cuyA	1
GCA_964393905_1	cysC	13
GCA_964393905_1	cysD	2
GCA_964393905_1	cysE	5
GCA_964393905_1	cysH	1
GCA_964393905_1	cysJ	4
GCA_964393905_1	cysK	12
GCA_964393905_1	cysM	6
GCA_964393905_1	cysN	1
GCA_964393905_1	cysN_cysC	5
GCA_964393905_1	cysP	1
GCA_964393905_1	cysQ	1
GCA_964393905_1	cysU	8
GCA_964393905_1	cysZ	2
GCA_964393905_1	dmdA	1
GCA_964393905_1	dmdB	2
GCA_964393905_1	dmdC	6
GCA_964393905_1	dmdD	4
GCA_964393905_1	dmsA	6
GCA_964393905_1	dmsC	1
GCA_964393905_1	dsrA	1
GCA_964393905_1	fsr	1
GCA_964393905_1	gdh	1
GCA_964393905_1	glpE	5
GCA_964393905_1	hdrD	1
GCA_964393905_1	hpsN	1
GCA_964393905_1	hpsO	1
GCA_964393905_1	isfD	2
GCA_964393905_1	mdh	9
GCA_964393905_1	metC	6
GCA_964393905_1	metY	2
GCA_964393905_1	metZ	4
GCA_964393905_1	nrnA	4
GCA_964393905_1	prpE	1
GCA_964393905_1	pta	4
GCA_964393905_1	sat	4
GCA_964393905_1	sbp	2
GCA_964393905_1	sir	2
GCA_964393905_1	slcC	1
GCA_964393905_1	sorB	1
GCA_964393905_1	soxX	2
GCA_964393905_1	sqdB	5
GCA_964393905_1	sqdX	10
GCA_964393905_1	sseA	1
GCA_964393905_1	ssuA	8
GCA_964393905_1	ssuB	6
GCA_964393905_1	ssuC	2
GCA_964393905_1	ssuD	3
GCA_964393905_1	ssuE	2
GCA_964393905_1	sudA	4
GCA_964393905_1	sulP	3
GCA_964393905_1	tauA	1
GCA_964393905_1	tauB	3
GCA_964393905_1	tauD	1
GCA_964393905_1	tpa	3
GCA_964393905_1	tsdA	2
GCA_964393905_1	ttrB	1
GCA_964393905_1	tusA	1
GCA_964393905_1	tusB	1
GCA_964393905_1	tusD	2
GCA_964393905_1	xsc	2
GCA_964397735_1	acuI	1
GCA_964397735_1	betA	1
GCA_964397735_1	betB	5
GCA_964397735_1	comC	1
GCA_964397735_1	cysA	2
GCA_964397735_1	cysC	4
GCA_964397735_1	cysE	2
GCA_964397735_1	cysK	4
GCA_964397735_1	cysM	1
GCA_964397735_1	cysN_cysC	1
GCA_964397735_1	cysU	1
GCA_964397735_1	dddP	1
GCA_964397735_1	dmdC	4
GCA_964397735_1	dmsC	1
GCA_964397735_1	dsrA	1
GCA_964397735_1	gdh	2
GCA_964397735_1	glpE	5
GCA_964397735_1	hdrA1	1
GCA_964397735_1	hpsP	1
GCA_964397735_1	isfD	1
GCA_964397735_1	mdh	9
GCA_964397735_1	metA	1
GCA_964397735_1	metB	3
GCA_964397735_1	metC	1
GCA_964397735_1	nrnA	1
GCA_964397735_1	pta	3
GCA_964397735_1	sat	1
GCA_964397735_1	sqdB	1
GCA_964397735_1	sqdX	4
GCA_964397735_1	ssuB	4
GCA_964397735_1	ssuC	2
GCA_964397735_1	ssuD	1
GCA_964397735_1	ssuE	1
GCA_964397735_1	sudA	2
GCA_964397735_1	sudB	1
GCA_964397735_1	sulP	3
GCA_964397735_1	suyB	1
GCA_964397735_1	tauB	2
GCA_964397735_1	tauD	1
GCA_964397735_1	tusA	1
GCA_964397735_1	tusD	1
GCA_964398245_1	asrC	2
GCA_964398245_1	betA	1
GCA_964398245_1	betB	1
GCA_964398245_1	betC	2
GCA_964398245_1	comB	1
GCA_964398245_1	cuyA	1
GCA_964398245_1	cysA	2
GCA_964398245_1	cysC	11
GCA_964398245_1	cysD	3
GCA_964398245_1	cysE	3
GCA_964398245_1	cysH	1
GCA_964398245_1	cysI	3
GCA_964398245_1	cysJ	3
GCA_964398245_1	cysK	5
GCA_964398245_1	cysM	5
GCA_964398245_1	cysN	1
GCA_964398245_1	cysN_cysC	4
GCA_964398245_1	cysP	1
GCA_964398245_1	cysQ	1
GCA_964398245_1	cysU	2
GCA_964398245_1	dddP	2
GCA_964398245_1	dmdC	2
GCA_964398245_1	dmsA	4
GCA_964398245_1	dmsB	2
GCA_964398245_1	dmsC	1
GCA_964398245_1	dsrA	2
GCA_964398245_1	fccB	1
GCA_964398245_1	gdh	5
GCA_964398245_1	glpE	8
GCA_964398245_1	hdrA2	2
GCA_964398245_1	hdrB2	1
GCA_964398245_1	hydD	1
GCA_964398245_1	mdh	11
GCA_964398245_1	metA	1
GCA_964398245_1	metB	1
GCA_964398245_1	metC	4
GCA_964398245_1	metY	1
GCA_964398245_1	metZ	2
GCA_964398245_1	nrnA	2
GCA_964398245_1	pta	8
GCA_964398245_1	sat	1
GCA_964398245_1	shyA	1
GCA_964398245_1	sir	2
GCA_964398245_1	slcC	2
GCA_964398245_1	soxB	4
GCA_964398245_1	soxX	1
GCA_964398245_1	sqdX	4
GCA_964398245_1	sseA	1
GCA_964398245_1	ssuA	6
GCA_964398245_1	ssuB	3
GCA_964398245_1	ssuC	2
GCA_964398245_1	ssuD	1
GCA_964398245_1	ssuE	3
GCA_964398245_1	sudA	2
GCA_964398245_1	sudB	1
GCA_964398245_1	sulP	2
GCA_964398245_1	tauA	2
GCA_964398245_1	tauB	2
GCA_964398245_1	tauD	1
GCA_964398245_1	tpa	1
GCA_964398245_1	tsdA	1
GCA_964398245_1	ttrB	1
GCA_964399265_1	acuI	1
GCA_964399265_1	asrB	2
GCA_964399265_1	asrC	1
GCA_964399265_1	betA	6
GCA_964399265_1	betB	4
GCA_964399265_1	betC	3
GCA_964399265_1	comB	1
GCA_964399265_1	comE	2
GCA_964399265_1	cuyA	1
GCA_964399265_1	cysA	6
GCA_964399265_1	cysC	20
GCA_964399265_1	cysD	2
GCA_964399265_1	cysE	7
GCA_964399265_1	cysI	1
GCA_964399265_1	cysJ	8
GCA_964399265_1	cysK	8
GCA_964399265_1	cysM	4
GCA_964399265_1	cysN	2
GCA_964399265_1	cysN_cysC	4
GCA_964399265_1	cysQ	1
GCA_964399265_1	cysU	4
GCA_964399265_1	dddP	1
GCA_964399265_1	dmdA	1
GCA_964399265_1	dmdC	4
GCA_964399265_1	dmdD	1
GCA_964399265_1	dmsA	9
GCA_964399265_1	dmsB	1
GCA_964399265_1	dmsC	1
GCA_964399265_1	dsrA	1
GCA_964399265_1	gdh	2
GCA_964399265_1	glpE	5
GCA_964399265_1	hdrA2	2
GCA_964399265_1	hdrD	2
GCA_964399265_1	hydD	1
GCA_964399265_1	isfD	1
GCA_964399265_1	mdh	6
GCA_964399265_1	metC	4
GCA_964399265_1	metZ	2
GCA_964399265_1	nrnA	3
GCA_964399265_1	prpE	2
GCA_964399265_1	pta	9
GCA_964399265_1	sat	5
GCA_964399265_1	sgpB	2
GCA_964399265_1	sgpC	2
GCA_964399265_1	shyA	1
GCA_964399265_1	shyC	1
GCA_964399265_1	sir	1
GCA_964399265_1	slcC	2
GCA_964399265_1	sorA	1
GCA_964399265_1	soxB	2
GCA_964399265_1	sqdX	21
GCA_964399265_1	sseA	1
GCA_964399265_1	ssuA	6
GCA_964399265_1	ssuB	6
GCA_964399265_1	ssuC	3
GCA_964399265_1	ssuD	1
GCA_964399265_1	sudA	6
GCA_964399265_1	sulP	2
GCA_964399265_1	tauA	1
GCA_964399265_1	tauB	5
GCA_964399265_1	tauD	1
GCA_964399265_1	tpa	1
GCA_964399265_1	tsdA	1
GCA_964399265_1	ttrA	2
GCA_964399265_1	tusA	3
GCA_964399265_1	tusB	1
GCA_964399265_1	tusD	1
GCA_964401205_1	betA	2
GCA_964401205_1	cysA	1
GCA_964401205_1	cysC	2
GCA_964401205_1	cysE	4
GCA_964401205_1	cysJ	2
GCA_964401205_1	cysK	1
GCA_964401205_1	cysM	1
GCA_964401205_1	cysQ	2
GCA_964401205_1	cysU	1
GCA_964401205_1	dddP	1
GCA_964401205_1	gdh	2
GCA_964401205_1	glpE	1
GCA_964401205_1	hpsP	2
GCA_964401205_1	mdh	3
GCA_964401205_1	metB	2
GCA_964401205_1	metC	3
GCA_964401205_1	metX	3
GCA_964401205_1	metZ	1
GCA_964401205_1	pta	2
GCA_964401205_1	slcC	2
GCA_964401205_1	sqdB	3
GCA_964401205_1	sudA	1
GCA_964401205_1	tbuB	1
GCA_964404325_1	acuI	4
GCA_964404325_1	asrB	1
GCA_964404325_1	betA	1
GCA_964404325_1	betB	8
GCA_964404325_1	betC	3
GCA_964404325_1	cuyA	3
GCA_964404325_1	cysA	1
GCA_964404325_1	cysC	12
GCA_964404325_1	cysE	1
GCA_964404325_1	cysH	2
GCA_964404325_1	cysI	2
GCA_964404325_1	cysJ	8
GCA_964404325_1	cysK	11
GCA_964404325_1	cysM	5
GCA_964404325_1	cysN	2
GCA_964404325_1	cysN_cysC	5
GCA_964404325_1	cysP	2
GCA_964404325_1	cysQ	3
GCA_964404325_1	cysU	4
GCA_964404325_1	cysW	1
GCA_964404325_1	cysZ	1
GCA_964404325_1	ddhA	1
GCA_964404325_1	dmdA	1
GCA_964404325_1	dmdB	2
GCA_964404325_1	dmdC	6
GCA_964404325_1	dmdD	2
GCA_964404325_1	dmsA	12
GCA_964404325_1	dmsB	2
GCA_964404325_1	dmsC	2
GCA_964404325_1	dsrB	1
GCA_964404325_1	dsrM	1
GCA_964404325_1	fccA	2
GCA_964404325_1	gdh	1
GCA_964404325_1	glpE	17
GCA_964404325_1	hdrD	1
GCA_964404325_1	hpsP	1
GCA_964404325_1	isfD	5
GCA_964404325_1	mdh	13
GCA_964404325_1	metB	6
GCA_964404325_1	metC	6
GCA_964404325_1	metX	3
GCA_964404325_1	metZ	2
GCA_964404325_1	nrnA	1
GCA_964404325_1	prpE	1
GCA_964404325_1	pta	6
GCA_964404325_1	qmoA	1
GCA_964404325_1	sat	4
GCA_964404325_1	sbp	1
GCA_964404325_1	slcC	3
GCA_964404325_1	slcD	1
GCA_964404325_1	soxB	1
GCA_964404325_1	soxX	2
GCA_964404325_1	sqdB	1
GCA_964404325_1	sqdX	9
GCA_964404325_1	sqr	1
GCA_964404325_1	ssuA	14
GCA_964404325_1	ssuB	5
GCA_964404325_1	ssuC	2
GCA_964404325_1	ssuD	5
GCA_964404325_1	ssuE	1
GCA_964404325_1	sudA	2
GCA_964404325_1	sulP	6
GCA_964404325_1	tauA	4
GCA_964404325_1	tauB	4
GCA_964404325_1	tauD	2
GCA_964404325_1	tmoC	2
GCA_964404325_1	tpa	1
GCA_964404325_1	tsdA	2
GCA_964404325_1	ttrA	1
GCA_964404325_1	ttrB	1
GCA_964404325_1	tusA	3
GCA_964404325_1	tusB	2
GCA_964404325_1	tusD	1
GCA_964404765_1	acuI	4
GCA_964404765_1	aprA	1
GCA_964404765_1	asrB	1
GCA_964404765_1	asrC	1
GCA_964404765_1	betA	3
GCA_964404765_1	betB	11
GCA_964404765_1	betC	1
GCA_964404765_1	comB	4
GCA_964404765_1	comE	2
GCA_964404765_1	cuyA	1
GCA_964404765_1	cysA	7
GCA_964404765_1	cysC	13
GCA_964404765_1	cysD	2
GCA_964404765_1	cysE	10
GCA_964404765_1	cysH	2
GCA_964404765_1	cysI	7
GCA_964404765_1	cysJ	2
GCA_964404765_1	cysK	16
GCA_964404765_1	cysM	9
GCA_964404765_1	cysN	9
GCA_964404765_1	cysN_cysC	5
GCA_964404765_1	cysP	1
GCA_964404765_1	cysQ	4
GCA_964404765_1	cysU	11
GCA_964404765_1	cysW	1
GCA_964404765_1	cysZ	1
GCA_964404765_1	dddP	3
GCA_964404765_1	dmdA	1
GCA_964404765_1	dmdB	4
GCA_964404765_1	dmdC	2
GCA_964404765_1	dmdD	1
GCA_964404765_1	dmsA	8
GCA_964404765_1	dmsB	2
GCA_964404765_1	dmsC	2
GCA_964404765_1	dsrA	4
GCA_964404765_1	dsrB	1
GCA_964404765_1	dsyB	1
GCA_964404765_1	gdh	3
GCA_964404765_1	glpE	8
GCA_964404765_1	hpsL	1
GCA_964404765_1	hydD	1
GCA_964404765_1	iseM	1
GCA_964404765_1	isfD	4
GCA_964404765_1	mdh	13
GCA_964404765_1	metB	7
GCA_964404765_1	metC	8
GCA_964404765_1	metZ	3
GCA_964404765_1	mtsB	1
GCA_964404765_1	nrnA	4
GCA_964404765_1	prpE	3
GCA_964404765_1	psrC	1
GCA_964404765_1	pta	7
GCA_964404765_1	sat	6
GCA_964404765_1	sbp	3
GCA_964404765_1	sgpB	4
GCA_964404765_1	shyA	1
GCA_964404765_1	sir	4
GCA_964404765_1	slcC	2
GCA_964404765_1	sorB	1
GCA_964404765_1	soxB	3
GCA_964404765_1	soxX	2
GCA_964404765_1	soxY	2
GCA_964404765_1	sqdB	1
GCA_964404765_1	sqdX	7
GCA_964404765_1	sseA	1
GCA_964404765_1	ssuA	21
GCA_964404765_1	ssuB	8
GCA_964404765_1	ssuC	5
GCA_964404765_1	ssuD	2
GCA_964404765_1	ssuE	3
GCA_964404765_1	sudA	3
GCA_964404765_1	sulP	13
GCA_964404765_1	tauA	2
GCA_964404765_1	tauB	4
GCA_964404765_1	tauD	4
GCA_964404765_1	tauE	1
GCA_964404765_1	tauZ	1
GCA_964404765_1	tpa	2
GCA_964404765_1	tsdA	2
GCA_964404765_1	ttrA	1
GCA_964404765_1	ttrB	2
GCA_964404765_1	tusA	6
GCA_964404765_1	tusB	1
GCA_964411245_1	acuI	1
GCA_964411245_1	asrA	1
GCA_964411245_1	asrB	1
GCA_964411245_1	asrC	1
GCA_964411245_1	betA	2
GCA_964411245_1	betB	3
GCA_964411245_1	comB	1
GCA_964411245_1	comD	1
GCA_964411245_1	comE	1
GCA_964411245_1	cuyA	1
GCA_964411245_1	cysA	5
GCA_964411245_1	cysC	14
GCA_964411245_1	cysD	4
GCA_964411245_1	cysE	2
GCA_964411245_1	cysH	2
GCA_964411245_1	cysI	2
GCA_964411245_1	cysJ	3
GCA_964411245_1	cysK	10
GCA_964411245_1	cysM	7
GCA_964411245_1	cysN	2
GCA_964411245_1	cysN_cysC	5
GCA_964411245_1	cysW	1
GCA_964411245_1	ddhA	1
GCA_964411245_1	ddhC	2
GCA_964411245_1	dmdA	1
GCA_964411245_1	dmdB	2
GCA_964411245_1	dmdC	2
GCA_964411245_1	dmdD	1
GCA_964411245_1	dmsA	5
GCA_964411245_1	dmsB	1
GCA_964411245_1	dmsC	2
GCA_964411245_1	gdh	3
GCA_964411245_1	glpE	9
GCA_964411245_1	hdrB1	1
GCA_964411245_1	hdrD	2
GCA_964411245_1	hpsM	1
GCA_964411245_1	mddA	1
GCA_964411245_1	mdh	11
GCA_964411245_1	metB	1
GCA_964411245_1	metC	8
GCA_964411245_1	metZ	6
GCA_964411245_1	nrnA	3
GCA_964411245_1	phsA	1
GCA_964411245_1	prpE	2
GCA_964411245_1	pta	1
GCA_964411245_1	sat	2
GCA_964411245_1	sgpC	1
GCA_964411245_1	sir	3
GCA_964411245_1	slcC	1
GCA_964411245_1	soxB	2
GCA_964411245_1	soxC	2
GCA_964411245_1	soxX	1
GCA_964411245_1	sqdB	1
GCA_964411245_1	sqdX	3
GCA_964411245_1	sseA	1
GCA_964411245_1	ssuA	12
GCA_964411245_1	ssuB	7
GCA_964411245_1	ssuC	1
GCA_964411245_1	ssuD	1
GCA_964411245_1	ssuE	2
GCA_964411245_1	sudA	4
GCA_964411245_1	sulP	7
GCA_964411245_1	tauA	3
GCA_964411245_1	tauB	2
GCA_964411245_1	tauD	2
GCA_964411245_1	tmoC	1
GCA_964411245_1	tpa	2
GCA_964411245_1	tusA	2
GCA_964411245_1	tusB	1
GCA_964411245_1	tusD	1
GCA_964411245_1	xsc	2
GCA_964414965_1	betB	1
GCA_964414965_1	cuyA	1
GCA_964414965_1	cysC	4
GCA_964414965_1	cysD	1
GCA_964414965_1	cysE	1
GCA_964414965_1	cysH	1
GCA_964414965_1	cysK	1
GCA_964414965_1	cysM	4
GCA_964414965_1	cysN	1
GCA_964414965_1	cysN_cysC	1
GCA_964414965_1	cysQ	2
GCA_964414965_1	cysU	2
GCA_964414965_1	dddP	1
GCA_964414965_1	dmsC	1
GCA_964414965_1	glpE	1
GCA_964414965_1	hpsP	1
GCA_964414965_1	mdh	6
GCA_964414965_1	metB	1
GCA_964414965_1	pta	2
GCA_964414965_1	sat	1
GCA_964414965_1	slcC	1
GCA_964414965_1	sqdB	2
GCA_964414965_1	sqdX	2
GCA_964414965_1	ssuB	1
GCA_964414965_1	ssuD	1
GCA_964414965_1	ssuE	1
GCA_964414965_1	sulP	1
GCA_964414965_1	tauA	2
GCA_964414965_1	tauB	2
GCA_964414965_1	tauD	1
GCA_964414965_1	tsdA	1
GCA_964414965_1	tusD	1
GCA_964415445_1	asrB	1
GCA_964415445_1	betA	1
GCA_964415445_1	betB	1
GCA_964415445_1	cuyA	1
GCA_964415445_1	cysA	3
GCA_964415445_1	cysC	13
GCA_964415445_1	cysD	1
GCA_964415445_1	cysI	2
GCA_964415445_1	cysJ	1
GCA_964415445_1	cysK	1
GCA_964415445_1	cysM	2
GCA_964415445_1	cysQ	1
GCA_964415445_1	cysU	3
GCA_964415445_1	dddP	1
GCA_964415445_1	dmsB	1
GCA_964415445_1	glpE	4
GCA_964415445_1	hpsN	1
GCA_964415445_1	hpsP	1
GCA_964415445_1	hydA	1
GCA_964415445_1	mdh	12
GCA_964415445_1	metB	3
GCA_964415445_1	metX	1
GCA_964415445_1	metY	2
GCA_964415445_1	metZ	2
GCA_964415445_1	nrnA	2
GCA_964415445_1	pta	5
GCA_964415445_1	sat	2
GCA_964415445_1	shyC	2
GCA_964415445_1	shyD	1
GCA_964415445_1	slcC	1
GCA_964415445_1	sqdX	13
GCA_964415445_1	ssuB	2
GCA_964415445_1	ssuC	1
GCA_964415445_1	ssuE	2
GCA_964415445_1	sudA	5
GCA_964415445_1	sudB	1
GCA_964415445_1	sulP	1
GCA_964415445_1	tauB	2
GCA_964415445_1	tpa	1
GCA_964415445_1	ttrA	1
GCA_964415445_1	tusD	1
GCA_964415445_1	xsc	1
GCA_964420375_1	acuI	1
GCA_964420375_1	aprA	5
GCA_964420375_1	aprB	2
GCA_964420375_1	asrA	1
GCA_964420375_1	asrB	1
GCA_964420375_1	betA	9
GCA_964420375_1	betB	5
GCA_964420375_1	betC	52
GCA_964420375_1	comB	1
GCA_964420375_1	cuyA	2
GCA_964420375_1	cysA	7
GCA_964420375_1	cysC	12
GCA_964420375_1	cysD	2
GCA_964420375_1	cysE	7
GCA_964420375_1	cysH	1
GCA_964420375_1	cysJ	9
GCA_964420375_1	cysK	11
GCA_964420375_1	cysM	6
GCA_964420375_1	cysN	8
GCA_964420375_1	cysN_cysC	3
GCA_964420375_1	cysP	2
GCA_964420375_1	cysQ	3
GCA_964420375_1	cysU	2
GCA_964420375_1	dddP	1
GCA_964420375_1	dddT	1
GCA_964420375_1	dmdA	1
GCA_964420375_1	dmdB	10
GCA_964420375_1	dmdC	27
GCA_964420375_1	dmdD	3
GCA_964420375_1	dmsA	10
GCA_964420375_1	dmsB	2
GCA_964420375_1	dmsC	2
GCA_964420375_1	dsrA	2
GCA_964420375_1	dsrB	1
GCA_964420375_1	dsrC	1
GCA_964420375_1	dsrD	1
GCA_964420375_1	dsrJ	1
GCA_964420375_1	dsrK	4
GCA_964420375_1	dsrM	3
GCA_964420375_1	dsrN	1
GCA_964420375_1	dsrP	1
GCA_964420375_1	dsyB	1
GCA_964420375_1	fsr	1
GCA_964420375_1	gdh	1
GCA_964420375_1	glpE	11
GCA_964420375_1	hdrA1	4
GCA_964420375_1	hdrA2	5
GCA_964420375_1	hdrB1	1
GCA_964420375_1	hdrC2	2
GCA_964420375_1	hdrD	8
GCA_964420375_1	hpsM	1
GCA_964420375_1	hpsP	1
GCA_964420375_1	isfD	4
GCA_964420375_1	mccB	1
GCA_964420375_1	mdh	21
GCA_964420375_1	metB	1
GCA_964420375_1	metC	6
GCA_964420375_1	metX	1
GCA_964420375_1	metY	1
GCA_964420375_1	metZ	3
GCA_964420375_1	mtsB	4
GCA_964420375_1	nrnA	2
GCA_964420375_1	prpE	3
GCA_964420375_1	pta	6
GCA_964420375_1	qmoA	1
GCA_964420375_1	qmoB	1
GCA_964420375_1	qmoC	1
GCA_964420375_1	sat	4
GCA_964420375_1	sbp	2
GCA_964420375_1	sgpA	1
GCA_964420375_1	sgpB	1
GCA_964420375_1	sgpC	2
GCA_964420375_1	sir	1
GCA_964420375_1	slcC	1
GCA_964420375_1	soxA	1
GCA_964420375_1	soxB	3
GCA_964420375_1	soxX	1
GCA_964420375_1	soxY	1
GCA_964420375_1	sqdB	2
GCA_964420375_1	sqdX	11
GCA_964420375_1	ssuA	13
GCA_964420375_1	ssuB	9
GCA_964420375_1	ssuC	9
GCA_964420375_1	ssuD	4
GCA_964420375_1	ssuE	1
GCA_964420375_1	sudA	14
GCA_964420375_1	sudB	2
GCA_964420375_1	sulP	14
GCA_964420375_1	suyA	2
GCA_964420375_1	suyB	2
GCA_964420375_1	tauA	2
GCA_964420375_1	tauB	4
GCA_964420375_1	tauD	3
GCA_964420375_1	tetH	1
GCA_964420375_1	toa	1
GCA_964420375_1	tpa	1
GCA_964420375_1	ttrA	1
GCA_964420375_1	ttrB	2
GCA_964420375_1	tusA	4
GCA_964420375_1	tusB	1
GCA_964420375_1	xsc	9
GCA_964420375_1	yihQ	9
GCA_964421645_1	acuI	2
GCA_964421645_1	aprA	3
GCA_964421645_1	asrC	1
GCA_964421645_1	betA	1
GCA_964421645_1	betB	2
GCA_964421645_1	betC	12
GCA_964421645_1	comA	1
GCA_964421645_1	cuyA	1
GCA_964421645_1	cysA	3
GCA_964421645_1	cysC	11
GCA_964421645_1	cysD	1
GCA_964421645_1	cysE	4
GCA_964421645_1	cysH	1
GCA_964421645_1	cysI	3
GCA_964421645_1	cysJ	3
GCA_964421645_1	cysK	4
GCA_964421645_1	cysM	4
GCA_964421645_1	cysN_cysC	2
GCA_964421645_1	cysP	1
GCA_964421645_1	dddP	1
GCA_964421645_1	dmdA	1
GCA_964421645_1	dmdB	1
GCA_964421645_1	dmdC	1
GCA_964421645_1	dmsB	3
GCA_964421645_1	dmsC	1
GCA_964421645_1	gdh	3
GCA_964421645_1	glpE	4
GCA_964421645_1	hpsN	1
GCA_964421645_1	hpsP	6
GCA_964421645_1	iseM	1
GCA_964421645_1	mdh	14
GCA_964421645_1	metB	1
GCA_964421645_1	metC	4
GCA_964421645_1	metX	1
GCA_964421645_1	metZ	1
GCA_964421645_1	mtsA	2
GCA_964421645_1	mtsB	1
GCA_964421645_1	nrnA	4
GCA_964421645_1	pta	6
GCA_964421645_1	sat	2
GCA_964421645_1	shyC	2
GCA_964421645_1	sir	1
GCA_964421645_1	slcC	2
GCA_964421645_1	soxB	1
GCA_964421645_1	sqdX	5
GCA_964421645_1	ssuA	1
GCA_964421645_1	ssuB	9
GCA_964421645_1	ssuC	1
GCA_964421645_1	ssuD	1
GCA_964421645_1	ssuE	1
GCA_964421645_1	sudA	4
GCA_964421645_1	sudB	1
GCA_964421645_1	sulP	5
GCA_964421645_1	tauA	2
GCA_964421645_1	tauB	2
GCA_964421645_1	tauD	2
GCA_964421645_1	tpa	1
GCA_964421645_1	tsdA	1
GCA_964421645_1	ttrA	1
GCA_964421645_1	tusB	1
GCA_964421645_1	tusD	2
GCA_964421645_1	xsc	1
GCA_964421645_1	yihQ	1
GCA_964422215_1	acuI	1
GCA_964422215_1	asrB	2
GCA_964422215_1	asrC	1
GCA_964422215_1	betA	5
GCA_964422215_1	betB	7
GCA_964422215_1	betC	5
GCA_964422215_1	comC	1
GCA_964422215_1	cuyA	1
GCA_964422215_1	cysA	2
GCA_964422215_1	cysC	10
GCA_964422215_1	cysD	1
GCA_964422215_1	cysE	5
GCA_964422215_1	cysH	1
GCA_964422215_1	cysI	2
GCA_964422215_1	cysJ	2
GCA_964422215_1	cysK	5
GCA_964422215_1	cysM	2
GCA_964422215_1	cysN	4
GCA_964422215_1	cysN_cysC	4
GCA_964422215_1	cysP	2
GCA_964422215_1	cysQ	2
GCA_964422215_1	cysU	11
GCA_964422215_1	cysW	2
GCA_964422215_1	cysZ	1
GCA_964422215_1	dddP	1
GCA_964422215_1	dmsA	4
GCA_964422215_1	dmsB	1
GCA_964422215_1	dmsC	1
GCA_964422215_1	dsrA	1
GCA_964422215_1	gdh	1
GCA_964422215_1	glpE	5
GCA_964422215_1	hdrA1	1
GCA_964422215_1	hpsP	13
GCA_964422215_1	hydA	1
GCA_964422215_1	mccB	1
GCA_964422215_1	mdh	12
GCA_964422215_1	metA	1
GCA_964422215_1	metC	4
GCA_964422215_1	metX	1
GCA_964422215_1	metY	1
GCA_964422215_1	metZ	2
GCA_964422215_1	mtsB	1
GCA_964422215_1	nrnA	4
GCA_964422215_1	prpE	1
GCA_964422215_1	pta	4
GCA_964422215_1	sat	2
GCA_964422215_1	sbp	1
GCA_964422215_1	sgpC	1
GCA_964422215_1	shyA	1
GCA_964422215_1	shyB	1
GCA_964422215_1	shyC	1
GCA_964422215_1	shyD	1
GCA_964422215_1	slcC	6
GCA_964422215_1	slcD	1
GCA_964422215_1	soxB	2
GCA_964422215_1	soxX	1
GCA_964422215_1	sqdB	1
GCA_964422215_1	sqdX	3
GCA_964422215_1	ssuA	5
GCA_964422215_1	ssuB	7
GCA_964422215_1	ssuC	1
GCA_964422215_1	ssuD	1
GCA_964422215_1	ssuE	2
GCA_964422215_1	sudA	5
GCA_964422215_1	sudB	2
GCA_964422215_1	sulP	3
GCA_964422215_1	suyA	1
GCA_964422215_1	tauA	2
GCA_964422215_1	tauB	3
GCA_964422215_1	tauD	4
GCA_964422215_1	tpa	1
GCA_964422215_1	tsdA	1
GCA_964422215_1	ttrA	1
GCA_964422215_1	tusB	1
GCA_964422215_1	tusD	1
GCA_964422215_1	xsc	1
GCA_964422215_1	yihQ	1
GCA_964427915_1	asrA	3
GCA_964427915_1	asrB	2
GCA_964427915_1	betA	3
GCA_964427915_1	betB	3
GCA_964427915_1	cysA	3
GCA_964427915_1	cysC	6
GCA_964427915_1	cysD	1
GCA_964427915_1	cysE	1
GCA_964427915_1	cysH	1
GCA_964427915_1	cysI	2
GCA_964427915_1	cysJ	5
GCA_964427915_1	cysK	2
GCA_964427915_1	cysM	3
GCA_964427915_1	cysN	2
GCA_964427915_1	cysN_cysC	3
GCA_964427915_1	cysU	1
GCA_964427915_1	cysZ	1
GCA_964427915_1	dmdA	1
GCA_964427915_1	dmdC	1
GCA_964427915_1	dmsA	1
GCA_964427915_1	dmsB	1
GCA_964427915_1	dsrA	1
GCA_964427915_1	gdh	2
GCA_964427915_1	glpE	4
GCA_964427915_1	hdrA1	2
GCA_964427915_1	hdrA2	1
GCA_964427915_1	hdrB1	1
GCA_964427915_1	mdh	8
GCA_964427915_1	metC	1
GCA_964427915_1	metX	1
GCA_964427915_1	metZ	3
GCA_964427915_1	nrnA	3
GCA_964427915_1	prpE	1
GCA_964427915_1	pta	6
GCA_964427915_1	sat	2
GCA_964427915_1	shyC	1
GCA_964427915_1	slcC	1
GCA_964427915_1	soxB	1
GCA_964427915_1	sqdB	1
GCA_964427915_1	sqdX	3
GCA_964427915_1	ssuB	6
GCA_964427915_1	ssuC	2
GCA_964427915_1	ssuD	1
GCA_964427915_1	sudA	2
GCA_964427915_1	sulP	2
GCA_964427915_1	tauA	1
GCA_964427915_1	tauB	4
GCA_964427915_1	tmoC	1
GCA_964427915_1	tpa	2
GCA_964427915_1	tsdA	1
GCA_964427915_1	tusB	1
GCA_964427915_1	tusD	1
GCA_964429075_1	asrA	2
GCA_964429075_1	betA	4
GCA_964429075_1	betB	5
GCA_964429075_1	cuyA	1
GCA_964429075_1	cysA	2
GCA_964429075_1	cysC	8
GCA_964429075_1	cysD	1
GCA_964429075_1	cysE	3
GCA_964429075_1	cysH	1
GCA_964429075_1	cysI	2
GCA_964429075_1	cysJ	5
GCA_964429075_1	cysK	4
GCA_964429075_1	cysM	6
GCA_964429075_1	cysN_cysC	5
GCA_964429075_1	cysU	1
GCA_964429075_1	dddP	1
GCA_964429075_1	dmdA	1
GCA_964429075_1	dmdC	4
GCA_964429075_1	dmsA	1
GCA_964429075_1	dmsC	1
GCA_964429075_1	dsrA	1
GCA_964429075_1	fccB	1
GCA_964429075_1	gdh	3
GCA_964429075_1	glpE	3
GCA_964429075_1	hdrA1	1
GCA_964429075_1	hdrD	2
GCA_964429075_1	hpsP	1
GCA_964429075_1	mdh	7
GCA_964429075_1	metA	2
GCA_964429075_1	metB	1
GCA_964429075_1	metC	1
GCA_964429075_1	metZ	1
GCA_964429075_1	nrnA	1
GCA_964429075_1	prpE	1
GCA_964429075_1	pta	5
GCA_964429075_1	sat	2
GCA_964429075_1	sgpC	1
GCA_964429075_1	sir	2
GCA_964429075_1	slcC	2
GCA_964429075_1	soxC	1
GCA_964429075_1	soxX	1
GCA_964429075_1	sqdB	1
GCA_964429075_1	sqdX	2
GCA_964429075_1	sreA	1
GCA_964429075_1	ssuA	10
GCA_964429075_1	ssuB	3
GCA_964429075_1	ssuC	2
GCA_964429075_1	ssuD	3
GCA_964429075_1	sudA	3
GCA_964429075_1	sudB	2
GCA_964429075_1	sulP	2
GCA_964429075_1	tauA	1
GCA_964429075_1	tauB	4
GCA_964429075_1	tauD	1
GCA_964429075_1	tpa	2
GCA_964429075_1	ttrA	1
GCA_964429075_1	ttrB	1
GCA_964429075_1	tusA	2
GCA_964429075_1	tusD	1
GCA_964429075_1	xsc	1
GCA_964429075_1	yihQ	1
GCA_964431655_1	asrB	1
GCA_964431655_1	betA	2
GCA_964431655_1	betB	8
GCA_964431655_1	betC	6
GCA_964431655_1	comE	2
GCA_964431655_1	cuyA	1
GCA_964431655_1	cysA	3
GCA_964431655_1	cysC	14
GCA_964431655_1	cysD	1
GCA_964431655_1	cysE	4
GCA_964431655_1	cysH	1
GCA_964431655_1	cysI	1
GCA_964431655_1	cysJ	7
GCA_964431655_1	cysK	14
GCA_964431655_1	cysM	5
GCA_964431655_1	cysN	1
GCA_964431655_1	cysN_cysC	5
GCA_964431655_1	cysP	1
GCA_964431655_1	cysQ	3
GCA_964431655_1	cysU	6
GCA_964431655_1	dddP	2
GCA_964431655_1	dmdA	1
GCA_964431655_1	dmdB	2
GCA_964431655_1	dmdC	2
GCA_964431655_1	dmsA	7
GCA_964431655_1	dmsB	1
GCA_964431655_1	dmsC	1
GCA_964431655_1	fccB	1
GCA_964431655_1	gdh	3
GCA_964431655_1	glpE	9
GCA_964431655_1	hdrA1	2
GCA_964431655_1	hdrA2	1
GCA_964431655_1	hdrB2	1
GCA_964431655_1	hdrD	1
GCA_964431655_1	hpsP	2
GCA_964431655_1	hydA	1
GCA_964431655_1	hydB	1
GCA_964431655_1	hydD	1
GCA_964431655_1	isfD	1
GCA_964431655_1	mccB	1
GCA_964431655_1	mdh	13
GCA_964431655_1	metB	1
GCA_964431655_1	metC	7
GCA_964431655_1	metZ	1
GCA_964431655_1	nrnA	2
GCA_964431655_1	pta	8
GCA_964431655_1	sat	1
GCA_964431655_1	shyC	1
GCA_964431655_1	shyD	1
GCA_964431655_1	sir	3
GCA_964431655_1	slcC	1
GCA_964431655_1	soxA	1
GCA_964431655_1	soxB	2
GCA_964431655_1	sqdB	1
GCA_964431655_1	sqdX	8
GCA_964431655_1	sqr	1
GCA_964431655_1	ssuA	8
GCA_964431655_1	ssuB	3
GCA_964431655_1	ssuC	2
GCA_964431655_1	ssuD	5
GCA_964431655_1	ssuE	1
GCA_964431655_1	sudA	4
GCA_964431655_1	sulP	7
GCA_964431655_1	tauA	2
GCA_964431655_1	tauB	3
GCA_964431655_1	tauD	1
GCA_964431655_1	tsdA	1
GCA_964431655_1	tusB	3
GCA_964431655_1	tusD	1
GCA_964447955_1	acuI	1
GCA_964447955_1	asrC	1
GCA_964447955_1	betA	3
GCA_964447955_1	betB	4
GCA_964447955_1	betC	2
GCA_964447955_1	comA	1
GCA_964447955_1	comB	2
GCA_964447955_1	cuyA	2
GCA_964447955_1	cysA	12
GCA_964447955_1	cysC	16
GCA_964447955_1	cysD	2
GCA_964447955_1	cysE	5
GCA_964447955_1	cysH	2
GCA_964447955_1	cysI	2
GCA_964447955_1	cysJ	5
GCA_964447955_1	cysK	13
GCA_964447955_1	cysM	8
GCA_964447955_1	cysN	1
GCA_964447955_1	cysN_cysC	6
GCA_964447955_1	cysQ	4
GCA_964447955_1	cysU	2
GCA_964447955_1	cysZ	1
GCA_964447955_1	dddP	1
GCA_964447955_1	dmdA	1
GCA_964447955_1	dmdB	1
GCA_964447955_1	dmdC	3
GCA_964447955_1	dmsA	9
GCA_964447955_1	dmsB	2
GCA_964447955_1	dmsC	2
GCA_964447955_1	dsrA	2
GCA_964447955_1	dsrC	1
GCA_964447955_1	dsrK	1
GCA_964447955_1	dsyB	1
GCA_964447955_1	gdh	5
GCA_964447955_1	glpE	8
GCA_964447955_1	hdrA1	4
GCA_964447955_1	hdrA2	5
GCA_964447955_1	hdrB1	1
GCA_964447955_1	hdrB2	1
GCA_964447955_1	hdrC1	2
GCA_964447955_1	hdrD	3
GCA_964447955_1	hpsM	1
GCA_964447955_1	hpsP	2
GCA_964447955_1	hydD	1
GCA_964447955_1	isfD	1
GCA_964447955_1	mdh	11
GCA_964447955_1	metA	1
GCA_964447955_1	metB	4
GCA_964447955_1	metC	5
GCA_964447955_1	metZ	5
GCA_964447955_1	nrnA	3
GCA_964447955_1	prpE	1
GCA_964447955_1	pta	6
GCA_964447955_1	rdlA	1
GCA_964447955_1	sat	5
GCA_964447955_1	sgpB	1
GCA_964447955_1	shyA	1
GCA_964447955_1	shyC	1
GCA_964447955_1	sir	3
GCA_964447955_1	slcC	3
GCA_964447955_1	soeA	1
GCA_964447955_1	soxY	1
GCA_964447955_1	sqdB	1
GCA_964447955_1	sqdX	9
GCA_964447955_1	ssuA	14
GCA_964447955_1	ssuB	10
GCA_964447955_1	ssuC	5
GCA_964447955_1	ssuD	5
GCA_964447955_1	sudA	6
GCA_964447955_1	sulP	4
GCA_964447955_1	tauA	2
GCA_964447955_1	tauB	1
GCA_964447955_1	tauD	4
GCA_964447955_1	tpa	2
GCA_964447955_1	ttrC	1
GCA_964447955_1	tusA	2
GCA_964447955_1	tusB	2
GCA_964447955_1	tusC	1
GCA_964447955_1	tusD	1
GCA_964448115_1	aprA	2
GCA_964448115_1	aprB	1
GCA_964448115_1	asrA	1
GCA_964448115_1	betA	7
GCA_964448115_1	betB	8
GCA_964448115_1	betC	11
GCA_964448115_1	cuyA	1
GCA_964448115_1	cysA	2
GCA_964448115_1	cysC	17
GCA_964448115_1	cysD	3
GCA_964448115_1	cysE	13
GCA_964448115_1	cysH	1
GCA_964448115_1	cysI	2
GCA_964448115_1	cysJ	5
GCA_964448115_1	cysK	10
GCA_964448115_1	cysM	5
GCA_964448115_1	cysN	4
GCA_964448115_1	cysN_cysC	6
GCA_964448115_1	cysP	1
GCA_964448115_1	cysU	6
GCA_964448115_1	cysW	2
GCA_964448115_1	dddD	1
GCA_964448115_1	dmdA	1
GCA_964448115_1	dmdB	3
GCA_964448115_1	dmdC	6
GCA_964448115_1	dmdD	1
GCA_964448115_1	dmsA	6
GCA_964448115_1	dmsB	1
GCA_964448115_1	dmsC	2
GCA_964448115_1	dsrA	2
GCA_964448115_1	dsrB	1
GCA_964448115_1	dsrC	1
GCA_964448115_1	dsrJ	1
GCA_964448115_1	dsrK	4
GCA_964448115_1	dsrM	2
GCA_964448115_1	dsrN	1
GCA_964448115_1	dsrT	1
GCA_964448115_1	gdh	1
GCA_964448115_1	glpE	7
GCA_964448115_1	hdrA1	2
GCA_964448115_1	hdrA2	2
GCA_964448115_1	hdrB1	1
GCA_964448115_1	hdrD	4
GCA_964448115_1	hpsP	5
GCA_964448115_1	hydA	1
GCA_964448115_1	hydD	1
GCA_964448115_1	isfD	1
GCA_964448115_1	mdh	17
GCA_964448115_1	metB	2
GCA_964448115_1	metC	6
GCA_964448115_1	metZ	2
GCA_964448115_1	nrnA	5
GCA_964448115_1	pta	5
GCA_964448115_1	qmoA	1
GCA_964448115_1	qmoB	1
GCA_964448115_1	qmoC	1
GCA_964448115_1	sat	3
GCA_964448115_1	sbp	2
GCA_964448115_1	shyC	2
GCA_964448115_1	sir	1
GCA_964448115_1	soxB	3
GCA_964448115_1	soxC	1
GCA_964448115_1	sqdX	15
GCA_964448115_1	ssuA	10
GCA_964448115_1	ssuB	6
GCA_964448115_1	ssuC	3
GCA_964448115_1	ssuD	6
GCA_964448115_1	sudA	8
GCA_964448115_1	sudB	1
GCA_964448115_1	sulP	5
GCA_964448115_1	tauA	2
GCA_964448115_1	tauB	3
GCA_964448115_1	tauD	2
GCA_964448115_1	tbuC	1
GCA_964448115_1	tpa	1
GCA_964448115_1	tsdA	1
GCA_964448115_1	ttrA	2
GCA_964448115_1	ttrB	2
GCA_964448115_1	tusB	1
GCA_964448115_1	xsc	1
GCA_964448115_1	yihQ	3
GCA_964448305_1	acuI	1
GCA_964448305_1	aprA	1
GCA_964448305_1	aprB	1
GCA_964448305_1	asrA	1
GCA_964448305_1	asrC	1
GCA_964448305_1	betA	4
GCA_964448305_1	betB	5
GCA_964448305_1	comB	1
GCA_964448305_1	cuyA	1
GCA_964448305_1	cysA	6
GCA_964448305_1	cysC	12
GCA_964448305_1	cysD	1
GCA_964448305_1	cysE	6
GCA_964448305_1	cysI	1
GCA_964448305_1	cysJ	4
GCA_964448305_1	cysK	11
GCA_964448305_1	cysM	4
GCA_964448305_1	cysN	5
GCA_964448305_1	cysN_cysC	5
GCA_964448305_1	cysQ	2
GCA_964448305_1	cysU	2
GCA_964448305_1	cysW	1
GCA_964448305_1	dmdA	1
GCA_964448305_1	dmsA	5
GCA_964448305_1	dmsB	1
GCA_964448305_1	dmsC	1
GCA_964448305_1	dsrA	1
GCA_964448305_1	dsrB	1
GCA_964448305_1	dsrE	1
GCA_964448305_1	dsrF	1
GCA_964448305_1	dsrH	1
GCA_964448305_1	dsrJ	1
GCA_964448305_1	dsrK	1
GCA_964448305_1	dsrL	1
GCA_964448305_1	dsrM	1
GCA_964448305_1	dsrN	2
GCA_964448305_1	dsrP	1
GCA_964448305_1	glpE	14
GCA_964448305_1	hdrE	1
GCA_964448305_1	hpsN	1
GCA_964448305_1	hpsP	2
GCA_964448305_1	isfD	1
GCA_964448305_1	mdh	11
GCA_964448305_1	metA	2
GCA_964448305_1	metB	1
GCA_964448305_1	metC	2
GCA_964448305_1	metZ	3
GCA_964448305_1	nrnA	2
GCA_964448305_1	phsB	1
GCA_964448305_1	prpE	2
GCA_964448305_1	pta	4
GCA_964448305_1	sat	5
GCA_964448305_1	shyC	1
GCA_964448305_1	sir	1
GCA_964448305_1	soeA	1
GCA_964448305_1	soxA	1
GCA_964448305_1	soxB	1
GCA_964448305_1	soxC	2
GCA_964448305_1	soxL	1
GCA_964448305_1	soxX	1
GCA_964448305_1	soxY	1
GCA_964448305_1	soxZ	1
GCA_964448305_1	sqdX	1
GCA_964448305_1	sqr	2
GCA_964448305_1	ssuA	1
GCA_964448305_1	ssuB	12
GCA_964448305_1	ssuC	2
GCA_964448305_1	ssuD	2
GCA_964448305_1	sudA	2
GCA_964448305_1	sudB	1
GCA_964448305_1	sulP	4
GCA_964448305_1	tauA	2
GCA_964448305_1	tauB	2
GCA_964448305_1	tauD	1
GCA_964448305_1	tbuC	1
GCA_964448305_1	tsdA	2
GCA_964448305_1	tsdB	3
GCA_964448305_1	ttrA	1
GCA_964448305_1	tusA	2
GCA_964448305_1	tusD	1
GCA_964448305_1	tusE	1
GCA_964448305_1	xsc	1
GCA_964450125_1	acuI	11
GCA_964450125_1	aprA	3
GCA_964450125_1	aprB	1
GCA_964450125_1	asrA	2
GCA_964450125_1	asrB	2
GCA_964450125_1	asrC	1
GCA_964450125_1	betA	13
GCA_964450125_1	betB	24
GCA_964450125_1	betC	20
GCA_964450125_1	comE	1
GCA_964450125_1	cuyA	1
GCA_964450125_1	cysA	11
GCA_964450125_1	cysC	24
GCA_964450125_1	cysD	6
GCA_964450125_1	cysE	15
GCA_964450125_1	cysH	4
GCA_964450125_1	cysI	4
GCA_964450125_1	cysJ	14
GCA_964450125_1	cysK	30
GCA_964450125_1	cysM	9
GCA_964450125_1	cysN	7
GCA_964450125_1	cysN_cysC	3
GCA_964450125_1	cysP	5
GCA_964450125_1	cysQ	4
GCA_964450125_1	cysU	8
GCA_964450125_1	cysW	3
GCA_964450125_1	cysZ	2
GCA_964450125_1	dddP	1
GCA_964450125_1	dddW	1
GCA_964450125_1	ddhA	1
GCA_964450125_1	dmdA	1
GCA_964450125_1	dmdB	14
GCA_964450125_1	dmdC	37
GCA_964450125_1	dmdD	9
GCA_964450125_1	dmsA	16
GCA_964450125_1	dmsB	6
GCA_964450125_1	dmsC	5
GCA_964450125_1	dsyB	1
GCA_964450125_1	fccB	1
GCA_964450125_1	gdh	1
GCA_964450125_1	glpE	15
GCA_964450125_1	hdrA1	1
GCA_964450125_1	hdrD	3
GCA_964450125_1	hpsK	1
GCA_964450125_1	hpsP	6
GCA_964450125_1	hydD	1
GCA_964450125_1	iseM	3
GCA_964450125_1	isfD	26
GCA_964450125_1	mddA	2
GCA_964450125_1	mdh	20
GCA_964450125_1	metA	2
GCA_964450125_1	metB	9
GCA_964450125_1	metC	13
GCA_964450125_1	metY	1
GCA_964450125_1	metZ	4
GCA_964450125_1	nrnA	5
GCA_964450125_1	prpE	5
GCA_964450125_1	pta	10
GCA_964450125_1	sat	6
GCA_964450125_1	sbp	2
GCA_964450125_1	sfnG	1
GCA_964450125_1	sgpB	3
GCA_964450125_1	sgpC	1
GCA_964450125_1	shyA	1
GCA_964450125_1	shyC	1
GCA_964450125_1	sir	3
GCA_964450125_1	slcC	3
GCA_964450125_1	soxB	2
GCA_964450125_1	soxC	1
GCA_964450125_1	soxX	4
GCA_964450125_1	soxY	2
GCA_964450125_1	sqdB	2
GCA_964450125_1	sqdX	30
GCA_964450125_1	ssuA	38
GCA_964450125_1	ssuB	17
GCA_964450125_1	ssuC	5
GCA_964450125_1	ssuD	19
GCA_964450125_1	ssuE	5
GCA_964450125_1	sudA	8
GCA_964450125_1	sudB	2
GCA_964450125_1	sulP	4
GCA_964450125_1	tauA	1
GCA_964450125_1	tauB	3
GCA_964450125_1	tauD	11
GCA_964450125_1	tauZ	1
GCA_964450125_1	tbuB	1
GCA_964450125_1	tmoC	1
GCA_964450125_1	tpa	2
GCA_964450125_1	tsdA	1
GCA_964450125_1	ttrA	3
GCA_964450125_1	ttrB	2
GCA_964450125_1	tusA	3
GCA_964450125_1	tusB	1
GCA_964450125_1	tusE	1
GCA_964450125_1	xsc	6
GCA_964450125_1	yihQ	6
GCA_964452105_1	aprA	2
GCA_964452105_1	asrA	1
GCA_964452105_1	asrB	1
GCA_964452105_1	asrC	3
GCA_964452105_1	betA	3
GCA_964452105_1	betB	4
GCA_964452105_1	cuyA	1
GCA_964452105_1	cysA	6
GCA_964452105_1	cysC	12
GCA_964452105_1	cysD	3
GCA_964452105_1	cysE	6
GCA_964452105_1	cysH	2
GCA_964452105_1	cysI	1
GCA_964452105_1	cysJ	16
GCA_964452105_1	cysK	10
GCA_964452105_1	cysM	5
GCA_964452105_1	cysN	4
GCA_964452105_1	cysN_cysC	3
GCA_964452105_1	cysP	5
GCA_964452105_1	cysQ	1
GCA_964452105_1	cysU	6
GCA_964452105_1	dddP	1
GCA_964452105_1	dmdA	1
GCA_964452105_1	dmdB	15
GCA_964452105_1	dmdC	40
GCA_964452105_1	dmdD	3
GCA_964452105_1	dmsA	15
GCA_964452105_1	dmsB	1
GCA_964452105_1	dmsC	2
GCA_964452105_1	dsrB	1
GCA_964452105_1	dsrF	1
GCA_964452105_1	dsrH	1
GCA_964452105_1	dsrN	2
GCA_964452105_1	dsrP	1
GCA_964452105_1	dsyB	4
GCA_964452105_1	fccB	1
GCA_964452105_1	gdh	4
GCA_964452105_1	glpE	17
GCA_964452105_1	hdrB1	1
GCA_964452105_1	hdrD	4
GCA_964452105_1	hdrE	1
GCA_964452105_1	hpsO	2
GCA_964452105_1	hpsP	4
GCA_964452105_1	isfD	2
GCA_964452105_1	mdh	16
GCA_964452105_1	metB	3
GCA_964452105_1	metC	3
GCA_964452105_1	metX	3
GCA_964452105_1	metY	2
GCA_964452105_1	metZ	5
GCA_964452105_1	mtsA	1
GCA_964452105_1	mtsB	2
GCA_964452105_1	nrnA	2
GCA_964452105_1	phsA	2
GCA_964452105_1	prpE	1
GCA_964452105_1	psrC	1
GCA_964452105_1	pta	9
GCA_964452105_1	sat	2
GCA_964452105_1	sbp	2
GCA_964452105_1	sgpB	1
GCA_964452105_1	sgpC	1
GCA_964452105_1	shyC	2
GCA_964452105_1	sir	1
GCA_964452105_1	slcC	6
GCA_964452105_1	soxC	2
GCA_964452105_1	soxX	2
GCA_964452105_1	soxY	1
GCA_964452105_1	sqdB	1
GCA_964452105_1	sqdX	15
GCA_964452105_1	sqr	1
GCA_964452105_1	sseA	3
GCA_964452105_1	ssuA	15
GCA_964452105_1	ssuB	6
GCA_964452105_1	ssuC	4
GCA_964452105_1	ssuD	2
GCA_964452105_1	ssuE	1
GCA_964452105_1	sudA	10
GCA_964452105_1	sudB	1
GCA_964452105_1	sulP	9
GCA_964452105_1	tauA	1
GCA_964452105_1	tauB	2
GCA_964452105_1	tauD	3
GCA_964452105_1	tauE	1
GCA_964452105_1	tauZ	1
GCA_964452105_1	tmoC	2
GCA_964452105_1	tmoF	1
GCA_964452105_1	tpa	6
GCA_964452105_1	tsdA	1
GCA_964452105_1	ttrA	4
GCA_964452105_1	ttrB	7
GCA_964452105_1	ttrC	2
GCA_964452105_1	tusA	1
GCA_964452105_1	tusB	1
GCA_964452105_1	tusD	1
GCA_964452105_1	xsc	7
GCA_964453435_1	acuI	1
GCA_964453435_1	aprA	4
GCA_964453435_1	aprB	1
GCA_964453435_1	asrA	1
GCA_964453435_1	asrB	2
GCA_964453435_1	asrC	4
GCA_964453435_1	betA	7
GCA_964453435_1	betB	6
GCA_964453435_1	betC	34
GCA_964453435_1	comB	5
GCA_964453435_1	comE	1
GCA_964453435_1	cuyA	3
GCA_964453435_1	cysA	4
GCA_964453435_1	cysC	24
GCA_964453435_1	cysD	4
GCA_964453435_1	cysE	11
GCA_964453435_1	cysH	2
GCA_964453435_1	cysI	2
GCA_964453435_1	cysJ	9
GCA_964453435_1	cysK	16
GCA_964453435_1	cysM	6
GCA_964453435_1	cysN	6
GCA_964453435_1	cysN_cysC	4
GCA_964453435_1	cysP	4
GCA_964453435_1	cysQ	2
GCA_964453435_1	cysU	8
GCA_964453435_1	dddP	5
GCA_964453435_1	ddhA	7
GCA_964453435_1	dmdB	16
GCA_964453435_1	dmdC	33
GCA_964453435_1	dmdD	6
GCA_964453435_1	dmsA	25
GCA_964453435_1	dmsB	4
GCA_964453435_1	dmsC	3
GCA_964453435_1	dsrA	3
GCA_964453435_1	dsrB	2
GCA_964453435_1	dsrC	1
GCA_964453435_1	dsrD	2
GCA_964453435_1	dsrJ	1
GCA_964453435_1	dsrK	4
GCA_964453435_1	dsrM	1
GCA_964453435_1	dsrN	1
GCA_964453435_1	dsrP	1
GCA_964453435_1	dsrT	1
GCA_964453435_1	dsyB	2
GCA_964453435_1	gdh	2
GCA_964453435_1	glpE	14
GCA_964453435_1	hdrA1	4
GCA_964453435_1	hdrA2	4
GCA_964453435_1	hdrB1	1
GCA_964453435_1	hdrB2	1
GCA_964453435_1	hdrC2	1
GCA_964453435_1	hdrD	9
GCA_964453435_1	hpsN	1
GCA_964453435_1	hpsP	14
GCA_964453435_1	isfD	2
GCA_964453435_1	mccB	1
GCA_964453435_1	mdh	13
GCA_964453435_1	metA	1
GCA_964453435_1	metB	1
GCA_964453435_1	metC	11
GCA_964453435_1	metX	3
GCA_964453435_1	metY	5
GCA_964453435_1	metZ	5
GCA_964453435_1	mtsA	1
GCA_964453435_1	mtsB	5
GCA_964453435_1	nrnA	2
GCA_964453435_1	phsA	4
GCA_964453435_1	prpE	1
GCA_964453435_1	pta	9
GCA_964453435_1	qmoA	1
GCA_964453435_1	qmoB	1
GCA_964453435_1	qmoC	1
GCA_964453435_1	sat	6
GCA_964453435_1	sbp	1
GCA_964453435_1	sgpB	5
GCA_964453435_1	sgpC	1
GCA_964453435_1	shyC	1
GCA_964453435_1	sir	1
GCA_964453435_1	slcC	1
GCA_964453435_1	soxX	1
GCA_964453435_1	sqdB	1
GCA_964453435_1	sqdX	13
GCA_964453435_1	sqr	1
GCA_964453435_1	ssuA	31
GCA_964453435_1	ssuB	10
GCA_964453435_1	ssuC	7
GCA_964453435_1	ssuD	6
GCA_964453435_1	ssuE	2
GCA_964453435_1	sudA	16
GCA_964453435_1	sudB	2
GCA_964453435_1	sulP	13
GCA_964453435_1	suyA	2
GCA_964453435_1	suyB	1
GCA_964453435_1	tauA	1
GCA_964453435_1	tauB	4
GCA_964453435_1	tauC	1
GCA_964453435_1	tauD	2
GCA_964453435_1	tauY	1
GCA_964453435_1	tauZ	1
GCA_964453435_1	toa	1
GCA_964453435_1	tpa	7
GCA_964453435_1	tsdA	1
GCA_964453435_1	ttrA	2
GCA_964453435_1	ttrB	4
GCA_964453435_1	tusA	6
GCA_964453435_1	tusB	1
GCA_964453435_1	tusD	2
GCA_964453435_1	tusE	2
GCA_964453435_1	xsc	9
GCA_964453935_1	asrB	1
GCA_964453935_1	asrC	2
GCA_964453935_1	betA	1
GCA_964453935_1	betB	2
GCA_964453935_1	comB	3
GCA_964453935_1	cuyA	1
GCA_964453935_1	cysA	1
GCA_964453935_1	cysC	10
GCA_964453935_1	cysE	5
GCA_964453935_1	cysJ	4
GCA_964453935_1	cysK	4
GCA_964453935_1	cysM	3
GCA_964453935_1	cysN	1
GCA_964453935_1	cysN_cysC	5
GCA_964453935_1	cysP	1
GCA_964453935_1	cysU	3
GCA_964453935_1	dddP	1
GCA_964453935_1	dmdA	1
GCA_964453935_1	dmdB	2
GCA_964453935_1	dmdC	1
GCA_964453935_1	dmsA	2
GCA_964453935_1	dmsB	1
GCA_964453935_1	dmsC	1
GCA_964453935_1	dsrA	1
GCA_964453935_1	glpE	6
GCA_964453935_1	hdrA1	2
GCA_964453935_1	hdrB2	1
GCA_964453935_1	hdrC2	1
GCA_964453935_1	hpsP	1
GCA_964453935_1	hydA	1
GCA_964453935_1	hydD	1
GCA_964453935_1	isfD	1
GCA_964453935_1	mdh	6
GCA_964453935_1	metA	1
GCA_964453935_1	metB	1
GCA_964453935_1	metC	2
GCA_964453935_1	metZ	1
GCA_964453935_1	nrnA	3
GCA_964453935_1	pta	5
GCA_964453935_1	sat	2
GCA_964453935_1	sbp	2
GCA_964453935_1	sgpB	1
GCA_964453935_1	shyB	1
GCA_964453935_1	slcC	1
GCA_964453935_1	soxB	2
GCA_964453935_1	sqdB	3
GCA_964453935_1	sqdX	3
GCA_964453935_1	ssuA	3
GCA_964453935_1	ssuB	5
GCA_964453935_1	ssuC	2
GCA_964453935_1	ssuD	1
GCA_964453935_1	sudA	4
GCA_964453935_1	sudB	1
GCA_964453935_1	sulP	4
GCA_964453935_1	tauA	1
GCA_964453935_1	tauB	5
GCA_964453935_1	tsdA	1
GCA_964453935_1	ttrA	1
GCA_964453935_1	tusB	1
GCA_964457585_1	aprA	1
GCA_964457585_1	aprB	1
GCA_964457585_1	asrA	3
GCA_964457585_1	asrC	1
GCA_964457585_1	betA	6
GCA_964457585_1	betB	1
GCA_964457585_1	cuyA	1
GCA_964457585_1	cysA	8
GCA_964457585_1	cysC	16
GCA_964457585_1	cysD	5
GCA_964457585_1	cysE	8
GCA_964457585_1	cysH	1
GCA_964457585_1	cysI	2
GCA_964457585_1	cysJ	1
GCA_964457585_1	cysK	9
GCA_964457585_1	cysM	4
GCA_964457585_1	cysN	4
GCA_964457585_1	cysN_cysC	6
GCA_964457585_1	cysQ	2
GCA_964457585_1	cysU	2
GCA_964457585_1	dddP	1
GCA_964457585_1	dmdB	1
GCA_964457585_1	dmdC	1
GCA_964457585_1	dmsA	6
GCA_964457585_1	dmsB	1
GCA_964457585_1	dmsC	2
GCA_964457585_1	dsrA	1
GCA_964457585_1	dsrB	1
GCA_964457585_1	dsrN	1
GCA_964457585_1	dsyB	1
GCA_964457585_1	gdh	1
GCA_964457585_1	glpE	8
GCA_964457585_1	hdrA1	1
GCA_964457585_1	hdrA2	2
GCA_964457585_1	hdrB1	2
GCA_964457585_1	hdrC1	1
GCA_964457585_1	hdrC2	1
GCA_964457585_1	hdrD	2
GCA_964457585_1	hpsP	1
GCA_964457585_1	hydD	1
GCA_964457585_1	mdh	12
GCA_964457585_1	metB	3
GCA_964457585_1	metC	2
GCA_964457585_1	metZ	6
GCA_964457585_1	nrnA	4
GCA_964457585_1	prpE	2
GCA_964457585_1	pta	7
GCA_964457585_1	qmoB	1
GCA_964457585_1	sat	7
GCA_964457585_1	sbp	2
GCA_964457585_1	shyA	1
GCA_964457585_1	shyC	1
GCA_964457585_1	slcC	3
GCA_964457585_1	soxA	1
GCA_964457585_1	soxB	1
GCA_964457585_1	soxX	1
GCA_964457585_1	sqdB	2
GCA_964457585_1	sqdX	6
GCA_964457585_1	ssuA	10
GCA_964457585_1	ssuB	3
GCA_964457585_1	ssuC	4
GCA_964457585_1	ssuD	1
GCA_964457585_1	ssuE	2
GCA_964457585_1	sudA	4
GCA_964457585_1	sudB	2
GCA_964457585_1	sulP	2
GCA_964457585_1	tauA	2
GCA_964457585_1	tauB	3
GCA_964457585_1	tpa	3
GCA_964457585_1	tsdA	1
GCA_964457585_1	tusB	1
GCA_964457585_1	tusD	2
GCA_964457585_1	tusE	1
GCA_964457585_1	xsc	1
GCA_964460695_1	aprA	3
GCA_964460695_1	asrC	4
GCA_964460695_1	betA	2
GCA_964460695_1	betB	2
GCA_964460695_1	betC	21
GCA_964460695_1	cysA	2
GCA_964460695_1	cysC	5
GCA_964460695_1	cysE	8
GCA_964460695_1	cysH	2
GCA_964460695_1	cysI	3
GCA_964460695_1	cysJ	2
GCA_964460695_1	cysK	10
GCA_964460695_1	cysM	1
GCA_964460695_1	cysN	1
GCA_964460695_1	cysP	2
GCA_964460695_1	cysQ	3
GCA_964460695_1	cysW	1
GCA_964460695_1	dddP	2
GCA_964460695_1	dmsC	1
GCA_964460695_1	dsyB	2
GCA_964460695_1	gdh	1
GCA_964460695_1	glpE	9
GCA_964460695_1	hdrA2	1
GCA_964460695_1	hpsP	7
GCA_964460695_1	mccB	1
GCA_964460695_1	mdh	7
GCA_964460695_1	metA	1
GCA_964460695_1	metB	4
GCA_964460695_1	metX	1
GCA_964460695_1	metZ	2
GCA_964460695_1	mtsB	2
GCA_964460695_1	nrnA	3
GCA_964460695_1	prpE	1
GCA_964460695_1	pta	6
GCA_964460695_1	sat	2
GCA_964460695_1	shyA	1
GCA_964460695_1	shyC	2
GCA_964460695_1	shyD	1
GCA_964460695_1	sqdX	10
GCA_964460695_1	ssuA	1
GCA_964460695_1	ssuB	8
GCA_964460695_1	ssuC	1
GCA_964460695_1	ssuD	2
GCA_964460695_1	sudA	2
GCA_964460695_1	sudB	1
GCA_964460695_1	tauC	2
GCA_964460695_1	tpa	1
GCA_964460695_1	ttrA	1
GCA_964460695_1	ttrB	1
GCA_964460695_1	xsc	3
GCA_964463175_1	acuI	7
GCA_964463175_1	aprA	3
GCA_964463175_1	asrC	1
GCA_964463175_1	betA	19
GCA_964463175_1	betB	12
GCA_964463175_1	betC	8
GCA_964463175_1	comA	1
GCA_964463175_1	comB	2
GCA_964463175_1	comC	1
GCA_964463175_1	comD	3
GCA_964463175_1	comE	3
GCA_964463175_1	cuyA	4
GCA_964463175_1	cysA	13
GCA_964463175_1	cysC	24
GCA_964463175_1	cysD	9
GCA_964463175_1	cysE	12
GCA_964463175_1	cysH	6
GCA_964463175_1	cysJ	7
GCA_964463175_1	cysK	27
GCA_964463175_1	cysM	6
GCA_964463175_1	cysN	4
GCA_964463175_1	cysN_cysC	8
GCA_964463175_1	cysP	30
GCA_964463175_1	cysQ	3
GCA_964463175_1	cysU	24
GCA_964463175_1	cysW	5
GCA_964463175_1	cysZ	2
GCA_964463175_1	dddP	3
GCA_964463175_1	dmdA	1
GCA_964463175_1	dmdB	11
GCA_964463175_1	dmdC	17
GCA_964463175_1	dmdD	7
GCA_964463175_1	dmsA	23
GCA_964463175_1	dmsB	1
GCA_964463175_1	dmsC	3
GCA_964463175_1	dsrA	1
GCA_964463175_1	dsrB	1
GCA_964463175_1	dsrN	1
GCA_964463175_1	dsyB	1
GCA_964463175_1	fccB	1
GCA_964463175_1	gdh	3
GCA_964463175_1	glpE	24
GCA_964463175_1	hdrA1	1
GCA_964463175_1	hdrD	5
GCA_964463175_1	hpsK	2
GCA_964463175_1	hpsM	1
GCA_964463175_1	hpsN	1
GCA_964463175_1	hpsO	1
GCA_964463175_1	hpsP	9
GCA_964463175_1	iseM	2
GCA_964463175_1	isfD	6
GCA_964463175_1	mccB	1
GCA_964463175_1	mddA	1
GCA_964463175_1	mdh	12
GCA_964463175_1	metA	2
GCA_964463175_1	metB	8
GCA_964463175_1	metC	20
GCA_964463175_1	metX	3
GCA_964463175_1	metY	1
GCA_964463175_1	metZ	8
GCA_964463175_1	msmA	3
GCA_964463175_1	mtsB	2
GCA_964463175_1	nrnA	5
GCA_964463175_1	phsA	1
GCA_964463175_1	prpE	3
GCA_964463175_1	pta	8
GCA_964463175_1	qmoB	1
GCA_964463175_1	sat	15
GCA_964463175_1	sbp	3
GCA_964463175_1	sfnG	3
GCA_964463175_1	sgpB	2
GCA_964463175_1	sir	5
GCA_964463175_1	slcC	15
GCA_964463175_1	slcD	4
GCA_964463175_1	soxB	3
GCA_964463175_1	soxC	2
GCA_964463175_1	soxX	4
GCA_964463175_1	soxY	2
GCA_964463175_1	soxZ	1
GCA_964463175_1	sqdB	2
GCA_964463175_1	sqdD	1
GCA_964463175_1	sqdX	38
GCA_964463175_1	sseA	1
GCA_964463175_1	ssuA	28
GCA_964463175_1	ssuB	23
GCA_964463175_1	ssuC	9
GCA_964463175_1	ssuD	33
GCA_964463175_1	ssuE	1
GCA_964463175_1	sudA	5
GCA_964463175_1	sulP	17
GCA_964463175_1	suyA	1
GCA_964463175_1	tauA	8
GCA_964463175_1	tauB	4
GCA_964463175_1	tauC	1
GCA_964463175_1	tauD	3
GCA_964463175_1	tauX	1
GCA_964463175_1	tauY	1
GCA_964463175_1	toa	1
GCA_964463175_1	tpa	17
GCA_964463175_1	tsdA	3
GCA_964463175_1	ttrA	7
GCA_964463175_1	ttrB	3
GCA_964463175_1	tusA	6
GCA_964463175_1	tusB	5
GCA_964463175_1	tusC	1
GCA_964463175_1	tusE	1
GCA_964463175_1	xsc	10
GCA_964469765_1	aprA	1
GCA_964469765_1	asrB	1
GCA_964469765_1	asrC	1
GCA_964469765_1	betA	2
GCA_964469765_1	betB	4
GCA_964469765_1	comB	1
GCA_964469765_1	cuyA	1
GCA_964469765_1	cysA	3
GCA_964469765_1	cysC	10
GCA_964469765_1	cysD	1
GCA_964469765_1	cysE	6
GCA_964469765_1	cysI	2
GCA_964469765_1	cysJ	4
GCA_964469765_1	cysK	10
GCA_964469765_1	cysM	2
GCA_964469765_1	cysN	5
GCA_964469765_1	cysN_cysC	4
GCA_964469765_1	cysP	1
GCA_964469765_1	cysU	5
GCA_964469765_1	cysZ	1
GCA_964469765_1	dddP	1
GCA_964469765_1	dmdC	2
GCA_964469765_1	dmsA	8
GCA_964469765_1	dmsB	2
GCA_964469765_1	dmsC	2
GCA_964469765_1	dsrA	1
GCA_964469765_1	dsyB	1
GCA_964469765_1	gdh	2
GCA_964469765_1	glpE	2
GCA_964469765_1	hdrD	1
GCA_964469765_1	hpsN	2
GCA_964469765_1	hpsP	1
GCA_964469765_1	hydB	1
GCA_964469765_1	mdh	13
GCA_964469765_1	metB	3
GCA_964469765_1	metC	4
GCA_964469765_1	metY	1
GCA_964469765_1	nrnA	3
GCA_964469765_1	prpE	1
GCA_964469765_1	pta	4
GCA_964469765_1	sat	5
GCA_964469765_1	shyC	1
GCA_964469765_1	sir	1
GCA_964469765_1	sqdB	2
GCA_964469765_1	sqdX	12
GCA_964469765_1	ssuA	1
GCA_964469765_1	ssuB	5
GCA_964469765_1	ssuC	1
GCA_964469765_1	sudA	3
GCA_964469765_1	sudB	1
GCA_964469765_1	sulP	7
GCA_964469765_1	tauA	1
GCA_964469765_1	tauB	2
GCA_964469765_1	tauD	1
GCA_964469765_1	tsdA	1
GCA_964469765_1	ttrA	1
GCA_964469765_1	tusA	2
GCA_964469765_1	tusD	1
GCA_964469765_1	xsc	1
GCA_964470215_1	acuI	1
GCA_964470215_1	aprA	6
GCA_964470215_1	asrA	2
GCA_964470215_1	asrB	2
GCA_964470215_1	betA	2
GCA_964470215_1	betB	5
GCA_964470215_1	betC	73
GCA_964470215_1	comD	1
GCA_964470215_1	cuyA	1
GCA_964470215_1	cysA	6
GCA_964470215_1	cysC	16
GCA_964470215_1	cysD	1
GCA_964470215_1	cysE	4
GCA_964470215_1	cysH	1
GCA_964470215_1	cysI	2
GCA_964470215_1	cysJ	3
GCA_964470215_1	cysK	12
GCA_964470215_1	cysM	6
GCA_964470215_1	cysN	2
GCA_964470215_1	cysN_cysC	6
GCA_964470215_1	cysP	2
GCA_964470215_1	cysQ	1
GCA_964470215_1	cysU	3
GCA_964470215_1	dddP	1
GCA_964470215_1	dmdB	1
GCA_964470215_1	dmdC	1
GCA_964470215_1	dmsA	13
GCA_964470215_1	dmsB	1
GCA_964470215_1	dmsC	1
GCA_964470215_1	dsrA	3
GCA_964470215_1	gdh	1
GCA_964470215_1	glpE	10
GCA_964470215_1	hdrA1	2
GCA_964470215_1	hdrA2	3
GCA_964470215_1	hdrB2	1
GCA_964470215_1	hdrD	1
GCA_964470215_1	hpsK	1
GCA_964470215_1	hpsN	1
GCA_964470215_1	hpsP	11
GCA_964470215_1	hydD	1
GCA_964470215_1	isfD	1
GCA_964470215_1	mdh	14
GCA_964470215_1	metA	1
GCA_964470215_1	metB	1
GCA_964470215_1	metC	4
GCA_964470215_1	metX	3
GCA_964470215_1	metY	2
GCA_964470215_1	metZ	7
GCA_964470215_1	mtsA	1
GCA_964470215_1	mtsB	1
GCA_964470215_1	nrnA	1
GCA_964470215_1	otr	1
GCA_964470215_1	prpE	1
GCA_964470215_1	pta	12
GCA_964470215_1	sat	3
GCA_964470215_1	sbp	2
GCA_964470215_1	shyA	2
GCA_964470215_1	shyC	1
GCA_964470215_1	shyD	1
GCA_964470215_1	slcC	5
GCA_964470215_1	soxB	1
GCA_964470215_1	soxX	2
GCA_964470215_1	soxZ	1
GCA_964470215_1	sqdX	16
GCA_964470215_1	ssuA	23
GCA_964470215_1	ssuB	11
GCA_964470215_1	ssuD	2
GCA_964470215_1	ssuE	1
GCA_964470215_1	sudA	7
GCA_964470215_1	sudB	1
GCA_964470215_1	sulP	5
GCA_964470215_1	tauA	2
GCA_964470215_1	tauB	4
GCA_964470215_1	tauD	1
GCA_964470215_1	tpa	2
GCA_964470215_1	tsdA	1
GCA_964470215_1	ttrA	2
GCA_964470215_1	ttrB	1
GCA_964470215_1	tusA	1
GCA_964470215_1	tusB	6
GCA_964470215_1	tusD	1
GCA_964470215_1	tusE	1
GCA_964470215_1	xsc	4
GCA_964471095_1	acuI	2
GCA_964471095_1	aprA	1
GCA_964471095_1	asrA	1
GCA_964471095_1	betA	2
GCA_964471095_1	betB	6
GCA_964471095_1	betC	1
GCA_964471095_1	comC	1
GCA_964471095_1	cuyA	1
GCA_964471095_1	cysA	6
GCA_964471095_1	cysC	6
GCA_964471095_1	cysD	1
GCA_964471095_1	cysE	3
GCA_964471095_1	cysH	3
GCA_964471095_1	cysI	1
GCA_964471095_1	cysJ	4
GCA_964471095_1	cysK	8
GCA_964471095_1	cysM	10
GCA_964471095_1	cysN	1
GCA_964471095_1	cysN_cysC	4
GCA_964471095_1	cysU	3
GCA_964471095_1	cysZ	1
GCA_964471095_1	ddhA	1
GCA_964471095_1	dmdA	1
GCA_964471095_1	dmdB	1
GCA_964471095_1	dmdC	4
GCA_964471095_1	dmsA	1
GCA_964471095_1	dmsC	2
GCA_964471095_1	gdh	2
GCA_964471095_1	glpE	4
GCA_964471095_1	hdrD	2
GCA_964471095_1	hpsN	1
GCA_964471095_1	hpsO	1
GCA_964471095_1	hpsP	1
GCA_964471095_1	mdh	7
GCA_964471095_1	metA	2
GCA_964471095_1	metC	8
GCA_964471095_1	metY	1
GCA_964471095_1	metZ	2
GCA_964471095_1	nrnA	1
GCA_964471095_1	pta	4
GCA_964471095_1	sat	3
GCA_964471095_1	sir	1
GCA_964471095_1	slcC	2
GCA_964471095_1	soxB	1
GCA_964471095_1	sqdX	1
GCA_964471095_1	ssuA	10
GCA_964471095_1	ssuB	4
GCA_964471095_1	ssuC	4
GCA_964471095_1	ssuD	4
GCA_964471095_1	sudA	4
GCA_964471095_1	sudB	1
GCA_964471095_1	sulP	1
GCA_964471095_1	tauB	3
GCA_964471095_1	tauY	1
GCA_964471095_1	tmoC	1
GCA_964471095_1	tpa	1
GCA_964471095_1	ttrA	2
GCA_964471095_1	ttrB	3
GCA_964471095_1	tusB	1
GCA_964471095_1	tusD	1
GCA_964471285_1	acuI	2
GCA_964471285_1	aprA	2
GCA_964471285_1	aprB	1
GCA_964471285_1	asrA	2
GCA_964471285_1	asrB	1
GCA_964471285_1	betA	5
GCA_964471285_1	betB	6
GCA_964471285_1	comB	1
GCA_964471285_1	cuyA	1
GCA_964471285_1	cysA	3
GCA_964471285_1	cysC	9
GCA_964471285_1	cysD	4
GCA_964471285_1	cysE	4
GCA_964471285_1	cysI	1
GCA_964471285_1	cysJ	5
GCA_964471285_1	cysK	9
GCA_964471285_1	cysM	4
GCA_964471285_1	cysN	2
GCA_964471285_1	cysN_cysC	6
GCA_964471285_1	cysQ	2
GCA_964471285_1	cysU	2
GCA_964471285_1	cysZ	1
GCA_964471285_1	dddP	1
GCA_964471285_1	dmdA	1
GCA_964471285_1	dmsA	4
GCA_964471285_1	dmsC	1
GCA_964471285_1	dsrA	2
GCA_964471285_1	dsrC	2
GCA_964471285_1	dsrF	1
GCA_964471285_1	dsrH	1
GCA_964471285_1	dsrJ	1
GCA_964471285_1	dsrK	1
GCA_964471285_1	dsrL	1
GCA_964471285_1	dsrM	2
GCA_964471285_1	dsrN	1
GCA_964471285_1	glpE	9
GCA_964471285_1	hpsL	1
GCA_964471285_1	hpsM	1
GCA_964471285_1	hpsN	1
GCA_964471285_1	iseM	1
GCA_964471285_1	isfD	2
GCA_964471285_1	mdh	8
GCA_964471285_1	metA	2
GCA_964471285_1	metB	1
GCA_964471285_1	metC	2
GCA_964471285_1	metY	1
GCA_964471285_1	metZ	2
GCA_964471285_1	nrnA	2
GCA_964471285_1	phsB	1
GCA_964471285_1	prpE	2
GCA_964471285_1	pta	3
GCA_964471285_1	sat	5
GCA_964471285_1	sgpC	1
GCA_964471285_1	sir	1
GCA_964471285_1	slcD	1
GCA_964471285_1	soeA	2
GCA_964471285_1	soxA	1
GCA_964471285_1	soxB	2
GCA_964471285_1	soxC	2
GCA_964471285_1	soxL	2
GCA_964471285_1	soxX	1
GCA_964471285_1	soxY	1
GCA_964471285_1	soxZ	1
GCA_964471285_1	sqr	2
GCA_964471285_1	sseA	1
GCA_964471285_1	ssuB	9
GCA_964471285_1	ssuC	2
GCA_964471285_1	sudA	5
GCA_964471285_1	sulP	2
GCA_964471285_1	tauA	2
GCA_964471285_1	tauB	2
GCA_964471285_1	tbuC	1
GCA_964471285_1	tsdA	3
GCA_964471285_1	tsdB	1
GCA_964471285_1	ttrA	1
GCA_964471285_1	ttrB	1
GCA_964471285_1	ttrC	1
GCA_964471285_1	tusA	2
GCA_964471285_1	tusB	1
GCA_964471285_1	tusD	1
GCA_964471285_1	tusE	2
GCA_964471285_1	xsc	1
GCA_964474885_1	asrC	1
GCA_964474885_1	betA	1
GCA_964474885_1	betB	3
GCA_964474885_1	betC	1
GCA_964474885_1	comC	1
GCA_964474885_1	cysA	2
GCA_964474885_1	cysC	6
GCA_964474885_1	cysE	1
GCA_964474885_1	cysI	1
GCA_964474885_1	cysJ	2
GCA_964474885_1	cysK	1
GCA_964474885_1	cysM	2
GCA_964474885_1	cysN	1
GCA_964474885_1	cysU	1
GCA_964474885_1	dddP	1
GCA_964474885_1	dmsB	1
GCA_964474885_1	dmsC	1
GCA_964474885_1	dsyB	1
GCA_964474885_1	glpE	2
GCA_964474885_1	hdrC2	1
GCA_964474885_1	hdrD	1
GCA_964474885_1	mdh	7
GCA_964474885_1	metB	2
GCA_964474885_1	metC	1
GCA_964474885_1	metX	3
GCA_964474885_1	metY	2
GCA_964474885_1	metZ	1
GCA_964474885_1	nrnA	2
GCA_964474885_1	pta	3
GCA_964474885_1	sat	3
GCA_964474885_1	sir	1
GCA_964474885_1	slcC	1
GCA_964474885_1	sqdB	1
GCA_964474885_1	sqdX	10
GCA_964474885_1	ssuB	1
GCA_964474885_1	ssuC	2
GCA_964474885_1	ssuD	1
GCA_964474885_1	sudA	3
GCA_964474885_1	sudB	1
GCA_964474885_1	sulP	1
GCA_964474885_1	tauB	1
GCA_964474885_1	tusD	1
GCA_964474885_1	xsc	1
GCA_964480165_1	cysA	1
GCA_964480165_1	cysC	1
GCA_964480165_1	cysE	2
GCA_964480165_1	cysK	1
GCA_964480165_1	dmdC	1
GCA_964480165_1	dmsC	1
GCA_964480165_1	dsyB	1
GCA_964480165_1	mddA	1
GCA_964480165_1	mdh	4
GCA_964480165_1	mtsB	1
GCA_964480165_1	pta	1
GCA_964480165_1	sat	2
GCA_964480165_1	sir	1
GCA_964480165_1	sqdX	2
GCA_964480165_1	ssuC	1
GCA_964480165_1	ttrB	1
GCA_964480475_1	acuI	1
GCA_964480475_1	asrB	3
GCA_964480475_1	asrC	2
GCA_964480475_1	betA	4
GCA_964480475_1	betB	2
GCA_964480475_1	betC	1
GCA_964480475_1	comB	1
GCA_964480475_1	cuyA	1
GCA_964480475_1	cysA	4
GCA_964480475_1	cysC	12
GCA_964480475_1	cysE	8
GCA_964480475_1	cysH	1
GCA_964480475_1	cysI	1
GCA_964480475_1	cysJ	4
GCA_964480475_1	cysK	10
GCA_964480475_1	cysM	5
GCA_964480475_1	cysN	2
GCA_964480475_1	cysN_cysC	5
GCA_964480475_1	cysP	1
GCA_964480475_1	cysQ	3
GCA_964480475_1	cysU	3
GCA_964480475_1	dddP	1
GCA_964480475_1	dmdB	1
GCA_964480475_1	dmdC	2
GCA_964480475_1	dmsA	6
GCA_964480475_1	dmsB	2
GCA_964480475_1	dmsC	1
GCA_964480475_1	dsrA	2
GCA_964480475_1	glpE	5
GCA_964480475_1	hdrA1	2
GCA_964480475_1	hdrD	1
GCA_964480475_1	hydB	1
GCA_964480475_1	mccB	1
GCA_964480475_1	mdh	14
GCA_964480475_1	metB	1
GCA_964480475_1	metC	2
GCA_964480475_1	metX	1
GCA_964480475_1	metZ	2
GCA_964480475_1	mtsB	1
GCA_964480475_1	nrnA	3
GCA_964480475_1	pta	6
GCA_964480475_1	sat	6
GCA_964480475_1	sgpC	1
GCA_964480475_1	sir	2
GCA_964480475_1	slcC	1
GCA_964480475_1	soxB	4
GCA_964480475_1	soxC	1
GCA_964480475_1	sqdX	18
GCA_964480475_1	ssuA	11
GCA_964480475_1	ssuB	4
GCA_964480475_1	ssuC	2
GCA_964480475_1	ssuD	4
GCA_964480475_1	ssuE	1
GCA_964480475_1	sudA	9
GCA_964480475_1	sudB	2
GCA_964480475_1	sulP	2
GCA_964480475_1	tauB	3
GCA_964480475_1	tauD	1
GCA_964480475_1	tpa	1
GCA_964480475_1	ttrA	1
GCA_964480475_1	tusA	1
GCA_964480475_1	tusB	1
GCA_964491175_1	asrA	1
GCA_964491175_1	asrC	1
GCA_964491175_1	betA	1
GCA_964491175_1	betB	1
GCA_964491175_1	cuyA	1
GCA_964491175_1	cysA	1
GCA_964491175_1	cysC	4
GCA_964491175_1	cysD	2
GCA_964491175_1	cysE	1
GCA_964491175_1	cysJ	4
GCA_964491175_1	cysK	3
GCA_964491175_1	cysM	1
GCA_964491175_1	cysN_cysC	3
GCA_964491175_1	cysP	1
GCA_964491175_1	cysQ	3
GCA_964491175_1	cysU	2
GCA_964491175_1	dmdB	1
GCA_964491175_1	dmdC	1
GCA_964491175_1	dmsA	2
GCA_964491175_1	dmsB	2
GCA_964491175_1	dmsC	1
GCA_964491175_1	gdh	2
GCA_964491175_1	hpsN	1
GCA_964491175_1	hpsP	1
GCA_964491175_1	iseM	1
GCA_964491175_1	mdh	7
GCA_964491175_1	metA	1
GCA_964491175_1	metB	3
GCA_964491175_1	metX	2
GCA_964491175_1	metY	1
GCA_964491175_1	metZ	1
GCA_964491175_1	mtsB	2
GCA_964491175_1	nrnA	4
GCA_964491175_1	pta	3
GCA_964491175_1	sat	2
GCA_964491175_1	shyC	2
GCA_964491175_1	sir	1
GCA_964491175_1	slcC	2
GCA_964491175_1	soxC	1
GCA_964491175_1	soxY	1
GCA_964491175_1	sqdX	2
GCA_964491175_1	sqr	1
GCA_964491175_1	ssuB	10
GCA_964491175_1	ssuC	1
GCA_964491175_1	ssuD	1
GCA_964491175_1	ssuE	1
GCA_964491175_1	sudA	2
GCA_964491175_1	sudB	2
GCA_964491175_1	sulP	1
GCA_964491175_1	tauA	1
GCA_964491175_1	tauB	2
GCA_964491175_1	tauD	2
GCA_964491175_1	tpa	4
GCA_964491175_1	ttrA	2
GCA_964491175_1	tusD	1
GCA_964491175_1	tusE	1
GCA_964491175_1	xsc	1
GCA_964493915_1	acuI	2
GCA_964493915_1	aprA	1
GCA_964493915_1	asrC	1
GCA_964493915_1	betA	1
GCA_964493915_1	betB	6
GCA_964493915_1	betC	65
GCA_964493915_1	comB	2
GCA_964493915_1	cuyA	1
GCA_964493915_1	cysA	1
GCA_964493915_1	cysC	12
GCA_964493915_1	cysD	4
GCA_964493915_1	cysE	10
GCA_964493915_1	cysI	4
GCA_964493915_1	cysJ	4
GCA_964493915_1	cysK	18
GCA_964493915_1	cysM	6
GCA_964493915_1	cysN	6
GCA_964493915_1	cysN_cysC	7
GCA_964493915_1	cysQ	4
GCA_964493915_1	cysU	14
GCA_964493915_1	cysW	1
GCA_964493915_1	dddP	2
GCA_964493915_1	dmdB	4
GCA_964493915_1	dmdC	2
GCA_964493915_1	dmsA	10
GCA_964493915_1	dmsB	1
GCA_964493915_1	dmsC	2
GCA_964493915_1	gdh	1
GCA_964493915_1	glpE	6
GCA_964493915_1	hpsP	5
GCA_964493915_1	hydD	1
GCA_964493915_1	isfD	5
GCA_964493915_1	mddA	1
GCA_964493915_1	mdh	13
GCA_964493915_1	metB	5
GCA_964493915_1	metC	10
GCA_964493915_1	metX	1
GCA_964493915_1	metY	1
GCA_964493915_1	metZ	5
GCA_964493915_1	msmA	1
GCA_964493915_1	mtsB	1
GCA_964493915_1	nrnA	4
GCA_964493915_1	prpE	1
GCA_964493915_1	pta	8
GCA_964493915_1	sat	9
GCA_964493915_1	sgpB	1
GCA_964493915_1	shyA	1
GCA_964493915_1	shyC	1
GCA_964493915_1	sir	1
GCA_964493915_1	slcC	5
GCA_964493915_1	soxC	1
GCA_964493915_1	soxX	1
GCA_964493915_1	sqdB	1
GCA_964493915_1	sqdX	19
GCA_964493915_1	ssuA	24
GCA_964493915_1	ssuB	10
GCA_964493915_1	ssuC	2
GCA_964493915_1	ssuD	6
GCA_964493915_1	sudA	9
GCA_964493915_1	sulP	4
GCA_964493915_1	tauA	2
GCA_964493915_1	tauB	6
GCA_964493915_1	tauC	1
GCA_964493915_1	tauD	2
GCA_964493915_1	tbuC	1
GCA_964493915_1	tpa	1
GCA_964493915_1	tsdA	1
GCA_964493915_1	tusA	1
GCA_964493915_1	tusB	5
GCA_964493915_1	tusD	3
GCA_964493915_1	xsc	1
GCA_964498805_1	acuI	3
GCA_964498805_1	asrA	1
GCA_964498805_1	betA	6
GCA_964498805_1	betB	6
GCA_964498805_1	betC	1
GCA_964498805_1	comB	1
GCA_964498805_1	comE	1
GCA_964498805_1	cuyA	1
GCA_964498805_1	cysA	6
GCA_964498805_1	cysC	28
GCA_964498805_1	cysD	7
GCA_964498805_1	cysE	12
GCA_964498805_1	cysH	5
GCA_964498805_1	cysI	3
GCA_964498805_1	cysJ	5
GCA_964498805_1	cysK	20
GCA_964498805_1	cysM	10
GCA_964498805_1	cysN	4
GCA_964498805_1	cysN_cysC	4
GCA_964498805_1	cysP	3
GCA_964498805_1	cysQ	9
GCA_964498805_1	cysU	13
GCA_964498805_1	cysW	1
GCA_964498805_1	cysZ	3
GCA_964498805_1	dddP	1
GCA_964498805_1	dmdA	1
GCA_964498805_1	dmdB	2
GCA_964498805_1	dmdC	4
GCA_964498805_1	dmdD	1
GCA_964498805_1	dmsA	9
GCA_964498805_1	dmsB	4
GCA_964498805_1	dmsC	2
GCA_964498805_1	dsrA	2
GCA_964498805_1	dsrC	1
GCA_964498805_1	dsrE	1
GCA_964498805_1	dsrF	1
GCA_964498805_1	dsrH	1
GCA_964498805_1	dsrK	1
GCA_964498805_1	dsrM	1
GCA_964498805_1	dsrO	1
GCA_964498805_1	dsrP	1
GCA_964498805_1	dsyB	2
GCA_964498805_1	fccA	4
GCA_964498805_1	fccB	4
GCA_964498805_1	glpE	20
GCA_964498805_1	hdrD	1
GCA_964498805_1	hpsN	1
GCA_964498805_1	hydD	1
GCA_964498805_1	iseM	1
GCA_964498805_1	isfD	2
GCA_964498805_1	mdh	14
GCA_964498805_1	metA	1
GCA_964498805_1	metB	6
GCA_964498805_1	metC	6
GCA_964498805_1	metY	2
GCA_964498805_1	metZ	8
GCA_964498805_1	nrnA	2
GCA_964498805_1	phsC	1
GCA_964498805_1	prpE	2
GCA_964498805_1	pta	17
GCA_964498805_1	sat	6
GCA_964498805_1	sbp	2
GCA_964498805_1	sgpB	1
GCA_964498805_1	sgpC	2
GCA_964498805_1	shyA	1
GCA_964498805_1	shyC	1
GCA_964498805_1	sir	1
GCA_964498805_1	soeA	1
GCA_964498805_1	soxA	2
GCA_964498805_1	soxB	1
GCA_964498805_1	soxC	1
GCA_964498805_1	soxD	3
GCA_964498805_1	soxX	2
GCA_964498805_1	soxY	6
GCA_964498805_1	soxZ	3
GCA_964498805_1	sqdB	1
GCA_964498805_1	sqdX	11
GCA_964498805_1	sqr	3
GCA_964498805_1	sseA	1
GCA_964498805_1	ssuA	11
GCA_964498805_1	ssuB	13
GCA_964498805_1	ssuC	6
GCA_964498805_1	ssuD	3
GCA_964498805_1	ssuE	1
GCA_964498805_1	sudA	6
GCA_964498805_1	sulP	6
GCA_964498805_1	tauA	3
GCA_964498805_1	tauB	6
GCA_964498805_1	tauD	3
GCA_964498805_1	tbuC	1
GCA_964498805_1	tmoC	1
GCA_964498805_1	touF	2
GCA_964498805_1	tpa	2
GCA_964498805_1	tsdA	2
GCA_964498805_1	tsdB	1
GCA_964498805_1	ttrA	3
GCA_964498805_1	ttrC	3
GCA_964498805_1	tusA	3
GCA_964498805_1	tusB	1
GCA_964498805_1	tusD	2
GCA_964498805_1	tusE	1
GCA_964498805_1	xsc	1
GCA_964506785_1	asrB	1
GCA_964506785_1	asrC	2
GCA_964506785_1	betA	2
GCA_964506785_1	betB	1
GCA_964506785_1	betC	2
GCA_964506785_1	cuyA	1
GCA_964506785_1	cysA	2
GCA_964506785_1	cysC	12
GCA_964506785_1	cysE	6
GCA_964506785_1	cysH	1
GCA_964506785_1	cysI	1
GCA_964506785_1	cysJ	5
GCA_964506785_1	cysK	9
GCA_964506785_1	cysM	3
GCA_964506785_1	cysN	1
GCA_964506785_1	cysN_cysC	4
GCA_964506785_1	cysP	1
GCA_964506785_1	cysQ	2
GCA_964506785_1	dddP	1
GCA_964506785_1	dmdA	1
GCA_964506785_1	dmdC	1
GCA_964506785_1	dmsA	1
GCA_964506785_1	dmsB	2
GCA_964506785_1	dmsC	1
GCA_964506785_1	fccB	1
GCA_964506785_1	gdh	4
GCA_964506785_1	glpE	5
GCA_964506785_1	hpsN	1
GCA_964506785_1	hpsP	1
GCA_964506785_1	hydB	1
GCA_964506785_1	mccB	1
GCA_964506785_1	mdh	6
GCA_964506785_1	metB	1
GCA_964506785_1	metC	2
GCA_964506785_1	metX	1
GCA_964506785_1	metZ	1
GCA_964506785_1	nrnA	2
GCA_964506785_1	pta	5
GCA_964506785_1	sat	3
GCA_964506785_1	shyC	2
GCA_964506785_1	slcC	1
GCA_964506785_1	soxA	1
GCA_964506785_1	soxZ	1
GCA_964506785_1	sqdB	2
GCA_964506785_1	sqdX	13
GCA_964506785_1	ssuA	2
GCA_964506785_1	ssuB	6
GCA_964506785_1	ssuC	1
GCA_964506785_1	ssuD	2
GCA_964506785_1	sudA	3
GCA_964506785_1	sudB	1
GCA_964506785_1	tauB	4
GCA_964506785_1	tauC	1
GCA_964506785_1	tauD	1
GCA_964506785_1	tpa	2
GCA_964506785_1	tsdA	1
GCA_964506785_1	ttrA	1
GCA_964506785_1	ttrB	2
GCA_964506785_1	tusB	1
GCA_964506785_1	xsc	1
GCA_964509425_1	acuI	3
GCA_964509425_1	aprA	1
GCA_964509425_1	asrB	1
GCA_964509425_1	betA	3
GCA_964509425_1	betB	6
GCA_964509425_1	betC	3
GCA_964509425_1	comE	1
GCA_964509425_1	cuyA	1
GCA_964509425_1	cysA	4
GCA_964509425_1	cysC	12
GCA_964509425_1	cysD	3
GCA_964509425_1	cysE	5
GCA_964509425_1	cysI	4
GCA_964509425_1	cysJ	4
GCA_964509425_1	cysK	11
GCA_964509425_1	cysM	6
GCA_964509425_1	cysN	4
GCA_964509425_1	cysN_cysC	4
GCA_964509425_1	cysQ	1
GCA_964509425_1	cysU	5
GCA_964509425_1	dmdA	1
GCA_964509425_1	dmdB	1
GCA_964509425_1	dmdC	4
GCA_964509425_1	dmdD	2
GCA_964509425_1	dmsA	6
GCA_964509425_1	dmsC	1
GCA_964509425_1	dsrA	1
GCA_964509425_1	dsrN	1
GCA_964509425_1	dsyB	4
GCA_964509425_1	fccB	1
GCA_964509425_1	fsr	1
GCA_964509425_1	gdh	2
GCA_964509425_1	glpE	5
GCA_964509425_1	hdrD	1
GCA_964509425_1	hpsO	1
GCA_964509425_1	hpsP	2
GCA_964509425_1	isfD	3
GCA_964509425_1	mdh	13
GCA_964509425_1	metB	1
GCA_964509425_1	metC	6
GCA_964509425_1	metZ	4
GCA_964509425_1	nrnA	4
GCA_964509425_1	phsA	3
GCA_964509425_1	prpE	2
GCA_964509425_1	pta	3
GCA_964509425_1	sat	3
GCA_964509425_1	sbp	1
GCA_964509425_1	sgpC	1
GCA_964509425_1	sir	1
GCA_964509425_1	slcC	4
GCA_964509425_1	soxB	1
GCA_964509425_1	soxX	1
GCA_964509425_1	sqdB	3
GCA_964509425_1	sqdX	13
GCA_964509425_1	sqr	1
GCA_964509425_1	sseA	1
GCA_964509425_1	ssuA	4
GCA_964509425_1	ssuB	9
GCA_964509425_1	ssuC	5
GCA_964509425_1	ssuD	4
GCA_964509425_1	ssuE	2
GCA_964509425_1	sudA	2
GCA_964509425_1	sulP	11
GCA_964509425_1	suyA	1
GCA_964509425_1	tauA	3
GCA_964509425_1	tauB	3
GCA_964509425_1	tauD	3
GCA_964509425_1	tpa	2
GCA_964509425_1	tsdB	1
GCA_964509425_1	ttrB	1
GCA_964509425_1	tusA	2
GCA_964509425_1	tusB	1
GCA_964509425_1	tusD	1
GCA_964510695_1	acuI	3
GCA_964510695_1	aprA	1
GCA_964510695_1	betA	5
GCA_964510695_1	betB	3
GCA_964510695_1	betC	6
GCA_964510695_1	comB	1
GCA_964510695_1	cuyA	1
GCA_964510695_1	cysA	4
GCA_964510695_1	cysC	16
GCA_964510695_1	cysD	2
GCA_964510695_1	cysE	5
GCA_964510695_1	cysI	2
GCA_964510695_1	cysJ	10
GCA_964510695_1	cysK	8
GCA_964510695_1	cysM	4
GCA_964510695_1	cysN	2
GCA_964510695_1	cysN_cysC	4
GCA_964510695_1	cysP	1
GCA_964510695_1	cysQ	1
GCA_964510695_1	cysU	5
GCA_964510695_1	cysW	1
GCA_964510695_1	dddP	1
GCA_964510695_1	dmdA	1
GCA_964510695_1	dmdB	8
GCA_964510695_1	dmdC	17
GCA_964510695_1	dmdD	4
GCA_964510695_1	dmsA	1
GCA_964510695_1	dmsC	2
GCA_964510695_1	dsrN	1
GCA_964510695_1	dsyB	2
GCA_964510695_1	gdh	1
GCA_964510695_1	glpE	11
GCA_964510695_1	hdrC2	1
GCA_964510695_1	hpsN	1
GCA_964510695_1	hpsP	1
GCA_964510695_1	isfD	4
GCA_964510695_1	mddA	1
GCA_964510695_1	mdh	5
GCA_964510695_1	metC	3
GCA_964510695_1	nrnA	2
GCA_964510695_1	prpE	2
GCA_964510695_1	pta	8
GCA_964510695_1	qmoA	1
GCA_964510695_1	sat	4
GCA_964510695_1	sfnG	1
GCA_964510695_1	sgpC	1
GCA_964510695_1	sir	3
GCA_964510695_1	slcC	3
GCA_964510695_1	slcD	1
GCA_964510695_1	soxB	2
GCA_964510695_1	soxC	1
GCA_964510695_1	soxX	1
GCA_964510695_1	soxY	1
GCA_964510695_1	sqdB	3
GCA_964510695_1	sqdX	13
GCA_964510695_1	sseA	1
GCA_964510695_1	ssuB	6
GCA_964510695_1	ssuC	4
GCA_964510695_1	ssuD	7
GCA_964510695_1	ssuE	1
GCA_964510695_1	sudA	3
GCA_964510695_1	tauA	1
GCA_964510695_1	tauB	1
GCA_964510695_1	tauC	1
GCA_964510695_1	tauZ	1
GCA_964510695_1	tpa	3
GCA_964510695_1	tsdA	2
GCA_964510695_1	ttrA	1
GCA_964510695_1	tusA	2
GCA_964510695_1	tusB	1
GCA_964510695_1	tusD	2
GCA_964510695_1	xsc	4
GCA_964513605_1	asrC	1
GCA_964513605_1	betA	3
GCA_964513605_1	betB	4
GCA_964513605_1	betC	1
GCA_964513605_1	comE	1
GCA_964513605_1	cysA	3
GCA_964513605_1	cysC	8
GCA_964513605_1	cysD	2
GCA_964513605_1	cysE	8
GCA_964513605_1	cysH	3
GCA_964513605_1	cysI	2
GCA_964513605_1	cysJ	1
GCA_964513605_1	cysK	16
GCA_964513605_1	cysM	5
GCA_964513605_1	cysN	7
GCA_964513605_1	cysN_cysC	4
GCA_964513605_1	cysU	7
GCA_964513605_1	dddP	1
GCA_964513605_1	dmdB	1
GCA_964513605_1	dmsA	1
GCA_964513605_1	dmsB	2
GCA_964513605_1	dmsC	1
GCA_964513605_1	dsrB	2
GCA_964513605_1	dsyB	1
GCA_964513605_1	gdh	1
GCA_964513605_1	glpE	6
GCA_964513605_1	hdrA2	2
GCA_964513605_1	hdrB2	1
GCA_964513605_1	hdrC2	1
GCA_964513605_1	hpsN	1
GCA_964513605_1	mccB	2
GCA_964513605_1	mdh	18
GCA_964513605_1	metA	2
GCA_964513605_1	metC	2
GCA_964513605_1	metY	2
GCA_964513605_1	metZ	3
GCA_964513605_1	nrnA	3
GCA_964513605_1	prpE	4
GCA_964513605_1	pta	8
GCA_964513605_1	sat	4
GCA_964513605_1	sbp	2
GCA_964513605_1	shyC	1
GCA_964513605_1	slcC	1
GCA_964513605_1	soxA	1
GCA_964513605_1	soxB	2
GCA_964513605_1	soxZ	1
GCA_964513605_1	sqdX	3
GCA_964513605_1	ssuB	7
GCA_964513605_1	ssuC	3
GCA_964513605_1	ssuD	1
GCA_964513605_1	ssuE	2
GCA_964513605_1	sudA	3
GCA_964513605_1	sudB	2
GCA_964513605_1	sulP	3
GCA_964513605_1	tauA	3
GCA_964513605_1	tauB	3
GCA_964513605_1	tauD	1
GCA_964513605_1	tbuC	1
GCA_964513605_1	tpa	1
GCA_964513605_1	tsdA	1
GCA_964513605_1	ttrB	1
GCA_964513605_1	tusB	1
GCA_964513605_1	tusD	1
GCA_964513605_1	xsc	1
GCA_964513745_1	aprA	2
GCA_964513745_1	asrB	1
GCA_964513745_1	asrC	2
GCA_964513745_1	betA	3
GCA_964513745_1	betB	4
GCA_964513745_1	betC	2
GCA_964513745_1	comB	3
GCA_964513745_1	comE	1
GCA_964513745_1	cuyA	1
GCA_964513745_1	cysA	9
GCA_964513745_1	cysC	15
GCA_964513745_1	cysD	2
GCA_964513745_1	cysE	4
GCA_964513745_1	cysH	3
GCA_964513745_1	cysI	2
GCA_964513745_1	cysJ	5
GCA_964513745_1	cysK	12
GCA_964513745_1	cysM	8
GCA_964513745_1	cysN	3
GCA_964513745_1	cysN_cysC	7
GCA_964513745_1	cysP	1
GCA_964513745_1	cysU	2
GCA_964513745_1	cysW	1
GCA_964513745_1	cysZ	1
GCA_964513745_1	dddP	2
GCA_964513745_1	dmdB	2
GCA_964513745_1	dmdC	1
GCA_964513745_1	dmsA	17
GCA_964513745_1	dmsB	2
GCA_964513745_1	dmsC	1
GCA_964513745_1	dsrA	2
GCA_964513745_1	dsrB	1
GCA_964513745_1	dsrK	1
GCA_964513745_1	dsrM	1
GCA_964513745_1	dsrN	1
GCA_964513745_1	dsrT	1
GCA_964513745_1	dsyB	1
GCA_964513745_1	gdh	2
GCA_964513745_1	glpE	14
GCA_964513745_1	hdrA1	1
GCA_964513745_1	hdrA2	3
GCA_964513745_1	hdrB2	1
GCA_964513745_1	hdrC2	1
GCA_964513745_1	hpsP	2
GCA_964513745_1	hydA	1
GCA_964513745_1	hydD	1
GCA_964513745_1	mddA	3
GCA_964513745_1	mdh	7
GCA_964513745_1	metB	2
GCA_964513745_1	metC	3
GCA_964513745_1	metX	2
GCA_964513745_1	metY	2
GCA_964513745_1	metZ	2
GCA_964513745_1	nrnA	4
GCA_964513745_1	prpE	4
GCA_964513745_1	pta	3
GCA_964513745_1	qmoA	1
GCA_964513745_1	qmoB	2
GCA_964513745_1	qmoC	1
GCA_964513745_1	sat	4
GCA_964513745_1	sbp	5
GCA_964513745_1	slcC	1
GCA_964513745_1	soxA	1
GCA_964513745_1	soxB	1
GCA_964513745_1	soxC	2
GCA_964513745_1	sqdB	3
GCA_964513745_1	sqdX	10
GCA_964513745_1	sqr	1
GCA_964513745_1	ssuA	20
GCA_964513745_1	ssuB	12
GCA_964513745_1	ssuC	3
GCA_964513745_1	ssuD	5
GCA_964513745_1	ssuE	1
GCA_964513745_1	sudA	8
GCA_964513745_1	sudB	3
GCA_964513745_1	sulP	11
GCA_964513745_1	tauB	2
GCA_964513745_1	tauD	4
GCA_964513745_1	tpa	1
GCA_964513745_1	tsdA	1
GCA_964513745_1	ttrA	1
GCA_964513745_1	ttrB	2
GCA_964513745_1	tusA	4
GCA_964513745_1	tusB	1
GCA_964513745_1	tusE	1
GCA_964513745_1	xsc	2
GCA_964519305_1	acuI	2
GCA_964519305_1	asrA	1
GCA_964519305_1	asrB	1
GCA_964519305_1	asrC	1
GCA_964519305_1	betA	1
GCA_964519305_1	betB	6
GCA_964519305_1	cysA	3
GCA_964519305_1	cysC	9
GCA_964519305_1	cysD	2
GCA_964519305_1	cysE	6
GCA_964519305_1	cysH	1
GCA_964519305_1	cysI	2
GCA_964519305_1	cysJ	4
GCA_964519305_1	cysK	4
GCA_964519305_1	cysM	2
GCA_964519305_1	cysN	3
GCA_964519305_1	cysU	1
GCA_964519305_1	cysW	1
GCA_964519305_1	dddP	1
GCA_964519305_1	dmdB	1
GCA_964519305_1	dmsA	2
GCA_964519305_1	dmsB	3
GCA_964519305_1	dsyB	1
GCA_964519305_1	gdh	3
GCA_964519305_1	glpE	5
GCA_964519305_1	hdrA1	1
GCA_964519305_1	hdrA2	5
GCA_964519305_1	hdrB2	1
GCA_964519305_1	hdrD	2
GCA_964519305_1	hpsP	2
GCA_964519305_1	hydA	1
GCA_964519305_1	hydD	1
GCA_964519305_1	mdh	14
GCA_964519305_1	metB	2
GCA_964519305_1	metY	1
GCA_964519305_1	metZ	1
GCA_964519305_1	nrnA	2
GCA_964519305_1	prpE	3
GCA_964519305_1	pta	3
GCA_964519305_1	sat	1
GCA_964519305_1	sbp	1
GCA_964519305_1	shyA	1
GCA_964519305_1	shyC	2
GCA_964519305_1	shyD	1
GCA_964519305_1	sir	1
GCA_964519305_1	slcC	1
GCA_964519305_1	soxB	1
GCA_964519305_1	soxC	1
GCA_964519305_1	sqdB	1
GCA_964519305_1	sqdX	8
GCA_964519305_1	ssuA	1
GCA_964519305_1	ssuB	5
GCA_964519305_1	ssuD	1
GCA_964519305_1	ssuE	1
GCA_964519305_1	sudA	6
GCA_964519305_1	sulP	4
GCA_964519305_1	tauC	1
GCA_964519305_1	tauD	1
GCA_964519305_1	tpa	1
GCA_964519305_1	ttrA	1
GCA_964519305_1	tusA	2
GCA_964519305_1	tusD	1
GCA_964519305_1	xsc	1
GCA_964519305_1	yihQ	2
GCA_964520315_1	acuI	2
GCA_964520315_1	aprA	1
GCA_964520315_1	asrA	1
GCA_964520315_1	asrB	1
GCA_964520315_1	asrC	1
GCA_964520315_1	betA	4
GCA_964520315_1	betB	10
GCA_964520315_1	betC	51
GCA_964520315_1	comB	2
GCA_964520315_1	cuyA	2
GCA_964520315_1	cysA	3
GCA_964520315_1	cysC	17
GCA_964520315_1	cysD	3
GCA_964520315_1	cysE	7
GCA_964520315_1	cysI	2
GCA_964520315_1	cysJ	6
GCA_964520315_1	cysK	15
GCA_964520315_1	cysM	6
GCA_964520315_1	cysN	2
GCA_964520315_1	cysN_cysC	4
GCA_964520315_1	cysP	3
GCA_964520315_1	cysQ	5
GCA_964520315_1	cysU	8
GCA_964520315_1	dddP	1
GCA_964520315_1	dmdA	2
GCA_964520315_1	dmdB	3
GCA_964520315_1	dmdC	8
GCA_964520315_1	dmdD	3
GCA_964520315_1	dmsA	12
GCA_964520315_1	dmsB	2
GCA_964520315_1	dmsC	2
GCA_964520315_1	dsrC	1
GCA_964520315_1	dsrJ	1
GCA_964520315_1	dsrK	3
GCA_964520315_1	dsrM	1
GCA_964520315_1	dsrP	2
GCA_964520315_1	gdh	5
GCA_964520315_1	glpE	8
GCA_964520315_1	hdrA1	1
GCA_964520315_1	hdrA2	2
GCA_964520315_1	hdrC2	1
GCA_964520315_1	hpsM	1
GCA_964520315_1	isfD	1
GCA_964520315_1	mdh	19
GCA_964520315_1	metB	2
GCA_964520315_1	metC	10
GCA_964520315_1	metX	1
GCA_964520315_1	metY	1
GCA_964520315_1	metZ	3
GCA_964520315_1	phsA	2
GCA_964520315_1	prpE	2
GCA_964520315_1	psrA	1
GCA_964520315_1	psrC	1
GCA_964520315_1	pta	8
GCA_964520315_1	qmoB	1
GCA_964520315_1	qmoC	1
GCA_964520315_1	sat	4
GCA_964520315_1	sbp	2
GCA_964520315_1	sgpB	1
GCA_964520315_1	sgpC	2
GCA_964520315_1	sir	3
GCA_964520315_1	slcC	3
GCA_964520315_1	soxA	1
GCA_964520315_1	soxB	1
GCA_964520315_1	soxX	3
GCA_964520315_1	soxY	1
GCA_964520315_1	sqdX	34
GCA_964520315_1	ssuA	30
GCA_964520315_1	ssuB	3
GCA_964520315_1	ssuC	6
GCA_964520315_1	ssuD	4
GCA_964520315_1	sudA	5
GCA_964520315_1	sulP	6
GCA_964520315_1	tauA	3
GCA_964520315_1	tauB	3
GCA_964520315_1	tauD	2
GCA_964520315_1	ttrA	2
GCA_964520315_1	ttrB	9
GCA_964520315_1	tusA	3
GCA_964520315_1	tusB	1
GCA_964520315_1	tusE	2
GCA_964520315_1	yihQ	1
GCA_964524645_1	acuI	3
GCA_964524645_1	aprA	2
GCA_964524645_1	asrB	2
GCA_964524645_1	asrC	1
GCA_964524645_1	betA	3
GCA_964524645_1	betB	7
GCA_964524645_1	betC	15
GCA_964524645_1	comB	4
GCA_964524645_1	comE	3
GCA_964524645_1	cuyA	1
GCA_964524645_1	cysA	3
GCA_964524645_1	cysC	22
GCA_964524645_1	cysD	3
GCA_964524645_1	cysE	10
GCA_964524645_1	cysI	2
GCA_964524645_1	cysJ	10
GCA_964524645_1	cysK	16
GCA_964524645_1	cysM	8
GCA_964524645_1	cysN	5
GCA_964524645_1	cysN_cysC	5
GCA_964524645_1	cysP	1
GCA_964524645_1	cysQ	2
GCA_964524645_1	cysU	9
GCA_964524645_1	cysW	4
GCA_964524645_1	cysZ	1
GCA_964524645_1	dddP	2
GCA_964524645_1	dmdB	3
GCA_964524645_1	dmdC	6
GCA_964524645_1	dmdD	1
GCA_964524645_1	dmsA	11
GCA_964524645_1	dmsB	3
GCA_964524645_1	dmsC	4
GCA_964524645_1	dsrA	3
GCA_964524645_1	dsrB	1
GCA_964524645_1	dsrC	1
GCA_964524645_1	dsrJ	1
GCA_964524645_1	dsrK	3
GCA_964524645_1	dsrM	2
GCA_964524645_1	dsrN	1
GCA_964524645_1	dsrP	1
GCA_964524645_1	dsrT	1
GCA_964524645_1	dsyB	2
GCA_964524645_1	gdh	1
GCA_964524645_1	glpE	12
GCA_964524645_1	hdrA1	4
GCA_964524645_1	hdrA2	4
GCA_964524645_1	hdrB1	1
GCA_964524645_1	hdrC2	2
GCA_964524645_1	hdrD	2
GCA_964524645_1	hpsO	1
GCA_964524645_1	hpsP	1
GCA_964524645_1	isfD	3
GCA_964524645_1	mccB	1
GCA_964524645_1	mdh	13
GCA_964524645_1	metB	4
GCA_964524645_1	metC	14
GCA_964524645_1	metY	1
GCA_964524645_1	metZ	3
GCA_964524645_1	mtsB	1
GCA_964524645_1	nrnA	4
GCA_964524645_1	otr	2
GCA_964524645_1	phsB	1
GCA_964524645_1	prpE	2
GCA_964524645_1	pta	10
GCA_964524645_1	qmoA	1
GCA_964524645_1	qmoB	1
GCA_964524645_1	qmoC	1
GCA_964524645_1	sat	1
GCA_964524645_1	sbp	1
GCA_964524645_1	sgpB	5
GCA_964524645_1	sgpC	1
GCA_964524645_1	shyC	1
GCA_964524645_1	sir	2
GCA_964524645_1	soeA	1
GCA_964524645_1	sorA	1
GCA_964524645_1	soxA	2
GCA_964524645_1	soxB	4
GCA_964524645_1	soxC	1
GCA_964524645_1	sqdB	1
GCA_964524645_1	sqdX	20
GCA_964524645_1	sseA	1
GCA_964524645_1	ssuA	27
GCA_964524645_1	ssuB	6
GCA_964524645_1	ssuC	3
GCA_964524645_1	ssuD	3
GCA_964524645_1	sudA	9
GCA_964524645_1	sudB	1
GCA_964524645_1	sulP	7
GCA_964524645_1	tauA	2
GCA_964524645_1	tauB	6
GCA_964524645_1	tauD	4
GCA_964524645_1	tauE	1
GCA_964524645_1	tauZ	1
GCA_964524645_1	tbuC	1
GCA_964524645_1	tsdA	1
GCA_964524645_1	ttrA	1
GCA_964524645_1	ttrB	3
GCA_964524645_1	tusA	3
GCA_964524645_1	tusB	1
GCA_964524645_1	tusD	1
GCA_964524645_1	xsc	1
GCA_964534765_1	asrA	2
GCA_964534765_1	asrB	2
GCA_964534765_1	betA	8
GCA_964534765_1	betB	8
GCA_964534765_1	betC	2
GCA_964534765_1	comB	3
GCA_964534765_1	cuyA	1
GCA_964534765_1	cysA	6
GCA_964534765_1	cysC	10
GCA_964534765_1	cysD	3
GCA_964534765_1	cysE	4
GCA_964534765_1	cysH	2
GCA_964534765_1	cysJ	1
GCA_964534765_1	cysK	11
GCA_964534765_1	cysM	3
GCA_964534765_1	cysN	5
GCA_964534765_1	cysN_cysC	5
GCA_964534765_1	cysQ	2
GCA_964534765_1	cysU	5
GCA_964534765_1	cysZ	1
GCA_964534765_1	dddP	1
GCA_964534765_1	dmdA	1
GCA_964534765_1	dmdB	1
GCA_964534765_1	dmdC	1
GCA_964534765_1	dmsA	5
GCA_964534765_1	dmsC	1
GCA_964534765_1	dsrN	1
GCA_964534765_1	dsyB	1
GCA_964534765_1	glpE	4
GCA_964534765_1	hpsO	1
GCA_964534765_1	hpsP	3
GCA_964534765_1	iseM	1
GCA_964534765_1	isfD	2
GCA_964534765_1	mdh	5
GCA_964534765_1	metA	1
GCA_964534765_1	metC	3
GCA_964534765_1	metX	2
GCA_964534765_1	metY	2
GCA_964534765_1	metZ	3
GCA_964534765_1	nrnA	2
GCA_964534765_1	prpE	1
GCA_964534765_1	pta	4
GCA_964534765_1	sat	4
GCA_964534765_1	sbp	2
GCA_964534765_1	shyC	1
GCA_964534765_1	sir	1
GCA_964534765_1	slcC	2
GCA_964534765_1	slcD	1
GCA_964534765_1	soxB	4
GCA_964534765_1	soxC	1
GCA_964534765_1	soxX	2
GCA_964534765_1	sqdB	1
GCA_964534765_1	sqdX	7
GCA_964534765_1	sseA	1
GCA_964534765_1	ssuA	11
GCA_964534765_1	ssuB	5
GCA_964534765_1	ssuC	2
GCA_964534765_1	ssuD	3
GCA_964534765_1	sudA	4
GCA_964534765_1	sulP	7
GCA_964534765_1	suyA	1
GCA_964534765_1	tauA	1
GCA_964534765_1	tauB	4
GCA_964534765_1	tmoC	1
GCA_964534765_1	toa	1
GCA_964534765_1	tpa	5
GCA_964534765_1	tsdA	1
GCA_964534765_1	ttrA	1
GCA_964534765_1	ttrB	1
GCA_964534765_1	tusA	2
GCA_964534765_1	tusB	2
GCA_964534765_1	tusD	1
GCA_964534765_1	xsc	3
GCA_964536375_1	acuI	3
GCA_964536375_1	aprA	2
GCA_964536375_1	asrA	1
GCA_964536375_1	asrB	2
GCA_964536375_1	asrC	2
GCA_964536375_1	betA	6
GCA_964536375_1	betB	4
GCA_964536375_1	comB	3
GCA_964536375_1	cuyA	1
GCA_964536375_1	cysA	2
GCA_964536375_1	cysC	18
GCA_964536375_1	cysD	2
GCA_964536375_1	cysE	5
GCA_964536375_1	cysH	1
GCA_964536375_1	cysI	2
GCA_964536375_1	cysJ	6
GCA_964536375_1	cysK	17
GCA_964536375_1	cysM	7
GCA_964536375_1	cysN	2
GCA_964536375_1	cysN_cysC	3
GCA_964536375_1	cysP	1
GCA_964536375_1	cysQ	3
GCA_964536375_1	cysU	4
GCA_964536375_1	cysW	3
GCA_964536375_1	cysZ	3
GCA_964536375_1	dddP	1
GCA_964536375_1	dmdB	3
GCA_964536375_1	dmsA	11
GCA_964536375_1	dmsB	2
GCA_964536375_1	dmsC	4
GCA_964536375_1	dsrA	1
GCA_964536375_1	dsrL	1
GCA_964536375_1	dsyB	2
GCA_964536375_1	gdh	2
GCA_964536375_1	glpE	8
GCA_964536375_1	hdrD	1
GCA_964536375_1	hpsM	1
GCA_964536375_1	hpsN	1
GCA_964536375_1	iseM	1
GCA_964536375_1	isfD	2
GCA_964536375_1	mdh	10
GCA_964536375_1	metC	8
GCA_964536375_1	metX	2
GCA_964536375_1	metY	1
GCA_964536375_1	metZ	2
GCA_964536375_1	nrnA	7
GCA_964536375_1	otr	2
GCA_964536375_1	phsA	1
GCA_964536375_1	phsC	1
GCA_964536375_1	prpE	2
GCA_964536375_1	pta	13
GCA_964536375_1	sat	3
GCA_964536375_1	sbp	2
GCA_964536375_1	sgpB	2
GCA_964536375_1	sgpC	1
GCA_964536375_1	shyC	1
GCA_964536375_1	sir	7
GCA_964536375_1	slcC	1
GCA_964536375_1	soxA	1
GCA_964536375_1	soxX	1
GCA_964536375_1	sqdB	1
GCA_964536375_1	sqdX	2
GCA_964536375_1	sseA	1
GCA_964536375_1	ssuA	20
GCA_964536375_1	ssuB	10
GCA_964536375_1	ssuC	5
GCA_964536375_1	ssuD	5
GCA_964536375_1	ssuE	1
GCA_964536375_1	sudA	3
GCA_964536375_1	sulP	10
GCA_964536375_1	tauA	2
GCA_964536375_1	tauB	4
GCA_964536375_1	tauD	4
GCA_964536375_1	tbuC	1
GCA_964536375_1	tmoC	1
GCA_964536375_1	tsdA	3
GCA_964536375_1	ttrA	2
GCA_964536375_1	ttrC	1
GCA_964536375_1	tusA	3
GCA_964536375_1	tusB	2
GCA_964536375_1	tusD	1
GCA_964536375_1	xsc	1
GCA_964547905_1	acuI	4
GCA_964547905_1	aprA	1
GCA_964547905_1	aprB	1
GCA_964547905_1	asrA	1
GCA_964547905_1	asrB	1
GCA_964547905_1	betA	6
GCA_964547905_1	betB	10
GCA_964547905_1	cuyA	1
GCA_964547905_1	cysA	4
GCA_964547905_1	cysC	12
GCA_964547905_1	cysD	1
GCA_964547905_1	cysE	7
GCA_964547905_1	cysH	2
GCA_964547905_1	cysI	2
GCA_964547905_1	cysJ	4
GCA_964547905_1	cysK	10
GCA_964547905_1	cysM	6
GCA_964547905_1	cysN	2
GCA_964547905_1	cysN_cysC	5
GCA_964547905_1	cysP	3
GCA_964547905_1	cysQ	2
GCA_964547905_1	cysU	5
GCA_964547905_1	cysZ	1
GCA_964547905_1	dddP	1
GCA_964547905_1	dmdA	1
GCA_964547905_1	dmdB	8
GCA_964547905_1	dmdC	17
GCA_964547905_1	dmdD	4
GCA_964547905_1	dmsA	6
GCA_964547905_1	dmsB	1
GCA_964547905_1	dmsC	1
GCA_964547905_1	dsrA	3
GCA_964547905_1	dsrB	3
GCA_964547905_1	dsrC	1
GCA_964547905_1	dsrJ	1
GCA_964547905_1	dsrK	2
GCA_964547905_1	dsrM	1
GCA_964547905_1	dsrN	1
GCA_964547905_1	dsyB	2
GCA_964547905_1	gdh	1
GCA_964547905_1	glpE	15
GCA_964547905_1	hdrA1	3
GCA_964547905_1	hdrD	3
GCA_964547905_1	hpsN	1
GCA_964547905_1	isfD	5
GCA_964547905_1	mddA	1
GCA_964547905_1	mdh	15
GCA_964547905_1	metA	1
GCA_964547905_1	metB	2
GCA_964547905_1	metC	8
GCA_964547905_1	metY	1
GCA_964547905_1	metZ	4
GCA_964547905_1	msmA	1
GCA_964547905_1	nrnA	2
GCA_964547905_1	otr	1
GCA_964547905_1	prpE	1
GCA_964547905_1	pta	4
GCA_964547905_1	qmoA	1
GCA_964547905_1	qmoB	2
GCA_964547905_1	qmoC	1
GCA_964547905_1	sat	2
GCA_964547905_1	sbp	1
GCA_964547905_1	sgpB	2
GCA_964547905_1	sir	3
GCA_964547905_1	slcC	1
GCA_964547905_1	soxB	1
GCA_964547905_1	sqdX	4
GCA_964547905_1	ssuA	10
GCA_964547905_1	ssuB	8
GCA_964547905_1	ssuC	3
GCA_964547905_1	ssuD	4
GCA_964547905_1	ssuE	1
GCA_964547905_1	sudA	6
GCA_964547905_1	sudB	2
GCA_964547905_1	sulP	3
GCA_964547905_1	tauA	1
GCA_964547905_1	tauB	4
GCA_964547905_1	tauC	1
GCA_964547905_1	tauD	1
GCA_964547905_1	tpa	2
GCA_964547905_1	tsdA	1
GCA_964547905_1	ttrA	1
GCA_964547905_1	ttrB	3
GCA_964547905_1	tusA	2
GCA_964547905_1	tusB	2
GCA_964547905_1	tusD	2
GCA_964547905_1	xsc	2
GCA_964547905_1	yihQ	1
GCA_964548165_1	acuI	2
GCA_964548165_1	asrA	1
GCA_964548165_1	asrB	2
GCA_964548165_1	betA	5
GCA_964548165_1	betB	4
GCA_964548165_1	betC	1
GCA_964548165_1	comB	2
GCA_964548165_1	cuyA	1
GCA_964548165_1	cysA	3
GCA_964548165_1	cysC	17
GCA_964548165_1	cysD	2
GCA_964548165_1	cysE	6
GCA_964548165_1	cysI	1
GCA_964548165_1	cysJ	4
GCA_964548165_1	cysK	14
GCA_964548165_1	cysM	4
GCA_964548165_1	cysN	5
GCA_964548165_1	cysN_cysC	4
GCA_964548165_1	cysQ	3
GCA_964548165_1	cysU	5
GCA_964548165_1	cysZ	1
GCA_964548165_1	dddP	2
GCA_964548165_1	dmdA	1
GCA_964548165_1	dmdB	1
GCA_964548165_1	dmdC	2
GCA_964548165_1	dmdD	2
GCA_964548165_1	dmsA	8
GCA_964548165_1	dmsB	2
GCA_964548165_1	dmsC	1
GCA_964548165_1	dsrA	1
GCA_964548165_1	gdh	2
GCA_964548165_1	glpE	11
GCA_964548165_1	hdrA2	1
GCA_964548165_1	hpsP	2
GCA_964548165_1	isfD	4
GCA_964548165_1	mdh	7
GCA_964548165_1	metB	4
GCA_964548165_1	metC	8
GCA_964548165_1	metZ	1
GCA_964548165_1	nrnA	3
GCA_964548165_1	phsB	1
GCA_964548165_1	prpE	2
GCA_964548165_1	pta	8
GCA_964548165_1	sat	3
GCA_964548165_1	sbp	1
GCA_964548165_1	sgpB	2
GCA_964548165_1	sir	2
GCA_964548165_1	slcC	1
GCA_964548165_1	soxB	3
GCA_964548165_1	soxX	2
GCA_964548165_1	sqdB	2
GCA_964548165_1	sqdX	14
GCA_964548165_1	sseA	1
GCA_964548165_1	ssuA	16
GCA_964548165_1	ssuB	13
GCA_964548165_1	ssuC	3
GCA_964548165_1	ssuD	8
GCA_964548165_1	sudA	1
GCA_964548165_1	sudB	1
GCA_964548165_1	sulP	13
GCA_964548165_1	tauA	2
GCA_964548165_1	tauB	4
GCA_964548165_1	tpa	4
GCA_964548165_1	tsdA	3
GCA_964548165_1	ttrA	2
GCA_964548165_1	tusA	1
GCA_964548165_1	tusB	1
GCA_964548165_1	tusC	1
GCA_964548165_1	tusD	1
GCA_964548165_1	xsc	1
GCA_964563675_1	acuI	6
GCA_964563675_1	aprA	1
GCA_964563675_1	betA	3
GCA_964563675_1	betB	2
GCA_964563675_1	cuyA	2
GCA_964563675_1	cysA	2
GCA_964563675_1	cysC	7
GCA_964563675_1	cysD	4
GCA_964563675_1	cysE	2
GCA_964563675_1	cysH	2
GCA_964563675_1	cysI	1
GCA_964563675_1	cysJ	4
GCA_964563675_1	cysK	11
GCA_964563675_1	cysM	2
GCA_964563675_1	cysN	2
GCA_964563675_1	cysN_cysC	5
GCA_964563675_1	cysP	1
GCA_964563675_1	cysU	1
GCA_964563675_1	dddP	1
GCA_964563675_1	dmdC	1
GCA_964563675_1	dmsA	3
GCA_964563675_1	dmsB	1
GCA_964563675_1	dmsC	1
GCA_964563675_1	dsrA	1
GCA_964563675_1	dsrD	1
GCA_964563675_1	fccB	1
GCA_964563675_1	gdh	1
GCA_964563675_1	glpE	6
GCA_964563675_1	hdrB2	1
GCA_964563675_1	hpsN	1
GCA_964563675_1	iseM	1
GCA_964563675_1	isfD	3
GCA_964563675_1	mdh	7
GCA_964563675_1	metB	1
GCA_964563675_1	metC	3
GCA_964563675_1	metY	3
GCA_964563675_1	metZ	1
GCA_964563675_1	nrnA	3
GCA_964563675_1	prpE	2
GCA_964563675_1	pta	5
GCA_964563675_1	sat	3
GCA_964563675_1	shyC	1
GCA_964563675_1	slcC	2
GCA_964563675_1	sorA	2
GCA_964563675_1	sorB	1
GCA_964563675_1	soxA	1
GCA_964563675_1	soxX	1
GCA_964563675_1	ssuA	2
GCA_964563675_1	ssuB	9
GCA_964563675_1	ssuC	1
GCA_964563675_1	ssuD	2
GCA_964563675_1	ssuE	1
GCA_964563675_1	sudA	1
GCA_964563675_1	sulP	1
GCA_964563675_1	tauB	3
GCA_964563675_1	tauC	1
GCA_964563675_1	tpa	1
GCA_964563675_1	tsdA	1
GCA_964563675_1	tsdB	1
GCA_964563675_1	ttrB	1
GCA_964563675_1	ttrC	1
GCA_964563675_1	tusA	1
GCA_964563675_1	xsc	1
GCA_964565925_1	acuI	4
GCA_964565925_1	aprA	2
GCA_964565925_1	aprB	1
GCA_964565925_1	asrA	1
GCA_964565925_1	asrB	1
GCA_964565925_1	betA	6
GCA_964565925_1	betB	13
GCA_964565925_1	comB	1
GCA_964565925_1	cuyA	2
GCA_964565925_1	cysA	6
GCA_964565925_1	cysC	20
GCA_964565925_1	cysD	6
GCA_964565925_1	cysE	4
GCA_964565925_1	cysH	3
GCA_964565925_1	cysI	2
GCA_964565925_1	cysJ	9
GCA_964565925_1	cysK	18
GCA_964565925_1	cysM	2
GCA_964565925_1	cysN	9
GCA_964565925_1	cysN_cysC	4
GCA_964565925_1	cysP	5
GCA_964565925_1	cysQ	1
GCA_964565925_1	cysU	6
GCA_964565925_1	cysW	2
GCA_964565925_1	cysZ	1
GCA_964565925_1	dddP	1
GCA_964565925_1	dmdA	1
GCA_964565925_1	dmdB	10
GCA_964565925_1	dmdC	26
GCA_964565925_1	dmdD	5
GCA_964565925_1	dmsA	12
GCA_964565925_1	dmsB	1
GCA_964565925_1	dmsC	1
GCA_964565925_1	dsrA	1
GCA_964565925_1	dsrB	1
GCA_964565925_1	dsrD	1
GCA_964565925_1	dsyB	2
GCA_964565925_1	gdh	2
GCA_964565925_1	glpE	12
GCA_964565925_1	hdrA2	1
GCA_964565925_1	hdrD	1
GCA_964565925_1	hpsN	1
GCA_964565925_1	hpsP	5
GCA_964565925_1	isfD	7
GCA_964565925_1	mdh	17
GCA_964565925_1	metC	14
GCA_964565925_1	metY	1
GCA_964565925_1	metZ	3
GCA_964565925_1	msmA	2
GCA_964565925_1	nrnA	3
GCA_964565925_1	phsA	2
GCA_964565925_1	prpE	4
GCA_964565925_1	pta	14
GCA_964565925_1	sat	3
GCA_964565925_1	sbp	4
GCA_964565925_1	sgpB	2
GCA_964565925_1	shyC	1
GCA_964565925_1	sir	3
GCA_964565925_1	slcC	1
GCA_964565925_1	sorA	1
GCA_964565925_1	soxB	5
GCA_964565925_1	soxC	1
GCA_964565925_1	soxX	1
GCA_964565925_1	sqdB	3
GCA_964565925_1	sqdX	9
GCA_964565925_1	sqr	2
GCA_964565925_1	sseA	1
GCA_964565925_1	ssuA	15
GCA_964565925_1	ssuB	10
GCA_964565925_1	ssuC	9
GCA_964565925_1	ssuD	8
GCA_964565925_1	sudA	7
GCA_964565925_1	sudB	1
GCA_964565925_1	sulP	9
GCA_964565925_1	tauA	2
GCA_964565925_1	tauB	6
GCA_964565925_1	tauC	1
GCA_964565925_1	tpa	1
GCA_964565925_1	tsdA	1
GCA_964565925_1	ttrA	1
GCA_964565925_1	ttrB	1
GCA_964565925_1	tusA	2
GCA_964565925_1	tusB	1
GCA_964565925_1	tusC	1
GCA_964565925_1	tusD	1
GCA_964565925_1	xsc	3
GCA_964565945_1	asrA	1
GCA_964565945_1	betA	4
GCA_964565945_1	betB	1
GCA_964565945_1	comE	1
GCA_964565945_1	cuyA	1
GCA_964565945_1	cysA	1
GCA_964565945_1	cysC	9
GCA_964565945_1	cysD	1
GCA_964565945_1	cysE	4
GCA_964565945_1	cysH	2
GCA_964565945_1	cysJ	3
GCA_964565945_1	cysK	6
GCA_964565945_1	cysM	3
GCA_964565945_1	cysN	2
GCA_964565945_1	cysN_cysC	4
GCA_964565945_1	cysP	1
GCA_964565945_1	cysQ	2
GCA_964565945_1	cysU	2
GCA_964565945_1	cysW	1
GCA_964565945_1	dddP	1
GCA_964565945_1	dmdA	1
GCA_964565945_1	dmdB	1
GCA_964565945_1	dmsA	3
GCA_964565945_1	dmsC	1
GCA_964565945_1	dsrA	1
GCA_964565945_1	glpE	3
GCA_964565945_1	hdrA2	1
GCA_964565945_1	hpsN	1
GCA_964565945_1	isfD	1
GCA_964565945_1	mdh	9
GCA_964565945_1	metC	5
GCA_964565945_1	metX	1
GCA_964565945_1	metY	1
GCA_964565945_1	metZ	1
GCA_964565945_1	nrnA	1
GCA_964565945_1	pta	2
GCA_964565945_1	sat	3
GCA_964565945_1	sir	2
GCA_964565945_1	slcC	1
GCA_964565945_1	sqdX	2
GCA_964565945_1	ssuB	2
GCA_964565945_1	ssuC	3
GCA_964565945_1	ssuD	1
GCA_964565945_1	sudA	1
GCA_964565945_1	sulP	3
GCA_964565945_1	tauA	1
GCA_964565945_1	tauB	2
GCA_964565945_1	tpa	1
GCA_964565945_1	tsdA	1
GCA_964565945_1	ttrA	2
GCA_964565945_1	tusA	1
GCA_964565945_1	tusD	1
GCA_964565945_1	xsc	1
GCA_964566495_1	aprA	1
GCA_964566495_1	betA	1
GCA_964566495_1	betB	2
GCA_964566495_1	cuyA	1
GCA_964566495_1	cysA	3
GCA_964566495_1	cysC	6
GCA_964566495_1	cysD	1
GCA_964566495_1	cysE	2
GCA_964566495_1	cysJ	1
GCA_964566495_1	cysK	11
GCA_964566495_1	cysM	1
GCA_964566495_1	cysN	1
GCA_964566495_1	cysN_cysC	5
GCA_964566495_1	cysP	1
GCA_964566495_1	cysQ	1
GCA_964566495_1	cysU	2
GCA_964566495_1	dddP	1
GCA_964566495_1	dmsA	2
GCA_964566495_1	dmsB	2
GCA_964566495_1	dmsC	2
GCA_964566495_1	gdh	1
GCA_964566495_1	glpE	6
GCA_964566495_1	hdrA2	1
GCA_964566495_1	hdrC2	1
GCA_964566495_1	hpsN	1
GCA_964566495_1	isfD	2
GCA_964566495_1	mdh	5
GCA_964566495_1	metB	1
GCA_964566495_1	metC	2
GCA_964566495_1	metX	1
GCA_964566495_1	metY	1
GCA_964566495_1	metZ	2
GCA_964566495_1	nrnA	3
GCA_964566495_1	pta	4
GCA_964566495_1	sat	6
GCA_964566495_1	sgpC	1
GCA_964566495_1	soxB	1
GCA_964566495_1	soxX	1
GCA_964566495_1	sqdB	1
GCA_964566495_1	sqdX	1
GCA_964566495_1	ssuA	4
GCA_964566495_1	ssuB	4
GCA_964566495_1	ssuC	1
GCA_964566495_1	ssuD	3
GCA_964566495_1	ssuE	1
GCA_964566495_1	sudA	3
GCA_964566495_1	sudB	1
GCA_964566495_1	sulP	1
GCA_964566495_1	tauA	2
GCA_964566495_1	tauB	2
GCA_964566495_1	tauD	1
GCA_964566495_1	tsdA	1
GCA_964566495_1	tusA	1
GCA_964567215_1	asrB	1
GCA_964567215_1	asrC	1
GCA_964567215_1	betA	6
GCA_964567215_1	betB	4
GCA_964567215_1	comB	1
GCA_964567215_1	comE	1
GCA_964567215_1	cuyA	1
GCA_964567215_1	cysA	9
GCA_964567215_1	cysC	10
GCA_964567215_1	cysD	1
GCA_964567215_1	cysE	6
GCA_964567215_1	cysH	1
GCA_964567215_1	cysI	3
GCA_964567215_1	cysJ	6
GCA_964567215_1	cysK	10
GCA_964567215_1	cysM	4
GCA_964567215_1	cysN	3
GCA_964567215_1	cysN_cysC	5
GCA_964567215_1	cysP	3
GCA_964567215_1	cysQ	2
GCA_964567215_1	cysU	6
GCA_964567215_1	cysW	3
GCA_964567215_1	dddP	1
GCA_964567215_1	dmdA	1
GCA_964567215_1	dmsA	2
GCA_964567215_1	dmsC	2
GCA_964567215_1	dsrA	1
GCA_964567215_1	gdh	2
GCA_964567215_1	glpE	7
GCA_964567215_1	hdrA1	2
GCA_964567215_1	hdrA2	1
GCA_964567215_1	hpsK	4
GCA_964567215_1	hpsL	2
GCA_964567215_1	hpsM	2
GCA_964567215_1	hpsN	1
GCA_964567215_1	hpsP	1
GCA_964567215_1	hydA	2
GCA_964567215_1	hydB	1
GCA_964567215_1	iseM	4
GCA_964567215_1	isfD	4
GCA_964567215_1	mdh	19
GCA_964567215_1	metB	4
GCA_964567215_1	metC	3
GCA_964567215_1	metX	1
GCA_964567215_1	metY	1
GCA_964567215_1	metZ	2
GCA_964567215_1	mtsB	1
GCA_964567215_1	nrnA	8
GCA_964567215_1	pta	11
GCA_964567215_1	sat	2
GCA_964567215_1	sgpC	1
GCA_964567215_1	shyD	1
GCA_964567215_1	slcC	6
GCA_964567215_1	soxA	2
GCA_964567215_1	soxB	1
GCA_964567215_1	soxC	1
GCA_964567215_1	sqdB	1
GCA_964567215_1	sqdX	4
GCA_964567215_1	ssuA	2
GCA_964567215_1	ssuB	8
GCA_964567215_1	ssuC	4
GCA_964567215_1	ssuD	2
GCA_964567215_1	sudA	4
GCA_964567215_1	sudB	3
GCA_964567215_1	sulP	4
GCA_964567215_1	suyB	1
GCA_964567215_1	tauA	3
GCA_964567215_1	tauB	2
GCA_964567215_1	tbuC	1
GCA_964567215_1	tpa	3
GCA_964567215_1	tsdA	1
GCA_964567215_1	ttrB	2
GCA_964567215_1	tusB	7
GCA_964567215_1	tusD	1
GCA_964567215_1	xsc	2
GCA_964567215_1	yihQ	1
GCA_964576115_1	acuI	3
GCA_964576115_1	asrC	1
GCA_964576115_1	betA	4
GCA_964576115_1	betB	6
GCA_964576115_1	betC	9
GCA_964576115_1	comB	2
GCA_964576115_1	comE	1
GCA_964576115_1	cuyA	2
GCA_964576115_1	cysA	5
GCA_964576115_1	cysC	12
GCA_964576115_1	cysD	2
GCA_964576115_1	cysE	3
GCA_964576115_1	cysI	1
GCA_964576115_1	cysJ	8
GCA_964576115_1	cysK	9
GCA_964576115_1	cysM	7
GCA_964576115_1	cysN	1
GCA_964576115_1	cysN_cysC	5
GCA_964576115_1	cysP	4
GCA_964576115_1	cysQ	2
GCA_964576115_1	cysU	6
GCA_964576115_1	cysW	1
GCA_964576115_1	dddP	2
GCA_964576115_1	dmdA	1
GCA_964576115_1	dmdB	1
GCA_964576115_1	dmdC	4
GCA_964576115_1	dmdD	1
GCA_964576115_1	dmsA	6
GCA_964576115_1	dmsB	1
GCA_964576115_1	dmsC	2
GCA_964576115_1	dsrA	1
GCA_964576115_1	dsrB	1
GCA_964576115_1	gdh	1
GCA_964576115_1	glpE	7
GCA_964576115_1	hdrA1	7
GCA_964576115_1	hdrA2	5
GCA_964576115_1	hdrB2	2
GCA_964576115_1	hdrC1	1
GCA_964576115_1	hdrD	2
GCA_964576115_1	hpsN	1
GCA_964576115_1	hpsP	2
GCA_964576115_1	hydD	1
GCA_964576115_1	isfD	1
GCA_964576115_1	mccB	1
GCA_964576115_1	mddA	2
GCA_964576115_1	mdh	15
GCA_964576115_1	metB	1
GCA_964576115_1	metC	3
GCA_964576115_1	metY	1
GCA_964576115_1	metZ	3
GCA_964576115_1	mtsB	2
GCA_964576115_1	nrnA	3
GCA_964576115_1	prpE	1
GCA_964576115_1	pta	4
GCA_964576115_1	qmoC	1
GCA_964576115_1	sat	3
GCA_964576115_1	shyA	1
GCA_964576115_1	sir	1
GCA_964576115_1	slcC	1
GCA_964576115_1	soxX	1
GCA_964576115_1	soxY	1
GCA_964576115_1	sqdX	6
GCA_964576115_1	ssuA	15
GCA_964576115_1	ssuB	7
GCA_964576115_1	ssuC	5
GCA_964576115_1	ssuD	2
GCA_964576115_1	ssuE	1
GCA_964576115_1	sudA	6
GCA_964576115_1	sulP	4
GCA_964576115_1	tauA	3
GCA_964576115_1	tauB	3
GCA_964576115_1	tauD	1
GCA_964576115_1	tpa	2
GCA_964576115_1	ttrA	2
GCA_964576115_1	ttrC	2
GCA_964576115_1	tusA	2
GCA_964576115_1	tusB	2
GCA_964576115_1	tusC	1
GCA_964576115_1	tusD	1
GCA_964576115_1	tusE	2
GCA_964582955_1	acuI	1
GCA_964582955_1	aprA	1
GCA_964582955_1	betA	2
GCA_964582955_1	betB	7
GCA_964582955_1	betC	5
GCA_964582955_1	comE	1
GCA_964582955_1	cuyA	1
GCA_964582955_1	cysA	4
GCA_964582955_1	cysC	10
GCA_964582955_1	cysD	1
GCA_964582955_1	cysE	4
GCA_964582955_1	cysI	1
GCA_964582955_1	cysJ	3
GCA_964582955_1	cysK	8
GCA_964582955_1	cysM	4
GCA_964582955_1	cysN_cysC	3
GCA_964582955_1	cysQ	2
GCA_964582955_1	cysU	7
GCA_964582955_1	dddP	1
GCA_964582955_1	dmdA	2
GCA_964582955_1	dmdC	3
GCA_964582955_1	dmdD	3
GCA_964582955_1	dmsA	2
GCA_964582955_1	dmsC	1
GCA_964582955_1	dsrA	2
GCA_964582955_1	fccB	1
GCA_964582955_1	gdh	4
GCA_964582955_1	glpE	4
GCA_964582955_1	hpsP	1
GCA_964582955_1	isfD	4
GCA_964582955_1	mccB	1
GCA_964582955_1	mdh	8
GCA_964582955_1	metB	1
GCA_964582955_1	metC	1
GCA_964582955_1	metY	1
GCA_964582955_1	metZ	1
GCA_964582955_1	nrnA	1
GCA_964582955_1	prpE	3
GCA_964582955_1	pta	1
GCA_964582955_1	sat	2
GCA_964582955_1	sgpC	1
GCA_964582955_1	sir	3
GCA_964582955_1	slcC	2
GCA_964582955_1	sorB	1
GCA_964582955_1	soxY	1
GCA_964582955_1	sqdB	1
GCA_964582955_1	ssuA	2
GCA_964582955_1	ssuB	5
GCA_964582955_1	ssuD	1
GCA_964582955_1	sulP	2
GCA_964582955_1	tauA	1
GCA_964582955_1	tauB	3
GCA_964582955_1	tauD	1
GCA_964582955_1	tmoC	1
GCA_964582955_1	tpa	2
GCA_964582955_1	ttrB	1
GCA_964582955_1	tusA	1
GCA_964582955_1	tusB	1
GCA_964586775_1	acuI	2
GCA_964586775_1	aprA	2
GCA_964586775_1	asrA	1
GCA_964586775_1	asrB	1
GCA_964586775_1	betA	9
GCA_964586775_1	betB	8
GCA_964586775_1	betC	14
GCA_964586775_1	comB	4
GCA_964586775_1	cuyA	1
GCA_964586775_1	cysA	10
GCA_964586775_1	cysC	21
GCA_964586775_1	cysD	5
GCA_964586775_1	cysE	8
GCA_964586775_1	cysH	2
GCA_964586775_1	cysI	2
GCA_964586775_1	cysJ	6
GCA_964586775_1	cysK	16
GCA_964586775_1	cysM	6
GCA_964586775_1	cysN	5
GCA_964586775_1	cysN_cysC	6
GCA_964586775_1	cysP	1
GCA_964586775_1	cysQ	1
GCA_964586775_1	cysU	9
GCA_964586775_1	cysW	1
GCA_964586775_1	cysZ	1
GCA_964586775_1	dddP	3
GCA_964586775_1	ddhA	2
GCA_964586775_1	dmdB	4
GCA_964586775_1	dmdC	14
GCA_964586775_1	dmdD	3
GCA_964586775_1	dmsA	15
GCA_964586775_1	dmsB	1
GCA_964586775_1	dmsC	1
GCA_964586775_1	gdh	5
GCA_964586775_1	glpE	10
GCA_964586775_1	hdrA1	2
GCA_964586775_1	hdrA2	1
GCA_964586775_1	hdrD	3
GCA_964586775_1	hpsN	3
GCA_964586775_1	hpsP	6
GCA_964586775_1	hydA	1
GCA_964586775_1	hydB	1
GCA_964586775_1	iseM	1
GCA_964586775_1	isfD	5
GCA_964586775_1	mccB	1
GCA_964586775_1	mdh	9
GCA_964586775_1	metB	2
GCA_964586775_1	metC	6
GCA_964586775_1	metX	1
GCA_964586775_1	metY	3
GCA_964586775_1	metZ	1
GCA_964586775_1	nrnA	5
GCA_964586775_1	phsA	2
GCA_964586775_1	prpE	2
GCA_964586775_1	pta	5
GCA_964586775_1	sat	4
GCA_964586775_1	sbp	7
GCA_964586775_1	sgpB	2
GCA_964586775_1	shyD	1
GCA_964586775_1	sir	2
GCA_964586775_1	slcC	1
GCA_964586775_1	soxA	1
GCA_964586775_1	soxB	2
GCA_964586775_1	soxC	1
GCA_964586775_1	soxX	3
GCA_964586775_1	soxY	1
GCA_964586775_1	sqdB	1
GCA_964586775_1	sqdX	22
GCA_964586775_1	sqr	2
GCA_964586775_1	ssuA	19
GCA_964586775_1	ssuB	10
GCA_964586775_1	ssuC	3
GCA_964586775_1	ssuD	4
GCA_964586775_1	sudA	9
GCA_964586775_1	sulP	5
GCA_964586775_1	tauA	3
GCA_964586775_1	tauB	4
GCA_964586775_1	tauD	3
GCA_964586775_1	tauY	1
GCA_964586775_1	tpa	3
GCA_964586775_1	tsdA	3
GCA_964586775_1	ttrA	2
GCA_964586775_1	ttrB	2
GCA_964586775_1	tusA	1
GCA_964586775_1	tusB	1
GCA_964586775_1	tusD	2
GCA_964586775_1	xsc	2
GCA_964586775_1	yihQ	3
GCA_964593115_1	asrA	1
GCA_964593115_1	betA	2
GCA_964593115_1	betB	5
GCA_964593115_1	comB	1
GCA_964593115_1	comE	2
GCA_964593115_1	cysA	5
GCA_964593115_1	cysC	12
GCA_964593115_1	cysD	3
GCA_964593115_1	cysE	4
GCA_964593115_1	cysH	1
GCA_964593115_1	cysI	1
GCA_964593115_1	cysJ	6
GCA_964593115_1	cysK	7
GCA_964593115_1	cysM	3
GCA_964593115_1	cysN_cysC	6
GCA_964593115_1	cysU	4
GCA_964593115_1	dddP	1
GCA_964593115_1	dmdB	2
GCA_964593115_1	dmdC	2
GCA_964593115_1	dmdD	2
GCA_964593115_1	dmsA	5
GCA_964593115_1	dmsC	2
GCA_964593115_1	dsrA	1
GCA_964593115_1	dsrB	1
GCA_964593115_1	dsrN	1
GCA_964593115_1	gdh	1
GCA_964593115_1	glpE	4
GCA_964593115_1	hdrA1	1
GCA_964593115_1	hdrA2	2
GCA_964593115_1	hdrB2	1
GCA_964593115_1	hdrC2	1
GCA_964593115_1	hdrD	3
GCA_964593115_1	hpsN	1
GCA_964593115_1	mdh	8
GCA_964593115_1	metB	1
GCA_964593115_1	metC	2
GCA_964593115_1	metX	1
GCA_964593115_1	metZ	4
GCA_964593115_1	nrnA	3
GCA_964593115_1	phsA	1
GCA_964593115_1	phsC	1
GCA_964593115_1	prpE	2
GCA_964593115_1	pta	1
GCA_964593115_1	sat	2
GCA_964593115_1	sgpB	1
GCA_964593115_1	sir	1
GCA_964593115_1	slcC	1
GCA_964593115_1	soxX	1
GCA_964593115_1	sqdX	5
GCA_964593115_1	ssuA	3
GCA_964593115_1	ssuB	4
GCA_964593115_1	ssuC	3
GCA_964593115_1	ssuD	2
GCA_964593115_1	ssuE	1
GCA_964593115_1	sudA	4
GCA_964593115_1	sudB	1
GCA_964593115_1	sulP	3
GCA_964593115_1	tauB	3
GCA_964593115_1	tauD	4
GCA_964593115_1	toa	1
GCA_964593115_1	tpa	2
GCA_964593115_1	tusA	1
GCA_964593115_1	tusB	1
GCA_964593115_1	tusD	1
GCA_964593115_1	xsc	1
GCA_964593895_1	asrA	2
GCA_964593895_1	asrC	1
GCA_964593895_1	betA	5
GCA_964593895_1	betB	8
GCA_964593895_1	betC	1
GCA_964593895_1	comB	3
GCA_964593895_1	cuyA	1
GCA_964593895_1	cysA	5
GCA_964593895_1	cysC	14
GCA_964593895_1	cysD	5
GCA_964593895_1	cysE	3
GCA_964593895_1	cysH	1
GCA_964593895_1	cysI	1
GCA_964593895_1	cysJ	6
GCA_964593895_1	cysK	8
GCA_964593895_1	cysM	6
GCA_964593895_1	cysN	3
GCA_964593895_1	cysN_cysC	4
GCA_964593895_1	cysP	1
GCA_964593895_1	cysQ	2
GCA_964593895_1	cysU	5
GCA_964593895_1	dddP	1
GCA_964593895_1	dmdC	11
GCA_964593895_1	dmdD	4
GCA_964593895_1	dmsA	8
GCA_964593895_1	dmsB	3
GCA_964593895_1	dmsC	3
GCA_964593895_1	dsrA	4
GCA_964593895_1	dsrN	2
GCA_964593895_1	dsrP	2
GCA_964593895_1	dsyB	1
GCA_964593895_1	gdh	2
GCA_964593895_1	glpE	13
GCA_964593895_1	hdrA1	2
GCA_964593895_1	hdrA2	5
GCA_964593895_1	hdrD	6
GCA_964593895_1	hpsK	1
GCA_964593895_1	hpsL	1
GCA_964593895_1	hpsM	4
GCA_964593895_1	hpsN	1
GCA_964593895_1	iseM	5
GCA_964593895_1	mdh	16
GCA_964593895_1	metB	3
GCA_964593895_1	metC	11
GCA_964593895_1	metX	1
GCA_964593895_1	metZ	2
GCA_964593895_1	nrnA	3
GCA_964593895_1	otr	1
GCA_964593895_1	phsA	2
GCA_964593895_1	prpE	8
GCA_964593895_1	psrA	1
GCA_964593895_1	psrB	1
GCA_964593895_1	psrC	1
GCA_964593895_1	pta	5
GCA_964593895_1	sat	3
GCA_964593895_1	sgpC	1
GCA_964593895_1	slcC	2
GCA_964593895_1	soxX	1
GCA_964593895_1	soxZ	1
GCA_964593895_1	sqdX	3
GCA_964593895_1	sseA	2
GCA_964593895_1	ssuA	6
GCA_964593895_1	ssuB	7
GCA_964593895_1	ssuC	3
GCA_964593895_1	ssuD	2
GCA_964593895_1	sudA	13
GCA_964593895_1	sudB	2
GCA_964593895_1	sulP	9
GCA_964593895_1	tauA	2
GCA_964593895_1	tauB	3
GCA_964593895_1	tauD	3
GCA_964593895_1	tpa	2
GCA_964593895_1	tsdA	1
GCA_964593895_1	ttrB	5
GCA_964593895_1	ttrC	1
GCA_964593895_1	tusA	3
GCA_964593895_1	tusB	1
GCA_964593895_1	xsc	1
GCA_964597845_1	acuI	3
GCA_964597845_1	asrA	2
GCA_964597845_1	asrB	1
GCA_964597845_1	asrC	1
GCA_964597845_1	betA	5
GCA_964597845_1	betB	5
GCA_964597845_1	comB	1
GCA_964597845_1	comE	1
GCA_964597845_1	cuyA	1
GCA_964597845_1	cysA	7
GCA_964597845_1	cysC	17
GCA_964597845_1	cysD	2
GCA_964597845_1	cysE	7
GCA_964597845_1	cysI	5
GCA_964597845_1	cysJ	9
GCA_964597845_1	cysK	18
GCA_964597845_1	cysM	6
GCA_964597845_1	cysN	3
GCA_964597845_1	cysN_cysC	4
GCA_964597845_1	cysQ	1
GCA_964597845_1	cysU	3
GCA_964597845_1	cysW	1
GCA_964597845_1	dddP	1
GCA_964597845_1	dmdA	1
GCA_964597845_1	dmdC	4
GCA_964597845_1	dmsA	5
GCA_964597845_1	dmsB	1
GCA_964597845_1	dmsC	1
GCA_964597845_1	gdh	3
GCA_964597845_1	glpE	4
GCA_964597845_1	hdrA1	2
GCA_964597845_1	hdrA2	6
GCA_964597845_1	hdrB2	2
GCA_964597845_1	hdrC1	1
GCA_964597845_1	hdrC2	2
GCA_964597845_1	hdrD	2
GCA_964597845_1	hpsP	1
GCA_964597845_1	hydB	1
GCA_964597845_1	hydD	1
GCA_964597845_1	isfD	1
GCA_964597845_1	mdh	11
GCA_964597845_1	metC	1
GCA_964597845_1	metZ	5
GCA_964597845_1	mtsB	2
GCA_964597845_1	nrnA	2
GCA_964597845_1	prpE	3
GCA_964597845_1	pta	11
GCA_964597845_1	sat	3
GCA_964597845_1	shyC	2
GCA_964597845_1	sir	1
GCA_964597845_1	slcC	1
GCA_964597845_1	soxB	1
GCA_964597845_1	soxX	2
GCA_964597845_1	sqdX	9
GCA_964597845_1	ssuA	15
GCA_964597845_1	ssuB	7
GCA_964597845_1	ssuC	5
GCA_964597845_1	ssuD	1
GCA_964597845_1	sudA	5
GCA_964597845_1	sudB	3
GCA_964597845_1	sulP	5
GCA_964597845_1	tauA	1
GCA_964597845_1	tauB	3
GCA_964597845_1	tauD	1
GCA_964597845_1	tsdA	1
GCA_964597845_1	ttrB	2
GCA_964597845_1	tusA	1
GCA_964597845_1	tusB	1
GCA_964597845_1	tusD	1
GCA_964600515_1	aprA	1
GCA_964600515_1	betA	1
GCA_964600515_1	betB	8
GCA_964600515_1	cuyA	1
GCA_964600515_1	cysA	2
GCA_964600515_1	cysC	13
GCA_964600515_1	cysE	1
GCA_964600515_1	cysI	2
GCA_964600515_1	cysJ	3
GCA_964600515_1	cysK	4
GCA_964600515_1	cysM	5
GCA_964600515_1	cysN_cysC	4
GCA_964600515_1	cysQ	1
GCA_964600515_1	cysU	6
GCA_964600515_1	dmdA	1
GCA_964600515_1	dmdB	1
GCA_964600515_1	dmdC	1
GCA_964600515_1	dmdD	1
GCA_964600515_1	dmsC	1
GCA_964600515_1	dsrP	1
GCA_964600515_1	dsyB	1
GCA_964600515_1	gdh	1
GCA_964600515_1	glpE	6
GCA_964600515_1	mdh	7
GCA_964600515_1	metA	1
GCA_964600515_1	metB	2
GCA_964600515_1	metC	2
GCA_964600515_1	metX	1
GCA_964600515_1	metZ	3
GCA_964600515_1	nrnA	1
GCA_964600515_1	prpE	2
GCA_964600515_1	pta	3
GCA_964600515_1	sat	1
GCA_964600515_1	sir	2
GCA_964600515_1	slcC	2
GCA_964600515_1	soxA	1
GCA_964600515_1	sqdX	2
GCA_964600515_1	sqr	1
GCA_964600515_1	ssuA	6
GCA_964600515_1	ssuB	1
GCA_964600515_1	ssuD	1
GCA_964600515_1	ssuE	2
GCA_964600515_1	sudA	2
GCA_964600515_1	sulP	4
GCA_964600515_1	tauA	2
GCA_964600515_1	tauB	3
GCA_964600515_1	tauD	2
GCA_964600515_1	tpa	2
GCA_964600515_1	ttrB	3
GCA_964600955_1	acuI	2
GCA_964600955_1	asrC	1
GCA_964600955_1	betA	7
GCA_964600955_1	betB	10
GCA_964600955_1	comB	1
GCA_964600955_1	comE	1
GCA_964600955_1	cuyA	1
GCA_964600955_1	cysA	6
GCA_964600955_1	cysC	15
GCA_964600955_1	cysD	4
GCA_964600955_1	cysE	7
GCA_964600955_1	cysI	1
GCA_964600955_1	cysJ	6
GCA_964600955_1	cysK	10
GCA_964600955_1	cysM	6
GCA_964600955_1	cysN	1
GCA_964600955_1	cysN_cysC	4
GCA_964600955_1	cysP	2
GCA_964600955_1	cysQ	1
GCA_964600955_1	cysU	3
GCA_964600955_1	cysZ	1
GCA_964600955_1	dmdA	1
GCA_964600955_1	dmdB	6
GCA_964600955_1	dmdC	5
GCA_964600955_1	dmdD	2
GCA_964600955_1	dmsA	7
GCA_964600955_1	dmsB	1
GCA_964600955_1	dmsC	2
GCA_964600955_1	dsrA	2
GCA_964600955_1	dsrM	1
GCA_964600955_1	dsrP	1
GCA_964600955_1	fccA	1
GCA_964600955_1	gdh	5
GCA_964600955_1	glpE	8
GCA_964600955_1	hdrA1	1
GCA_964600955_1	hdrB1	1
GCA_964600955_1	hdrC2	1
GCA_964600955_1	hdrD	1
GCA_964600955_1	hydD	1
GCA_964600955_1	isfD	2
GCA_964600955_1	mddA	1
GCA_964600955_1	mdh	14
GCA_964600955_1	metA	1
GCA_964600955_1	metB	4
GCA_964600955_1	metC	2
GCA_964600955_1	metX	1
GCA_964600955_1	metZ	2
GCA_964600955_1	nrnA	3
GCA_964600955_1	prpE	3
GCA_964600955_1	pta	8
GCA_964600955_1	sat	4
GCA_964600955_1	sbp	1
GCA_964600955_1	shyA	1
GCA_964600955_1	sir	2
GCA_964600955_1	slcC	3
GCA_964600955_1	soxA	3
GCA_964600955_1	soxX	2
GCA_964600955_1	sqdB	6
GCA_964600955_1	sqdX	8
GCA_964600955_1	sseA	1
GCA_964600955_1	ssuA	10
GCA_964600955_1	ssuB	6
GCA_964600955_1	ssuC	1
GCA_964600955_1	ssuD	4
GCA_964600955_1	ssuE	1
GCA_964600955_1	sudA	2
GCA_964600955_1	sulP	5
GCA_964600955_1	tauA	2
GCA_964600955_1	tauB	2
GCA_964600955_1	tauD	4
GCA_964600955_1	tbuC	1
GCA_964600955_1	tpa	4
GCA_964600955_1	tsdA	1
GCA_964600955_1	ttrA	1
GCA_964600955_1	ttrB	3
GCA_964600955_1	tusA	2
GCA_964609495_1	acuI	3
GCA_964609495_1	aprA	3
GCA_964609495_1	asrA	1
GCA_964609495_1	asrB	1
GCA_964609495_1	asrC	1
GCA_964609495_1	betA	6
GCA_964609495_1	betB	2
GCA_964609495_1	betC	6
GCA_964609495_1	comB	2
GCA_964609495_1	cuyA	1
GCA_964609495_1	cysA	5
GCA_964609495_1	cysC	18
GCA_964609495_1	cysD	2
GCA_964609495_1	cysE	14
GCA_964609495_1	cysI	4
GCA_964609495_1	cysJ	5
GCA_964609495_1	cysK	15
GCA_964609495_1	cysM	6
GCA_964609495_1	cysN	5
GCA_964609495_1	cysN_cysC	4
GCA_964609495_1	cysP	16
GCA_964609495_1	cysQ	2
GCA_964609495_1	cysU	27
GCA_964609495_1	cysW	2
GCA_964609495_1	dddP	1
GCA_964609495_1	dmdB	1
GCA_964609495_1	dmsA	13
GCA_964609495_1	dmsB	2
GCA_964609495_1	dmsC	2
GCA_964609495_1	dsrA	1
GCA_964609495_1	gdh	2
GCA_964609495_1	glpE	8
GCA_964609495_1	hdrA1	1
GCA_964609495_1	hdrA2	3
GCA_964609495_1	hdrB2	1
GCA_964609495_1	hdrC2	1
GCA_964609495_1	hdrD	1
GCA_964609495_1	hpsP	16
GCA_964609495_1	isfD	1
GCA_964609495_1	mdh	14
GCA_964609495_1	metA	1
GCA_964609495_1	metB	5
GCA_964609495_1	metC	6
GCA_964609495_1	metY	2
GCA_964609495_1	metZ	3
GCA_964609495_1	mtsA	3
GCA_964609495_1	mtsB	1
GCA_964609495_1	nrnA	6
GCA_964609495_1	pta	6
GCA_964609495_1	sat	3
GCA_964609495_1	sgpC	1
GCA_964609495_1	shyA	1
GCA_964609495_1	shyC	3
GCA_964609495_1	shyD	1
GCA_964609495_1	sir	1
GCA_964609495_1	slcC	6
GCA_964609495_1	soxA	1
GCA_964609495_1	soxB	2
GCA_964609495_1	soxZ	1
GCA_964609495_1	sqdB	1
GCA_964609495_1	sqdX	7
GCA_964609495_1	ssuA	11
GCA_964609495_1	ssuB	20
GCA_964609495_1	ssuC	5
GCA_964609495_1	ssuD	2
GCA_964609495_1	ssuE	2
GCA_964609495_1	sudA	7
GCA_964609495_1	sudB	1
GCA_964609495_1	sulP	7
GCA_964609495_1	suyA	1
GCA_964609495_1	tauA	1
GCA_964609495_1	tauB	3
GCA_964609495_1	tauD	4
GCA_964609495_1	tpa	1
GCA_964609495_1	tsdA	1
GCA_964609495_1	ttrA	1
GCA_964609495_1	ttrB	2
GCA_964609495_1	ttrC	1
GCA_964609495_1	tusD	1
GCA_964609495_1	xsc	2
GCA_964609495_1	yihQ	1
GCA_964610505_1	acuI	1
GCA_964610505_1	asrA	1
GCA_964610505_1	asrB	2
GCA_964610505_1	asrC	2
GCA_964610505_1	betA	2
GCA_964610505_1	betB	7
GCA_964610505_1	betC	21
GCA_964610505_1	comB	1
GCA_964610505_1	comE	1
GCA_964610505_1	cuyA	1
GCA_964610505_1	cysA	4
GCA_964610505_1	cysC	18
GCA_964610505_1	cysD	4
GCA_964610505_1	cysE	8
GCA_964610505_1	cysI	2
GCA_964610505_1	cysJ	8
GCA_964610505_1	cysK	12
GCA_964610505_1	cysM	7
GCA_964610505_1	cysN	5
GCA_964610505_1	cysN_cysC	6
GCA_964610505_1	cysQ	2
GCA_964610505_1	cysU	7
GCA_964610505_1	cysW	1
GCA_964610505_1	dddP	3
GCA_964610505_1	dmdA	1
GCA_964610505_1	dmdC	4
GCA_964610505_1	dmdD	1
GCA_964610505_1	dmsA	13
GCA_964610505_1	dmsB	3
GCA_964610505_1	dmsC	2
GCA_964610505_1	dsrB	2
GCA_964610505_1	dsyB	1
GCA_964610505_1	gdh	2
GCA_964610505_1	glpE	5
GCA_964610505_1	hdrA1	5
GCA_964610505_1	hdrA2	8
GCA_964610505_1	hdrB1	1
GCA_964610505_1	hdrB2	2
GCA_964610505_1	hdrC2	2
GCA_964610505_1	hdrD	5
GCA_964610505_1	hpsP	2
GCA_964610505_1	hydD	2
GCA_964610505_1	mdh	12
GCA_964610505_1	metA	1
GCA_964610505_1	metC	7
GCA_964610505_1	metX	2
GCA_964610505_1	metY	2
GCA_964610505_1	metZ	2
GCA_964610505_1	mtsA	1
GCA_964610505_1	mtsB	1
GCA_964610505_1	nrnA	1
GCA_964610505_1	otr	3
GCA_964610505_1	prpE	1
GCA_964610505_1	psrC	1
GCA_964610505_1	pta	3
GCA_964610505_1	rdlA	1
GCA_964610505_1	sat	4
GCA_964610505_1	sbp	1
GCA_964610505_1	sgpB	3
GCA_964610505_1	sgpC	3
GCA_964610505_1	shyA	2
GCA_964610505_1	shyB	1
GCA_964610505_1	shyC	3
GCA_964610505_1	slcC	1
GCA_964610505_1	soeA	1
GCA_964610505_1	soxB	3
GCA_964610505_1	soxX	1
GCA_964610505_1	soxZ	1
GCA_964610505_1	sqdB	1
GCA_964610505_1	sqdX	16
GCA_964610505_1	ssuA	17
GCA_964610505_1	ssuB	4
GCA_964610505_1	ssuC	3
GCA_964610505_1	ssuD	3
GCA_964610505_1	ssuE	3
GCA_964610505_1	sudA	11
GCA_964610505_1	sulP	7
GCA_964610505_1	tauA	2
GCA_964610505_1	tauB	3
GCA_964610505_1	tauD	7
GCA_964610505_1	tpa	2
GCA_964610505_1	ttrB	4
GCA_964610505_1	tusA	2
GCA_964610505_1	tusB	2
GCA_964610505_1	tusD	1
GCA_964610505_1	yihQ	1
GCA_964617105_1	acuI	1
GCA_964617105_1	aprA	1
GCA_964617105_1	aprB	1
GCA_964617105_1	asrA	1
GCA_964617105_1	asrC	3
GCA_964617105_1	betA	5
GCA_964617105_1	betB	6
GCA_964617105_1	betC	3
GCA_964617105_1	comD	1
GCA_964617105_1	cuyA	1
GCA_964617105_1	cysA	4
GCA_964617105_1	cysC	12
GCA_964617105_1	cysD	1
GCA_964617105_1	cysE	5
GCA_964617105_1	cysH	1
GCA_964617105_1	cysI	3
GCA_964617105_1	cysJ	5
GCA_964617105_1	cysK	11
GCA_964617105_1	cysM	8
GCA_964617105_1	cysN	9
GCA_964617105_1	cysN_cysC	4
GCA_964617105_1	cysP	1
GCA_964617105_1	cysQ	1
GCA_964617105_1	cysU	3
GCA_964617105_1	cysW	1
GCA_964617105_1	cysZ	1
GCA_964617105_1	dddP	1
GCA_964617105_1	dmdA	1
GCA_964617105_1	dmdB	3
GCA_964617105_1	dmdC	6
GCA_964617105_1	dmdD	1
GCA_964617105_1	dmsA	14
GCA_964617105_1	dmsB	4
GCA_964617105_1	dmsC	3
GCA_964617105_1	dsrA	2
GCA_964617105_1	dsrB	1
GCA_964617105_1	dsrC	2
GCA_964617105_1	dsrJ	1
GCA_964617105_1	dsrK	7
GCA_964617105_1	dsrM	2
GCA_964617105_1	dsrN	1
GCA_964617105_1	dsrP	3
GCA_964617105_1	gdh	4
GCA_964617105_1	glpE	10
GCA_964617105_1	hdrA1	7
GCA_964617105_1	hdrA2	5
GCA_964617105_1	hdrB2	2
GCA_964617105_1	hdrC2	3
GCA_964617105_1	hdrD	3
GCA_964617105_1	hpsK	1
GCA_964617105_1	hpsM	1
GCA_964617105_1	hpsP	1
GCA_964617105_1	hydD	2
GCA_964617105_1	iseM	1
GCA_964617105_1	isfD	2
GCA_964617105_1	mccB	1
GCA_964617105_1	mdh	11
GCA_964617105_1	metA	1
GCA_964617105_1	metB	4
GCA_964617105_1	metC	11
GCA_964617105_1	metY	2
GCA_964617105_1	metZ	3
GCA_964617105_1	nrnA	2
GCA_964617105_1	otr	1
GCA_964617105_1	phsC	1
GCA_964617105_1	pta	6
GCA_964617105_1	qmoA	1
GCA_964617105_1	qmoB	2
GCA_964617105_1	qmoC	1
GCA_964617105_1	sat	8
GCA_964617105_1	sbp	2
GCA_964617105_1	sgpB	1
GCA_964617105_1	sgpC	1
GCA_964617105_1	shyA	2
GCA_964617105_1	shyB	1
GCA_964617105_1	shyC	1
GCA_964617105_1	sir	1
GCA_964617105_1	slcC	3
GCA_964617105_1	soxA	1
GCA_964617105_1	soxB	6
GCA_964617105_1	soxX	1
GCA_964617105_1	sqdB	1
GCA_964617105_1	sqdX	5
GCA_964617105_1	ssuA	15
GCA_964617105_1	ssuB	10
GCA_964617105_1	ssuC	4
GCA_964617105_1	ssuD	4
GCA_964617105_1	sudA	10
GCA_964617105_1	sudB	3
GCA_964617105_1	sulP	19
GCA_964617105_1	tauA	2
GCA_964617105_1	tauB	4
GCA_964617105_1	tauD	1
GCA_964617105_1	tpa	4
GCA_964617105_1	ttrA	1
GCA_964617105_1	ttrB	3
GCA_964617105_1	tusA	3
GCA_964617105_1	tusB	3
GCA_964617105_1	tusE	1
GCA_964617105_1	yihQ	1
GCA_964622465_1	asrC	1
GCA_964622465_1	betA	4
GCA_964622465_1	betB	2
GCA_964622465_1	comB	1
GCA_964622465_1	cuyA	1
GCA_964622465_1	cysA	2
GCA_964622465_1	cysC	6
GCA_964622465_1	cysD	2
GCA_964622465_1	cysE	2
GCA_964622465_1	cysI	2
GCA_964622465_1	cysJ	4
GCA_964622465_1	cysK	7
GCA_964622465_1	cysM	2
GCA_964622465_1	cysN	2
GCA_964622465_1	cysN_cysC	3
GCA_964622465_1	cysP	1
GCA_964622465_1	cysU	2
GCA_964622465_1	dddP	1
GCA_964622465_1	dmdA	1
GCA_964622465_1	dmdB	1
GCA_964622465_1	dmdC	1
GCA_964622465_1	dmsA	3
GCA_964622465_1	dmsB	1
GCA_964622465_1	dmsC	1
GCA_964622465_1	gdh	2
GCA_964622465_1	glpE	2
GCA_964622465_1	hdrA1	1
GCA_964622465_1	hpsN	1
GCA_964622465_1	mdh	7
GCA_964622465_1	metB	1
GCA_964622465_1	metC	2
GCA_964622465_1	metZ	2
GCA_964622465_1	nrnA	4
GCA_964622465_1	prpE	1
GCA_964622465_1	pta	3
GCA_964622465_1	sat	1
GCA_964622465_1	sgpB	2
GCA_964622465_1	slcC	1
GCA_964622465_1	sqdB	1
GCA_964622465_1	sqdX	5
GCA_964622465_1	ssuB	5
GCA_964622465_1	ssuC	2
GCA_964622465_1	ssuD	1
GCA_964622465_1	sudA	5
GCA_964622465_1	sudB	1
GCA_964622465_1	sulP	6
GCA_964622465_1	tauB	2
GCA_964622465_1	tsdA	1
GCA_964622465_1	ttrB	1
GCA_964622465_1	tusA	1
GCA_964622465_1	tusB	1
GCA_964622465_1	tusD	1
GCA_964622465_1	xsc	1
GCA_964622605_1	asrB	2
GCA_964622605_1	asrC	1
GCA_964622605_1	betA	3
GCA_964622605_1	betB	2
GCA_964622605_1	cuyA	1
GCA_964622605_1	cysA	3
GCA_964622605_1	cysC	8
GCA_964622605_1	cysD	1
GCA_964622605_1	cysE	3
GCA_964622605_1	cysJ	2
GCA_964622605_1	cysK	9
GCA_964622605_1	cysM	3
GCA_964622605_1	cysN	4
GCA_964622605_1	cysN_cysC	4
GCA_964622605_1	cysP	2
GCA_964622605_1	cysQ	2
GCA_964622605_1	cysU	1
GCA_964622605_1	cysW	4
GCA_964622605_1	dddP	1
GCA_964622605_1	dmdA	1
GCA_964622605_1	dmdC	1
GCA_964622605_1	dmsA	7
GCA_964622605_1	dmsB	2
GCA_964622605_1	dmsC	1
GCA_964622605_1	dsrA	1
GCA_964622605_1	dsrB	1
GCA_964622605_1	gdh	2
GCA_964622605_1	glpE	5
GCA_964622605_1	hpsN	1
GCA_964622605_1	hpsP	1
GCA_964622605_1	hydB	1
GCA_964622605_1	mccB	1
GCA_964622605_1	mddA	1
GCA_964622605_1	mdh	13
GCA_964622605_1	metC	2
GCA_964622605_1	metX	2
GCA_964622605_1	metY	1
GCA_964622605_1	metZ	3
GCA_964622605_1	nrnA	4
GCA_964622605_1	pta	3
GCA_964622605_1	sat	2
GCA_964622605_1	sgpC	1
GCA_964622605_1	shyC	1
GCA_964622605_1	sir	2
GCA_964622605_1	slcC	1
GCA_964622605_1	soxB	1
GCA_964622605_1	soxX	1
GCA_964622605_1	sqdX	8
GCA_964622605_1	sqr	1
GCA_964622605_1	ssuA	2
GCA_964622605_1	ssuB	6
GCA_964622605_1	ssuD	2
GCA_964622605_1	ssuE	1
GCA_964622605_1	sudA	2
GCA_964622605_1	sulP	9
GCA_964622605_1	tauA	1
GCA_964622605_1	tauB	2
GCA_964622605_1	tauD	1
GCA_964622605_1	tsdA	1
GCA_964622605_1	ttrA	2
GCA_964622605_1	tusA	2
GCA_964622605_1	xsc	1
GCA_964622875_1	acuI	1
GCA_964622875_1	asrB	1
GCA_964622875_1	asrC	1
GCA_964622875_1	betA	2
GCA_964622875_1	betB	2
GCA_964622875_1	comB	1
GCA_964622875_1	cysA	3
GCA_964622875_1	cysC	11
GCA_964622875_1	cysD	1
GCA_964622875_1	cysE	4
GCA_964622875_1	cysH	1
GCA_964622875_1	cysJ	2
GCA_964622875_1	cysK	2
GCA_964622875_1	cysN	2
GCA_964622875_1	cysN_cysC	3
GCA_964622875_1	cysQ	2
GCA_964622875_1	cysU	1
GCA_964622875_1	cysZ	1
GCA_964622875_1	dddP	3
GCA_964622875_1	dmdC	1
GCA_964622875_1	dmsA	4
GCA_964622875_1	dmsB	1
GCA_964622875_1	dmsC	1
GCA_964622875_1	dsrA	1
GCA_964622875_1	fccB	1
GCA_964622875_1	gdh	2
GCA_964622875_1	glpE	2
GCA_964622875_1	hpsN	1
GCA_964622875_1	hpsP	6
GCA_964622875_1	isfD	1
GCA_964622875_1	mdh	5
GCA_964622875_1	metA	1
GCA_964622875_1	metB	1
GCA_964622875_1	metC	4
GCA_964622875_1	metY	1
GCA_964622875_1	mtsB	1
GCA_964622875_1	nrnA	3
GCA_964622875_1	pta	3
GCA_964622875_1	sat	2
GCA_964622875_1	sir	2
GCA_964622875_1	slcC	4
GCA_964622875_1	sqdX	5
GCA_964622875_1	ssuA	5
GCA_964622875_1	ssuB	7
GCA_964622875_1	ssuD	3
GCA_964622875_1	ssuE	1
GCA_964622875_1	sudA	1
GCA_964622875_1	sudB	1
GCA_964622875_1	sulP	1
GCA_964622875_1	tauA	1
GCA_964622875_1	tauB	2
GCA_964622875_1	tauD	1
GCA_964622875_1	tpa	1
GCA_964622875_1	tsdA	1
GCA_964622875_1	ttrA	2
GCA_964622875_1	ttrB	1
GCA_964622875_1	tusD	1
GCA_964622875_1	xsc	1
GCA_964625285_1	asrA	1
GCA_964625285_1	asrC	1
GCA_964625285_1	betA	2
GCA_964625285_1	betB	5
GCA_964625285_1	comB	2
GCA_964625285_1	cysA	1
GCA_964625285_1	cysC	13
GCA_964625285_1	cysE	2
GCA_964625285_1	cysJ	3
GCA_964625285_1	cysK	8
GCA_964625285_1	cysM	1
GCA_964625285_1	cysN	1
GCA_964625285_1	cysN_cysC	3
GCA_964625285_1	cysP	1
GCA_964625285_1	cysQ	2
GCA_964625285_1	cysU	3
GCA_964625285_1	dddP	1
GCA_964625285_1	dmdB	2
GCA_964625285_1	dmdC	7
GCA_964625285_1	dmdD	2
GCA_964625285_1	dmsA	1
GCA_964625285_1	dmsB	1
GCA_964625285_1	dmsC	1
GCA_964625285_1	dsrA	1
GCA_964625285_1	glpE	3
GCA_964625285_1	hdrA1	1
GCA_964625285_1	hdrA2	2
GCA_964625285_1	hdrD	2
GCA_964625285_1	hpsN	1
GCA_964625285_1	hpsP	1
GCA_964625285_1	isfD	1
GCA_964625285_1	mdh	13
GCA_964625285_1	metB	1
GCA_964625285_1	metC	3
GCA_964625285_1	metZ	1
GCA_964625285_1	mtsB	1
GCA_964625285_1	nrnA	1
GCA_964625285_1	pta	5
GCA_964625285_1	sat	3
GCA_964625285_1	sgpB	1
GCA_964625285_1	sgpC	1
GCA_964625285_1	shyC	1
GCA_964625285_1	sir	2
GCA_964625285_1	slcC	1
GCA_964625285_1	soxB	1
GCA_964625285_1	sqdX	2
GCA_964625285_1	ssuA	1
GCA_964625285_1	ssuB	6
GCA_964625285_1	ssuC	1
GCA_964625285_1	ssuD	1
GCA_964625285_1	ssuE	1
GCA_964625285_1	sudA	4
GCA_964625285_1	sudB	1
GCA_964625285_1	tauA	1
GCA_964625285_1	tauB	2
GCA_964625285_1	tauD	2
GCA_964625285_1	tpa	1
GCA_964625285_1	ttrA	1
GCA_964625285_1	ttrB	1
GCA_964625285_1	tusA	1
GCA_964625285_1	tusB	1
GCA_964625285_1	tusD	1
GCA_964626665_1	asrB	1
GCA_964626665_1	asrC	2
GCA_964626665_1	betA	4
GCA_964626665_1	betB	5
GCA_964626665_1	comB	3
GCA_964626665_1	cuyA	2
GCA_964626665_1	cysA	5
GCA_964626665_1	cysC	16
GCA_964626665_1	cysD	3
GCA_964626665_1	cysE	7
GCA_964626665_1	cysI	2
GCA_964626665_1	cysJ	4
GCA_964626665_1	cysK	9
GCA_964626665_1	cysM	8
GCA_964626665_1	cysN_cysC	4
GCA_964626665_1	cysQ	5
GCA_964626665_1	cysU	3
GCA_964626665_1	cysW	1
GCA_964626665_1	cysZ	1
GCA_964626665_1	dddP	1
GCA_964626665_1	dmdC	4
GCA_964626665_1	dmsA	10
GCA_964626665_1	dmsB	1
GCA_964626665_1	dmsC	1
GCA_964626665_1	gdh	1
GCA_964626665_1	glpE	2
GCA_964626665_1	hdrA1	2
GCA_964626665_1	hdrA2	4
GCA_964626665_1	hdrB2	2
GCA_964626665_1	hdrC2	2
GCA_964626665_1	hdrD	2
GCA_964626665_1	hpsP	2
GCA_964626665_1	hydD	1
GCA_964626665_1	mccB	2
GCA_964626665_1	mdh	14
GCA_964626665_1	metB	3
GCA_964626665_1	metC	9
GCA_964626665_1	metY	1
GCA_964626665_1	metZ	4
GCA_964626665_1	nrnA	3
GCA_964626665_1	prpE	1
GCA_964626665_1	pta	8
GCA_964626665_1	sat	7
GCA_964626665_1	sbp	1
GCA_964626665_1	sgpC	1
GCA_964626665_1	shyA	1
GCA_964626665_1	shyB	1
GCA_964626665_1	shyC	1
GCA_964626665_1	sir	1
GCA_964626665_1	slcC	1
GCA_964626665_1	soxA	1
GCA_964626665_1	soxB	3
GCA_964626665_1	soxX	1
GCA_964626665_1	sqdX	15
GCA_964626665_1	ssuA	14
GCA_964626665_1	ssuB	6
GCA_964626665_1	ssuC	1
GCA_964626665_1	ssuD	4
GCA_964626665_1	ssuE	1
GCA_964626665_1	sudA	8
GCA_964626665_1	sudB	1
GCA_964626665_1	sulP	3
GCA_964626665_1	tauA	2
GCA_964626665_1	tauB	2
GCA_964626665_1	tauD	3
GCA_964626665_1	tpa	2
GCA_964626665_1	tsdA	1
GCA_964626665_1	ttrA	2
GCA_964626665_1	ttrB	1
GCA_964626665_1	tusA	2
GCA_964626665_1	tusB	1
GCA_964626665_1	tusD	1
GCA_964626665_1	xsc	1
GCA_964632485_1	betA	6
GCA_964632485_1	betB	4
GCA_964632485_1	betC	1
GCA_964632485_1	comB	2
GCA_964632485_1	cuyA	2
GCA_964632485_1	cysA	3
GCA_964632485_1	cysC	11
GCA_964632485_1	cysD	5
GCA_964632485_1	cysE	4
GCA_964632485_1	cysI	2
GCA_964632485_1	cysJ	5
GCA_964632485_1	cysK	15
GCA_964632485_1	cysM	8
GCA_964632485_1	cysN	3
GCA_964632485_1	cysN_cysC	3
GCA_964632485_1	cysP	1
GCA_964632485_1	cysQ	2
GCA_964632485_1	cysU	1
GCA_964632485_1	cysZ	1
GCA_964632485_1	dddP	2
GCA_964632485_1	dmdA	1
GCA_964632485_1	dmdB	4
GCA_964632485_1	dmdC	1
GCA_964632485_1	dmsA	13
GCA_964632485_1	dmsB	2
GCA_964632485_1	dmsC	1
GCA_964632485_1	dsrA	1
GCA_964632485_1	gdh	4
GCA_964632485_1	glpE	7
GCA_964632485_1	hdrA1	3
GCA_964632485_1	hpsM	1
GCA_964632485_1	hpsN	1
GCA_964632485_1	mdh	11
GCA_964632485_1	metB	2
GCA_964632485_1	metC	3
GCA_964632485_1	metX	1
GCA_964632485_1	metZ	3
GCA_964632485_1	mtsB	1
GCA_964632485_1	nrnA	4
GCA_964632485_1	prpE	1
GCA_964632485_1	pta	9
GCA_964632485_1	sat	2
GCA_964632485_1	sgpB	1
GCA_964632485_1	sgpC	1
GCA_964632485_1	sir	3
GCA_964632485_1	slcC	1
GCA_964632485_1	soxA	1
GCA_964632485_1	soxB	2
GCA_964632485_1	soxX	1
GCA_964632485_1	sqdB	5
GCA_964632485_1	sqdX	17
GCA_964632485_1	ssuA	17
GCA_964632485_1	ssuB	9
GCA_964632485_1	ssuC	5
GCA_964632485_1	ssuD	1
GCA_964632485_1	ssuE	1
GCA_964632485_1	sudA	9
GCA_964632485_1	sudB	1
GCA_964632485_1	sulP	8
GCA_964632485_1	tauA	3
GCA_964632485_1	tauB	3
GCA_964632485_1	tauC	1
GCA_964632485_1	tauD	3
GCA_964632485_1	tbuC	1
GCA_964632485_1	tpa	1
GCA_964632485_1	tsdA	1
GCA_964632485_1	ttrA	2
GCA_964632485_1	tusB	2
GCA_964632485_1	tusC	1
GCA_964632485_1	tusD	1
GCA_964632485_1	xsc	2
GCA_964637655_1	betA	5
GCA_964637655_1	betB	2
GCA_964637655_1	betC	1
GCA_964637655_1	comD	1
GCA_964637655_1	cuyA	1
GCA_964637655_1	cysA	3
GCA_964637655_1	cysC	19
GCA_964637655_1	cysD	4
GCA_964637655_1	cysE	4
GCA_964637655_1	cysH	1
GCA_964637655_1	cysI	2
GCA_964637655_1	cysJ	5
GCA_964637655_1	cysK	17
GCA_964637655_1	cysM	6
GCA_964637655_1	cysN	3
GCA_964637655_1	cysN_cysC	3
GCA_964637655_1	cysP	1
GCA_964637655_1	cysQ	2
GCA_964637655_1	cysU	7
GCA_964637655_1	dddP	1
GCA_964637655_1	dmdA	1
GCA_964637655_1	dmdB	3
GCA_964637655_1	dmdC	1
GCA_964637655_1	dmsA	14
GCA_964637655_1	dmsB	1
GCA_964637655_1	dmsC	1
GCA_964637655_1	dsrA	1
GCA_964637655_1	dsrN	1
GCA_964637655_1	dsyB	1
GCA_964637655_1	gdh	4
GCA_964637655_1	glpE	11
GCA_964637655_1	hpsN	1
GCA_964637655_1	hpsP	1
GCA_964637655_1	hydD	1
GCA_964637655_1	isfD	3
GCA_964637655_1	mccB	1
GCA_964637655_1	mdh	11
GCA_964637655_1	metB	2
GCA_964637655_1	metC	7
GCA_964637655_1	metX	1
GCA_964637655_1	metY	1
GCA_964637655_1	metZ	4
GCA_964637655_1	mtsB	1
GCA_964637655_1	nrnA	3
GCA_964637655_1	prpE	2
GCA_964637655_1	pta	12
GCA_964637655_1	sat	7
GCA_964637655_1	sbp	1
GCA_964637655_1	sgpA	1
GCA_964637655_1	shyA	1
GCA_964637655_1	sir	1
GCA_964637655_1	slcC	1
GCA_964637655_1	soxB	2
GCA_964637655_1	sqdB	2
GCA_964637655_1	sqdX	35
GCA_964637655_1	ssuA	14
GCA_964637655_1	ssuB	4
GCA_964637655_1	ssuC	2
GCA_964637655_1	ssuD	2
GCA_964637655_1	sudA	6
GCA_964637655_1	sulP	9
GCA_964637655_1	tauA	1
GCA_964637655_1	tauB	2
GCA_964637655_1	tauD	3
GCA_964637655_1	tpa	2
GCA_964637655_1	tsdA	2
GCA_964637655_1	ttrA	2
GCA_964637655_1	tusA	6
GCA_964637655_1	tusB	1
GCA_964637655_1	tusD	1
GCA_964637655_1	xsc	2
GCA_964637705_1	aprA	1
GCA_964637705_1	asrA	2
GCA_964637705_1	betA	3
GCA_964637705_1	betB	6
GCA_964637705_1	betC	2
GCA_964637705_1	comB	3
GCA_964637705_1	comE	1
GCA_964637705_1	cuyA	2
GCA_964637705_1	cysA	3
GCA_964637705_1	cysC	9
GCA_964637705_1	cysD	4
GCA_964637705_1	cysE	8
GCA_964637705_1	cysH	1
GCA_964637705_1	cysI	1
GCA_964637705_1	cysJ	1
GCA_964637705_1	cysK	19
GCA_964637705_1	cysM	2
GCA_964637705_1	cysN	3
GCA_964637705_1	cysN_cysC	5
GCA_964637705_1	cysQ	3
GCA_964637705_1	cysU	7
GCA_964637705_1	cysW	4
GCA_964637705_1	cysZ	1
GCA_964637705_1	dddP	1
GCA_964637705_1	dmdA	1
GCA_964637705_1	dmdB	1
GCA_964637705_1	dmdC	1
GCA_964637705_1	dmdD	1
GCA_964637705_1	dmsA	5
GCA_964637705_1	dmsB	4
GCA_964637705_1	dmsC	1
GCA_964637705_1	dsrA	2
GCA_964637705_1	dsrD	1
GCA_964637705_1	dsyB	1
GCA_964637705_1	gdh	3
GCA_964637705_1	glpE	9
GCA_964637705_1	hpsN	1
GCA_964637705_1	hydD	2
GCA_964637705_1	isfD	2
GCA_964637705_1	mdh	8
GCA_964637705_1	metB	3
GCA_964637705_1	metC	4
GCA_964637705_1	metX	1
GCA_964637705_1	metY	2
GCA_964637705_1	metZ	4
GCA_964637705_1	nrnA	6
GCA_964637705_1	prpE	1
GCA_964637705_1	pta	5
GCA_964637705_1	sat	2
GCA_964637705_1	sgpA	1
GCA_964637705_1	sgpB	2
GCA_964637705_1	shyA	2
GCA_964637705_1	sir	1
GCA_964637705_1	slcC	2
GCA_964637705_1	slcD	1
GCA_964637705_1	soxB	1
GCA_964637705_1	soxX	1
GCA_964637705_1	sqdB	5
GCA_964637705_1	sqdX	15
GCA_964637705_1	ssuA	15
GCA_964637705_1	ssuB	5
GCA_964637705_1	ssuC	1
GCA_964637705_1	ssuD	4
GCA_964637705_1	ssuE	1
GCA_964637705_1	sudA	5
GCA_964637705_1	sudB	1
GCA_964637705_1	sulP	3
GCA_964637705_1	tauA	2
GCA_964637705_1	tauB	3
GCA_964637705_1	tauD	1
GCA_964637705_1	tpa	2
GCA_964637705_1	tsdA	1
GCA_964637705_1	ttrA	3
GCA_964637705_1	ttrB	1
GCA_964637705_1	tusA	3
GCA_964637705_1	tusB	2
GCA_964637705_1	tusC	1
GCA_964637705_1	xsc	1
GCA_964637705_1	yihQ	2
GCA_964643155_1	acuI	1
GCA_964643155_1	aprA	1
GCA_964643155_1	betA	3
GCA_964643155_1	betB	4
GCA_964643155_1	comE	1
GCA_964643155_1	cuyA	1
GCA_964643155_1	cysA	1
GCA_964643155_1	cysC	10
GCA_964643155_1	cysE	4
GCA_964643155_1	cysI	3
GCA_964643155_1	cysJ	7
GCA_964643155_1	cysK	7
GCA_964643155_1	cysM	4
GCA_964643155_1	cysN	2
GCA_964643155_1	cysN_cysC	5
GCA_964643155_1	cysP	2
GCA_964643155_1	cysU	5
GCA_964643155_1	dddP	1
GCA_964643155_1	dmdC	3
GCA_964643155_1	dmdD	2
GCA_964643155_1	dmsB	2
GCA_964643155_1	dmsC	1
GCA_964643155_1	dsrA	1
GCA_964643155_1	gdh	3
GCA_964643155_1	glpE	4
GCA_964643155_1	hdrA1	6
GCA_964643155_1	hdrA2	5
GCA_964643155_1	hdrB1	1
GCA_964643155_1	hdrB2	1
GCA_964643155_1	hdrC1	1
GCA_964643155_1	hdrC2	1
GCA_964643155_1	hdrD	1
GCA_964643155_1	hydD	1
GCA_964643155_1	isfD	1
GCA_964643155_1	mdh	7
GCA_964643155_1	metC	4
GCA_964643155_1	metY	1
GCA_964643155_1	metZ	1
GCA_964643155_1	nrnA	3
GCA_964643155_1	pta	2
GCA_964643155_1	sat	1
GCA_964643155_1	slcC	2
GCA_964643155_1	soxA	1
GCA_964643155_1	soxB	1
GCA_964643155_1	soxX	2
GCA_964643155_1	sqdX	3
GCA_964643155_1	ssuB	3
GCA_964643155_1	ssuC	1
GCA_964643155_1	ssuD	1
GCA_964643155_1	sudA	4
GCA_964643155_1	sudB	1
GCA_964643155_1	sulP	2
GCA_964643155_1	tauB	4
GCA_964643155_1	ttrA	1
GCA_964643155_1	tusA	6
GCA_964643155_1	tusD	1
GCA_964644695_1	acuI	2
GCA_964644695_1	aprA	1
GCA_964644695_1	asrA	1
GCA_964644695_1	betA	5
GCA_964644695_1	betB	3
GCA_964644695_1	comB	2
GCA_964644695_1	comE	1
GCA_964644695_1	cuyA	2
GCA_964644695_1	cysA	2
GCA_964644695_1	cysC	12
GCA_964644695_1	cysE	7
GCA_964644695_1	cysI	1
GCA_964644695_1	cysJ	5
GCA_964644695_1	cysK	11
GCA_964644695_1	cysM	4
GCA_964644695_1	cysN	4
GCA_964644695_1	cysN_cysC	5
GCA_964644695_1	cysP	1
GCA_964644695_1	cysQ	1
GCA_964644695_1	cysU	9
GCA_964644695_1	cysZ	1
GCA_964644695_1	dddP	1
GCA_964644695_1	dmdA	1
GCA_964644695_1	dmdB	3
GCA_964644695_1	dmsA	8
GCA_964644695_1	dmsC	1
GCA_964644695_1	doxD	1
GCA_964644695_1	fsr	1
GCA_964644695_1	glpE	5
GCA_964644695_1	hdrA1	2
GCA_964644695_1	hdrA2	1
GCA_964644695_1	hdrD	1
GCA_964644695_1	hpsN	1
GCA_964644695_1	hpsP	5
GCA_964644695_1	hydD	1
GCA_964644695_1	isfD	2
GCA_964644695_1	mdh	8
GCA_964644695_1	metA	1
GCA_964644695_1	metB	1
GCA_964644695_1	metC	2
GCA_964644695_1	metX	2
GCA_964644695_1	metY	4
GCA_964644695_1	metZ	3
GCA_964644695_1	mtsA	1
GCA_964644695_1	mtsB	2
GCA_964644695_1	nrnA	2
GCA_964644695_1	prpE	2
GCA_964644695_1	pta	3
GCA_964644695_1	qmoA	1
GCA_964644695_1	sat	3
GCA_964644695_1	sbp	1
GCA_964644695_1	sgpA	1
GCA_964644695_1	sgpB	1
GCA_964644695_1	shyA	1
GCA_964644695_1	sir	2
GCA_964644695_1	slcC	1
GCA_964644695_1	soxB	2
GCA_964644695_1	soxC	1
GCA_964644695_1	soxX	1
GCA_964644695_1	sqdX	16
GCA_964644695_1	ssuA	8
GCA_964644695_1	ssuB	13
GCA_964644695_1	ssuC	4
GCA_964644695_1	ssuD	2
GCA_964644695_1	sudA	6
GCA_964644695_1	sulP	2
GCA_964644695_1	tauA	2
GCA_964644695_1	tauB	2
GCA_964644695_1	tauD	1
GCA_964644695_1	tpa	1
GCA_964644695_1	tsdA	1
GCA_964644695_1	ttrA	1
GCA_964644695_1	tusB	1
GCA_964644695_1	tusD	1
GCA_964644695_1	xsc	1
GCA_964648745_1	acuI	3
GCA_964648745_1	asrC	1
GCA_964648745_1	betA	3
GCA_964648745_1	betB	2
GCA_964648745_1	cuyA	1
GCA_964648745_1	cysA	2
GCA_964648745_1	cysC	9
GCA_964648745_1	cysD	2
GCA_964648745_1	cysE	4
GCA_964648745_1	cysH	3
GCA_964648745_1	cysI	3
GCA_964648745_1	cysJ	4
GCA_964648745_1	cysK	6
GCA_964648745_1	cysM	5
GCA_964648745_1	cysN	3
GCA_964648745_1	cysN_cysC	5
GCA_964648745_1	cysP	1
GCA_964648745_1	cysU	2
GCA_964648745_1	cysW	1
GCA_964648745_1	ddhA	1
GCA_964648745_1	ddhC	1
GCA_964648745_1	dmsA	3
GCA_964648745_1	dmsC	1
GCA_964648745_1	dsrA	2
GCA_964648745_1	dsrD	2
GCA_964648745_1	fccA	1
GCA_964648745_1	fccB	3
GCA_964648745_1	glpE	6
GCA_964648745_1	hdrB2	1
GCA_964648745_1	hdrD	1
GCA_964648745_1	hpsN	1
GCA_964648745_1	hpsO	1
GCA_964648745_1	mccB	1
GCA_964648745_1	mdh	11
GCA_964648745_1	metC	6
GCA_964648745_1	metY	1
GCA_964648745_1	metZ	2
GCA_964648745_1	nrnA	2
GCA_964648745_1	prpE	3
GCA_964648745_1	pta	2
GCA_964648745_1	sat	2
GCA_964648745_1	shyA	2
GCA_964648745_1	shyC	2
GCA_964648745_1	shyD	1
GCA_964648745_1	sir	1
GCA_964648745_1	slcC	1
GCA_964648745_1	sorA	2
GCA_964648745_1	sorB	1
GCA_964648745_1	soxA	1
GCA_964648745_1	soxB	1
GCA_964648745_1	soxC	1
GCA_964648745_1	soxX	1
GCA_964648745_1	soxY	1
GCA_964648745_1	soxZ	1
GCA_964648745_1	sqdX	3
GCA_964648745_1	sqr	2
GCA_964648745_1	sseA	2
GCA_964648745_1	ssuA	6
GCA_964648745_1	ssuB	6
GCA_964648745_1	ssuC	2
GCA_964648745_1	ssuD	1
GCA_964648745_1	sudA	3
GCA_964648745_1	sudB	1
GCA_964648745_1	sulP	1
GCA_964648745_1	tauB	3
GCA_964648745_1	tauZ	1
GCA_964648745_1	tpa	2
GCA_964648745_1	tsdA	3
GCA_964648745_1	ttrB	2
GCA_964648745_1	tusA	2
GCA_964648745_1	tusB	2
GCA_964648745_1	tusD	1
GCA_964648745_1	xsc	1
GCA_964652335_1	betB	1
GCA_964652335_1	comB	2
GCA_964652335_1	cysA	4
GCA_964652335_1	cysC	2
GCA_964652335_1	cysD	1
GCA_964652335_1	cysE	2
GCA_964652335_1	cysI	1
GCA_964652335_1	cysJ	2
GCA_964652335_1	cysK	3
GCA_964652335_1	cysM	1
GCA_964652335_1	cysN_cysC	1
GCA_964652335_1	dddP	1
GCA_964652335_1	dmsC	1
GCA_964652335_1	gdh	2
GCA_964652335_1	glpE	5
GCA_964652335_1	mdh	5
GCA_964652335_1	metX	2
GCA_964652335_1	metZ	1
GCA_964652335_1	nrnA	1
GCA_964652335_1	prpE	1
GCA_964652335_1	pta	2
GCA_964652335_1	sat	1
GCA_964652335_1	sir	1
GCA_964652335_1	sqdX	1
GCA_964652335_1	ttrA	1
GCA_964652335_1	tusA	1
GCA_964654595_1	aprA	1
GCA_964654595_1	asrA	2
GCA_964654595_1	betB	4
GCA_964654595_1	cysA	3
GCA_964654595_1	cysC	7
GCA_964654595_1	cysD	2
GCA_964654595_1	cysE	2
GCA_964654595_1	cysH	1
GCA_964654595_1	cysI	2
GCA_964654595_1	cysJ	1
GCA_964654595_1	cysK	7
GCA_964654595_1	cysN	2
GCA_964654595_1	cysU	1
GCA_964654595_1	dmdB	7
GCA_964654595_1	dmdC	12
GCA_964654595_1	dmdD	3
GCA_964654595_1	dmsA	1
GCA_964654595_1	dmsB	2
GCA_964654595_1	dsrA	2
GCA_964654595_1	dsrB	1
GCA_964654595_1	dsrC	1
GCA_964654595_1	dsrD	1
GCA_964654595_1	dsrK	3
GCA_964654595_1	dsrM	2
GCA_964654595_1	dsrN	1
GCA_964654595_1	dsrP	2
GCA_964654595_1	dsyB	2
GCA_964654595_1	glpE	10
GCA_964654595_1	hdrA1	1
GCA_964654595_1	hdrA2	4
GCA_964654595_1	hdrB1	1
GCA_964654595_1	hdrC2	1
GCA_964654595_1	hdrD	3
GCA_964654595_1	mdh	6
GCA_964654595_1	metA	1
GCA_964654595_1	metB	3
GCA_964654595_1	metC	1
GCA_964654595_1	metX	3
GCA_964654595_1	metY	1
GCA_964654595_1	metZ	1
GCA_964654595_1	mtsB	1
GCA_964654595_1	nrnA	1
GCA_964654595_1	phsA	1
GCA_964654595_1	prpE	5
GCA_964654595_1	pta	4
GCA_964654595_1	qmoA	1
GCA_964654595_1	qmoB	1
GCA_964654595_1	qmoC	2
GCA_964654595_1	sat	4
GCA_964654595_1	shyC	1
GCA_964654595_1	sir	1
GCA_964654595_1	slcC	3
GCA_964654595_1	slcD	1
GCA_964654595_1	sqdX	1
GCA_964654595_1	ssuA	1
GCA_964654595_1	ssuB	3
GCA_964654595_1	ssuC	2
GCA_964654595_1	ssuD	2
GCA_964654595_1	ssuE	2
GCA_964654595_1	sudA	2
GCA_964654595_1	sulP	1
GCA_964654595_1	tauB	2
GCA_964654595_1	tauC	2
GCA_964654595_1	tauD	3
GCA_964654595_1	tauZ	1
GCA_964654595_1	tpa	1
GCA_964654595_1	ttrA	1
GCA_964654595_1	ttrB	2
GCA_964654595_1	xsc	3
GCA_965213625_1	acuI	14
GCA_965213625_1	aprA	8
GCA_965213625_1	betA	3
GCA_965213625_1	betB	9
GCA_965213625_1	betC	4
GCA_965213625_1	comB	2
GCA_965213625_1	comC	3
GCA_965213625_1	comD	1
GCA_965213625_1	comE	1
GCA_965213625_1	cuyA	1
GCA_965213625_1	cysA	4
GCA_965213625_1	cysC	16
GCA_965213625_1	cysD	3
GCA_965213625_1	cysE	3
GCA_965213625_1	cysH	1
GCA_965213625_1	cysI	1
GCA_965213625_1	cysJ	7
GCA_965213625_1	cysK	15
GCA_965213625_1	cysM	7
GCA_965213625_1	cysN	4
GCA_965213625_1	cysN_cysC	7
GCA_965213625_1	cysP	3
GCA_965213625_1	cysQ	3
GCA_965213625_1	cysU	12
GCA_965213625_1	cysW	1
GCA_965213625_1	cysZ	1
GCA_965213625_1	dddP	8
GCA_965213625_1	dddW	2
GCA_965213625_1	dmdA	1
GCA_965213625_1	dmdB	2
GCA_965213625_1	dmdC	24
GCA_965213625_1	dmdD	3
GCA_965213625_1	dmoA	1
GCA_965213625_1	dmsA	8
GCA_965213625_1	dmsC	2
GCA_965213625_1	dsrA	1
GCA_965213625_1	dsrB	1
GCA_965213625_1	dsyB	1
GCA_965213625_1	gdh	2
GCA_965213625_1	glpE	15
GCA_965213625_1	hdrD	3
GCA_965213625_1	hpsK	1
GCA_965213625_1	hpsL	2
GCA_965213625_1	hpsM	3
GCA_965213625_1	hpsO	1
GCA_965213625_1	hpsP	13
GCA_965213625_1	iseM	2
GCA_965213625_1	isfD	2
GCA_965213625_1	mdh	20
GCA_965213625_1	metB	3
GCA_965213625_1	metC	10
GCA_965213625_1	metX	4
GCA_965213625_1	metY	4
GCA_965213625_1	metZ	5
GCA_965213625_1	nrnA	1
GCA_965213625_1	phsA	1
GCA_965213625_1	phsC	1
GCA_965213625_1	prpE	5
GCA_965213625_1	pta	5
GCA_965213625_1	sat	5
GCA_965213625_1	sbp	2
GCA_965213625_1	sfnG	2
GCA_965213625_1	sgpC	1
GCA_965213625_1	shyC	1
GCA_965213625_1	sir	2
GCA_965213625_1	slcC	9
GCA_965213625_1	slcD	1
GCA_965213625_1	sorA	1
GCA_965213625_1	soxB	2
GCA_965213625_1	soxC	4
GCA_965213625_1	soxY	1
GCA_965213625_1	soxZ	1
GCA_965213625_1	sqdX	5
GCA_965213625_1	sseA	3
GCA_965213625_1	ssuA	10
GCA_965213625_1	ssuB	12
GCA_965213625_1	ssuC	9
GCA_965213625_1	ssuD	28
GCA_965213625_1	ssuE	3
GCA_965213625_1	sudA	6
GCA_965213625_1	sulP	11
GCA_965213625_1	suyA	9
GCA_965213625_1	suyB	2
GCA_965213625_1	tauA	2
GCA_965213625_1	tauB	4
GCA_965213625_1	tauC	7
GCA_965213625_1	tauD	1
GCA_965213625_1	tbuB	3
GCA_965213625_1	tpa	7
GCA_965213625_1	ttrA	1
GCA_965213625_1	ttrB	1
GCA_965213625_1	tusA	2
GCA_965213625_1	tusB	4
GCA_965213625_1	tusD	2
GCA_965213625_1	xsc	12
GCA_965214925_1	acuI	3
GCA_965214925_1	aprA	2
GCA_965214925_1	asrA	1
GCA_965214925_1	asrC	1
GCA_965214925_1	betA	6
GCA_965214925_1	betB	6
GCA_965214925_1	betC	90
GCA_965214925_1	comB	1
GCA_965214925_1	comC	8
GCA_965214925_1	comE	1
GCA_965214925_1	cuyA	3
GCA_965214925_1	cysA	5
GCA_965214925_1	cysC	15
GCA_965214925_1	cysD	1
GCA_965214925_1	cysE	8
GCA_965214925_1	cysH	1
GCA_965214925_1	cysI	1
GCA_965214925_1	cysJ	3
GCA_965214925_1	cysK	9
GCA_965214925_1	cysM	4
GCA_965214925_1	cysN	5
GCA_965214925_1	cysN_cysC	5
GCA_965214925_1	cysP	3
GCA_965214925_1	cysQ	3
GCA_965214925_1	cysU	2
GCA_965214925_1	dddD	1
GCA_965214925_1	dddP	2
GCA_965214925_1	dddT	1
GCA_965214925_1	dmdA	1
GCA_965214925_1	dmdB	1
GCA_965214925_1	dmsA	5
GCA_965214925_1	dmsB	1
GCA_965214925_1	dmsC	1
GCA_965214925_1	dsrC	1
GCA_965214925_1	dsrK	1
GCA_965214925_1	dsrM	1
GCA_965214925_1	dsyB	1
GCA_965214925_1	gdh	2
GCA_965214925_1	glpE	11
GCA_965214925_1	hdrA2	1
GCA_965214925_1	hpsN	2
GCA_965214925_1	hpsP	4
GCA_965214925_1	iseM	1
GCA_965214925_1	isfD	6
GCA_965214925_1	mdh	18
GCA_965214925_1	metB	3
GCA_965214925_1	metC	4
GCA_965214925_1	metX	1
GCA_965214925_1	metY	1
GCA_965214925_1	metZ	8
GCA_965214925_1	mtsB	1
GCA_965214925_1	nrnA	1
GCA_965214925_1	prpE	3
GCA_965214925_1	pta	8
GCA_965214925_1	sat	17
GCA_965214925_1	sfnG	1
GCA_965214925_1	sgpA	1
GCA_965214925_1	sgpC	1
GCA_965214925_1	sir	2
GCA_965214925_1	slcC	11
GCA_965214925_1	soxA	1
GCA_965214925_1	soxB	3
GCA_965214925_1	soxC	1
GCA_965214925_1	sqdB	1
GCA_965214925_1	sqdX	9
GCA_965214925_1	sseA	1
GCA_965214925_1	ssuA	12
GCA_965214925_1	ssuB	12
GCA_965214925_1	ssuC	3
GCA_965214925_1	ssuD	2
GCA_965214925_1	ssuE	1
GCA_965214925_1	sudA	4
GCA_965214925_1	sulP	6
GCA_965214925_1	suyA	1
GCA_965214925_1	tauA	2
GCA_965214925_1	tauB	2
GCA_965214925_1	tauD	3
GCA_965214925_1	tbuB	3
GCA_965214925_1	tbuC	1
GCA_965214925_1	tmoC	1
GCA_965214925_1	toa	2
GCA_965214925_1	tpa	6
GCA_965214925_1	tsdA	2
GCA_965214925_1	ttrA	2
GCA_965214925_1	tusA	1
GCA_965214925_1	tusB	3
GCA_965214925_1	tusD	1
GCA_965214925_1	xsc	8
GCA_965240465_1	acuI	1
GCA_965240465_1	betA	1
GCA_965240465_1	cuyA	1
GCA_965240465_1	cysA	2
GCA_965240465_1	cysC	5
GCA_965240465_1	cysE	1
GCA_965240465_1	cysH	1
GCA_965240465_1	cysI	1
GCA_965240465_1	cysJ	3
GCA_965240465_1	cysK	3
GCA_965240465_1	cysM	2
GCA_965240465_1	cysN	1
GCA_965240465_1	cysN_cysC	4
GCA_965240465_1	cysU	4
GCA_965240465_1	cysW	1
GCA_965240465_1	cysZ	1
GCA_965240465_1	dddP	1
GCA_965240465_1	dmdA	1
GCA_965240465_1	dmdB	1
GCA_965240465_1	dmsA	3
GCA_965240465_1	glpE	5
GCA_965240465_1	hpsN	1
GCA_965240465_1	iseM	1
GCA_965240465_1	mdh	9
GCA_965240465_1	metB	1
GCA_965240465_1	metC	3
GCA_965240465_1	metX	1
GCA_965240465_1	metZ	3
GCA_965240465_1	nrnA	1
GCA_965240465_1	pta	2
GCA_965240465_1	sat	1
GCA_965240465_1	sgpB	1
GCA_965240465_1	soxX	1
GCA_965240465_1	sqdX	4
GCA_965240465_1	ssuA	2
GCA_965240465_1	ssuB	2
GCA_965240465_1	ssuC	2
GCA_965240465_1	ssuD	2
GCA_965240465_1	ssuE	1
GCA_965240465_1	sudA	2
GCA_965240465_1	sulP	1
GCA_965240465_1	tauB	2
GCA_965240465_1	tpa	1
GCA_965240465_1	tsdB	2
GCA_965240465_1	tusA	1
GCA_965240465_1	tusB	1
GCA_965240465_1	xsc	1
GCA_965369835_1	aprA	1
GCA_965369835_1	asrA	1
GCA_965369835_1	asrC	1
GCA_965369835_1	betA	4
GCA_965369835_1	betB	3
GCA_965369835_1	betC	9
GCA_965369835_1	comB	2
GCA_965369835_1	cuyA	2
GCA_965369835_1	cysA	2
GCA_965369835_1	cysC	18
GCA_965369835_1	cysD	4
GCA_965369835_1	cysE	6
GCA_965369835_1	cysI	3
GCA_965369835_1	cysJ	6
GCA_965369835_1	cysK	12
GCA_965369835_1	cysM	7
GCA_965369835_1	cysN	3
GCA_965369835_1	cysN_cysC	5
GCA_965369835_1	cysP	2
GCA_965369835_1	cysQ	3
GCA_965369835_1	cysU	2
GCA_965369835_1	dddP	2
GCA_965369835_1	dmdA	1
GCA_965369835_1	dmdC	1
GCA_965369835_1	dmsA	13
GCA_965369835_1	dmsB	1
GCA_965369835_1	dmsC	1
GCA_965369835_1	dsyB	1
GCA_965369835_1	gdh	2
GCA_965369835_1	glpE	1
GCA_965369835_1	hdrA1	2
GCA_965369835_1	hdrA2	1
GCA_965369835_1	hdrB1	1
GCA_965369835_1	hdrD	1
GCA_965369835_1	hpsN	1
GCA_965369835_1	hpsP	5
GCA_965369835_1	hydD	2
GCA_965369835_1	isfD	1
GCA_965369835_1	mddA	1
GCA_965369835_1	mdh	13
GCA_965369835_1	metB	1
GCA_965369835_1	metC	5
GCA_965369835_1	metX	1
GCA_965369835_1	metY	2
GCA_965369835_1	metZ	3
GCA_965369835_1	mtsB	1
GCA_965369835_1	nrnA	2
GCA_965369835_1	prpE	2
GCA_965369835_1	pta	6
GCA_965369835_1	sat	6
GCA_965369835_1	shyA	2
GCA_965369835_1	sir	1
GCA_965369835_1	slcC	2
GCA_965369835_1	soxB	1
GCA_965369835_1	soxY	1
GCA_965369835_1	sqdX	19
GCA_965369835_1	ssuA	14
GCA_965369835_1	ssuB	11
GCA_965369835_1	ssuC	2
GCA_965369835_1	ssuD	5
GCA_965369835_1	sudA	4
GCA_965369835_1	sudB	2
GCA_965369835_1	sulP	6
GCA_965369835_1	tauA	1
GCA_965369835_1	tauB	3
GCA_965369835_1	tauD	1
GCA_965369835_1	tbuC	1
GCA_965369835_1	tpa	1
GCA_965369835_1	ttrB	1
GCA_965369835_1	tusA	1
GCA_965369835_1	tusB	1
GCA_965369835_1	xsc	1
GCA_965370845_1	aprA	1
GCA_965370845_1	asrB	2
GCA_965370845_1	asrC	1
GCA_965370845_1	betA	3
GCA_965370845_1	betB	7
GCA_965370845_1	betC	2
GCA_965370845_1	comB	1
GCA_965370845_1	comE	1
GCA_965370845_1	cuyA	2
GCA_965370845_1	cysC	14
GCA_965370845_1	cysD	2
GCA_965370845_1	cysE	3
GCA_965370845_1	cysH	1
GCA_965370845_1	cysI	2
GCA_965370845_1	cysJ	3
GCA_965370845_1	cysK	5
GCA_965370845_1	cysM	3
GCA_965370845_1	cysN	3
GCA_965370845_1	cysN_cysC	2
GCA_965370845_1	cysP	3
GCA_965370845_1	cysQ	2
GCA_965370845_1	cysU	3
GCA_965370845_1	cysW	1
GCA_965370845_1	cysZ	1
GCA_965370845_1	dddP	1
GCA_965370845_1	dddW	1
GCA_965370845_1	dmdA	1
GCA_965370845_1	dmdC	4
GCA_965370845_1	dmsA	8
GCA_965370845_1	dmsB	2
GCA_965370845_1	dmsC	1
GCA_965370845_1	dsrA	1
GCA_965370845_1	gdh	1
GCA_965370845_1	glpE	5
GCA_965370845_1	hdrA2	5
GCA_965370845_1	hdrB2	1
GCA_965370845_1	hdrD	2
GCA_965370845_1	hpsN	1
GCA_965370845_1	hpsP	2
GCA_965370845_1	hydD	1
GCA_965370845_1	mddA	1
GCA_965370845_1	mdh	11
GCA_965370845_1	metB	3
GCA_965370845_1	metC	5
GCA_965370845_1	metY	1
GCA_965370845_1	metZ	3
GCA_965370845_1	mtsB	2
GCA_965370845_1	nrnA	2
GCA_965370845_1	prpE	3
GCA_965370845_1	pta	7
GCA_965370845_1	sat	2
GCA_965370845_1	sgpB	1
GCA_965370845_1	sgpC	2
GCA_965370845_1	shyC	1
GCA_965370845_1	slcC	1
GCA_965370845_1	soxB	2
GCA_965370845_1	soxC	1
GCA_965370845_1	sqdB	1
GCA_965370845_1	sqdX	12
GCA_965370845_1	ssuA	7
GCA_965370845_1	ssuB	4
GCA_965370845_1	ssuD	2
GCA_965370845_1	sudA	5
GCA_965370845_1	sudB	3
GCA_965370845_1	sulP	5
GCA_965370845_1	tauA	2
GCA_965370845_1	tauB	2
GCA_965370845_1	tauD	2
GCA_965370845_1	tpa	1
GCA_965370845_1	tsdA	1
GCA_965370845_1	ttrA	1
GCA_965370845_1	ttrB	1
GCA_965370845_1	tusA	3
GCA_965370845_1	tusD	1
GCA_965371155_1	aprA	1
GCA_965371155_1	asrA	1
GCA_965371155_1	asrB	1
GCA_965371155_1	betA	2
GCA_965371155_1	betB	5
GCA_965371155_1	betC	12
GCA_965371155_1	cysA	2
GCA_965371155_1	cysC	13
GCA_965371155_1	cysD	1
GCA_965371155_1	cysE	3
GCA_965371155_1	cysH	3
GCA_965371155_1	cysI	1
GCA_965371155_1	cysJ	5
GCA_965371155_1	cysK	9
GCA_965371155_1	cysM	2
GCA_965371155_1	cysN	3
GCA_965371155_1	cysN_cysC	2
GCA_965371155_1	cysP	1
GCA_965371155_1	cysQ	2
GCA_965371155_1	cysU	2
GCA_965371155_1	dddP	1
GCA_965371155_1	dmdA	1
GCA_965371155_1	dmdB	1
GCA_965371155_1	dmdC	3
GCA_965371155_1	dmdD	2
GCA_965371155_1	dmsA	4
GCA_965371155_1	dmsC	1
GCA_965371155_1	dsrA	1
GCA_965371155_1	dsrB	1
GCA_965371155_1	glpE	4
GCA_965371155_1	hdrA1	4
GCA_965371155_1	hdrA2	3
GCA_965371155_1	hdrB1	1
GCA_965371155_1	hdrC2	1
GCA_965371155_1	hdrD	1
GCA_965371155_1	hpsO	1
GCA_965371155_1	hpsP	3
GCA_965371155_1	mdh	11
GCA_965371155_1	metB	3
GCA_965371155_1	metC	4
GCA_965371155_1	metZ	2
GCA_965371155_1	mtsB	1
GCA_965371155_1	nrnA	3
GCA_965371155_1	prpE	1
GCA_965371155_1	psrC	1
GCA_965371155_1	pta	2
GCA_965371155_1	sat	1
GCA_965371155_1	shyC	1
GCA_965371155_1	sir	3
GCA_965371155_1	slcC	2
GCA_965371155_1	soxA	1
GCA_965371155_1	soxB	2
GCA_965371155_1	soxX	2
GCA_965371155_1	sqdB	1
GCA_965371155_1	sqdX	7
GCA_965371155_1	sreA	1
GCA_965371155_1	ssuA	5
GCA_965371155_1	ssuB	3
GCA_965371155_1	ssuC	1
GCA_965371155_1	ssuD	1
GCA_965371155_1	sudA	8
GCA_965371155_1	sudB	2
GCA_965371155_1	sulP	4
GCA_965371155_1	tauA	1
GCA_965371155_1	tauB	2
GCA_965371155_1	ttrA	2
GCA_965371155_1	ttrB	1
GCA_965371155_1	tusD	1
GCA_965372795_1	acuI	2
GCA_965372795_1	betA	3
GCA_965372795_1	betB	6
GCA_965372795_1	comB	1
GCA_965372795_1	cuyA	1
GCA_965372795_1	cysA	2
GCA_965372795_1	cysC	13
GCA_965372795_1	cysD	1
GCA_965372795_1	cysE	4
GCA_965372795_1	cysH	2
GCA_965372795_1	cysI	2
GCA_965372795_1	cysJ	6
GCA_965372795_1	cysK	13
GCA_965372795_1	cysM	6
GCA_965372795_1	cysN	2
GCA_965372795_1	cysN_cysC	5
GCA_965372795_1	cysQ	1
GCA_965372795_1	cysU	7
GCA_965372795_1	cysW	1
GCA_965372795_1	dddP	2
GCA_965372795_1	dmdB	2
GCA_965372795_1	dmdC	4
GCA_965372795_1	dmdD	1
GCA_965372795_1	dmsA	10
GCA_965372795_1	dmsB	3
GCA_965372795_1	dmsC	2
GCA_965372795_1	fccB	1
GCA_965372795_1	gdh	3
GCA_965372795_1	glpE	5
GCA_965372795_1	hdrA1	2
GCA_965372795_1	hdrA2	3
GCA_965372795_1	hydD	1
GCA_965372795_1	isfD	3
GCA_965372795_1	mdh	11
GCA_965372795_1	metA	1
GCA_965372795_1	metB	1
GCA_965372795_1	metC	5
GCA_965372795_1	metZ	5
GCA_965372795_1	nrnA	2
GCA_965372795_1	otr	2
GCA_965372795_1	psrC	1
GCA_965372795_1	pta	5
GCA_965372795_1	sat	2
GCA_965372795_1	sgpB	1
GCA_965372795_1	shyA	1
GCA_965372795_1	shyC	2
GCA_965372795_1	sir	1
GCA_965372795_1	slcC	2
GCA_965372795_1	soxX	2
GCA_965372795_1	sqdB	1
GCA_965372795_1	sqdX	7
GCA_965372795_1	ssuA	13
GCA_965372795_1	ssuB	9
GCA_965372795_1	ssuC	3
GCA_965372795_1	ssuD	4
GCA_965372795_1	ssuE	1
GCA_965372795_1	sudA	4
GCA_965372795_1	sudB	1
GCA_965372795_1	sulP	5
GCA_965372795_1	tauA	1
GCA_965372795_1	tauB	4
GCA_965372795_1	tauD	4
GCA_965372795_1	tmoC	1
GCA_965372795_1	tpa	1
GCA_965372795_1	tsdA	1
GCA_965372795_1	ttrA	1
GCA_965372795_1	ttrB	1
GCA_965372795_1	ttrC	1
GCA_965372795_1	tusA	1
GCA_965372795_1	tusB	3
GCA_965603295_1	aprA	1
GCA_965603295_1	betA	3
GCA_965603295_1	betB	5
GCA_965603295_1	comB	2
GCA_965603295_1	cuyA	1
GCA_965603295_1	cysA	6
GCA_965603295_1	cysC	16
GCA_965603295_1	cysD	4
GCA_965603295_1	cysE	5
GCA_965603295_1	cysI	2
GCA_965603295_1	cysJ	9
GCA_965603295_1	cysK	10
GCA_965603295_1	cysM	4
GCA_965603295_1	cysN	6
GCA_965603295_1	cysN_cysC	6
GCA_965603295_1	cysP	3
GCA_965603295_1	cysQ	2
GCA_965603295_1	cysU	9
GCA_965603295_1	cysW	2
GCA_965603295_1	cysZ	1
GCA_965603295_1	dmdB	1
GCA_965603295_1	dmdC	1
GCA_965603295_1	dmsA	11
GCA_965603295_1	dmsB	3
GCA_965603295_1	dmsC	2
GCA_965603295_1	dsrA	2
GCA_965603295_1	dsrM	1
GCA_965603295_1	fccB	1
GCA_965603295_1	gdh	1
GCA_965603295_1	glpE	12
GCA_965603295_1	hdrA1	1
GCA_965603295_1	hdrD	2
GCA_965603295_1	hpsK	1
GCA_965603295_1	hpsP	1
GCA_965603295_1	iseM	2
GCA_965603295_1	mdh	11
GCA_965603295_1	metC	2
GCA_965603295_1	metX	1
GCA_965603295_1	metY	2
GCA_965603295_1	metZ	5
GCA_965603295_1	nrnA	3
GCA_965603295_1	otr	1
GCA_965603295_1	phsC	1
GCA_965603295_1	prpE	1
GCA_965603295_1	pta	3
GCA_965603295_1	sat	3
GCA_965603295_1	sbp	1
GCA_965603295_1	sgpB	1
GCA_965603295_1	shyA	1
GCA_965603295_1	shyC	1
GCA_965603295_1	sir	1
GCA_965603295_1	slcC	1
GCA_965603295_1	soxB	1
GCA_965603295_1	sqdB	3
GCA_965603295_1	sqdX	8
GCA_965603295_1	sseA	1
GCA_965603295_1	ssuA	18
GCA_965603295_1	ssuB	8
GCA_965603295_1	ssuC	1
GCA_965603295_1	ssuD	2
GCA_965603295_1	ssuE	1
GCA_965603295_1	sudA	7
GCA_965603295_1	sudB	2
GCA_965603295_1	sulP	6
GCA_965603295_1	tauB	4
GCA_965603295_1	tauC	1
GCA_965603295_1	tauD	2
GCA_965603295_1	tmm	1
GCA_965603295_1	tpa	2
GCA_965603295_1	tsdA	1
GCA_965603295_1	ttrA	1
GCA_965603295_1	ttrB	3
GCA_965603295_1	tusA	2
GCA_965603295_1	tusB	1
GCA_965603295_1	tusD	1
GCA_965603295_1	xsc	1
GCA_965613365_1	asrA	1
GCA_965613365_1	betA	2
GCA_965613365_1	betB	1
GCA_965613365_1	cysA	2
GCA_965613365_1	cysC	6
GCA_965613365_1	cysD	1
GCA_965613365_1	cysE	1
GCA_965613365_1	cysI	2
GCA_965613365_1	cysJ	2
GCA_965613365_1	cysK	5
GCA_965613365_1	cysN	2
GCA_965613365_1	cysN_cysC	1
GCA_965613365_1	cysQ	2
GCA_965613365_1	cysU	3
GCA_965613365_1	cysW	1
GCA_965613365_1	dddP	1
GCA_965613365_1	dmdB	1
GCA_965613365_1	dmsA	3
GCA_965613365_1	dmsB	3
GCA_965613365_1	dmsC	1
GCA_965613365_1	dsrA	2
GCA_965613365_1	dsrB	1
GCA_965613365_1	dsrK	1
GCA_965613365_1	dsrM	1
GCA_965613365_1	dsrN	1
GCA_965613365_1	dsrP	1
GCA_965613365_1	dsyB	1
GCA_965613365_1	glpE	10
GCA_965613365_1	hdrA1	5
GCA_965613365_1	hdrA2	3
GCA_965613365_1	hdrB1	1
GCA_965613365_1	hdrC1	1
GCA_965613365_1	hdrC2	1
GCA_965613365_1	mdh	12
GCA_965613365_1	metB	1
GCA_965613365_1	metX	5
GCA_965613365_1	metY	1
GCA_965613365_1	metZ	6
GCA_965613365_1	nrnA	7
GCA_965613365_1	phsA	2
GCA_965613365_1	prpE	1
GCA_965613365_1	pta	2
GCA_965613365_1	sat	1
GCA_965613365_1	shyA	1
GCA_965613365_1	shyC	1
GCA_965613365_1	sir	1
GCA_965613365_1	soxY	1
GCA_965613365_1	sqdX	2
GCA_965613365_1	ssuA	2
GCA_965613365_1	ssuB	5
GCA_965613365_1	ssuC	1
GCA_965613365_1	ssuE	2
GCA_965613365_1	sudA	3
GCA_965613365_1	sulP	1
GCA_965613365_1	tauA	1
GCA_965613365_1	tauB	2
GCA_965613365_1	tauC	1
GCA_965613365_1	tauD	1
GCA_965613365_1	tpa	1
GCA_965613365_1	ttrA	2
GCA_965613365_1	ttrB	2
GCA_965613365_1	tusA	1
GCA_965613365_1	xsc	1
GCA_965660425_1	acuI	7
GCA_965660425_1	aprA	1
GCA_965660425_1	asrA	1
GCA_965660425_1	asrB	1
GCA_965660425_1	asrC	1
GCA_965660425_1	betA	3
GCA_965660425_1	betB	15
GCA_965660425_1	betC	7
GCA_965660425_1	comB	3
GCA_965660425_1	comC	1
GCA_965660425_1	comD	1
GCA_965660425_1	comE	1
GCA_965660425_1	cuyA	2
GCA_965660425_1	cysA	5
GCA_965660425_1	cysC	24
GCA_965660425_1	cysD	3
GCA_965660425_1	cysE	8
GCA_965660425_1	cysH	2
GCA_965660425_1	cysI	2
GCA_965660425_1	cysJ	6
GCA_965660425_1	cysK	12
GCA_965660425_1	cysM	7
GCA_965660425_1	cysN	3
GCA_965660425_1	cysN_cysC	9
GCA_965660425_1	cysP	2
GCA_965660425_1	cysQ	5
GCA_965660425_1	cysU	6
GCA_965660425_1	dddL	1
GCA_965660425_1	dddP	2
GCA_965660425_1	dddT	2
GCA_965660425_1	dmdA	1
GCA_965660425_1	dmdB	9
GCA_965660425_1	dmdC	9
GCA_965660425_1	dmdD	7
GCA_965660425_1	dmoA	1
GCA_965660425_1	dmsA	9
GCA_965660425_1	dmsC	4
GCA_965660425_1	dsrA	1
GCA_965660425_1	dsrB	1
GCA_965660425_1	dsyB	1
GCA_965660425_1	fccB	2
GCA_965660425_1	glpE	9
GCA_965660425_1	hdrD	1
GCA_965660425_1	hpsK	2
GCA_965660425_1	hpsL	1
GCA_965660425_1	hpsM	1
GCA_965660425_1	hpsN	2
GCA_965660425_1	hpsO	2
GCA_965660425_1	hpsP	1
GCA_965660425_1	iseK	1
GCA_965660425_1	iseL	1
GCA_965660425_1	iseM	7
GCA_965660425_1	isfD	5
GCA_965660425_1	mddA	1
GCA_965660425_1	mdh	17
GCA_965660425_1	metA	1
GCA_965660425_1	metB	6
GCA_965660425_1	metC	12
GCA_965660425_1	metY	1
GCA_965660425_1	metZ	9
GCA_965660425_1	msmA	2
GCA_965660425_1	mtsB	1
GCA_965660425_1	nrnA	1
GCA_965660425_1	prpE	7
GCA_965660425_1	pta	9
GCA_965660425_1	qmoA	1
GCA_965660425_1	qmoB	2
GCA_965660425_1	sat	5
GCA_965660425_1	sgpB	2
GCA_965660425_1	sgpC	1
GCA_965660425_1	sir	1
GCA_965660425_1	slcC	2
GCA_965660425_1	slcD	2
GCA_965660425_1	soeA	1
GCA_965660425_1	soeB	1
GCA_965660425_1	soeC	1
GCA_965660425_1	sorA	1
GCA_965660425_1	soxA	1
GCA_965660425_1	soxB	4
GCA_965660425_1	soxC	3
GCA_965660425_1	soxD	2
GCA_965660425_1	soxX	1
GCA_965660425_1	soxY	1
GCA_965660425_1	soxZ	1
GCA_965660425_1	sseA	1
GCA_965660425_1	ssuA	5
GCA_965660425_1	ssuB	13
GCA_965660425_1	ssuC	6
GCA_965660425_1	ssuD	3
GCA_965660425_1	sudA	5
GCA_965660425_1	sulP	5
GCA_965660425_1	tauA	1
GCA_965660425_1	tauB	6
GCA_965660425_1	tauC	1
GCA_965660425_1	tauD	1
GCA_965660425_1	tauY	1
GCA_965660425_1	tbuC	1
GCA_965660425_1	tpa	6
GCA_965660425_1	tsdA	2
GCA_965660425_1	ttrA	5
GCA_965660425_1	ttrC	1
GCA_965660425_1	tusA	4
GCA_965660425_1	tusB	1
GCA_965660425_1	tusD	2
GCA_965660425_1	xsc	5
GCF_000007185_1	aprA	1
GCF_000007185_1	asrA	2
GCF_000007185_1	asrC	2
GCF_000007185_1	betA	2
GCF_000007185_1	betB	1
GCF_000007185_1	comA	1
GCF_000007185_1	comB	1
GCF_000007185_1	comC	1
GCF_000007185_1	comD	1
GCF_000007185_1	comE	3
GCF_000007185_1	cysA	3
GCF_000007185_1	cysC	1
GCF_000007185_1	cysE	1
GCF_000007185_1	cysH	1
GCF_000007185_1	cysI	1
GCF_000007185_1	cysJ	4
GCF_000007185_1	cysM	2
GCF_000007185_1	cysN	1
GCF_000007185_1	cysQ	1
GCF_000007185_1	cysU	2
GCF_000007185_1	dddP	1
GCF_000007185_1	dddW	1
GCF_000007185_1	dmsB	1
GCF_000007185_1	dsrA	1
GCF_000007185_1	dsrN	2
GCF_000007185_1	fsr	2
GCF_000007185_1	glpE	5
GCF_000007185_1	hdrA1	2
GCF_000007185_1	hdrA2	1
GCF_000007185_1	hdrB1	1
GCF_000007185_1	hdrC1	1
GCF_000007185_1	hdrD	1
GCF_000007185_1	hydD	4
GCF_000007185_1	mdh	3
GCF_000007185_1	metA	1
GCF_000007185_1	metB	1
GCF_000007185_1	metX	1
GCF_000007185_1	metZ	1
GCF_000007185_1	nrnA	2
GCF_000007185_1	pta	3
GCF_000007185_1	sat	1
GCF_000007185_1	shyA	2
GCF_000007185_1	shyC	1
GCF_000007185_1	sir	1
GCF_000007185_1	slcC	2
GCF_000007185_1	slcD	1
GCF_000007185_1	sqdX	2
GCF_000007185_1	ssuA	1
GCF_000007185_1	ssuB	3
GCF_000007185_1	ssuC	2
GCF_000007185_1	ssuD	1
GCF_000007185_1	sudA	3
GCF_000007185_1	tauB	2
GCF_000007185_1	tpa	1
GCF_000007185_1	ttrA	1
GCF_000007185_1	tusA	1
GCF_000007185_1	tusD	1
GCF_000007185_1	xsc	2
GCF_000018605_1	betA	4
GCF_000018605_1	betB	2
GCF_000018605_1	comB	2
GCF_000018605_1	cysA	2
GCF_000018605_1	cysC	8
GCF_000018605_1	cysD	1
GCF_000018605_1	cysE	5
GCF_000018605_1	cysH	1
GCF_000018605_1	cysI	1
GCF_000018605_1	cysJ	4
GCF_000018605_1	cysK	15
GCF_000018605_1	cysM	4
GCF_000018605_1	cysN	1
GCF_000018605_1	cysN_cysC	2
GCF_000018605_1	cysQ	1
GCF_000018605_1	cysU	19
GCF_000018605_1	cysW	2
GCF_000018605_1	cysZ	1
GCF_000018605_1	dmdA	1
GCF_000018605_1	dmsA	1
GCF_000018605_1	dmsB	1
GCF_000018605_1	dsrA	1
GCF_000018605_1	dsrB	1
GCF_000018605_1	gdh	3
GCF_000018605_1	glpE	3
GCF_000018605_1	hdrA1	1
GCF_000018605_1	hpsP	1
GCF_000018605_1	isfD	1
GCF_000018605_1	mdh	8
GCF_000018605_1	metA	1
GCF_000018605_1	metB	4
GCF_000018605_1	metC	4
GCF_000018605_1	metY	2
GCF_000018605_1	metZ	2
GCF_000018605_1	nrnA	6
GCF_000018605_1	pta	7
GCF_000018605_1	sat	3
GCF_000018605_1	sbp	1
GCF_000018605_1	shyC	1
GCF_000018605_1	sir	1
GCF_000018605_1	slcC	1
GCF_000018605_1	soxA	2
GCF_000018605_1	soxX	2
GCF_000018605_1	soxY	1
GCF_000018605_1	soxZ	1
GCF_000018605_1	sqdB	1
GCF_000018605_1	sqdX	5
GCF_000018605_1	ssuA	1
GCF_000018605_1	ssuB	4
GCF_000018605_1	ssuC	8
GCF_000018605_1	ssuD	1
GCF_000018605_1	sudA	9
GCF_000018605_1	sulP	1
GCF_000018605_1	tauA	1
GCF_000018605_1	tauB	4
GCF_000018605_1	tsdA	1
GCF_000018605_1	ttrA	1
GCF_000018605_1	tusB	3
GCF_000018605_1	tusD	1
GCF_000018605_1	xsc	1
GCF_000020945_1	asrC	1
GCF_000020945_1	betA	2
GCF_000020945_1	betB	4
GCF_000020945_1	betC	1
GCF_000020945_1	comB	2
GCF_000020945_1	cysA	4
GCF_000020945_1	cysC	5
GCF_000020945_1	cysD	1
GCF_000020945_1	cysE	4
GCF_000020945_1	cysH	1
GCF_000020945_1	cysI	1
GCF_000020945_1	cysJ	7
GCF_000020945_1	cysK	7
GCF_000020945_1	cysM	4
GCF_000020945_1	cysN	1
GCF_000020945_1	cysQ	1
GCF_000020945_1	cysU	3
GCF_000020945_1	dddP	2
GCF_000020945_1	dmdA	1
GCF_000020945_1	dmsA	1
GCF_000020945_1	dmsB	1
GCF_000020945_1	dmsC	1
GCF_000020945_1	gdh	2
GCF_000020945_1	glpE	2
GCF_000020945_1	hpsP	1
GCF_000020945_1	mdh	8
GCF_000020945_1	metB	1
GCF_000020945_1	metC	1
GCF_000020945_1	metY	1
GCF_000020945_1	metZ	4
GCF_000020945_1	nrnA	4
GCF_000020945_1	pta	7
GCF_000020945_1	sat	2
GCF_000020945_1	sir	2
GCF_000020945_1	slcC	1
GCF_000020945_1	soxC	1
GCF_000020945_1	soxX	2
GCF_000020945_1	sqdB	2
GCF_000020945_1	sqdX	2
GCF_000020945_1	ssuA	1
GCF_000020945_1	ssuB	8
GCF_000020945_1	ssuC	1
GCF_000020945_1	ssuD	2
GCF_000020945_1	sudA	1
GCF_000020945_1	sudB	1
GCF_000020945_1	sulP	2
GCF_000020945_1	tauA	1
GCF_000020945_1	tauB	3
GCF_000020945_1	tauD	1
GCF_000020945_1	tpa	1
GCF_000020945_1	tsdA	1
GCF_000020945_1	ttrB	1
GCF_000020945_1	tusA	2
GCF_000020945_1	tusB	3
GCF_000020945_1	tusD	2
GCF_000021545_1	acuI	2
GCF_000021545_1	asrA	1
GCF_000021545_1	asrC	1
GCF_000021545_1	betA	5
GCF_000021545_1	betB	4
GCF_000021545_1	cuyA	2
GCF_000021545_1	cysA	3
GCF_000021545_1	cysC	11
GCF_000021545_1	cysD	1
GCF_000021545_1	cysE	2
GCF_000021545_1	cysH	3
GCF_000021545_1	cysI	3
GCF_000021545_1	cysJ	3
GCF_000021545_1	cysK	7
GCF_000021545_1	cysM	6
GCF_000021545_1	cysN	2
GCF_000021545_1	cysN_cysC	2
GCF_000021545_1	cysP	1
GCF_000021545_1	cysU	3
GCF_000021545_1	cysW	1
GCF_000021545_1	ddhA	1
GCF_000021545_1	dmsA	3
GCF_000021545_1	dmsC	1
GCF_000021545_1	dsrA	2
GCF_000021545_1	dsyB	2
GCF_000021545_1	fccA	1
GCF_000021545_1	fccB	3
GCF_000021545_1	gdh	1
GCF_000021545_1	glpE	7
GCF_000021545_1	hdrB2	1
GCF_000021545_1	hdrD	1
GCF_000021545_1	hpsN	1
GCF_000021545_1	hpsO	1
GCF_000021545_1	mdh	12
GCF_000021545_1	metA	1
GCF_000021545_1	metB	1
GCF_000021545_1	metC	7
GCF_000021545_1	metZ	2
GCF_000021545_1	nrnA	2
GCF_000021545_1	prpE	2
GCF_000021545_1	pta	4
GCF_000021545_1	sat	2
GCF_000021545_1	shyA	1
GCF_000021545_1	shyC	2
GCF_000021545_1	shyD	1
GCF_000021545_1	sir	1
GCF_000021545_1	slcC	1
GCF_000021545_1	sorA	1
GCF_000021545_1	sorB	1
GCF_000021545_1	soxA	1
GCF_000021545_1	soxB	1
GCF_000021545_1	soxC	1
GCF_000021545_1	soxX	1
GCF_000021545_1	soxY	1
GCF_000021545_1	soxZ	1
GCF_000021545_1	sqdB	1
GCF_000021545_1	sqdX	6
GCF_000021545_1	sqr	2
GCF_000021545_1	sseA	2
GCF_000021545_1	ssuA	5
GCF_000021545_1	ssuB	5
GCF_000021545_1	ssuC	2
GCF_000021545_1	ssuD	2
GCF_000021545_1	ssuE	2
GCF_000021545_1	sudA	2
GCF_000021545_1	sudB	1
GCF_000021545_1	sulP	2
GCF_000021545_1	tauB	3
GCF_000021545_1	tauZ	1
GCF_000021545_1	tpa	3
GCF_000021545_1	tsdA	3
GCF_000021545_1	ttrB	2
GCF_000021545_1	tusA	2
GCF_000021545_1	tusB	2
GCF_000021545_1	tusD	1
GCF_000021545_1	xsc	1
GCF_000024625_1	aprA	1
GCF_000024625_1	asrA	1
GCF_000024625_1	asrC	1
GCF_000024625_1	betA	2
GCF_000024625_1	betB	2
GCF_000024625_1	comA	1
GCF_000024625_1	comB	1
GCF_000024625_1	comC	1
GCF_000024625_1	comD	1
GCF_000024625_1	comE	2
GCF_000024625_1	cuyA	1
GCF_000024625_1	cysA	1
GCF_000024625_1	cysC	11
GCF_000024625_1	cysE	2
GCF_000024625_1	cysH	2
GCF_000024625_1	cysI	1
GCF_000024625_1	cysJ	5
GCF_000024625_1	cysK	3
GCF_000024625_1	cysM	1
GCF_000024625_1	cysN	2
GCF_000024625_1	cysU	5
GCF_000024625_1	dmsA	3
GCF_000024625_1	dmsB	1
GCF_000024625_1	dmsC	2
GCF_000024625_1	dsrN	1
GCF_000024625_1	fsr	2
GCF_000024625_1	glpE	3
GCF_000024625_1	hdrA2	4
GCF_000024625_1	hdrB1	1
GCF_000024625_1	hdrB2	1
GCF_000024625_1	hdrC1	1
GCF_000024625_1	hdrC2	1
GCF_000024625_1	hdrD	1
GCF_000024625_1	hydD	5
GCF_000024625_1	mdh	7
GCF_000024625_1	metX	5
GCF_000024625_1	metZ	1
GCF_000024625_1	nrnA	2
GCF_000024625_1	pta	1
GCF_000024625_1	sat	3
GCF_000024625_1	sbp	2
GCF_000024625_1	shyA	3
GCF_000024625_1	shyC	1
GCF_000024625_1	shyD	1
GCF_000024625_1	slcC	1
GCF_000024625_1	sqdX	5
GCF_000024625_1	ssuB	5
GCF_000024625_1	ssuC	1
GCF_000024625_1	ssuD	1
GCF_000024625_1	ssuE	2
GCF_000024625_1	sudA	5
GCF_000024625_1	sulP	2
GCF_000024625_1	tauA	1
GCF_000024625_1	tauB	1
GCF_000024625_1	tpa	2
GCF_000024625_1	ttrA	1
GCF_000024625_1	tusA	1
GCF_000024625_1	xsc	2
GCF_000025545_1	acuI	3
GCF_000025545_1	aprA	1
GCF_000025545_1	aprB	1
GCF_000025545_1	asrA	3
GCF_000025545_1	betA	7
GCF_000025545_1	betB	4
GCF_000025545_1	comB	3
GCF_000025545_1	cuyA	1
GCF_000025545_1	cysA	6
GCF_000025545_1	cysC	18
GCF_000025545_1	cysD	5
GCF_000025545_1	cysE	5
GCF_000025545_1	cysH	3
GCF_000025545_1	cysI	2
GCF_000025545_1	cysJ	6
GCF_000025545_1	cysK	16
GCF_000025545_1	cysM	7
GCF_000025545_1	cysN	5
GCF_000025545_1	cysN_cysC	5
GCF_000025545_1	cysP	3
GCF_000025545_1	cysQ	8
GCF_000025545_1	cysU	9
GCF_000025545_1	cysW	1
GCF_000025545_1	cysZ	3
GCF_000025545_1	dddP	1
GCF_000025545_1	dddT	3
GCF_000025545_1	dmdA	1
GCF_000025545_1	dmdC	1
GCF_000025545_1	dmsA	6
GCF_000025545_1	dmsB	1
GCF_000025545_1	dmsC	2
GCF_000025545_1	dsrN	1
GCF_000025545_1	dsyB	1
GCF_000025545_1	fccA	1
GCF_000025545_1	fccB	1
GCF_000025545_1	gdh	2
GCF_000025545_1	glpE	19
GCF_000025545_1	hdrA1	1
GCF_000025545_1	hdrB2	1
GCF_000025545_1	hdrC1	1
GCF_000025545_1	hdrE	1
GCF_000025545_1	hpsN	1
GCF_000025545_1	isfD	2
GCF_000025545_1	mdh	24
GCF_000025545_1	metA	1
GCF_000025545_1	metB	2
GCF_000025545_1	metC	6
GCF_000025545_1	metZ	5
GCF_000025545_1	nrnA	1
GCF_000025545_1	phsB	1
GCF_000025545_1	prpE	4
GCF_000025545_1	pta	10
GCF_000025545_1	sat	6
GCF_000025545_1	sgpB	2
GCF_000025545_1	sgpC	1
GCF_000025545_1	shyC	2
GCF_000025545_1	sir	9
GCF_000025545_1	slcC	2
GCF_000025545_1	soeA	3
GCF_000025545_1	soeB	1
GCF_000025545_1	soeC	2
GCF_000025545_1	sorA	1
GCF_000025545_1	soxA	2
GCF_000025545_1	soxB	2
GCF_000025545_1	soxC	1
GCF_000025545_1	soxD	1
GCF_000025545_1	soxX	3
GCF_000025545_1	soxY	1
GCF_000025545_1	soxZ	1
GCF_000025545_1	sqdX	10
GCF_000025545_1	ssuA	11
GCF_000025545_1	ssuB	20
GCF_000025545_1	ssuC	5
GCF_000025545_1	ssuD	2
GCF_000025545_1	ssuE	2
GCF_000025545_1	sudA	1
GCF_000025545_1	sulP	3
GCF_000025545_1	tauA	3
GCF_000025545_1	tauB	6
GCF_000025545_1	tauD	3
GCF_000025545_1	tmoC	1
GCF_000025545_1	tsdA	2
GCF_000025545_1	tsdB	2
GCF_000025545_1	ttrB	1
GCF_000025545_1	ttrC	1
GCF_000025545_1	tusA	1
GCF_000025545_1	tusD	3
GCF_000025545_1	tusE	1
GCF_000025545_1	xsc	1
GCF_000153625_3	acuI	1
GCF_000153625_3	aprA	1
GCF_000153625_3	asrA	1
GCF_000153625_3	asrB	2
GCF_000153625_3	asrC	2
GCF_000153625_3	betA	7
GCF_000153625_3	betB	6
GCF_000153625_3	cuyA	1
GCF_000153625_3	cysA	5
GCF_000153625_3	cysC	14
GCF_000153625_3	cysD	2
GCF_000153625_3	cysE	6
GCF_000153625_3	cysI	3
GCF_000153625_3	cysJ	5
GCF_000153625_3	cysK	14
GCF_000153625_3	cysM	4
GCF_000153625_3	cysN	6
GCF_000153625_3	cysN_cysC	5
GCF_000153625_3	cysP	3
GCF_000153625_3	cysU	4
GCF_000153625_3	cysW	3
GCF_000153625_3	dmdB	1
GCF_000153625_3	dmdC	3
GCF_000153625_3	dmsA	1
GCF_000153625_3	dmsB	3
GCF_000153625_3	dsrA	2
GCF_000153625_3	dsrB	1
GCF_000153625_3	dsrN	1
GCF_000153625_3	dsyB	4
GCF_000153625_3	fccB	1
GCF_000153625_3	gdh	1
GCF_000153625_3	glpE	7
GCF_000153625_3	hpsK	2
GCF_000153625_3	hpsL	2
GCF_000153625_3	iseM	2
GCF_000153625_3	isfD	2
GCF_000153625_3	mccB	2
GCF_000153625_3	mdh	14
GCF_000153625_3	metA	1
GCF_000153625_3	metB	2
GCF_000153625_3	metC	3
GCF_000153625_3	metY	1
GCF_000153625_3	metZ	7
GCF_000153625_3	nrnA	2
GCF_000153625_3	pta	1
GCF_000153625_3	sat	4
GCF_000153625_3	sbp	1
GCF_000153625_3	sgpB	4
GCF_000153625_3	sir	1
GCF_000153625_3	slcC	1
GCF_000153625_3	soxB	3
GCF_000153625_3	soxZ	1
GCF_000153625_3	sqdX	1
GCF_000153625_3	ssuA	5
GCF_000153625_3	ssuB	7
GCF_000153625_3	ssuC	14
GCF_000153625_3	ssuD	1
GCF_000153625_3	ssuE	1
GCF_000153625_3	sudA	2
GCF_000153625_3	sulP	2
GCF_000153625_3	tauA	1
GCF_000153625_3	tauB	2
GCF_000153625_3	tauC	1
GCF_000153625_3	tauD	1
GCF_000153625_3	tauZ	1
GCF_000153625_3	tpa	3
GCF_000153625_3	tsdA	1
GCF_000153625_3	ttrA	1
GCF_000153625_3	tusA	3
GCF_000153625_3	tusB	2
GCF_000153625_3	tusD	1
GCF_000153625_3	xsc	2
GCF_000175575_2	betA	4
GCF_000175575_2	betB	2
GCF_000175575_2	cuyA	1
GCF_000175575_2	cysA	3
GCF_000175575_2	cysC	30
GCF_000175575_2	cysD	4
GCF_000175575_2	cysE	10
GCF_000175575_2	cysH	1
GCF_000175575_2	cysI	3
GCF_000175575_2	cysJ	5
GCF_000175575_2	cysK	17
GCF_000175575_2	cysM	8
GCF_000175575_2	cysN	1
GCF_000175575_2	cysN_cysC	4
GCF_000175575_2	cysQ	8
GCF_000175575_2	cysU	9
GCF_000175575_2	cysW	1
GCF_000175575_2	cysZ	1
GCF_000175575_2	dddP	1
GCF_000175575_2	dmdA	1
GCF_000175575_2	dmsA	9
GCF_000175575_2	dmsB	2
GCF_000175575_2	dmsC	5
GCF_000175575_2	dsrA	1
GCF_000175575_2	dsrM	1
GCF_000175575_2	glpE	10
GCF_000175575_2	hdrA1	2
GCF_000175575_2	hdrB1	2
GCF_000175575_2	hdrB2	1
GCF_000175575_2	hdrC1	1
GCF_000175575_2	hpsN	1
GCF_000175575_2	isfD	3
GCF_000175575_2	mdh	15
GCF_000175575_2	metA	1
GCF_000175575_2	metB	4
GCF_000175575_2	metC	7
GCF_000175575_2	metX	1
GCF_000175575_2	metZ	8
GCF_000175575_2	nrnA	1
GCF_000175575_2	prpE	1
GCF_000175575_2	pta	12
GCF_000175575_2	sat	7
GCF_000175575_2	sgpC	1
GCF_000175575_2	shyD	1
GCF_000175575_2	sir	2
GCF_000175575_2	slcC	1
GCF_000175575_2	soeA	2
GCF_000175575_2	soeC	2
GCF_000175575_2	sor	1
GCF_000175575_2	soxA	2
GCF_000175575_2	soxB	2
GCF_000175575_2	soxC	3
GCF_000175575_2	soxX	3
GCF_000175575_2	soxY	3
GCF_000175575_2	soxZ	2
GCF_000175575_2	sqdB	1
GCF_000175575_2	sqdX	5
GCF_000175575_2	sqr	3
GCF_000175575_2	ssuA	18
GCF_000175575_2	ssuB	10
GCF_000175575_2	ssuC	3
GCF_000175575_2	ssuD	4
GCF_000175575_2	sudA	4
GCF_000175575_2	sulP	7
GCF_000175575_2	tauA	1
GCF_000175575_2	tauB	5
GCF_000175575_2	tauD	3
GCF_000175575_2	tbuC	2
GCF_000175575_2	tetH	3
GCF_000175575_2	tpa	3
GCF_000175575_2	tsdA	1
GCF_000175575_2	ttrA	1
GCF_000175575_2	tusA	3
GCF_000175575_2	tusB	2
GCF_000175575_2	xsc	1
GCF_000189755_2	aprA	2
GCF_000189755_2	aprB	1
GCF_000189755_2	asrA	5
GCF_000189755_2	asrB	1
GCF_000189755_2	asrC	5
GCF_000189755_2	betA	9
GCF_000189755_2	betB	14
GCF_000189755_2	comA	1
GCF_000189755_2	comB	5
GCF_000189755_2	comE	1
GCF_000189755_2	cuyA	1
GCF_000189755_2	cysA	14
GCF_000189755_2	cysC	18
GCF_000189755_2	cysD	2
GCF_000189755_2	cysE	7
GCF_000189755_2	cysI	2
GCF_000189755_2	cysJ	8
GCF_000189755_2	cysK	28
GCF_000189755_2	cysM	5
GCF_000189755_2	cysN	3
GCF_000189755_2	cysN_cysC	4
GCF_000189755_2	cysP	2
GCF_000189755_2	cysQ	1
GCF_000189755_2	cysU	6
GCF_000189755_2	cysW	3
GCF_000189755_2	dddP	1
GCF_000189755_2	dmdA	1
GCF_000189755_2	dmdB	1
GCF_000189755_2	dmoA	1
GCF_000189755_2	dmsA	9
GCF_000189755_2	dmsB	6
GCF_000189755_2	dmsC	1
GCF_000189755_2	dsrA	1
GCF_000189755_2	dsrB	1
GCF_000189755_2	dsrC	1
GCF_000189755_2	dsrK	3
GCF_000189755_2	dsrM	1
GCF_000189755_2	dsrN	2
GCF_000189755_2	dsrP	1
GCF_000189755_2	glpE	8
GCF_000189755_2	hdrA1	4
GCF_000189755_2	hdrA2	7
GCF_000189755_2	hdrB1	2
GCF_000189755_2	hdrC2	1
GCF_000189755_2	hdrD	5
GCF_000189755_2	hpsK	2
GCF_000189755_2	hpsP	6
GCF_000189755_2	iseM	4
GCF_000189755_2	mccB	2
GCF_000189755_2	mdh	16
GCF_000189755_2	metA	1
GCF_000189755_2	metB	1
GCF_000189755_2	metC	9
GCF_000189755_2	metX	1
GCF_000189755_2	metY	1
GCF_000189755_2	metZ	2
GCF_000189755_2	nrnA	7
GCF_000189755_2	phsA	1
GCF_000189755_2	prpE	2
GCF_000189755_2	pta	16
GCF_000189755_2	qmoA	1
GCF_000189755_2	qmoB	1
GCF_000189755_2	sat	6
GCF_000189755_2	sbp	1
GCF_000189755_2	shyC	2
GCF_000189755_2	sir	2
GCF_000189755_2	slcC	1
GCF_000189755_2	slcD	1
GCF_000189755_2	soxB	1
GCF_000189755_2	soxC	1
GCF_000189755_2	soxX	1
GCF_000189755_2	sqdX	9
GCF_000189755_2	sreB	1
GCF_000189755_2	sseA	2
GCF_000189755_2	ssuA	13
GCF_000189755_2	ssuB	7
GCF_000189755_2	ssuC	2
GCF_000189755_2	ssuD	4
GCF_000189755_2	ssuE	1
GCF_000189755_2	sudA	11
GCF_000189755_2	sudB	2
GCF_000189755_2	sulP	5
GCF_000189755_2	suyA	2
GCF_000189755_2	suyB	1
GCF_000189755_2	tauA	4
GCF_000189755_2	tauB	4
GCF_000189755_2	tauC	1
GCF_000189755_2	tauD	7
GCF_000189755_2	tauZ	2
GCF_000189755_2	tpa	2
GCF_000189755_2	tsdA	2
GCF_000189755_2	ttrA	3
GCF_000189755_2	ttrB	4
GCF_000189755_2	tusA	2
GCF_000189755_2	tusB	5
GCF_000189755_2	tusD	2
GCF_000189755_2	xsc	2
GCF_000212395_1	aprA	2
GCF_000212395_1	aprB	1
GCF_000212395_1	asrA	1
GCF_000212395_1	asrB	1
GCF_000212395_1	asrC	2
GCF_000212395_1	betA	2
GCF_000212395_1	betB	5
GCF_000212395_1	comB	1
GCF_000212395_1	comC	1
GCF_000212395_1	comE	1
GCF_000212395_1	cuyA	1
GCF_000212395_1	cysA	4
GCF_000212395_1	cysC	14
GCF_000212395_1	cysE	4
GCF_000212395_1	cysI	1
GCF_000212395_1	cysJ	5
GCF_000212395_1	cysK	4
GCF_000212395_1	cysM	3
GCF_000212395_1	cysN	5
GCF_000212395_1	cysN_cysC	3
GCF_000212395_1	cysQ	2
GCF_000212395_1	cysU	1
GCF_000212395_1	cysW	1
GCF_000212395_1	dddP	1
GCF_000212395_1	ddhA	1
GCF_000212395_1	dmdA	1
GCF_000212395_1	dmsA	3
GCF_000212395_1	dmsB	4
GCF_000212395_1	dmsC	1
GCF_000212395_1	doxD	1
GCF_000212395_1	dsrA	1
GCF_000212395_1	dsrB	1
GCF_000212395_1	dsrC	2
GCF_000212395_1	dsrK	2
GCF_000212395_1	dsrM	1
GCF_000212395_1	dsrN	1
GCF_000212395_1	dsrO	1
GCF_000212395_1	fccB	1
GCF_000212395_1	gdh	2
GCF_000212395_1	glpE	7
GCF_000212395_1	hdrA1	5
GCF_000212395_1	hdrA2	3
GCF_000212395_1	hdrB1	1
GCF_000212395_1	hdrC1	1
GCF_000212395_1	hdrC2	1
GCF_000212395_1	hdrD	3
GCF_000212395_1	hpsN	1
GCF_000212395_1	hpsP	1
GCF_000212395_1	hydD	1
GCF_000212395_1	mddA	1
GCF_000212395_1	mdh	8
GCF_000212395_1	metB	1
GCF_000212395_1	metC	6
GCF_000212395_1	metZ	1
GCF_000212395_1	nrnA	3
GCF_000212395_1	phsA	1
GCF_000212395_1	phsC	1
GCF_000212395_1	prpE	3
GCF_000212395_1	pta	5
GCF_000212395_1	qmoA	1
GCF_000212395_1	qmoB	1
GCF_000212395_1	qmoC	1
GCF_000212395_1	sat	3
GCF_000212395_1	sir	6
GCF_000212395_1	slcC	2
GCF_000212395_1	slcD	1
GCF_000212395_1	soxB	1
GCF_000212395_1	soxC	1
GCF_000212395_1	soxX	1
GCF_000212395_1	soxY	3
GCF_000212395_1	sqdX	5
GCF_000212395_1	sqr	1
GCF_000212395_1	ssuA	4
GCF_000212395_1	ssuB	7
GCF_000212395_1	ssuC	3
GCF_000212395_1	ssuD	2
GCF_000212395_1	sudA	4
GCF_000212395_1	sulP	2
GCF_000212395_1	tauA	2
GCF_000212395_1	tauB	4
GCF_000212395_1	tauD	4
GCF_000212395_1	tpa	2
GCF_000212395_1	tsdA	1
GCF_000212395_1	ttrB	3
GCF_000212395_1	tusA	3
GCF_000212395_1	tusB	1
GCF_000212395_1	tusD	1
GCF_000215085_1	aprA	2
GCF_000215085_1	aprB	2
GCF_000215085_1	asrA	3
GCF_000215085_1	asrB	1
GCF_000215085_1	asrC	1
GCF_000215085_1	betA	6
GCF_000215085_1	betB	16
GCF_000215085_1	betC	1
GCF_000215085_1	comA	1
GCF_000215085_1	comB	2
GCF_000215085_1	comC	2
GCF_000215085_1	comE	1
GCF_000215085_1	cuyA	2
GCF_000215085_1	cysA	7
GCF_000215085_1	cysC	22
GCF_000215085_1	cysD	4
GCF_000215085_1	cysE	8
GCF_000215085_1	cysH	1
GCF_000215085_1	cysI	3
GCF_000215085_1	cysJ	9
GCF_000215085_1	cysK	24
GCF_000215085_1	cysM	6
GCF_000215085_1	cysN	6
GCF_000215085_1	cysN_cysC	5
GCF_000215085_1	cysP	4
GCF_000215085_1	cysQ	5
GCF_000215085_1	cysU	11
GCF_000215085_1	cysW	4
GCF_000215085_1	cysZ	2
GCF_000215085_1	dddP	2
GCF_000215085_1	ddhA	1
GCF_000215085_1	dmdA	1
GCF_000215085_1	dmdB	1
GCF_000215085_1	dmdD	1
GCF_000215085_1	dmsA	11
GCF_000215085_1	dmsB	3
GCF_000215085_1	dmsC	2
GCF_000215085_1	dsrA	3
GCF_000215085_1	dsrB	3
GCF_000215085_1	dsrC	1
GCF_000215085_1	dsrK	4
GCF_000215085_1	dsrM	3
GCF_000215085_1	dsrN	2
GCF_000215085_1	dsrP	1
GCF_000215085_1	dsyB	3
GCF_000215085_1	gdh	1
GCF_000215085_1	glpE	14
GCF_000215085_1	hdrA1	4
GCF_000215085_1	hdrA2	6
GCF_000215085_1	hdrB2	2
GCF_000215085_1	hdrC2	1
GCF_000215085_1	hdrD	3
GCF_000215085_1	hpsM	1
GCF_000215085_1	hpsP	5
GCF_000215085_1	iseK	1
GCF_000215085_1	mccB	1
GCF_000215085_1	mdh	20
GCF_000215085_1	metA	1
GCF_000215085_1	metB	3
GCF_000215085_1	metC	15
GCF_000215085_1	metX	2
GCF_000215085_1	metY	2
GCF_000215085_1	metZ	6
GCF_000215085_1	mtsA	1
GCF_000215085_1	mtsB	1
GCF_000215085_1	nrnA	5
GCF_000215085_1	prpE	3
GCF_000215085_1	pta	28
GCF_000215085_1	qmoA	1
GCF_000215085_1	qmoB	2
GCF_000215085_1	rdlA	1
GCF_000215085_1	sat	5
GCF_000215085_1	shyA	1
GCF_000215085_1	shyC	2
GCF_000215085_1	sir	3
GCF_000215085_1	slcC	4
GCF_000215085_1	slcD	1
GCF_000215085_1	soxB	2
GCF_000215085_1	soxC	2
GCF_000215085_1	soxX	1
GCF_000215085_1	sqdX	7
GCF_000215085_1	ssuA	15
GCF_000215085_1	ssuB	9
GCF_000215085_1	ssuC	5
GCF_000215085_1	ssuD	5
GCF_000215085_1	ssuE	2
GCF_000215085_1	sudA	12
GCF_000215085_1	sudB	2
GCF_000215085_1	sulP	11
GCF_000215085_1	suyA	5
GCF_000215085_1	suyB	4
GCF_000215085_1	tauA	3
GCF_000215085_1	tauB	6
GCF_000215085_1	tauC	2
GCF_000215085_1	tauD	8
GCF_000215085_1	tauZ	2
GCF_000215085_1	tpa	2
GCF_000215085_1	tsdA	1
GCF_000215085_1	ttrA	3
GCF_000215085_1	ttrB	4
GCF_000215085_1	tusA	7
GCF_000215085_1	tusB	5
GCF_000215085_1	tusD	2
GCF_000215085_1	xsc	5
GCF_000233695_2	acuI	3
GCF_000233695_2	aprA	1
GCF_000233695_2	aprB	1
GCF_000233695_2	asrA	1
GCF_000233695_2	asrC	2
GCF_000233695_2	betA	5
GCF_000233695_2	betB	10
GCF_000233695_2	comB	1
GCF_000233695_2	cuyA	1
GCF_000233695_2	cysA	15
GCF_000233695_2	cysC	15
GCF_000233695_2	cysD	6
GCF_000233695_2	cysE	6
GCF_000233695_2	cysI	2
GCF_000233695_2	cysJ	8
GCF_000233695_2	cysK	27
GCF_000233695_2	cysM	5
GCF_000233695_2	cysN	7
GCF_000233695_2	cysN_cysC	6
GCF_000233695_2	cysP	3
GCF_000233695_2	cysQ	3
GCF_000233695_2	cysU	3
GCF_000233695_2	cysW	2
GCF_000233695_2	cysZ	1
GCF_000233695_2	dddW	1
GCF_000233695_2	dmdB	3
GCF_000233695_2	dmdC	6
GCF_000233695_2	dmsA	14
GCF_000233695_2	dmsB	3
GCF_000233695_2	dmsC	3
GCF_000233695_2	dsrA	1
GCF_000233695_2	dsrB	1
GCF_000233695_2	dsrC	1
GCF_000233695_2	dsrJ	1
GCF_000233695_2	dsrK	2
GCF_000233695_2	dsrM	1
GCF_000233695_2	dsrN	2
GCF_000233695_2	dsrT	1
GCF_000233695_2	fccB	1
GCF_000233695_2	gdh	2
GCF_000233695_2	glpE	13
GCF_000233695_2	hdrA1	1
GCF_000233695_2	hdrA2	2
GCF_000233695_2	hdrB2	2
GCF_000233695_2	hdrC1	1
GCF_000233695_2	hdrC2	3
GCF_000233695_2	hdrD	2
GCF_000233695_2	hpsN	1
GCF_000233695_2	hpsP	2
GCF_000233695_2	iseM	2
GCF_000233695_2	isfD	1
GCF_000233695_2	mdh	17
GCF_000233695_2	metA	1
GCF_000233695_2	metB	2
GCF_000233695_2	metC	7
GCF_000233695_2	metX	1
GCF_000233695_2	metZ	5
GCF_000233695_2	nrnA	3
GCF_000233695_2	otr	2
GCF_000233695_2	phsA	1
GCF_000233695_2	phsC	1
GCF_000233695_2	prpE	4
GCF_000233695_2	pta	13
GCF_000233695_2	qmoA	1
GCF_000233695_2	qmoB	2
GCF_000233695_2	qmoC	1
GCF_000233695_2	sat	4
GCF_000233695_2	sgpC	1
GCF_000233695_2	shyA	1
GCF_000233695_2	shyC	1
GCF_000233695_2	sir	2
GCF_000233695_2	slcC	4
GCF_000233695_2	slcD	1
GCF_000233695_2	soeA	1
GCF_000233695_2	soxB	1
GCF_000233695_2	soxX	1
GCF_000233695_2	sqdB	1
GCF_000233695_2	sqdX	9
GCF_000233695_2	ssuA	35
GCF_000233695_2	ssuB	14
GCF_000233695_2	ssuC	6
GCF_000233695_2	ssuD	5
GCF_000233695_2	ssuE	2
GCF_000233695_2	sudA	6
GCF_000233695_2	sudB	1
GCF_000233695_2	sulP	16
GCF_000233695_2	tauA	3
GCF_000233695_2	tauB	4
GCF_000233695_2	tauD	3
GCF_000233695_2	tbuC	1
GCF_000233695_2	tpa	1
GCF_000233695_2	tsdA	1
GCF_000233695_2	ttrA	2
GCF_000233695_2	ttrB	4
GCF_000233695_2	tusA	9
GCF_000233695_2	tusB	1
GCF_000233695_2	tusD	1
GCF_000233695_2	xsc	2
GCF_000242715_1	acuI	31
GCF_000242715_1	aprA	4
GCF_000242715_1	asrA	1
GCF_000242715_1	betA	17
GCF_000242715_1	betB	48
GCF_000242715_1	betC	5
GCF_000242715_1	comB	3
GCF_000242715_1	comE	1
GCF_000242715_1	cuyA	2
GCF_000242715_1	cysA	23
GCF_000242715_1	cysC	56
GCF_000242715_1	cysD	7
GCF_000242715_1	cysE	27
GCF_000242715_1	cysH	7
GCF_000242715_1	cysI	8
GCF_000242715_1	cysJ	29
GCF_000242715_1	cysK	52
GCF_000242715_1	cysM	12
GCF_000242715_1	cysN	14
GCF_000242715_1	cysN_cysC	19
GCF_000242715_1	cysP	4
GCF_000242715_1	cysQ	34
GCF_000242715_1	cysU	32
GCF_000242715_1	cysW	6
GCF_000242715_1	cysZ	3
GCF_000242715_1	dddP	2
GCF_000242715_1	dddT	1
GCF_000242715_1	dmdA	2
GCF_000242715_1	dmdB	17
GCF_000242715_1	dmdC	23
GCF_000242715_1	dmdD	12
GCF_000242715_1	dmoA	3
GCF_000242715_1	dmsA	8
GCF_000242715_1	dmsB	10
GCF_000242715_1	dmsC	2
GCF_000242715_1	dsrA	1
GCF_000242715_1	dsyB	11
GCF_000242715_1	fccB	1
GCF_000242715_1	gdh	2
GCF_000242715_1	glpE	30
GCF_000242715_1	hdrA1	1
GCF_000242715_1	hdrA2	1
GCF_000242715_1	hdrD	1
GCF_000242715_1	hpsP	9
GCF_000242715_1	isfD	25
GCF_000242715_1	mccB	3
GCF_000242715_1	mdh	23
GCF_000242715_1	metB	10
GCF_000242715_1	metC	34
GCF_000242715_1	metX	4
GCF_000242715_1	metY	4
GCF_000242715_1	metZ	30
GCF_000242715_1	msmA	3
GCF_000242715_1	nrnA	12
GCF_000242715_1	phsA	2
GCF_000242715_1	prpE	13
GCF_000242715_1	pta	31
GCF_000242715_1	sat	7
GCF_000242715_1	sfnG	2
GCF_000242715_1	sgpA	1
GCF_000242715_1	sgpB	1
GCF_000242715_1	shyA	1
GCF_000242715_1	shyC	4
GCF_000242715_1	shyD	1
GCF_000242715_1	sir	4
GCF_000242715_1	slcC	11
GCF_000242715_1	slcD	1
GCF_000242715_1	sorA	1
GCF_000242715_1	soxA	2
GCF_000242715_1	soxB	9
GCF_000242715_1	soxC	8
GCF_000242715_1	soxX	2
GCF_000242715_1	soxY	2
GCF_000242715_1	soxZ	1
GCF_000242715_1	sqdX	12
GCF_000242715_1	sseA	6
GCF_000242715_1	ssuA	9
GCF_000242715_1	ssuB	60
GCF_000242715_1	ssuC	18
GCF_000242715_1	ssuD	39
GCF_000242715_1	ssuE	11
GCF_000242715_1	sudA	9
GCF_000242715_1	sudB	1
GCF_000242715_1	sulP	24
GCF_000242715_1	tauA	2
GCF_000242715_1	tauB	7
GCF_000242715_1	tauC	2
GCF_000242715_1	tauD	5
GCF_000242715_1	tauZ	1
GCF_000242715_1	tbuB	2
GCF_000242715_1	tbuC	1
GCF_000242715_1	tmm	1
GCF_000242715_1	tmoC	2
GCF_000242715_1	toa	2
GCF_000242715_1	tpa	7
GCF_000242715_1	tsdA	2
GCF_000242715_1	ttrA	4
GCF_000242715_1	ttrB	1
GCF_000242715_1	tusA	7
GCF_000242715_1	tusB	17
GCF_000242715_1	tusC	1
GCF_000242715_1	tusD	6
GCF_000242715_1	tusE	4
GCF_000242715_1	xsc	6
GCF_000242715_1	yihQ	2
GCF_000260135_1	acuI	2
GCF_000260135_1	aprA	1
GCF_000260135_1	aprB	1
GCF_000260135_1	asrA	1
GCF_000260135_1	asrB	1
GCF_000260135_1	betA	5
GCF_000260135_1	betB	8
GCF_000260135_1	betC	1
GCF_000260135_1	comB	1
GCF_000260135_1	comE	1
GCF_000260135_1	cuyA	1
GCF_000260135_1	cysA	9
GCF_000260135_1	cysC	37
GCF_000260135_1	cysD	5
GCF_000260135_1	cysE	10
GCF_000260135_1	cysH	4
GCF_000260135_1	cysI	6
GCF_000260135_1	cysJ	9
GCF_000260135_1	cysK	67
GCF_000260135_1	cysM	8
GCF_000260135_1	cysN	9
GCF_000260135_1	cysN_cysC	5
GCF_000260135_1	cysP	2
GCF_000260135_1	cysQ	4
GCF_000260135_1	cysU	17
GCF_000260135_1	cysW	18
GCF_000260135_1	cysZ	3
GCF_000260135_1	dddP	1
GCF_000260135_1	dddT	1
GCF_000260135_1	dmdB	3
GCF_000260135_1	dmdC	2
GCF_000260135_1	dmsA	12
GCF_000260135_1	dmsB	5
GCF_000260135_1	dmsC	2
GCF_000260135_1	dsrA	2
GCF_000260135_1	dsrC	2
GCF_000260135_1	dsrE	1
GCF_000260135_1	dsrF	1
GCF_000260135_1	dsrH	1
GCF_000260135_1	dsrK	2
GCF_000260135_1	dsrL	1
GCF_000260135_1	dsrM	2
GCF_000260135_1	dsrN	1
GCF_000260135_1	dsrO	1
GCF_000260135_1	dsrP	1
GCF_000260135_1	fccA	4
GCF_000260135_1	fccB	4
GCF_000260135_1	gdh	1
GCF_000260135_1	glpE	20
GCF_000260135_1	hdrC2	1
GCF_000260135_1	hdrD	1
GCF_000260135_1	hpsK	1
GCF_000260135_1	hpsN	1
GCF_000260135_1	hydD	1
GCF_000260135_1	iseM	1
GCF_000260135_1	isfD	1
GCF_000260135_1	mdh	17
GCF_000260135_1	metA	1
GCF_000260135_1	metB	4
GCF_000260135_1	metC	7
GCF_000260135_1	metX	1
GCF_000260135_1	metY	1
GCF_000260135_1	metZ	8
GCF_000260135_1	nrnA	3
GCF_000260135_1	otr	1
GCF_000260135_1	phsA	1
GCF_000260135_1	phsB	1
GCF_000260135_1	phsC	1
GCF_000260135_1	prpE	2
GCF_000260135_1	pta	17
GCF_000260135_1	qmoA	1
GCF_000260135_1	qmoB	1
GCF_000260135_1	rdsr	1
GCF_000260135_1	sat	12
GCF_000260135_1	sbp	1
GCF_000260135_1	sgpB	4
GCF_000260135_1	sgpC	1
GCF_000260135_1	shyA	3
GCF_000260135_1	shyC	2
GCF_000260135_1	sir	6
GCF_000260135_1	slcC	2
GCF_000260135_1	slcD	1
GCF_000260135_1	soeA	2
GCF_000260135_1	soeB	1
GCF_000260135_1	soeC	1
GCF_000260135_1	sor	1
GCF_000260135_1	soxA	5
GCF_000260135_1	soxB	4
GCF_000260135_1	soxC	2
GCF_000260135_1	soxD	1
GCF_000260135_1	soxX	3
GCF_000260135_1	soxY	7
GCF_000260135_1	soxZ	4
GCF_000260135_1	sqdB	2
GCF_000260135_1	sqdX	11
GCF_000260135_1	sqr	2
GCF_000260135_1	ssuA	15
GCF_000260135_1	ssuB	18
GCF_000260135_1	ssuC	9
GCF_000260135_1	ssuD	6
GCF_000260135_1	sudA	4
GCF_000260135_1	sudB	1
GCF_000260135_1	sulP	10
GCF_000260135_1	tauA	1
GCF_000260135_1	tauB	8
GCF_000260135_1	tauD	8
GCF_000260135_1	tbuC	1
GCF_000260135_1	tmoC	2
GCF_000260135_1	touF	1
GCF_000260135_1	tpa	1
GCF_000260135_1	tsdA	5
GCF_000260135_1	tsdB	1
GCF_000260135_1	ttrA	5
GCF_000260135_1	ttrB	1
GCF_000260135_1	ttrC	2
GCF_000260135_1	tusA	7
GCF_000260135_1	tusB	2
GCF_000260135_1	tusD	1
GCF_000260135_1	tusE	5
GCF_000260135_1	xsc	1
GCF_000315365_1	aprA	2
GCF_000315365_1	aprB	1
GCF_000315365_1	asrA	3
GCF_000315365_1	asrC	2
GCF_000315365_1	betA	4
GCF_000315365_1	betB	9
GCF_000315365_1	comA	1
GCF_000315365_1	comB	4
GCF_000315365_1	cuyA	1
GCF_000315365_1	cysA	10
GCF_000315365_1	cysC	18
GCF_000315365_1	cysD	1
GCF_000315365_1	cysE	3
GCF_000315365_1	cysH	1
GCF_000315365_1	cysI	2
GCF_000315365_1	cysJ	10
GCF_000315365_1	cysK	20
GCF_000315365_1	cysM	4
GCF_000315365_1	cysN	7
GCF_000315365_1	cysN_cysC	6
GCF_000315365_1	cysP	1
GCF_000315365_1	cysQ	1
GCF_000315365_1	cysU	10
GCF_000315365_1	cysW	4
GCF_000315365_1	cysZ	1
GCF_000315365_1	dddP	1
GCF_000315365_1	dddT	1
GCF_000315365_1	dmdA	1
GCF_000315365_1	dmdB	2
GCF_000315365_1	dmoA	1
GCF_000315365_1	dmsA	6
GCF_000315365_1	dmsB	6
GCF_000315365_1	dmsC	1
GCF_000315365_1	dsrA	1
GCF_000315365_1	dsrB	1
GCF_000315365_1	dsrC	1
GCF_000315365_1	dsrK	2
GCF_000315365_1	dsrM	2
GCF_000315365_1	dsrN	2
GCF_000315365_1	dsrP	1
GCF_000315365_1	glpE	4
GCF_000315365_1	hdrA1	5
GCF_000315365_1	hdrA2	6
GCF_000315365_1	hdrB1	2
GCF_000315365_1	hdrC2	1
GCF_000315365_1	hdrD	2
GCF_000315365_1	hpsM	1
GCF_000315365_1	hpsP	2
GCF_000315365_1	iseM	1
GCF_000315365_1	isfD	1
GCF_000315365_1	mccB	3
GCF_000315365_1	mdh	19
GCF_000315365_1	metA	1
GCF_000315365_1	metB	1
GCF_000315365_1	metC	9
GCF_000315365_1	metX	2
GCF_000315365_1	metY	1
GCF_000315365_1	metZ	4
GCF_000315365_1	nrnA	5
GCF_000315365_1	prpE	2
GCF_000315365_1	psrA	1
GCF_000315365_1	pta	12
GCF_000315365_1	qmoA	1
GCF_000315365_1	qmoB	1
GCF_000315365_1	sat	6
GCF_000315365_1	sgpB	1
GCF_000315365_1	shyC	1
GCF_000315365_1	sir	3
GCF_000315365_1	soxB	2
GCF_000315365_1	soxC	1
GCF_000315365_1	soxX	1
GCF_000315365_1	soxY	3
GCF_000315365_1	soxZ	1
GCF_000315365_1	sqdX	4
GCF_000315365_1	ssuA	5
GCF_000315365_1	ssuB	7
GCF_000315365_1	ssuC	2
GCF_000315365_1	ssuD	3
GCF_000315365_1	ssuE	3
GCF_000315365_1	sudA	9
GCF_000315365_1	sudB	2
GCF_000315365_1	sulP	5
GCF_000315365_1	tauA	3
GCF_000315365_1	tauB	2
GCF_000315365_1	tauC	1
GCF_000315365_1	tauD	5
GCF_000315365_1	tauZ	2
GCF_000315365_1	tpa	1
GCF_000315365_1	tsdA	1
GCF_000315365_1	ttrA	3
GCF_000315365_1	ttrB	4
GCF_000315365_1	tusA	3
GCF_000315365_1	tusB	2
GCF_000315365_1	tusD	2
GCF_000315365_1	xsc	4
GCF_000321415_2	acuI	4
GCF_000321415_2	aprA	2
GCF_000321415_2	aprB	1
GCF_000321415_2	asrA	2
GCF_000321415_2	asrB	1
GCF_000321415_2	betA	12
GCF_000321415_2	betB	8
GCF_000321415_2	comB	3
GCF_000321415_2	cuyA	1
GCF_000321415_2	cysA	10
GCF_000321415_2	cysC	32
GCF_000321415_2	cysD	5
GCF_000321415_2	cysE	7
GCF_000321415_2	cysH	5
GCF_000321415_2	cysI	4
GCF_000321415_2	cysJ	6
GCF_000321415_2	cysK	19
GCF_000321415_2	cysM	9
GCF_000321415_2	cysN	6
GCF_000321415_2	cysN_cysC	7
GCF_000321415_2	cysP	3
GCF_000321415_2	cysQ	11
GCF_000321415_2	cysU	9
GCF_000321415_2	cysZ	1
GCF_000321415_2	dddP	1
GCF_000321415_2	dddT	3
GCF_000321415_2	ddhA	1
GCF_000321415_2	dmdA	1
GCF_000321415_2	dmdB	3
GCF_000321415_2	dmdC	2
GCF_000321415_2	dmsA	12
GCF_000321415_2	dmsB	2
GCF_000321415_2	dmsC	2
GCF_000321415_2	dsrA	4
GCF_000321415_2	dsrB	1
GCF_000321415_2	dsrE	1
GCF_000321415_2	dsrF	1
GCF_000321415_2	dsrH	1
GCF_000321415_2	dsrK	2
GCF_000321415_2	dsrL	1
GCF_000321415_2	dsrM	2
GCF_000321415_2	dsrN	1
GCF_000321415_2	dsrO	1
GCF_000321415_2	dsrP	3
GCF_000321415_2	fccA	5
GCF_000321415_2	fccB	5
GCF_000321415_2	gdh	3
GCF_000321415_2	glpE	20
GCF_000321415_2	hdrA1	1
GCF_000321415_2	hdrB1	1
GCF_000321415_2	hdrB2	1
GCF_000321415_2	hdrC1	1
GCF_000321415_2	hdrD	2
GCF_000321415_2	hpsN	1
GCF_000321415_2	hpsP	1
GCF_000321415_2	hydA	1
GCF_000321415_2	hydD	1
GCF_000321415_2	isfD	3
GCF_000321415_2	mdh	18
GCF_000321415_2	metA	1
GCF_000321415_2	metB	6
GCF_000321415_2	metC	7
GCF_000321415_2	metX	1
GCF_000321415_2	metY	1
GCF_000321415_2	metZ	10
GCF_000321415_2	nrnA	2
GCF_000321415_2	phsA	2
GCF_000321415_2	phsC	1
GCF_000321415_2	prpE	2
GCF_000321415_2	pta	12
GCF_000321415_2	rdsr	1
GCF_000321415_2	sat	9
GCF_000321415_2	sgpB	6
GCF_000321415_2	sgpC	2
GCF_000321415_2	shyA	1
GCF_000321415_2	sir	3
GCF_000321415_2	slcC	1
GCF_000321415_2	soeA	2
GCF_000321415_2	soeC	1
GCF_000321415_2	sor	2
GCF_000321415_2	sorA	1
GCF_000321415_2	sorB	1
GCF_000321415_2	soxA	3
GCF_000321415_2	soxB	2
GCF_000321415_2	soxC	1
GCF_000321415_2	soxD	1
GCF_000321415_2	soxL	1
GCF_000321415_2	soxX	2
GCF_000321415_2	soxY	2
GCF_000321415_2	soxZ	1
GCF_000321415_2	sqdB	1
GCF_000321415_2	sqdX	8
GCF_000321415_2	sqr	2
GCF_000321415_2	sseA	1
GCF_000321415_2	ssuA	12
GCF_000321415_2	ssuB	12
GCF_000321415_2	ssuC	7
GCF_000321415_2	ssuD	3
GCF_000321415_2	ssuE	2
GCF_000321415_2	sudA	4
GCF_000321415_2	sulP	6
GCF_000321415_2	tauA	4
GCF_000321415_2	tauB	6
GCF_000321415_2	tauD	2
GCF_000321415_2	tbuC	1
GCF_000321415_2	tmoC	2
GCF_000321415_2	tpa	1
GCF_000321415_2	tsdA	2
GCF_000321415_2	tsdB	7
GCF_000321415_2	ttrA	2
GCF_000321415_2	ttrB	3
GCF_000321415_2	ttrC	1
GCF_000321415_2	tusA	3
GCF_000321415_2	tusD	1
GCF_000321415_2	tusE	8
GCF_000321415_2	xsc	1
GCF_000378585_1	acuI	3
GCF_000378585_1	aprA	1
GCF_000378585_1	aprB	1
GCF_000378585_1	asrA	1
GCF_000378585_1	betA	7
GCF_000378585_1	betB	4
GCF_000378585_1	comB	1
GCF_000378585_1	cuyA	1
GCF_000378585_1	cysA	8
GCF_000378585_1	cysC	24
GCF_000378585_1	cysD	4
GCF_000378585_1	cysE	4
GCF_000378585_1	cysH	2
GCF_000378585_1	cysJ	6
GCF_000378585_1	cysK	12
GCF_000378585_1	cysM	7
GCF_000378585_1	cysN	9
GCF_000378585_1	cysN_cysC	6
GCF_000378585_1	cysP	3
GCF_000378585_1	cysQ	6
GCF_000378585_1	cysU	8
GCF_000378585_1	cysW	1
GCF_000378585_1	cysZ	3
GCF_000378585_1	dddP	1
GCF_000378585_1	dddT	3
GCF_000378585_1	dmdA	1
GCF_000378585_1	dmdB	1
GCF_000378585_1	dmdC	1
GCF_000378585_1	dmsA	6
GCF_000378585_1	dmsB	1
GCF_000378585_1	dmsC	1
GCF_000378585_1	dsrA	1
GCF_000378585_1	dsrN	1
GCF_000378585_1	dsyB	1
GCF_000378585_1	fccA	2
GCF_000378585_1	fccB	2
GCF_000378585_1	gdh	1
GCF_000378585_1	glpE	20
GCF_000378585_1	hdrA1	1
GCF_000378585_1	hdrB2	1
GCF_000378585_1	hdrC1	1
GCF_000378585_1	hdrD	1
GCF_000378585_1	hpsN	1
GCF_000378585_1	hydD	1
GCF_000378585_1	isfD	2
GCF_000378585_1	mdh	20
GCF_000378585_1	metA	1
GCF_000378585_1	metB	2
GCF_000378585_1	metC	6
GCF_000378585_1	metZ	7
GCF_000378585_1	nrnA	1
GCF_000378585_1	prpE	2
GCF_000378585_1	pta	9
GCF_000378585_1	sat	6
GCF_000378585_1	sgpB	1
GCF_000378585_1	sgpC	1
GCF_000378585_1	shyA	1
GCF_000378585_1	shyC	3
GCF_000378585_1	sir	7
GCF_000378585_1	slcC	2
GCF_000378585_1	soeA	3
GCF_000378585_1	soeB	1
GCF_000378585_1	soeC	2
GCF_000378585_1	sorA	1
GCF_000378585_1	soxA	2
GCF_000378585_1	soxB	2
GCF_000378585_1	soxC	1
GCF_000378585_1	soxD	2
GCF_000378585_1	soxX	3
GCF_000378585_1	soxY	1
GCF_000378585_1	soxZ	1
GCF_000378585_1	sqdX	8
GCF_000378585_1	ssuA	10
GCF_000378585_1	ssuB	19
GCF_000378585_1	ssuC	4
GCF_000378585_1	ssuD	2
GCF_000378585_1	ssuE	2
GCF_000378585_1	sudA	2
GCF_000378585_1	sudB	1
GCF_000378585_1	sulP	3
GCF_000378585_1	tauA	3
GCF_000378585_1	tauB	6
GCF_000378585_1	tauD	4
GCF_000378585_1	tmoC	1
GCF_000378585_1	tsdA	3
GCF_000378585_1	tsdB	2
GCF_000378585_1	ttrB	1
GCF_000378585_1	ttrC	1
GCF_000378585_1	tusA	1
GCF_000378585_1	tusD	4
GCF_000378585_1	tusE	1
GCF_000378585_1	xsc	1
GCF_000378965_1	acuI	5
GCF_000378965_1	aprA	2
GCF_000378965_1	aprB	1
GCF_000378965_1	asrA	2
GCF_000378965_1	asrB	1
GCF_000378965_1	betA	8
GCF_000378965_1	betB	5
GCF_000378965_1	comB	1
GCF_000378965_1	comC	1
GCF_000378965_1	cuyA	2
GCF_000378965_1	cysA	6
GCF_000378965_1	cysC	26
GCF_000378965_1	cysD	6
GCF_000378965_1	cysE	5
GCF_000378965_1	cysH	1
GCF_000378965_1	cysJ	7
GCF_000378965_1	cysK	24
GCF_000378965_1	cysM	16
GCF_000378965_1	cysN	5
GCF_000378965_1	cysN_cysC	8
GCF_000378965_1	cysP	4
GCF_000378965_1	cysQ	9
GCF_000378965_1	cysU	14
GCF_000378965_1	cysZ	3
GCF_000378965_1	dddP	1
GCF_000378965_1	dddT	2
GCF_000378965_1	ddhA	1
GCF_000378965_1	dmdB	3
GCF_000378965_1	dmdC	1
GCF_000378965_1	dmsA	14
GCF_000378965_1	dmsB	2
GCF_000378965_1	dmsC	2
GCF_000378965_1	dsrA	2
GCF_000378965_1	dsrE	1
GCF_000378965_1	dsrF	1
GCF_000378965_1	dsrH	1
GCF_000378965_1	dsrK	1
GCF_000378965_1	dsrL	2
GCF_000378965_1	dsrM	1
GCF_000378965_1	dsrN	1
GCF_000378965_1	dsrO	1
GCF_000378965_1	dsrP	1
GCF_000378965_1	dsyB	2
GCF_000378965_1	fccA	2
GCF_000378965_1	fccB	2
GCF_000378965_1	gdh	5
GCF_000378965_1	glpE	26
GCF_000378965_1	hdrD	1
GCF_000378965_1	hdrE	2
GCF_000378965_1	hpsK	1
GCF_000378965_1	hpsL	1
GCF_000378965_1	hpsM	1
GCF_000378965_1	hpsN	1
GCF_000378965_1	iseK	1
GCF_000378965_1	iseL	1
GCF_000378965_1	iseM	3
GCF_000378965_1	isfD	2
GCF_000378965_1	mddA	1
GCF_000378965_1	mdh	22
GCF_000378965_1	metA	1
GCF_000378965_1	metB	3
GCF_000378965_1	metC	10
GCF_000378965_1	metY	1
GCF_000378965_1	metZ	7
GCF_000378965_1	nrnA	4
GCF_000378965_1	otr	1
GCF_000378965_1	phsA	1
GCF_000378965_1	phsB	1
GCF_000378965_1	phsC	2
GCF_000378965_1	prpE	2
GCF_000378965_1	pta	21
GCF_000378965_1	rdsr	1
GCF_000378965_1	sat	7
GCF_000378965_1	sbp	1
GCF_000378965_1	sfnG	1
GCF_000378965_1	sgpB	1
GCF_000378965_1	sgpC	1
GCF_000378965_1	shyC	1
GCF_000378965_1	sir	4
GCF_000378965_1	slcC	3
GCF_000378965_1	soeA	2
GCF_000378965_1	soeB	1
GCF_000378965_1	soeC	1
GCF_000378965_1	sorA	2
GCF_000378965_1	soxA	4
GCF_000378965_1	soxB	1
GCF_000378965_1	soxC	1
GCF_000378965_1	soxD	1
GCF_000378965_1	soxX	6
GCF_000378965_1	soxY	3
GCF_000378965_1	soxZ	3
GCF_000378965_1	sqdB	1
GCF_000378965_1	sqdX	5
GCF_000378965_1	sqr	1
GCF_000378965_1	sseA	1
GCF_000378965_1	ssuA	13
GCF_000378965_1	ssuB	17
GCF_000378965_1	ssuC	7
GCF_000378965_1	ssuD	5
GCF_000378965_1	ssuE	1
GCF_000378965_1	sudA	2
GCF_000378965_1	sulP	2
GCF_000378965_1	suyA	1
GCF_000378965_1	suyB	1
GCF_000378965_1	tauA	1
GCF_000378965_1	tauB	4
GCF_000378965_1	tauC	2
GCF_000378965_1	tauD	7
GCF_000378965_1	tbuC	2
GCF_000378965_1	tpa	1
GCF_000378965_1	tsdA	5
GCF_000378965_1	tsdB	6
GCF_000378965_1	ttrA	4
GCF_000378965_1	ttrB	1
GCF_000378965_1	ttrC	3
GCF_000378965_1	tusA	7
GCF_000378965_1	tusD	1
GCF_000378965_1	tusE	8
GCF_000378965_1	xsc	3
GCF_000428825_1	acuI	1
GCF_000428825_1	aprA	2
GCF_000428825_1	aprB	1
GCF_000428825_1	asrA	1
GCF_000428825_1	asrC	4
GCF_000428825_1	betA	7
GCF_000428825_1	betB	10
GCF_000428825_1	betC	1
GCF_000428825_1	comB	2
GCF_000428825_1	comE	1
GCF_000428825_1	cuyA	1
GCF_000428825_1	cysA	8
GCF_000428825_1	cysC	16
GCF_000428825_1	cysD	6
GCF_000428825_1	cysE	4
GCF_000428825_1	cysH	1
GCF_000428825_1	cysI	2
GCF_000428825_1	cysJ	8
GCF_000428825_1	cysK	13
GCF_000428825_1	cysM	6
GCF_000428825_1	cysN	7
GCF_000428825_1	cysN_cysC	5
GCF_000428825_1	cysP	3
GCF_000428825_1	cysQ	6
GCF_000428825_1	cysU	8
GCF_000428825_1	cysW	2
GCF_000428825_1	cysZ	2
GCF_000428825_1	dddP	3
GCF_000428825_1	dmdA	1
GCF_000428825_1	dmdB	3
GCF_000428825_1	dmsA	20
GCF_000428825_1	dmsB	6
GCF_000428825_1	dmsC	2
GCF_000428825_1	dsrA	1
GCF_000428825_1	dsrB	3
GCF_000428825_1	dsrC	1
GCF_000428825_1	dsrD	1
GCF_000428825_1	dsrK	4
GCF_000428825_1	dsrM	1
GCF_000428825_1	dsrN	2
GCF_000428825_1	dsrT	1
GCF_000428825_1	dsyB	2
GCF_000428825_1	gdh	2
GCF_000428825_1	glpE	18
GCF_000428825_1	hdrA2	4
GCF_000428825_1	hdrB2	3
GCF_000428825_1	hdrC1	1
GCF_000428825_1	hdrC2	2
GCF_000428825_1	hdrD	4
GCF_000428825_1	hpsK	1
GCF_000428825_1	hpsL	1
GCF_000428825_1	hpsM	1
GCF_000428825_1	hpsN	1
GCF_000428825_1	hpsP	1
GCF_000428825_1	iseK	1
GCF_000428825_1	iseM	5
GCF_000428825_1	isfD	1
GCF_000428825_1	mccB	1
GCF_000428825_1	mddA	1
GCF_000428825_1	mdh	9
GCF_000428825_1	metB	3
GCF_000428825_1	metC	8
GCF_000428825_1	metX	3
GCF_000428825_1	metY	1
GCF_000428825_1	metZ	5
GCF_000428825_1	mtsB	1
GCF_000428825_1	nrnA	6
GCF_000428825_1	otr	3
GCF_000428825_1	phsA	1
GCF_000428825_1	phsC	2
GCF_000428825_1	prpE	5
GCF_000428825_1	psrA	3
GCF_000428825_1	pta	15
GCF_000428825_1	qmoA	1
GCF_000428825_1	qmoB	1
GCF_000428825_1	qmoC	1
GCF_000428825_1	sat	8
GCF_000428825_1	sbp	1
GCF_000428825_1	sgpC	1
GCF_000428825_1	shyA	2
GCF_000428825_1	shyC	1
GCF_000428825_1	sir	2
GCF_000428825_1	slcC	1
GCF_000428825_1	slcD	1
GCF_000428825_1	soxB	2
GCF_000428825_1	soxX	1
GCF_000428825_1	sqdB	2
GCF_000428825_1	sqdX	11
GCF_000428825_1	ssuA	41
GCF_000428825_1	ssuB	10
GCF_000428825_1	ssuC	4
GCF_000428825_1	ssuD	1
GCF_000428825_1	sudA	9
GCF_000428825_1	sudB	2
GCF_000428825_1	sulP	13
GCF_000428825_1	tauA	3
GCF_000428825_1	tauB	6
GCF_000428825_1	tauD	8
GCF_000428825_1	tauE	1
GCF_000428825_1	tauY	1
GCF_000428825_1	tauZ	1
GCF_000428825_1	tsdA	1
GCF_000428825_1	ttrA	1
GCF_000428825_1	ttrB	7
GCF_000428825_1	ttrC	1
GCF_000428825_1	tusA	9
GCF_000428825_1	tusB	1
GCF_000428825_1	tusD	1
GCF_000428825_1	xsc	1
GCF_000485555_1	aprA	1
GCF_000485555_1	betB	1
GCF_000485555_1	betC	1
GCF_000485555_1	cuyA	1
GCF_000485555_1	cysA	1
GCF_000485555_1	cysC	2
GCF_000485555_1	cysE	1
GCF_000485555_1	cysI	1
GCF_000485555_1	cysK	2
GCF_000485555_1	cysN_cysC	2
GCF_000485555_1	cysU	1
GCF_000485555_1	fccB	1
GCF_000485555_1	glpE	1
GCF_000485555_1	mdh	6
GCF_000485555_1	metB	1
GCF_000485555_1	metX	1
GCF_000485555_1	nrnA	5
GCF_000485555_1	pta	1
GCF_000485555_1	sat	1
GCF_000485555_1	sqdX	1
GCF_000485555_1	ssuB	2
GCF_000485555_1	tauB	1
GCF_000621145_1	acuI	2
GCF_000621145_1	aprA	1
GCF_000621145_1	aprB	1
GCF_000621145_1	asrA	1
GCF_000621145_1	asrB	1
GCF_000621145_1	asrC	2
GCF_000621145_1	betA	9
GCF_000621145_1	betB	5
GCF_000621145_1	betC	1
GCF_000621145_1	comB	5
GCF_000621145_1	comE	2
GCF_000621145_1	cuyA	1
GCF_000621145_1	cysA	14
GCF_000621145_1	cysC	32
GCF_000621145_1	cysD	8
GCF_000621145_1	cysE	7
GCF_000621145_1	cysH	3
GCF_000621145_1	cysI	2
GCF_000621145_1	cysJ	9
GCF_000621145_1	cysK	26
GCF_000621145_1	cysM	10
GCF_000621145_1	cysN	6
GCF_000621145_1	cysN_cysC	7
GCF_000621145_1	cysP	1
GCF_000621145_1	cysQ	4
GCF_000621145_1	cysU	9
GCF_000621145_1	cysW	2
GCF_000621145_1	cysZ	1
GCF_000621145_1	dddP	2
GCF_000621145_1	dmdA	1
GCF_000621145_1	dmdB	2
GCF_000621145_1	dmdC	3
GCF_000621145_1	dmdD	1
GCF_000621145_1	dmsA	15
GCF_000621145_1	dmsB	5
GCF_000621145_1	dmsC	1
GCF_000621145_1	dsrA	1
GCF_000621145_1	dsrB	1
GCF_000621145_1	dsrC	1
GCF_000621145_1	dsrD	1
GCF_000621145_1	dsrJ	1
GCF_000621145_1	dsrK	1
GCF_000621145_1	dsrM	1
GCF_000621145_1	dsrN	2
GCF_000621145_1	dsrP	1
GCF_000621145_1	dsrT	1
GCF_000621145_1	dsyB	2
GCF_000621145_1	gdh	2
GCF_000621145_1	glpE	9
GCF_000621145_1	hdrA1	3
GCF_000621145_1	hdrA2	2
GCF_000621145_1	hdrB1	1
GCF_000621145_1	hdrD	5
GCF_000621145_1	hpsN	1
GCF_000621145_1	hydD	3
GCF_000621145_1	isfD	5
GCF_000621145_1	mddA	1
GCF_000621145_1	mdh	17
GCF_000621145_1	metA	1
GCF_000621145_1	metB	3
GCF_000621145_1	metC	11
GCF_000621145_1	metX	5
GCF_000621145_1	metY	1
GCF_000621145_1	metZ	3
GCF_000621145_1	nrnA	6
GCF_000621145_1	otr	1
GCF_000621145_1	phsA	1
GCF_000621145_1	phsC	1
GCF_000621145_1	prpE	2
GCF_000621145_1	pta	12
GCF_000621145_1	qmoA	1
GCF_000621145_1	qmoB	1
GCF_000621145_1	qmoC	2
GCF_000621145_1	sat	6
GCF_000621145_1	sbp	1
GCF_000621145_1	sgpC	1
GCF_000621145_1	shyA	1
GCF_000621145_1	sir	6
GCF_000621145_1	slcC	1
GCF_000621145_1	slcD	1
GCF_000621145_1	soxB	2
GCF_000621145_1	soxX	1
GCF_000621145_1	soxY	4
GCF_000621145_1	soxZ	1
GCF_000621145_1	sqdB	1
GCF_000621145_1	sqdX	8
GCF_000621145_1	ssuA	37
GCF_000621145_1	ssuB	8
GCF_000621145_1	ssuC	4
GCF_000621145_1	ssuD	5
GCF_000621145_1	ssuE	1
GCF_000621145_1	sudA	9
GCF_000621145_1	sudB	1
GCF_000621145_1	sulP	11
GCF_000621145_1	tauA	4
GCF_000621145_1	tauB	6
GCF_000621145_1	tauD	5
GCF_000621145_1	tbuC	1
GCF_000621145_1	tpa	1
GCF_000621145_1	tsdA	2
GCF_000621145_1	ttrA	3
GCF_000621145_1	ttrB	3
GCF_000621145_1	ttrC	1
GCF_000621145_1	tusA	7
GCF_000621145_1	tusB	1
GCF_000621145_1	tusD	1
GCF_000621145_1	tusE	3
GCF_000621145_1	xsc	1
GCF_000737575_1	aprA	1
GCF_000737575_1	asrA	1
GCF_000737575_1	betA	8
GCF_000737575_1	betB	1
GCF_000737575_1	betC	1
GCF_000737575_1	comB	1
GCF_000737575_1	cuyA	1
GCF_000737575_1	cysA	1
GCF_000737575_1	cysC	10
GCF_000737575_1	cysD	1
GCF_000737575_1	cysE	3
GCF_000737575_1	cysH	2
GCF_000737575_1	cysI	1
GCF_000737575_1	cysJ	4
GCF_000737575_1	cysK	14
GCF_000737575_1	cysM	3
GCF_000737575_1	cysN	2
GCF_000737575_1	cysN_cysC	4
GCF_000737575_1	cysP	1
GCF_000737575_1	cysQ	1
GCF_000737575_1	cysU	5
GCF_000737575_1	cysZ	1
GCF_000737575_1	dddP	1
GCF_000737575_1	dddT	1
GCF_000737575_1	dmdA	1
GCF_000737575_1	dmdB	1
GCF_000737575_1	dmsA	4
GCF_000737575_1	dmsB	1
GCF_000737575_1	dmsC	1
GCF_000737575_1	dsrN	1
GCF_000737575_1	fccB	2
GCF_000737575_1	glpE	5
GCF_000737575_1	hpsN	1
GCF_000737575_1	isfD	2
GCF_000737575_1	mccB	1
GCF_000737575_1	mdh	8
GCF_000737575_1	metA	1
GCF_000737575_1	metB	1
GCF_000737575_1	metC	5
GCF_000737575_1	metX	1
GCF_000737575_1	metY	1
GCF_000737575_1	metZ	4
GCF_000737575_1	msmA	2
GCF_000737575_1	nrnA	1
GCF_000737575_1	prpE	1
GCF_000737575_1	pta	7
GCF_000737575_1	qmoA	1
GCF_000737575_1	sat	4
GCF_000737575_1	sbp	1
GCF_000737575_1	sir	3
GCF_000737575_1	slcC	1
GCF_000737575_1	soxB	1
GCF_000737575_1	soxC	1
GCF_000737575_1	soxD	1
GCF_000737575_1	soxZ	1
GCF_000737575_1	sqdB	2
GCF_000737575_1	sqdX	7
GCF_000737575_1	ssuA	1
GCF_000737575_1	ssuB	10
GCF_000737575_1	ssuC	1
GCF_000737575_1	ssuD	1
GCF_000737575_1	ssuE	1
GCF_000737575_1	sudA	3
GCF_000737575_1	sulP	5
GCF_000737575_1	tauA	1
GCF_000737575_1	tauB	3
GCF_000737575_1	tmoF	1
GCF_000737575_1	tpa	1
GCF_000737575_1	tsdA	1
GCF_000737575_1	ttrB	1
GCF_000737575_1	ttrC	1
GCF_000737575_1	tusD	1
GCF_000737575_1	xsc	1
GCF_000739065_1	aprA	1
GCF_000739065_1	asrA	1
GCF_000739065_1	betA	1
GCF_000739065_1	betB	3
GCF_000739065_1	comA	1
GCF_000739065_1	comB	1
GCF_000739065_1	comC	1
GCF_000739065_1	comD	1
GCF_000739065_1	comE	2
GCF_000739065_1	cuyA	1
GCF_000739065_1	cysA	1
GCF_000739065_1	cysC	10
GCF_000739065_1	cysD	1
GCF_000739065_1	cysE	3
GCF_000739065_1	cysH	2
GCF_000739065_1	cysI	2
GCF_000739065_1	cysJ	5
GCF_000739065_1	cysK	3
GCF_000739065_1	cysM	2
GCF_000739065_1	cysN	1
GCF_000739065_1	cysP	1
GCF_000739065_1	cysU	6
GCF_000739065_1	dddW	1
GCF_000739065_1	dmsA	3
GCF_000739065_1	dmsB	2
GCF_000739065_1	dsrA	1
GCF_000739065_1	dsrN	1
GCF_000739065_1	fsr	2
GCF_000739065_1	glpE	4
GCF_000739065_1	hdrA2	2
GCF_000739065_1	hdrB2	1
GCF_000739065_1	hdrC2	1
GCF_000739065_1	hdrD	1
GCF_000739065_1	hydD	5
GCF_000739065_1	mdh	8
GCF_000739065_1	metC	1
GCF_000739065_1	metX	4
GCF_000739065_1	metZ	2
GCF_000739065_1	nrnA	4
GCF_000739065_1	psrA	1
GCF_000739065_1	pta	1
GCF_000739065_1	sat	3
GCF_000739065_1	sbp	2
GCF_000739065_1	sfnG	1
GCF_000739065_1	shyA	2
GCF_000739065_1	slcC	1
GCF_000739065_1	sqdX	3
GCF_000739065_1	ssuB	4
GCF_000739065_1	ssuC	1
GCF_000739065_1	ssuE	2
GCF_000739065_1	sudA	5
GCF_000739065_1	tauA	1
GCF_000739065_1	tauB	1
GCF_000739065_1	tpa	2
GCF_000739065_1	ttrA	1
GCF_000739065_1	tusA	2
GCF_000739065_1	tusD	1
GCF_000739065_1	xsc	2
GCF_000743525_1	acuI	6
GCF_000743525_1	aprA	2
GCF_000743525_1	asrA	1
GCF_000743525_1	betA	4
GCF_000743525_1	betB	2
GCF_000743525_1	cuyA	2
GCF_000743525_1	cysA	5
GCF_000743525_1	cysC	10
GCF_000743525_1	cysD	3
GCF_000743525_1	cysE	6
GCF_000743525_1	cysH	3
GCF_000743525_1	cysI	4
GCF_000743525_1	cysJ	6
GCF_000743525_1	cysK	17
GCF_000743525_1	cysM	2
GCF_000743525_1	cysN	5
GCF_000743525_1	cysN_cysC	4
GCF_000743525_1	cysP	2
GCF_000743525_1	cysQ	1
GCF_000743525_1	cysU	10
GCF_000743525_1	cysW	1
GCF_000743525_1	dddP	1
GCF_000743525_1	ddhA	1
GCF_000743525_1	ddhC	1
GCF_000743525_1	dmsA	11
GCF_000743525_1	dmsB	3
GCF_000743525_1	dmsC	2
GCF_000743525_1	dsrA	1
GCF_000743525_1	dsrB	1
GCF_000743525_1	dsrP	1
GCF_000743525_1	dsyB	5
GCF_000743525_1	gdh	1
GCF_000743525_1	glpE	16
GCF_000743525_1	hdrA1	1
GCF_000743525_1	hdrD	3
GCF_000743525_1	hpsN	1
GCF_000743525_1	iseM	3
GCF_000743525_1	isfD	3
GCF_000743525_1	mdh	13
GCF_000743525_1	metA	1
GCF_000743525_1	metB	1
GCF_000743525_1	metC	13
GCF_000743525_1	metX	1
GCF_000743525_1	metY	2
GCF_000743525_1	metZ	4
GCF_000743525_1	nrnA	5
GCF_000743525_1	phsA	1
GCF_000743525_1	phsB	1
GCF_000743525_1	phsC	1
GCF_000743525_1	prpE	2
GCF_000743525_1	psrA	2
GCF_000743525_1	psrB	1
GCF_000743525_1	psrC	3
GCF_000743525_1	pta	7
GCF_000743525_1	sat	3
GCF_000743525_1	sbp	1
GCF_000743525_1	sgpB	1
GCF_000743525_1	shyA	1
GCF_000743525_1	sir	3
GCF_000743525_1	slcC	3
GCF_000743525_1	sorA	1
GCF_000743525_1	soxA	1
GCF_000743525_1	soxB	1
GCF_000743525_1	soxC	1
GCF_000743525_1	soxD	1
GCF_000743525_1	soxX	2
GCF_000743525_1	soxY	1
GCF_000743525_1	soxZ	1
GCF_000743525_1	sqdB	1
GCF_000743525_1	sqdX	1
GCF_000743525_1	sqr	1
GCF_000743525_1	sseA	1
GCF_000743525_1	ssuA	3
GCF_000743525_1	ssuB	9
GCF_000743525_1	ssuC	1
GCF_000743525_1	ssuD	1
GCF_000743525_1	ssuE	2
GCF_000743525_1	sudA	6
GCF_000743525_1	sulP	10
GCF_000743525_1	tauB	3
GCF_000743525_1	tauD	3
GCF_000743525_1	tauZ	1
GCF_000743525_1	tpa	4
GCF_000743525_1	tsdA	3
GCF_000743525_1	ttrA	1
GCF_000743525_1	ttrB	5
GCF_000743525_1	ttrC	2
GCF_000743525_1	tusA	2
GCF_000743525_1	tusB	1
GCF_000743525_1	tusD	2
GCF_000743525_1	tusE	1
GCF_000743525_1	xsc	1
GCF_000789415_1	acuI	7
GCF_000789415_1	aprA	1
GCF_000789415_1	betA	4
GCF_000789415_1	betB	4
GCF_000789415_1	cuyA	2
GCF_000789415_1	cysA	5
GCF_000789415_1	cysC	13
GCF_000789415_1	cysD	4
GCF_000789415_1	cysE	6
GCF_000789415_1	cysH	3
GCF_000789415_1	cysI	4
GCF_000789415_1	cysJ	4
GCF_000789415_1	cysK	13
GCF_000789415_1	cysM	4
GCF_000789415_1	cysN	3
GCF_000789415_1	cysN_cysC	6
GCF_000789415_1	cysP	2
GCF_000789415_1	cysQ	2
GCF_000789415_1	cysU	11
GCF_000789415_1	cysW	1
GCF_000789415_1	dddP	1
GCF_000789415_1	ddhA	1
GCF_000789415_1	dmdB	1
GCF_000789415_1	dmsA	10
GCF_000789415_1	dmsB	5
GCF_000789415_1	dmsC	1
GCF_000789415_1	dsrA	1
GCF_000789415_1	dsrP	1
GCF_000789415_1	dsyB	3
GCF_000789415_1	gdh	1
GCF_000789415_1	glpE	13
GCF_000789415_1	hdrB2	2
GCF_000789415_1	hdrD	1
GCF_000789415_1	hpsN	1
GCF_000789415_1	iseM	2
GCF_000789415_1	isfD	3
GCF_000789415_1	mdh	11
GCF_000789415_1	metA	1
GCF_000789415_1	metC	12
GCF_000789415_1	metX	1
GCF_000789415_1	metY	3
GCF_000789415_1	metZ	4
GCF_000789415_1	nrnA	5
GCF_000789415_1	phsA	1
GCF_000789415_1	prpE	1
GCF_000789415_1	psrA	3
GCF_000789415_1	psrB	2
GCF_000789415_1	psrC	3
GCF_000789415_1	pta	7
GCF_000789415_1	rdlA	2
GCF_000789415_1	sat	3
GCF_000789415_1	sbp	1
GCF_000789415_1	sgpB	1
GCF_000789415_1	sir	6
GCF_000789415_1	slcC	1
GCF_000789415_1	soxB	2
GCF_000789415_1	soxX	1
GCF_000789415_1	soxY	1
GCF_000789415_1	sqdB	1
GCF_000789415_1	sqdX	2
GCF_000789415_1	sqr	1
GCF_000789415_1	ssuA	4
GCF_000789415_1	ssuB	8
GCF_000789415_1	ssuC	1
GCF_000789415_1	ssuD	3
GCF_000789415_1	ssuE	2
GCF_000789415_1	sudA	8
GCF_000789415_1	sulP	7
GCF_000789415_1	tauB	6
GCF_000789415_1	tauC	1
GCF_000789415_1	tauD	3
GCF_000789415_1	tauZ	1
GCF_000789415_1	tpa	2
GCF_000789415_1	tsdA	2
GCF_000789415_1	tsdB	2
GCF_000789415_1	ttrA	1
GCF_000789415_1	ttrB	5
GCF_000789415_1	ttrC	1
GCF_000789415_1	tusA	3
GCF_000789415_1	tusB	1
GCF_000789415_1	tusD	1
GCF_000789415_1	tusE	1
GCF_000789415_1	xsc	1
GCF_000814005_1	acuI	14
GCF_000814005_1	aprA	1
GCF_000814005_1	asrA	1
GCF_000814005_1	asrC	1
GCF_000814005_1	betA	10
GCF_000814005_1	betB	27
GCF_000814005_1	betC	11
GCF_000814005_1	comB	3
GCF_000814005_1	comC	2
GCF_000814005_1	comD	1
GCF_000814005_1	comE	1
GCF_000814005_1	cuyA	1
GCF_000814005_1	cysA	4
GCF_000814005_1	cysC	31
GCF_000814005_1	cysD	5
GCF_000814005_1	cysE	12
GCF_000814005_1	cysH	5
GCF_000814005_1	cysJ	9
GCF_000814005_1	cysK	21
GCF_000814005_1	cysM	4
GCF_000814005_1	cysN	7
GCF_000814005_1	cysN_cysC	7
GCF_000814005_1	cysP	6
GCF_000814005_1	cysQ	6
GCF_000814005_1	cysU	16
GCF_000814005_1	cysW	2
GCF_000814005_1	dddP	2
GCF_000814005_1	dddQ	1
GCF_000814005_1	dddT	4
GCF_000814005_1	dmdA	3
GCF_000814005_1	dmdB	8
GCF_000814005_1	dmdC	10
GCF_000814005_1	dmdD	3
GCF_000814005_1	dmoA	1
GCF_000814005_1	dmsA	13
GCF_000814005_1	dmsB	2
GCF_000814005_1	dmsC	4
GCF_000814005_1	dsrA	2
GCF_000814005_1	dsrB	1
GCF_000814005_1	dsrN	1
GCF_000814005_1	dsyB	4
GCF_000814005_1	gdh	1
GCF_000814005_1	glpE	17
GCF_000814005_1	hdrA1	1
GCF_000814005_1	hdrD	1
GCF_000814005_1	hpsK	2
GCF_000814005_1	hpsL	3
GCF_000814005_1	hpsM	3
GCF_000814005_1	hpsN	2
GCF_000814005_1	hpsO	1
GCF_000814005_1	hpsP	5
GCF_000814005_1	iseK	2
GCF_000814005_1	iseL	1
GCF_000814005_1	iseM	14
GCF_000814005_1	isfD	4
GCF_000814005_1	mccB	1
GCF_000814005_1	mddA	2
GCF_000814005_1	mdh	21
GCF_000814005_1	metA	1
GCF_000814005_1	metB	5
GCF_000814005_1	metC	25
GCF_000814005_1	metX	1
GCF_000814005_1	metY	2
GCF_000814005_1	metZ	14
GCF_000814005_1	msmA	2
GCF_000814005_1	mtoX	1
GCF_000814005_1	mtsB	1
GCF_000814005_1	nrnA	1
GCF_000814005_1	phsA	1
GCF_000814005_1	prpE	9
GCF_000814005_1	pta	15
GCF_000814005_1	qmoA	1
GCF_000814005_1	sat	4
GCF_000814005_1	sgpB	4
GCF_000814005_1	sgpC	1
GCF_000814005_1	sir	4
GCF_000814005_1	slcC	7
GCF_000814005_1	slcD	2
GCF_000814005_1	soeA	1
GCF_000814005_1	soeB	1
GCF_000814005_1	soeC	1
GCF_000814005_1	sorA	2
GCF_000814005_1	soxB	5
GCF_000814005_1	soxZ	1
GCF_000814005_1	sqdX	5
GCF_000814005_1	sseA	2
GCF_000814005_1	ssuA	8
GCF_000814005_1	ssuB	28
GCF_000814005_1	ssuC	6
GCF_000814005_1	ssuD	8
GCF_000814005_1	ssuE	1
GCF_000814005_1	sudA	7
GCF_000814005_1	sulP	10
GCF_000814005_1	tauA	2
GCF_000814005_1	tauB	5
GCF_000814005_1	tauC	1
GCF_000814005_1	tauD	4
GCF_000814005_1	tauZ	1
GCF_000814005_1	touF	1
GCF_000814005_1	tpa	8
GCF_000814005_1	tsdA	1
GCF_000814005_1	ttrA	4
GCF_000814005_1	ttrB	1
GCF_000814005_1	tusA	6
GCF_000814005_1	tusB	9
GCF_000814005_1	tusD	2
GCF_000814005_1	tusE	1
GCF_000814005_1	xsc	9
GCF_001263175_1	acuI	7
GCF_001263175_1	aprA	1
GCF_001263175_1	asrB	1
GCF_001263175_1	betA	7
GCF_001263175_1	betB	14
GCF_001263175_1	betC	2
GCF_001263175_1	comB	3
GCF_001263175_1	cuyA	1
GCF_001263175_1	cysA	10
GCF_001263175_1	cysC	17
GCF_001263175_1	cysD	7
GCF_001263175_1	cysE	9
GCF_001263175_1	cysI	2
GCF_001263175_1	cysJ	7
GCF_001263175_1	cysK	15
GCF_001263175_1	cysM	8
GCF_001263175_1	cysN	3
GCF_001263175_1	cysN_cysC	8
GCF_001263175_1	cysP	1
GCF_001263175_1	cysQ	4
GCF_001263175_1	cysU	4
GCF_001263175_1	cysW	1
GCF_001263175_1	dddP	1
GCF_001263175_1	dmdA	1
GCF_001263175_1	dmdB	6
GCF_001263175_1	dmdC	10
GCF_001263175_1	dmdD	6
GCF_001263175_1	dmsA	4
GCF_001263175_1	dmsB	2
GCF_001263175_1	dmsC	1
GCF_001263175_1	dsrA	1
GCF_001263175_1	dsrB	1
GCF_001263175_1	fccB	1
GCF_001263175_1	gdh	3
GCF_001263175_1	glpE	9
GCF_001263175_1	hdrD	1
GCF_001263175_1	hpsP	3
GCF_001263175_1	isfD	5
GCF_001263175_1	mccB	1
GCF_001263175_1	mdh	15
GCF_001263175_1	metB	1
GCF_001263175_1	metC	11
GCF_001263175_1	metX	3
GCF_001263175_1	metZ	2
GCF_001263175_1	nrnA	5
GCF_001263175_1	phsA	1
GCF_001263175_1	prpE	1
GCF_001263175_1	pta	14
GCF_001263175_1	sat	3
GCF_001263175_1	shyA	1
GCF_001263175_1	sir	1
GCF_001263175_1	soxB	5
GCF_001263175_1	soxX	2
GCF_001263175_1	soxY	1
GCF_001263175_1	soxZ	1
GCF_001263175_1	sqdB	4
GCF_001263175_1	sqdX	5
GCF_001263175_1	sseA	1
GCF_001263175_1	ssuA	20
GCF_001263175_1	ssuB	9
GCF_001263175_1	ssuC	4
GCF_001263175_1	ssuD	9
GCF_001263175_1	ssuE	1
GCF_001263175_1	sudA	2
GCF_001263175_1	sudB	1
GCF_001263175_1	sulP	7
GCF_001263175_1	tauA	2
GCF_001263175_1	tauB	5
GCF_001263175_1	tauD	8
GCF_001263175_1	tauZ	1
GCF_001263175_1	tsdA	5
GCF_001263175_1	ttrA	3
GCF_001263175_1	ttrB	1
GCF_001263175_1	tusA	4
GCF_001263175_1	tusB	2
GCF_001263175_1	tusD	2
GCF_001263175_1	xsc	2
GCF_001514535_1	aprA	1
GCF_001514535_1	aprB	1
GCF_001514535_1	asrA	1
GCF_001514535_1	asrB	3
GCF_001514535_1	asrC	1
GCF_001514535_1	betA	2
GCF_001514535_1	betB	3
GCF_001514535_1	comB	2
GCF_001514535_1	cuyA	1
GCF_001514535_1	cysA	5
GCF_001514535_1	cysC	13
GCF_001514535_1	cysD	2
GCF_001514535_1	cysE	2
GCF_001514535_1	cysH	2
GCF_001514535_1	cysI	1
GCF_001514535_1	cysJ	6
GCF_001514535_1	cysK	9
GCF_001514535_1	cysM	7
GCF_001514535_1	cysN	1
GCF_001514535_1	cysN_cysC	6
GCF_001514535_1	cysP	1
GCF_001514535_1	cysQ	1
GCF_001514535_1	cysU	5
GCF_001514535_1	cysW	2
GCF_001514535_1	cysZ	1
GCF_001514535_1	dddP	1
GCF_001514535_1	dmdC	2
GCF_001514535_1	dmsA	15
GCF_001514535_1	dmsB	4
GCF_001514535_1	dmsC	1
GCF_001514535_1	dsrA	3
GCF_001514535_1	dsrB	2
GCF_001514535_1	dsrJ	1
GCF_001514535_1	dsrK	3
GCF_001514535_1	dsrM	1
GCF_001514535_1	dsrN	1
GCF_001514535_1	dsrT	1
GCF_001514535_1	gdh	1
GCF_001514535_1	glpE	11
GCF_001514535_1	hdrA1	2
GCF_001514535_1	hdrA2	2
GCF_001514535_1	hdrB1	1
GCF_001514535_1	hdrC1	1
GCF_001514535_1	hdrD	2
GCF_001514535_1	hpsN	1
GCF_001514535_1	hpsP	2
GCF_001514535_1	hydB	1
GCF_001514535_1	hydD	1
GCF_001514535_1	mdh	16
GCF_001514535_1	metC	6
GCF_001514535_1	metX	1
GCF_001514535_1	metZ	3
GCF_001514535_1	nrnA	2
GCF_001514535_1	phsA	2
GCF_001514535_1	phsC	1
GCF_001514535_1	prpE	2
GCF_001514535_1	pta	8
GCF_001514535_1	qmoA	1
GCF_001514535_1	qmoB	1
GCF_001514535_1	qmoC	1
GCF_001514535_1	sat	4
GCF_001514535_1	sbp	1
GCF_001514535_1	sgpB	1
GCF_001514535_1	shyA	3
GCF_001514535_1	shyD	2
GCF_001514535_1	slcC	1
GCF_001514535_1	slcD	1
GCF_001514535_1	soxA	2
GCF_001514535_1	soxX	1
GCF_001514535_1	soxY	3
GCF_001514535_1	sqdB	1
GCF_001514535_1	sqdX	6
GCF_001514535_1	ssuA	13
GCF_001514535_1	ssuB	7
GCF_001514535_1	ssuC	1
GCF_001514535_1	ssuD	1
GCF_001514535_1	ssuE	1
GCF_001514535_1	sudA	2
GCF_001514535_1	sulP	6
GCF_001514535_1	suyA	1
GCF_001514535_1	suyB	1
GCF_001514535_1	tauA	2
GCF_001514535_1	tauB	4
GCF_001514535_1	tauD	3
GCF_001514535_1	tpa	1
GCF_001514535_1	tsdA	1
GCF_001514535_1	ttrA	2
GCF_001514535_1	ttrB	4
GCF_001514535_1	tusA	2
GCF_001514535_1	tusB	1
GCF_001514535_1	tusD	1
GCF_001514535_1	tusE	2
GCF_001514535_1	xsc	1
GCF_001548055_1	acuI	6
GCF_001548055_1	aprA	1
GCF_001548055_1	betA	3
GCF_001548055_1	betB	4
GCF_001548055_1	cuyA	2
GCF_001548055_1	cysA	5
GCF_001548055_1	cysC	11
GCF_001548055_1	cysD	4
GCF_001548055_1	cysE	6
GCF_001548055_1	cysH	4
GCF_001548055_1	cysI	3
GCF_001548055_1	cysJ	3
GCF_001548055_1	cysK	12
GCF_001548055_1	cysM	4
GCF_001548055_1	cysN	3
GCF_001548055_1	cysN_cysC	6
GCF_001548055_1	cysP	2
GCF_001548055_1	cysQ	2
GCF_001548055_1	cysU	11
GCF_001548055_1	dddP	1
GCF_001548055_1	dmdB	1
GCF_001548055_1	dmsA	8
GCF_001548055_1	dmsB	4
GCF_001548055_1	dmsC	1
GCF_001548055_1	dsrA	1
GCF_001548055_1	dsrP	1
GCF_001548055_1	dsyB	1
GCF_001548055_1	gdh	1
GCF_001548055_1	glpE	13
GCF_001548055_1	hdrB2	1
GCF_001548055_1	hdrD	1
GCF_001548055_1	hpsN	1
GCF_001548055_1	iseM	2
GCF_001548055_1	isfD	1
GCF_001548055_1	mdh	11
GCF_001548055_1	metA	1
GCF_001548055_1	metB	1
GCF_001548055_1	metC	16
GCF_001548055_1	metX	1
GCF_001548055_1	metY	3
GCF_001548055_1	metZ	3
GCF_001548055_1	nrnA	5
GCF_001548055_1	phsA	1
GCF_001548055_1	prpE	1
GCF_001548055_1	psrA	2
GCF_001548055_1	psrB	2
GCF_001548055_1	psrC	3
GCF_001548055_1	pta	6
GCF_001548055_1	sat	3
GCF_001548055_1	sbp	1
GCF_001548055_1	sgpB	1
GCF_001548055_1	sir	6
GCF_001548055_1	slcC	1
GCF_001548055_1	soxB	1
GCF_001548055_1	soxX	1
GCF_001548055_1	soxY	1
GCF_001548055_1	sqdB	1
GCF_001548055_1	sqdX	2
GCF_001548055_1	sqr	1
GCF_001548055_1	ssuA	6
GCF_001548055_1	ssuB	8
GCF_001548055_1	ssuC	1
GCF_001548055_1	ssuD	3
GCF_001548055_1	ssuE	1
GCF_001548055_1	sudA	7
GCF_001548055_1	sulP	6
GCF_001548055_1	tauB	6
GCF_001548055_1	tauC	1
GCF_001548055_1	tauD	9
GCF_001548055_1	tauZ	1
GCF_001548055_1	tpa	5
GCF_001548055_1	tsdA	2
GCF_001548055_1	tsdB	2
GCF_001548055_1	ttrA	1
GCF_001548055_1	ttrB	5
GCF_001548055_1	ttrC	2
GCF_001548055_1	tusA	3
GCF_001548055_1	tusB	1
GCF_001548055_1	tusD	1
GCF_001548055_1	tusE	1
GCF_001548055_1	xsc	3
GCF_001655685_1	aprA	2
GCF_001655685_1	aprB	1
GCF_001655685_1	asrA	3
GCF_001655685_1	asrB	1
GCF_001655685_1	asrC	2
GCF_001655685_1	betA	4
GCF_001655685_1	betB	11
GCF_001655685_1	betC	1
GCF_001655685_1	comA	1
GCF_001655685_1	comB	3
GCF_001655685_1	cuyA	1
GCF_001655685_1	cysA	8
GCF_001655685_1	cysC	19
GCF_001655685_1	cysD	3
GCF_001655685_1	cysE	6
GCF_001655685_1	cysH	1
GCF_001655685_1	cysI	1
GCF_001655685_1	cysJ	12
GCF_001655685_1	cysK	21
GCF_001655685_1	cysM	6
GCF_001655685_1	cysN	6
GCF_001655685_1	cysN_cysC	6
GCF_001655685_1	cysP	3
GCF_001655685_1	cysQ	5
GCF_001655685_1	cysU	10
GCF_001655685_1	cysW	1
GCF_001655685_1	dddP	1
GCF_001655685_1	dmdA	2
GCF_001655685_1	dmdB	13
GCF_001655685_1	dmdC	9
GCF_001655685_1	dmdD	3
GCF_001655685_1	dmoA	1
GCF_001655685_1	dmsA	9
GCF_001655685_1	dmsB	4
GCF_001655685_1	dmsC	3
GCF_001655685_1	doxD	1
GCF_001655685_1	dsrA	2
GCF_001655685_1	dsrB	1
GCF_001655685_1	dsrC	1
GCF_001655685_1	dsrK	5
GCF_001655685_1	dsrM	1
GCF_001655685_1	dsrN	2
GCF_001655685_1	dsyB	2
GCF_001655685_1	fccB	1
GCF_001655685_1	gdh	2
GCF_001655685_1	glpE	13
GCF_001655685_1	hdrA1	6
GCF_001655685_1	hdrA2	8
GCF_001655685_1	hdrB1	1
GCF_001655685_1	hdrB2	4
GCF_001655685_1	hdrC1	2
GCF_001655685_1	hdrC2	2
GCF_001655685_1	hdrD	2
GCF_001655685_1	hpsP	3
GCF_001655685_1	hydD	1
GCF_001655685_1	mccB	1
GCF_001655685_1	mdh	18
GCF_001655685_1	metB	3
GCF_001655685_1	metC	6
GCF_001655685_1	metX	1
GCF_001655685_1	metY	4
GCF_001655685_1	metZ	4
GCF_001655685_1	mtsA	2
GCF_001655685_1	mtsB	7
GCF_001655685_1	nrnA	2
GCF_001655685_1	prpE	7
GCF_001655685_1	psrA	1
GCF_001655685_1	pta	11
GCF_001655685_1	qmoA	1
GCF_001655685_1	qmoB	1
GCF_001655685_1	sat	4
GCF_001655685_1	sbp	1
GCF_001655685_1	shyA	1
GCF_001655685_1	shyC	1
GCF_001655685_1	sir	1
GCF_001655685_1	slcC	3
GCF_001655685_1	slcD	1
GCF_001655685_1	soxB	1
GCF_001655685_1	soxC	1
GCF_001655685_1	soxX	1
GCF_001655685_1	sqdX	9
GCF_001655685_1	ssuA	18
GCF_001655685_1	ssuB	5
GCF_001655685_1	ssuC	8
GCF_001655685_1	ssuD	3
GCF_001655685_1	ssuE	3
GCF_001655685_1	sudA	17
GCF_001655685_1	sudB	2
GCF_001655685_1	sulP	8
GCF_001655685_1	suyA	2
GCF_001655685_1	suyB	1
GCF_001655685_1	tauA	2
GCF_001655685_1	tauB	5
GCF_001655685_1	tauC	1
GCF_001655685_1	tauD	3
GCF_001655685_1	tpa	1
GCF_001655685_1	tsdA	1
GCF_001655685_1	ttrA	1
GCF_001655685_1	ttrB	2
GCF_001655685_1	tusA	5
GCF_001655685_1	tusB	2
GCF_001655685_1	tusD	2
GCF_001655685_1	xsc	4
GCF_001902575_1	betA	3
GCF_001902575_1	betB	2
GCF_001902575_1	betC	3
GCF_001902575_1	cuyA	1
GCF_001902575_1	cysC	3
GCF_001902575_1	cysE	3
GCF_001902575_1	cysI	3
GCF_001902575_1	cysJ	1
GCF_001902575_1	cysK	4
GCF_001902575_1	cysM	3
GCF_001902575_1	cysN	1
GCF_001902575_1	cysN_cysC	3
GCF_001902575_1	cysP	3
GCF_001902575_1	cysU	4
GCF_001902575_1	dddP	1
GCF_001902575_1	dmdB	1
GCF_001902575_1	dmsA	1
GCF_001902575_1	dmsC	2
GCF_001902575_1	fccB	1
GCF_001902575_1	glpE	8
GCF_001902575_1	hpsP	1
GCF_001902575_1	isfD	1
GCF_001902575_1	mccB	1
GCF_001902575_1	mdh	7
GCF_001902575_1	metB	1
GCF_001902575_1	metC	3
GCF_001902575_1	metZ	2
GCF_001902575_1	nrnA	4
GCF_001902575_1	pta	1
GCF_001902575_1	sat	4
GCF_001902575_1	sbp	1
GCF_001902575_1	soxB	1
GCF_001902575_1	sqdX	1
GCF_001902575_1	ssuA	1
GCF_001902575_1	ssuB	5
GCF_001902575_1	ssuC	1
GCF_001902575_1	ssuD	2
GCF_001902575_1	sulP	2
GCF_001902575_1	tauB	2
GCF_001902575_1	tauD	2
GCF_001902575_1	tpa	1
GCF_001902575_1	tsdA	1
GCF_001902575_1	tusB	1
GCF_001902575_1	tusD	1
GCF_002000365_1	acuI	5
GCF_002000365_1	aprA	2
GCF_002000365_1	aprB	1
GCF_002000365_1	asrA	2
GCF_002000365_1	asrB	1
GCF_002000365_1	betA	8
GCF_002000365_1	betB	4
GCF_002000365_1	comB	1
GCF_002000365_1	comC	1
GCF_002000365_1	cuyA	3
GCF_002000365_1	cysA	7
GCF_002000365_1	cysC	33
GCF_002000365_1	cysD	5
GCF_002000365_1	cysE	4
GCF_002000365_1	cysH	2
GCF_002000365_1	cysI	2
GCF_002000365_1	cysJ	5
GCF_002000365_1	cysK	23
GCF_002000365_1	cysM	12
GCF_002000365_1	cysN	4
GCF_002000365_1	cysN_cysC	5
GCF_002000365_1	cysP	3
GCF_002000365_1	cysQ	11
GCF_002000365_1	cysU	10
GCF_002000365_1	cysW	1
GCF_002000365_1	cysZ	2
GCF_002000365_1	dddP	1
GCF_002000365_1	dddT	2
GCF_002000365_1	ddhA	1
GCF_002000365_1	ddhB	1
GCF_002000365_1	dmdA	1
GCF_002000365_1	dmdB	3
GCF_002000365_1	dmdC	1
GCF_002000365_1	dmdD	1
GCF_002000365_1	dmsA	10
GCF_002000365_1	dmsB	1
GCF_002000365_1	dmsC	2
GCF_002000365_1	dsrA	3
GCF_002000365_1	dsrB	2
GCF_002000365_1	dsrC	1
GCF_002000365_1	dsrE	1
GCF_002000365_1	dsrF	1
GCF_002000365_1	dsrH	1
GCF_002000365_1	dsrK	2
GCF_002000365_1	dsrL	3
GCF_002000365_1	dsrM	1
GCF_002000365_1	dsrN	1
GCF_002000365_1	dsrO	1
GCF_002000365_1	dsrP	2
GCF_002000365_1	dsyB	2
GCF_002000365_1	fccA	2
GCF_002000365_1	fccB	2
GCF_002000365_1	gdh	2
GCF_002000365_1	glpE	27
GCF_002000365_1	hdrA1	1
GCF_002000365_1	hdrB1	1
GCF_002000365_1	hdrB2	1
GCF_002000365_1	hdrC1	1
GCF_002000365_1	hdrD	1
GCF_002000365_1	hpsK	1
GCF_002000365_1	hpsL	1
GCF_002000365_1	hpsM	1
GCF_002000365_1	hpsN	1
GCF_002000365_1	hydD	1
GCF_002000365_1	iseM	1
GCF_002000365_1	isfD	1
GCF_002000365_1	mddA	1
GCF_002000365_1	mdh	22
GCF_002000365_1	metA	1
GCF_002000365_1	metB	4
GCF_002000365_1	metC	12
GCF_002000365_1	metY	1
GCF_002000365_1	metZ	6
GCF_002000365_1	nrnA	2
GCF_002000365_1	otr	1
GCF_002000365_1	phsA	2
GCF_002000365_1	phsC	1
GCF_002000365_1	prpE	3
GCF_002000365_1	pta	10
GCF_002000365_1	rdsr	1
GCF_002000365_1	sat	7
GCF_002000365_1	sbp	1
GCF_002000365_1	sgpB	2
GCF_002000365_1	sgpC	1
GCF_002000365_1	shyA	2
GCF_002000365_1	shyC	2
GCF_002000365_1	sir	7
GCF_002000365_1	slcC	3
GCF_002000365_1	soeA	2
GCF_002000365_1	soeB	1
GCF_002000365_1	soeC	1
GCF_002000365_1	sorA	1
GCF_002000365_1	soxA	6
GCF_002000365_1	soxB	2
GCF_002000365_1	soxC	1
GCF_002000365_1	soxD	1
GCF_002000365_1	soxX	8
GCF_002000365_1	soxZ	1
GCF_002000365_1	sqdB	1
GCF_002000365_1	sqdX	13
GCF_002000365_1	sseA	2
GCF_002000365_1	ssuA	15
GCF_002000365_1	ssuB	12
GCF_002000365_1	ssuC	2
GCF_002000365_1	ssuD	5
GCF_002000365_1	ssuE	1
GCF_002000365_1	sudA	3
GCF_002000365_1	sulP	6
GCF_002000365_1	suyA	1
GCF_002000365_1	suyB	1
GCF_002000365_1	tauA	4
GCF_002000365_1	tauB	4
GCF_002000365_1	tauD	3
GCF_002000365_1	tbuC	3
GCF_002000365_1	tsdA	4
GCF_002000365_1	tsdB	4
GCF_002000365_1	ttrA	3
GCF_002000365_1	ttrB	1
GCF_002000365_1	ttrC	3
GCF_002000365_1	tusA	5
GCF_002000365_1	tusB	1
GCF_002000365_1	tusD	1
GCF_002000365_1	tusE	7
GCF_002000365_1	xsc	2
GCF_002005145_1	aprA	2
GCF_002005145_1	aprB	1
GCF_002005145_1	asrA	5
GCF_002005145_1	asrB	1
GCF_002005145_1	asrC	3
GCF_002005145_1	betA	8
GCF_002005145_1	betB	7
GCF_002005145_1	comA	1
GCF_002005145_1	comB	8
GCF_002005145_1	comE	1
GCF_002005145_1	cuyA	1
GCF_002005145_1	cuyZ	1
GCF_002005145_1	cysA	11
GCF_002005145_1	cysC	19
GCF_002005145_1	cysD	2
GCF_002005145_1	cysE	10
GCF_002005145_1	cysH	3
GCF_002005145_1	cysI	2
GCF_002005145_1	cysJ	10
GCF_002005145_1	cysK	30
GCF_002005145_1	cysM	6
GCF_002005145_1	cysN	3
GCF_002005145_1	cysN_cysC	4
GCF_002005145_1	cysP	1
GCF_002005145_1	cysQ	2
GCF_002005145_1	cysU	6
GCF_002005145_1	cysW	2
GCF_002005145_1	cysZ	2
GCF_002005145_1	dddP	2
GCF_002005145_1	dddT	1
GCF_002005145_1	dddW	1
GCF_002005145_1	dmdA	1
GCF_002005145_1	dmdB	1
GCF_002005145_1	dmoA	2
GCF_002005145_1	dmsA	10
GCF_002005145_1	dmsB	4
GCF_002005145_1	dmsC	1
GCF_002005145_1	dsrA	2
GCF_002005145_1	dsrB	1
GCF_002005145_1	dsrC	1
GCF_002005145_1	dsrK	3
GCF_002005145_1	dsrM	2
GCF_002005145_1	dsrN	2
GCF_002005145_1	dsrP	1
GCF_002005145_1	dsyB	1
GCF_002005145_1	gdh	1
GCF_002005145_1	glpE	7
GCF_002005145_1	hdrA1	4
GCF_002005145_1	hdrA2	9
GCF_002005145_1	hdrB1	2
GCF_002005145_1	hdrC2	1
GCF_002005145_1	hdrD	3
GCF_002005145_1	hpsK	1
GCF_002005145_1	hpsM	1
GCF_002005145_1	hpsN	1
GCF_002005145_1	iseM	1
GCF_002005145_1	isfD	1
GCF_002005145_1	mccB	3
GCF_002005145_1	mdh	16
GCF_002005145_1	metB	5
GCF_002005145_1	metC	20
GCF_002005145_1	metY	2
GCF_002005145_1	metZ	4
GCF_002005145_1	nrnA	3
GCF_002005145_1	prpE	4
GCF_002005145_1	pta	18
GCF_002005145_1	qmoA	1
GCF_002005145_1	qmoB	1
GCF_002005145_1	sat	5
GCF_002005145_1	shyC	3
GCF_002005145_1	sir	6
GCF_002005145_1	slcD	1
GCF_002005145_1	soxB	1
GCF_002005145_1	soxC	1
GCF_002005145_1	soxX	1
GCF_002005145_1	sqdB	2
GCF_002005145_1	sqdX	5
GCF_002005145_1	sqr	2
GCF_002005145_1	ssuA	11
GCF_002005145_1	ssuB	15
GCF_002005145_1	ssuC	4
GCF_002005145_1	ssuD	3
GCF_002005145_1	ssuE	3
GCF_002005145_1	sudA	13
GCF_002005145_1	sudB	1
GCF_002005145_1	sulP	6
GCF_002005145_1	tauA	2
GCF_002005145_1	tauB	4
GCF_002005145_1	tauC	1
GCF_002005145_1	tauD	7
GCF_002005145_1	tauZ	2
GCF_002005145_1	tsdA	1
GCF_002005145_1	ttrA	2
GCF_002005145_1	ttrB	5
GCF_002005145_1	tusA	3
GCF_002005145_1	tusB	3
GCF_002005145_1	tusD	3
GCF_002005145_1	xsc	4
GCF_002201895_1	aprA	1
GCF_002201895_1	asrA	2
GCF_002201895_1	asrC	1
GCF_002201895_1	betA	2
GCF_002201895_1	betB	1
GCF_002201895_1	comA	1
GCF_002201895_1	comB	1
GCF_002201895_1	comC	1
GCF_002201895_1	comD	1
GCF_002201895_1	comE	3
GCF_002201895_1	cysA	3
GCF_002201895_1	cysC	1
GCF_002201895_1	cysE	1
GCF_002201895_1	cysH	1
GCF_002201895_1	cysI	1
GCF_002201895_1	cysJ	4
GCF_002201895_1	cysK	1
GCF_002201895_1	cysM	1
GCF_002201895_1	cysN	1
GCF_002201895_1	cysQ	1
GCF_002201895_1	cysU	2
GCF_002201895_1	dddP	1
GCF_002201895_1	dddW	1
GCF_002201895_1	dmsB	1
GCF_002201895_1	dsrN	2
GCF_002201895_1	fsr	2
GCF_002201895_1	glpE	4
GCF_002201895_1	hdrA1	3
GCF_002201895_1	hdrA2	1
GCF_002201895_1	hdrB1	1
GCF_002201895_1	hdrC1	1
GCF_002201895_1	hdrD	1
GCF_002201895_1	hydD	4
GCF_002201895_1	mdh	2
GCF_002201895_1	metB	1
GCF_002201895_1	metX	2
GCF_002201895_1	metZ	1
GCF_002201895_1	nrnA	1
GCF_002201895_1	pta	3
GCF_002201895_1	sat	1
GCF_002201895_1	shyA	3
GCF_002201895_1	shyC	1
GCF_002201895_1	sir	1
GCF_002201895_1	slcC	2
GCF_002201895_1	slcD	1
GCF_002201895_1	sqdX	1
GCF_002201895_1	ssuA	1
GCF_002201895_1	ssuB	3
GCF_002201895_1	ssuC	2
GCF_002201895_1	ssuD	1
GCF_002201895_1	ssuE	1
GCF_002201895_1	sudA	2
GCF_002201895_1	tauB	2
GCF_002201895_1	tpa	1
GCF_002201895_1	ttrB	1
GCF_002201895_1	tusA	1
GCF_002201895_1	tusD	1
GCF_002201895_1	xsc	2
GCF_002282715_1	acuI	2
GCF_002282715_1	aprA	1
GCF_002282715_1	asrA	1
GCF_002282715_1	betA	3
GCF_002282715_1	betB	3
GCF_002282715_1	comB	2
GCF_002282715_1	cuyA	1
GCF_002282715_1	cysA	4
GCF_002282715_1	cysC	15
GCF_002282715_1	cysD	1
GCF_002282715_1	cysE	5
GCF_002282715_1	cysH	1
GCF_002282715_1	cysI	2
GCF_002282715_1	cysJ	4
GCF_002282715_1	cysK	15
GCF_002282715_1	cysM	7
GCF_002282715_1	cysN	6
GCF_002282715_1	cysN_cysC	9
GCF_002282715_1	cysP	1
GCF_002282715_1	cysQ	2
GCF_002282715_1	cysU	8
GCF_002282715_1	cysW	2
GCF_002282715_1	cysZ	2
GCF_002282715_1	dddP	1
GCF_002282715_1	dddT	1
GCF_002282715_1	dmsA	9
GCF_002282715_1	dmsB	1
GCF_002282715_1	dmsC	1
GCF_002282715_1	fccA	1
GCF_002282715_1	fccB	2
GCF_002282715_1	glpE	6
GCF_002282715_1	hpsN	1
GCF_002282715_1	hpsP	1
GCF_002282715_1	isfD	2
GCF_002282715_1	mdh	10
GCF_002282715_1	metA	1
GCF_002282715_1	metB	1
GCF_002282715_1	metC	7
GCF_002282715_1	metX	1
GCF_002282715_1	metZ	6
GCF_002282715_1	nrnA	2
GCF_002282715_1	phsA	2
GCF_002282715_1	phsC	1
GCF_002282715_1	prpE	2
GCF_002282715_1	pta	6
GCF_002282715_1	sat	5
GCF_002282715_1	sbp	1
GCF_002282715_1	sgpB	1
GCF_002282715_1	sgpC	1
GCF_002282715_1	sir	5
GCF_002282715_1	slcC	1
GCF_002282715_1	soeA	1
GCF_002282715_1	sorA	1
GCF_002282715_1	soxA	1
GCF_002282715_1	soxB	1
GCF_002282715_1	soxC	3
GCF_002282715_1	soxD	1
GCF_002282715_1	soxL	1
GCF_002282715_1	soxX	3
GCF_002282715_1	soxY	3
GCF_002282715_1	soxZ	1
GCF_002282715_1	sqdX	4
GCF_002282715_1	sqr	4
GCF_002282715_1	sseA	2
GCF_002282715_1	ssuA	8
GCF_002282715_1	ssuB	8
GCF_002282715_1	ssuC	5
GCF_002282715_1	ssuD	2
GCF_002282715_1	ssuE	1
GCF_002282715_1	sudA	2
GCF_002282715_1	sulP	7
GCF_002282715_1	tauA	1
GCF_002282715_1	tauB	7
GCF_002282715_1	tauD	5
GCF_002282715_1	tpa	2
GCF_002282715_1	tsdA	3
GCF_002282715_1	tsdB	6
GCF_002282715_1	ttrA	2
GCF_002282715_1	tusA	2
GCF_002282715_1	tusD	1
GCF_002282715_1	xsc	1
GCF_002797325_1	acuI	4
GCF_002797325_1	aprA	1
GCF_002797325_1	asrA	1
GCF_002797325_1	asrB	1
GCF_002797325_1	asrC	2
GCF_002797325_1	betA	6
GCF_002797325_1	betB	4
GCF_002797325_1	betC	4
GCF_002797325_1	comB	1
GCF_002797325_1	cuyA	1
GCF_002797325_1	cysA	7
GCF_002797325_1	cysC	19
GCF_002797325_1	cysD	5
GCF_002797325_1	cysE	11
GCF_002797325_1	cysH	1
GCF_002797325_1	cysI	4
GCF_002797325_1	cysJ	7
GCF_002797325_1	cysK	23
GCF_002797325_1	cysM	9
GCF_002797325_1	cysN	6
GCF_002797325_1	cysN_cysC	7
GCF_002797325_1	cysP	4
GCF_002797325_1	cysQ	6
GCF_002797325_1	cysU	13
GCF_002797325_1	cysW	2
GCF_002797325_1	cysZ	2
GCF_002797325_1	dddP	2
GCF_002797325_1	dddT	5
GCF_002797325_1	dmdA	1
GCF_002797325_1	dmdB	4
GCF_002797325_1	dmdC	6
GCF_002797325_1	dmdD	1
GCF_002797325_1	dmsA	3
GCF_002797325_1	dmsC	3
GCF_002797325_1	dsrA	1
GCF_002797325_1	dsrB	1
GCF_002797325_1	dsrM	1
GCF_002797325_1	dsrP	1
GCF_002797325_1	gdh	3
GCF_002797325_1	glpE	19
GCF_002797325_1	hdrA2	2
GCF_002797325_1	hdrD	1
GCF_002797325_1	hpsP	1
GCF_002797325_1	isfD	4
GCF_002797325_1	mccB	2
GCF_002797325_1	mdh	21
GCF_002797325_1	metA	1
GCF_002797325_1	metB	7
GCF_002797325_1	metC	12
GCF_002797325_1	metX	1
GCF_002797325_1	metY	2
GCF_002797325_1	metZ	4
GCF_002797325_1	nrnA	6
GCF_002797325_1	phsC	1
GCF_002797325_1	prpE	4
GCF_002797325_1	pta	14
GCF_002797325_1	qmoB	1
GCF_002797325_1	rdsr	1
GCF_002797325_1	sat	8
GCF_002797325_1	sgpB	1
GCF_002797325_1	sgpC	1
GCF_002797325_1	sir	3
GCF_002797325_1	slcC	2
GCF_002797325_1	soeA	1
GCF_002797325_1	soxA	3
GCF_002797325_1	soxB	1
GCF_002797325_1	soxX	3
GCF_002797325_1	soxY	1
GCF_002797325_1	sqdX	4
GCF_002797325_1	sqr	1
GCF_002797325_1	sseA	4
GCF_002797325_1	ssuA	3
GCF_002797325_1	ssuB	8
GCF_002797325_1	ssuC	8
GCF_002797325_1	ssuD	3
GCF_002797325_1	ssuE	1
GCF_002797325_1	sudA	6
GCF_002797325_1	sulP	7
GCF_002797325_1	tauA	3
GCF_002797325_1	tauB	10
GCF_002797325_1	tauD	3
GCF_002797325_1	tauE	1
GCF_002797325_1	tbuC	1
GCF_002797325_1	toa	1
GCF_002797325_1	tpa	4
GCF_002797325_1	tsdA	1
GCF_002797325_1	ttrA	3
GCF_002797325_1	ttrB	1
GCF_002797325_1	tusA	6
GCF_002797325_1	tusB	2
GCF_002797325_1	tusD	2
GCF_002797325_1	xsc	3
GCF_002813775_1	acuI	4
GCF_002813775_1	aprA	2
GCF_002813775_1	aprB	1
GCF_002813775_1	asrA	1
GCF_002813775_1	asrB	1
GCF_002813775_1	betA	12
GCF_002813775_1	betB	12
GCF_002813775_1	betC	9
GCF_002813775_1	comB	3
GCF_002813775_1	cuyA	2
GCF_002813775_1	cysA	14
GCF_002813775_1	cysC	44
GCF_002813775_1	cysD	20
GCF_002813775_1	cysE	15
GCF_002813775_1	cysH	5
GCF_002813775_1	cysI	9
GCF_002813775_1	cysJ	8
GCF_002813775_1	cysK	36
GCF_002813775_1	cysM	7
GCF_002813775_1	cysN	9
GCF_002813775_1	cysN_cysC	10
GCF_002813775_1	cysP	2
GCF_002813775_1	cysQ	6
GCF_002813775_1	cysU	15
GCF_002813775_1	cysW	1
GCF_002813775_1	cysZ	3
GCF_002813775_1	dddP	1
GCF_002813775_1	dddW	1
GCF_002813775_1	dmdA	1
GCF_002813775_1	dmdB	3
GCF_002813775_1	dmdC	2
GCF_002813775_1	dmsA	14
GCF_002813775_1	dmsB	3
GCF_002813775_1	dmsC	6
GCF_002813775_1	dsrA	3
GCF_002813775_1	dsrC	1
GCF_002813775_1	dsrE	1
GCF_002813775_1	dsrF	1
GCF_002813775_1	dsrH	1
GCF_002813775_1	dsrK	3
GCF_002813775_1	dsrL	1
GCF_002813775_1	dsrM	1
GCF_002813775_1	dsrN	2
GCF_002813775_1	dsyB	1
GCF_002813775_1	gdh	2
GCF_002813775_1	glpE	20
GCF_002813775_1	hdrA2	1
GCF_002813775_1	hdrB1	1
GCF_002813775_1	hdrC2	1
GCF_002813775_1	hpsK	1
GCF_002813775_1	hpsP	1
GCF_002813775_1	hydD	2
GCF_002813775_1	iseM	2
GCF_002813775_1	isfD	4
GCF_002813775_1	mdh	21
GCF_002813775_1	metA	2
GCF_002813775_1	metB	7
GCF_002813775_1	metC	19
GCF_002813775_1	metX	1
GCF_002813775_1	metY	1
GCF_002813775_1	metZ	12
GCF_002813775_1	mtsB	2
GCF_002813775_1	nrnA	2
GCF_002813775_1	otr	2
GCF_002813775_1	phsC	4
GCF_002813775_1	prpE	5
GCF_002813775_1	pta	43
GCF_002813775_1	qmoA	1
GCF_002813775_1	qmoB	2
GCF_002813775_1	sat	15
GCF_002813775_1	sbp	1
GCF_002813775_1	sgpB	2
GCF_002813775_1	sgpC	1
GCF_002813775_1	shyA	4
GCF_002813775_1	sir	14
GCF_002813775_1	slcC	2
GCF_002813775_1	soeA	1
GCF_002813775_1	soeB	1
GCF_002813775_1	soeC	1
GCF_002813775_1	soxA	3
GCF_002813775_1	soxB	2
GCF_002813775_1	soxC	1
GCF_002813775_1	soxX	1
GCF_002813775_1	soxY	3
GCF_002813775_1	soxZ	2
GCF_002813775_1	sqdB	2
GCF_002813775_1	sqdX	30
GCF_002813775_1	sqr	3
GCF_002813775_1	ssuA	17
GCF_002813775_1	ssuB	22
GCF_002813775_1	ssuC	8
GCF_002813775_1	ssuD	14
GCF_002813775_1	ssuE	1
GCF_002813775_1	sudA	8
GCF_002813775_1	sulP	12
GCF_002813775_1	tauA	1
GCF_002813775_1	tauB	4
GCF_002813775_1	tauD	6
GCF_002813775_1	tbuC	2
GCF_002813775_1	tmoC	1
GCF_002813775_1	tsdA	1
GCF_002813775_1	tsdB	3
GCF_002813775_1	ttrA	3
GCF_002813775_1	ttrC	3
GCF_002813775_1	tusA	3
GCF_002813775_1	tusC	1
GCF_002813775_1	tusD	2
GCF_002813775_1	tusE	1
GCF_002813775_1	xsc	7
GCF_003336745_1	acuI	2
GCF_003336745_1	aprA	1
GCF_003336745_1	betA	5
GCF_003336745_1	betB	5
GCF_003336745_1	comB	4
GCF_003336745_1	cysA	6
GCF_003336745_1	cysC	13
GCF_003336745_1	cysD	1
GCF_003336745_1	cysE	5
GCF_003336745_1	cysH	3
GCF_003336745_1	cysI	2
GCF_003336745_1	cysJ	3
GCF_003336745_1	cysK	11
GCF_003336745_1	cysM	5
GCF_003336745_1	cysN	2
GCF_003336745_1	cysN_cysC	4
GCF_003336745_1	cysP	2
GCF_003336745_1	cysQ	3
GCF_003336745_1	cysU	8
GCF_003336745_1	cysW	1
GCF_003336745_1	cysZ	2
GCF_003336745_1	dddP	1
GCF_003336745_1	dmdA	1
GCF_003336745_1	dmdB	2
GCF_003336745_1	dmdC	7
GCF_003336745_1	dmdD	1
GCF_003336745_1	dmsA	2
GCF_003336745_1	dmsC	2
GCF_003336745_1	dsrA	2
GCF_003336745_1	dsrB	1
GCF_003336745_1	dsrN	1
GCF_003336745_1	dsrO	1
GCF_003336745_1	fccB	2
GCF_003336745_1	gdh	2
GCF_003336745_1	glpE	9
GCF_003336745_1	hdrC2	1
GCF_003336745_1	hdrD	2
GCF_003336745_1	hpsL	1
GCF_003336745_1	hpsN	1
GCF_003336745_1	hpsP	3
GCF_003336745_1	iseM	2
GCF_003336745_1	isfD	5
GCF_003336745_1	mdh	12
GCF_003336745_1	metA	2
GCF_003336745_1	metB	2
GCF_003336745_1	metC	8
GCF_003336745_1	metX	2
GCF_003336745_1	metY	1
GCF_003336745_1	metZ	3
GCF_003336745_1	nrnA	2
GCF_003336745_1	prpE	4
GCF_003336745_1	pta	5
GCF_003336745_1	sat	6
GCF_003336745_1	sir	2
GCF_003336745_1	slcC	2
GCF_003336745_1	sorA	1
GCF_003336745_1	sorB	3
GCF_003336745_1	soxA	3
GCF_003336745_1	soxB	3
GCF_003336745_1	soxC	2
GCF_003336745_1	soxD	1
GCF_003336745_1	soxX	2
GCF_003336745_1	soxY	2
GCF_003336745_1	soxZ	1
GCF_003336745_1	sqdX	3
GCF_003336745_1	sqr	1
GCF_003336745_1	sseA	1
GCF_003336745_1	ssuA	1
GCF_003336745_1	ssuB	7
GCF_003336745_1	ssuC	6
GCF_003336745_1	ssuD	3
GCF_003336745_1	sudA	3
GCF_003336745_1	sulP	3
GCF_003336745_1	tauA	1
GCF_003336745_1	tauB	4
GCF_003336745_1	tauD	3
GCF_003336745_1	tmoC	1
GCF_003336745_1	toa	1
GCF_003336745_1	tpa	2
GCF_003336745_1	tsdA	2
GCF_003336745_1	ttrA	1
GCF_003336745_1	ttrB	4
GCF_003336745_1	tusB	2
GCF_003336745_1	tusD	1
GCF_003336745_1	xsc	1
GCF_003611275_1	acuI	9
GCF_003611275_1	aprA	1
GCF_003611275_1	asrA	2
GCF_003611275_1	asrC	1
GCF_003611275_1	betA	10
GCF_003611275_1	betB	18
GCF_003611275_1	betC	2
GCF_003611275_1	comB	3
GCF_003611275_1	comC	1
GCF_003611275_1	cuyA	2
GCF_003611275_1	cysA	5
GCF_003611275_1	cysC	26
GCF_003611275_1	cysD	5
GCF_003611275_1	cysE	8
GCF_003611275_1	cysH	2
GCF_003611275_1	cysI	2
GCF_003611275_1	cysJ	9
GCF_003611275_1	cysK	23
GCF_003611275_1	cysM	6
GCF_003611275_1	cysN	9
GCF_003611275_1	cysN_cysC	8
GCF_003611275_1	cysP	9
GCF_003611275_1	cysQ	4
GCF_003611275_1	cysU	8
GCF_003611275_1	cysW	3
GCF_003611275_1	cysZ	2
GCF_003611275_1	dddP	1
GCF_003611275_1	dddT	2
GCF_003611275_1	dmdA	2
GCF_003611275_1	dmdB	8
GCF_003611275_1	dmdC	11
GCF_003611275_1	dmdD	5
GCF_003611275_1	dmoA	1
GCF_003611275_1	dmsA	11
GCF_003611275_1	dmsC	4
GCF_003611275_1	dsrA	2
GCF_003611275_1	dsrB	1
GCF_003611275_1	dsrM	1
GCF_003611275_1	dsrN	1
GCF_003611275_1	dsyB	3
GCF_003611275_1	fccB	1
GCF_003611275_1	gdh	1
GCF_003611275_1	glpE	6
GCF_003611275_1	hdrA2	1
GCF_003611275_1	hdrD	1
GCF_003611275_1	hpsK	4
GCF_003611275_1	hpsL	2
GCF_003611275_1	hpsM	2
GCF_003611275_1	hpsN	2
GCF_003611275_1	hpsO	1
GCF_003611275_1	hpsP	2
GCF_003611275_1	iseK	1
GCF_003611275_1	iseM	15
GCF_003611275_1	isfD	5
GCF_003611275_1	mdh	33
GCF_003611275_1	metA	1
GCF_003611275_1	metB	3
GCF_003611275_1	metC	8
GCF_003611275_1	metX	2
GCF_003611275_1	metY	1
GCF_003611275_1	metZ	11
GCF_003611275_1	msmA	3
GCF_003611275_1	mtsB	1
GCF_003611275_1	nrnA	4
GCF_003611275_1	prpE	7
GCF_003611275_1	pta	11
GCF_003611275_1	qmoA	2
GCF_003611275_1	sat	4
GCF_003611275_1	sgpB	3
GCF_003611275_1	sgpC	1
GCF_003611275_1	sir	2
GCF_003611275_1	slcC	6
GCF_003611275_1	slcD	2
GCF_003611275_1	soeA	1
GCF_003611275_1	soeB	1
GCF_003611275_1	soeC	1
GCF_003611275_1	sorA	1
GCF_003611275_1	soxA	1
GCF_003611275_1	soxB	3
GCF_003611275_1	soxC	1
GCF_003611275_1	soxD	2
GCF_003611275_1	soxX	3
GCF_003611275_1	soxY	2
GCF_003611275_1	soxZ	2
GCF_003611275_1	sqdX	3
GCF_003611275_1	sseA	1
GCF_003611275_1	ssuA	7
GCF_003611275_1	ssuB	18
GCF_003611275_1	ssuC	6
GCF_003611275_1	ssuD	7
GCF_003611275_1	ssuE	1
GCF_003611275_1	sudA	3
GCF_003611275_1	sulP	10
GCF_003611275_1	suyA	2
GCF_003611275_1	tauA	1
GCF_003611275_1	tauB	4
GCF_003611275_1	tauC	1
GCF_003611275_1	tauD	14
GCF_003611275_1	tauY	1
GCF_003611275_1	tbuC	2
GCF_003611275_1	tpa	11
GCF_003611275_1	tsdA	4
GCF_003611275_1	ttrA	5
GCF_003611275_1	ttrB	1
GCF_003611275_1	ttrC	1
GCF_003611275_1	tusA	4
GCF_003611275_1	tusB	4
GCF_003611275_1	tusD	1
GCF_003611275_1	tusE	2
GCF_003611275_1	xsc	5
GCF_003664005_1	acuI	2
GCF_003664005_1	asrA	3
GCF_003664005_1	asrC	1
GCF_003664005_1	betA	4
GCF_003664005_1	betB	4
GCF_003664005_1	comD	1
GCF_003664005_1	cuyA	1
GCF_003664005_1	cysA	5
GCF_003664005_1	cysC	5
GCF_003664005_1	cysD	1
GCF_003664005_1	cysE	5
GCF_003664005_1	cysH	3
GCF_003664005_1	cysI	1
GCF_003664005_1	cysJ	5
GCF_003664005_1	cysK	5
GCF_003664005_1	cysM	5
GCF_003664005_1	cysN	3
GCF_003664005_1	cysN_cysC	4
GCF_003664005_1	cysP	1
GCF_003664005_1	cysQ	4
GCF_003664005_1	cysU	1
GCF_003664005_1	cysW	2
GCF_003664005_1	dddP	1
GCF_003664005_1	dmdA	1
GCF_003664005_1	dmsA	8
GCF_003664005_1	dmsC	1
GCF_003664005_1	dsrA	2
GCF_003664005_1	dsrF	1
GCF_003664005_1	dsrK	1
GCF_003664005_1	dsyB	3
GCF_003664005_1	fccB	2
GCF_003664005_1	glpE	2
GCF_003664005_1	hdrA1	1
GCF_003664005_1	hdrB1	1
GCF_003664005_1	hdrB2	1
GCF_003664005_1	hdrC1	1
GCF_003664005_1	hdrC2	1
GCF_003664005_1	hdrD	1
GCF_003664005_1	hpsN	1
GCF_003664005_1	isfD	1
GCF_003664005_1	mccB	1
GCF_003664005_1	mdh	10
GCF_003664005_1	metC	5
GCF_003664005_1	metY	1
GCF_003664005_1	metZ	1
GCF_003664005_1	nrnA	3
GCF_003664005_1	phsC	2
GCF_003664005_1	prpE	1
GCF_003664005_1	pta	5
GCF_003664005_1	sat	3
GCF_003664005_1	sgpB	1
GCF_003664005_1	shyA	3
GCF_003664005_1	shyC	1
GCF_003664005_1	shyD	1
GCF_003664005_1	sir	5
GCF_003664005_1	slcC	1
GCF_003664005_1	soxA	1
GCF_003664005_1	soxB	1
GCF_003664005_1	soxX	2
GCF_003664005_1	soxY	1
GCF_003664005_1	soxZ	1
GCF_003664005_1	sqdX	3
GCF_003664005_1	sqr	1
GCF_003664005_1	sreA	1
GCF_003664005_1	sreB	1
GCF_003664005_1	sreC	1
GCF_003664005_1	sseA	1
GCF_003664005_1	ssuA	7
GCF_003664005_1	ssuB	7
GCF_003664005_1	ssuC	2
GCF_003664005_1	ssuD	1
GCF_003664005_1	sudA	4
GCF_003664005_1	sudB	1
GCF_003664005_1	sulP	3
GCF_003664005_1	tauB	3
GCF_003664005_1	tpa	1
GCF_003664005_1	tsdA	3
GCF_003664005_1	ttrA	1
GCF_003664005_1	ttrB	4
GCF_003664005_1	tusA	4
GCF_003664005_1	tusB	2
GCF_003664005_1	tusD	2
GCF_003664005_1	tusE	1
GCF_003664005_1	xsc	1
GCF_010378095_2	acuI	1
GCF_010378095_2	aprA	2
GCF_010378095_2	asrA	2
GCF_010378095_2	asrC	1
GCF_010378095_2	betA	6
GCF_010378095_2	betB	4
GCF_010378095_2	comB	1
GCF_010378095_2	cuyA	1
GCF_010378095_2	cysA	1
GCF_010378095_2	cysC	21
GCF_010378095_2	cysD	6
GCF_010378095_2	cysE	10
GCF_010378095_2	cysH	4
GCF_010378095_2	cysI	2
GCF_010378095_2	cysJ	6
GCF_010378095_2	cysK	17
GCF_010378095_2	cysM	9
GCF_010378095_2	cysN	4
GCF_010378095_2	cysN_cysC	7
GCF_010378095_2	cysP	1
GCF_010378095_2	cysQ	2
GCF_010378095_2	cysU	8
GCF_010378095_2	cysZ	2
GCF_010378095_2	dddP	1
GCF_010378095_2	dmdA	1
GCF_010378095_2	dmdC	1
GCF_010378095_2	dmoA	1
GCF_010378095_2	dmsA	6
GCF_010378095_2	dmsB	1
GCF_010378095_2	dmsC	4
GCF_010378095_2	doxD	1
GCF_010378095_2	dsrA	1
GCF_010378095_2	dsyB	1
GCF_010378095_2	fccB	1
GCF_010378095_2	glpE	21
GCF_010378095_2	hdrA1	1
GCF_010378095_2	hdrB1	2
GCF_010378095_2	hdrB2	1
GCF_010378095_2	hdrC1	1
GCF_010378095_2	hpsN	1
GCF_010378095_2	hpsP	1
GCF_010378095_2	isfD	3
GCF_010378095_2	mdh	18
GCF_010378095_2	metB	3
GCF_010378095_2	metC	5
GCF_010378095_2	metX	3
GCF_010378095_2	metY	1
GCF_010378095_2	metZ	11
GCF_010378095_2	msmA	1
GCF_010378095_2	nrnA	2
GCF_010378095_2	prpE	2
GCF_010378095_2	pta	13
GCF_010378095_2	sat	6
GCF_010378095_2	sbp	1
GCF_010378095_2	sgpB	2
GCF_010378095_2	sgpC	1
GCF_010378095_2	sir	1
GCF_010378095_2	slcC	1
GCF_010378095_2	soeA	2
GCF_010378095_2	soeC	1
GCF_010378095_2	sor	1
GCF_010378095_2	soxB	1
GCF_010378095_2	soxC	1
GCF_010378095_2	soxX	1
GCF_010378095_2	soxY	2
GCF_010378095_2	soxZ	2
GCF_010378095_2	sqdB	1
GCF_010378095_2	sqdX	13
GCF_010378095_2	sqr	2
GCF_010378095_2	ssuA	17
GCF_010378095_2	ssuB	9
GCF_010378095_2	ssuC	5
GCF_010378095_2	ssuD	3
GCF_010378095_2	ssuE	2
GCF_010378095_2	sudA	7
GCF_010378095_2	sulP	6
GCF_010378095_2	tauB	9
GCF_010378095_2	tauD	3
GCF_010378095_2	tbuC	2
GCF_010378095_2	tetH	1
GCF_010378095_2	tmoC	1
GCF_010378095_2	tpa	4
GCF_010378095_2	tsdA	2
GCF_010378095_2	tsdB	3
GCF_010378095_2	ttrA	1
GCF_010378095_2	ttrC	1
GCF_010378095_2	tusA	4
GCF_010378095_2	tusE	2
GCF_010378095_2	xsc	1
GCF_012027645_1	aprA	1
GCF_012027645_1	asrC	2
GCF_012027645_1	betA	2
GCF_012027645_1	betB	3
GCF_012027645_1	comE	1
GCF_012027645_1	cysA	2
GCF_012027645_1	cysC	10
GCF_012027645_1	cysE	5
GCF_012027645_1	cysH	1
GCF_012027645_1	cysI	1
GCF_012027645_1	cysJ	7
GCF_012027645_1	cysK	6
GCF_012027645_1	cysM	2
GCF_012027645_1	cysN_cysC	1
GCF_012027645_1	cysP	2
GCF_012027645_1	cysQ	1
GCF_012027645_1	cysU	4
GCF_012027645_1	cysW	1
GCF_012027645_1	dddP	1
GCF_012027645_1	dmdA	1
GCF_012027645_1	dmsA	1
GCF_012027645_1	dmsB	1
GCF_012027645_1	dmsC	1
GCF_012027645_1	dsrB	1
GCF_012027645_1	dsyB	1
GCF_012027645_1	gdh	1
GCF_012027645_1	glpE	10
GCF_012027645_1	hdrA2	1
GCF_012027645_1	hpsP	1
GCF_012027645_1	hydA	1
GCF_012027645_1	hydB	1
GCF_012027645_1	hydD	1
GCF_012027645_1	hydG	1
GCF_012027645_1	mdh	7
GCF_012027645_1	metB	2
GCF_012027645_1	metX	1
GCF_012027645_1	metY	1
GCF_012027645_1	metZ	2
GCF_012027645_1	nrnA	2
GCF_012027645_1	pta	5
GCF_012027645_1	sat	4
GCF_012027645_1	shyA	1
GCF_012027645_1	shyB	1
GCF_012027645_1	shyC	2
GCF_012027645_1	shyD	1
GCF_012027645_1	sir	1
GCF_012027645_1	slcC	1
GCF_012027645_1	soxC	1
GCF_012027645_1	soxZ	1
GCF_012027645_1	sqdB	1
GCF_012027645_1	sqdX	6
GCF_012027645_1	ssuB	2
GCF_012027645_1	ssuC	1
GCF_012027645_1	sudA	4
GCF_012027645_1	sudB	2
GCF_012027645_1	sulP	1
GCF_012027645_1	suyA	1
GCF_012027645_1	tauA	1
GCF_012027645_1	tauB	1
GCF_012027645_1	tauD	1
GCF_012027645_1	tpa	2
GCF_012027645_1	ttrA	1
GCF_012027645_1	ttrB	1
GCF_013032455_1	acuI	13
GCF_013032455_1	asrA	3
GCF_013032455_1	asrB	1
GCF_013032455_1	asrC	1
GCF_013032455_1	betA	9
GCF_013032455_1	betB	26
GCF_013032455_1	betC	10
GCF_013032455_1	comB	2
GCF_013032455_1	comC	2
GCF_013032455_1	comD	2
GCF_013032455_1	comE	2
GCF_013032455_1	cuyA	1
GCF_013032455_1	cysA	5
GCF_013032455_1	cysC	27
GCF_013032455_1	cysD	5
GCF_013032455_1	cysE	12
GCF_013032455_1	cysH	4
GCF_013032455_1	cysJ	7
GCF_013032455_1	cysK	19
GCF_013032455_1	cysM	8
GCF_013032455_1	cysN	5
GCF_013032455_1	cysN_cysC	9
GCF_013032455_1	cysP	4
GCF_013032455_1	cysQ	5
GCF_013032455_1	cysU	8
GCF_013032455_1	cysW	5
GCF_013032455_1	dddP	4
GCF_013032455_1	dddQ	1
GCF_013032455_1	dddT	3
GCF_013032455_1	dmdA	2
GCF_013032455_1	dmdB	6
GCF_013032455_1	dmdC	7
GCF_013032455_1	dmdD	2
GCF_013032455_1	dmoA	1
GCF_013032455_1	dmsA	14
GCF_013032455_1	dmsC	5
GCF_013032455_1	dsrA	3
GCF_013032455_1	dsrB	1
GCF_013032455_1	dsrN	1
GCF_013032455_1	dsyB	3
GCF_013032455_1	fccA	1
GCF_013032455_1	gdh	2
GCF_013032455_1	glpE	8
GCF_013032455_1	hdrA1	1
GCF_013032455_1	hdrD	1
GCF_013032455_1	hpsK	2
GCF_013032455_1	hpsL	1
GCF_013032455_1	hpsM	6
GCF_013032455_1	hpsN	3
GCF_013032455_1	hpsO	1
GCF_013032455_1	hpsP	9
GCF_013032455_1	iseK	1
GCF_013032455_1	iseL	1
GCF_013032455_1	iseM	11
GCF_013032455_1	isfD	8
GCF_013032455_1	mdh	21
GCF_013032455_1	metA	1
GCF_013032455_1	metB	2
GCF_013032455_1	metC	24
GCF_013032455_1	metX	1
GCF_013032455_1	metY	2
GCF_013032455_1	metZ	13
GCF_013032455_1	msmA	2
GCF_013032455_1	mtsB	1
GCF_013032455_1	nrnA	3
GCF_013032455_1	phsA	1
GCF_013032455_1	prpE	10
GCF_013032455_1	pta	20
GCF_013032455_1	qmoA	1
GCF_013032455_1	sat	5
GCF_013032455_1	sgpB	3
GCF_013032455_1	sgpC	1
GCF_013032455_1	sir	3
GCF_013032455_1	slcC	7
GCF_013032455_1	slcD	4
GCF_013032455_1	soeA	1
GCF_013032455_1	soeB	1
GCF_013032455_1	soeC	1
GCF_013032455_1	soxB	5
GCF_013032455_1	soxC	2
GCF_013032455_1	soxX	1
GCF_013032455_1	sqdB	1
GCF_013032455_1	sqdX	9
GCF_013032455_1	sqr	1
GCF_013032455_1	sseA	1
GCF_013032455_1	ssuA	6
GCF_013032455_1	ssuB	27
GCF_013032455_1	ssuC	6
GCF_013032455_1	ssuD	11
GCF_013032455_1	ssuE	2
GCF_013032455_1	sudA	9
GCF_013032455_1	sulP	9
GCF_013032455_1	tauB	5
GCF_013032455_1	tauZ	1
GCF_013032455_1	tbuC	1
GCF_013032455_1	tpa	9
GCF_013032455_1	tsdA	2
GCF_013032455_1	ttrA	6
GCF_013032455_1	ttrB	1
GCF_013032455_1	tusA	3
GCF_013032455_1	tusB	7
GCF_013032455_1	tusD	2
GCF_013032455_1	tusE	1
GCF_013032455_1	xsc	8
GCF_013282155_1	acuI	10
GCF_013282155_1	aprA	1
GCF_013282155_1	asrA	1
GCF_013282155_1	asrB	1
GCF_013282155_1	asrC	1
GCF_013282155_1	betA	6
GCF_013282155_1	betB	18
GCF_013282155_1	betC	6
GCF_013282155_1	comB	2
GCF_013282155_1	comC	1
GCF_013282155_1	cuyA	1
GCF_013282155_1	cysA	4
GCF_013282155_1	cysC	23
GCF_013282155_1	cysD	3
GCF_013282155_1	cysE	10
GCF_013282155_1	cysH	1
GCF_013282155_1	cysI	2
GCF_013282155_1	cysJ	12
GCF_013282155_1	cysK	16
GCF_013282155_1	cysM	6
GCF_013282155_1	cysN	7
GCF_013282155_1	cysN_cysC	8
GCF_013282155_1	cysP	2
GCF_013282155_1	cysQ	4
GCF_013282155_1	cysU	10
GCF_013282155_1	cysW	1
GCF_013282155_1	dddP	2
GCF_013282155_1	dddT	1
GCF_013282155_1	dmdA	1
GCF_013282155_1	dmdB	10
GCF_013282155_1	dmdC	10
GCF_013282155_1	dmdD	11
GCF_013282155_1	dmoA	1
GCF_013282155_1	dmsA	12
GCF_013282155_1	dmsB	1
GCF_013282155_1	dmsC	4
GCF_013282155_1	dsrA	1
GCF_013282155_1	dsrB	1
GCF_013282155_1	dsrK	1
GCF_013282155_1	dsyB	2
GCF_013282155_1	fccB	1
GCF_013282155_1	gdh	1
GCF_013282155_1	glpE	8
GCF_013282155_1	hdrA1	1
GCF_013282155_1	hdrD	1
GCF_013282155_1	hpsK	2
GCF_013282155_1	hpsM	3
GCF_013282155_1	hpsN	2
GCF_013282155_1	hpsO	1
GCF_013282155_1	hpsP	1
GCF_013282155_1	iseM	18
GCF_013282155_1	isfD	5
GCF_013282155_1	mddA	1
GCF_013282155_1	mdh	17
GCF_013282155_1	metA	1
GCF_013282155_1	metB	4
GCF_013282155_1	metC	16
GCF_013282155_1	metX	2
GCF_013282155_1	metY	2
GCF_013282155_1	metZ	7
GCF_013282155_1	msmA	1
GCF_013282155_1	mtsB	1
GCF_013282155_1	nrnA	1
GCF_013282155_1	prpE	13
GCF_013282155_1	pta	9
GCF_013282155_1	qmoA	1
GCF_013282155_1	sat	5
GCF_013282155_1	sgpB	2
GCF_013282155_1	sgpC	1
GCF_013282155_1	sir	2
GCF_013282155_1	slcC	2
GCF_013282155_1	slcD	3
GCF_013282155_1	soeA	1
GCF_013282155_1	soeB	1
GCF_013282155_1	soeC	1
GCF_013282155_1	sorA	1
GCF_013282155_1	soxA	1
GCF_013282155_1	soxB	3
GCF_013282155_1	soxC	2
GCF_013282155_1	soxD	2
GCF_013282155_1	soxX	1
GCF_013282155_1	soxY	1
GCF_013282155_1	soxZ	2
GCF_013282155_1	sqdB	1
GCF_013282155_1	sqdX	2
GCF_013282155_1	sseA	2
GCF_013282155_1	ssuA	6
GCF_013282155_1	ssuB	15
GCF_013282155_1	ssuC	7
GCF_013282155_1	ssuD	12
GCF_013282155_1	ssuE	1
GCF_013282155_1	sudA	5
GCF_013282155_1	sulP	9
GCF_013282155_1	tauB	6
GCF_013282155_1	tauC	1
GCF_013282155_1	tauD	7
GCF_013282155_1	tauY	2
GCF_013282155_1	tbuC	1
GCF_013282155_1	touF	1
GCF_013282155_1	tpa	6
GCF_013282155_1	tsdA	2
GCF_013282155_1	ttrA	7
GCF_013282155_1	ttrB	1
GCF_013282155_1	ttrC	1
GCF_013282155_1	tusA	5
GCF_013282155_1	tusB	7
GCF_013282155_1	tusD	2
GCF_013282155_1	xsc	6
GCF_013389365_1	acuI	2
GCF_013389365_1	aprA	1
GCF_013389365_1	aprB	1
GCF_013389365_1	asrA	1
GCF_013389365_1	asrB	1
GCF_013389365_1	asrC	2
GCF_013389365_1	betA	3
GCF_013389365_1	betB	5
GCF_013389365_1	comB	1
GCF_013389365_1	comD	1
GCF_013389365_1	comE	1
GCF_013389365_1	cuyA	1
GCF_013389365_1	cysA	11
GCF_013389365_1	cysC	20
GCF_013389365_1	cysD	5
GCF_013389365_1	cysE	9
GCF_013389365_1	cysI	1
GCF_013389365_1	cysJ	6
GCF_013389365_1	cysK	24
GCF_013389365_1	cysM	5
GCF_013389365_1	cysN	3
GCF_013389365_1	cysN_cysC	4
GCF_013389365_1	cysQ	2
GCF_013389365_1	cysU	5
GCF_013389365_1	cysW	1
GCF_013389365_1	cysZ	1
GCF_013389365_1	dddP	1
GCF_013389365_1	dmdB	2
GCF_013389365_1	dmdC	2
GCF_013389365_1	dmsA	14
GCF_013389365_1	dmsB	2
GCF_013389365_1	dmsC	4
GCF_013389365_1	dsrA	1
GCF_013389365_1	dsrB	1
GCF_013389365_1	dsrC	1
GCF_013389365_1	dsrD	1
GCF_013389365_1	dsrJ	1
GCF_013389365_1	dsrK	2
GCF_013389365_1	dsrM	1
GCF_013389365_1	dsrN	2
GCF_013389365_1	dsrP	1
GCF_013389365_1	gdh	1
GCF_013389365_1	glpE	13
GCF_013389365_1	hdrA1	1
GCF_013389365_1	hdrA2	2
GCF_013389365_1	hdrB2	2
GCF_013389365_1	hdrC1	2
GCF_013389365_1	hdrC2	2
GCF_013389365_1	hdrD	3
GCF_013389365_1	hpsN	1
GCF_013389365_1	hpsP	2
GCF_013389365_1	iseM	2
GCF_013389365_1	mdh	19
GCF_013389365_1	metB	5
GCF_013389365_1	metC	5
GCF_013389365_1	metX	1
GCF_013389365_1	metZ	3
GCF_013389365_1	mtsB	1
GCF_013389365_1	nrnA	3
GCF_013389365_1	prpE	4
GCF_013389365_1	pta	10
GCF_013389365_1	qmoA	1
GCF_013389365_1	qmoB	1
GCF_013389365_1	qmoC	1
GCF_013389365_1	sat	5
GCF_013389365_1	sgpB	1
GCF_013389365_1	sgpC	2
GCF_013389365_1	shyA	1
GCF_013389365_1	shyC	1
GCF_013389365_1	sir	4
GCF_013389365_1	slcC	2
GCF_013389365_1	slcD	1
GCF_013389365_1	soxB	1
GCF_013389365_1	soxC	2
GCF_013389365_1	soxX	1
GCF_013389365_1	sqdX	10
GCF_013389365_1	ssuA	30
GCF_013389365_1	ssuB	19
GCF_013389365_1	ssuC	5
GCF_013389365_1	ssuD	7
GCF_013389365_1	ssuE	1
GCF_013389365_1	sudA	5
GCF_013389365_1	sudB	1
GCF_013389365_1	sulP	20
GCF_013389365_1	tauA	4
GCF_013389365_1	tauB	5
GCF_013389365_1	tauD	6
GCF_013389365_1	tpa	1
GCF_013389365_1	tsdA	1
GCF_013389365_1	ttrA	1
GCF_013389365_1	ttrB	5
GCF_013389365_1	tusA	6
GCF_013389365_1	tusE	1
GCF_013389365_1	xsc	2
GCF_014647655_1	acuI	4
GCF_014647655_1	aprA	1
GCF_014647655_1	betA	5
GCF_014647655_1	betB	7
GCF_014647655_1	betC	1
GCF_014647655_1	comB	2
GCF_014647655_1	comD	1
GCF_014647655_1	comE	2
GCF_014647655_1	cuyA	1
GCF_014647655_1	cysA	9
GCF_014647655_1	cysC	20
GCF_014647655_1	cysD	4
GCF_014647655_1	cysE	3
GCF_014647655_1	cysH	3
GCF_014647655_1	cysJ	11
GCF_014647655_1	cysK	22
GCF_014647655_1	cysM	6
GCF_014647655_1	cysN	10
GCF_014647655_1	cysN_cysC	4
GCF_014647655_1	cysP	4
GCF_014647655_1	cysQ	5
GCF_014647655_1	cysU	18
GCF_014647655_1	cysW	3
GCF_014647655_1	dddP	1
GCF_014647655_1	dmdA	1
GCF_014647655_1	dmdB	5
GCF_014647655_1	dmdC	8
GCF_014647655_1	dmdD	3
GCF_014647655_1	dmsA	3
GCF_014647655_1	dmsB	1
GCF_014647655_1	dmsC	1
GCF_014647655_1	dsrA	1
GCF_014647655_1	dsrB	2
GCF_014647655_1	dsrN	1
GCF_014647655_1	dsyB	3
GCF_014647655_1	gdh	2
GCF_014647655_1	glpE	11
GCF_014647655_1	hdrD	2
GCF_014647655_1	hpsN	3
GCF_014647655_1	hpsP	4
GCF_014647655_1	isfD	13
GCF_014647655_1	mdh	7
GCF_014647655_1	metA	1
GCF_014647655_1	metB	4
GCF_014647655_1	metC	16
GCF_014647655_1	metX	3
GCF_014647655_1	metY	1
GCF_014647655_1	metZ	5
GCF_014647655_1	nrnA	3
GCF_014647655_1	phsA	3
GCF_014647655_1	prpE	2
GCF_014647655_1	pta	11
GCF_014647655_1	sat	5
GCF_014647655_1	sir	9
GCF_014647655_1	slcC	1
GCF_014647655_1	slcD	2
GCF_014647655_1	soxA	1
GCF_014647655_1	soxB	4
GCF_014647655_1	soxC	4
GCF_014647655_1	soxD	2
GCF_014647655_1	soxY	1
GCF_014647655_1	sqdX	7
GCF_014647655_1	sseA	3
GCF_014647655_1	ssuA	2
GCF_014647655_1	ssuB	10
GCF_014647655_1	ssuC	3
GCF_014647655_1	ssuD	3
GCF_014647655_1	ssuE	3
GCF_014647655_1	sudA	3
GCF_014647655_1	sulP	4
GCF_014647655_1	tauA	2
GCF_014647655_1	tauB	2
GCF_014647655_1	tauD	5
GCF_014647655_1	tmoC	1
GCF_014647655_1	tpa	3
GCF_014647655_1	tsdA	1
GCF_014647655_1	ttrA	1
GCF_014647655_1	tusA	4
GCF_014647655_1	tusB	1
GCF_014647655_1	tusD	1
GCF_014647655_1	tusE	1
GCF_014647655_1	xsc	2
GCF_018698455_1	acuI	5
GCF_018698455_1	aprA	1
GCF_018698455_1	asrA	2
GCF_018698455_1	betA	5
GCF_018698455_1	betB	3
GCF_018698455_1	cuyA	2
GCF_018698455_1	cysC	8
GCF_018698455_1	cysD	2
GCF_018698455_1	cysE	5
GCF_018698455_1	cysH	2
GCF_018698455_1	cysI	3
GCF_018698455_1	cysJ	8
GCF_018698455_1	cysK	7
GCF_018698455_1	cysM	3
GCF_018698455_1	cysN	1
GCF_018698455_1	cysN_cysC	4
GCF_018698455_1	cysP	2
GCF_018698455_1	cysQ	3
GCF_018698455_1	cysU	4
GCF_018698455_1	cysW	1
GCF_018698455_1	dmdB	1
GCF_018698455_1	dmdC	1
GCF_018698455_1	dmdD	1
GCF_018698455_1	dmsA	5
GCF_018698455_1	dmsB	1
GCF_018698455_1	dmsC	1
GCF_018698455_1	dsrA	2
GCF_018698455_1	dsrD	1
GCF_018698455_1	fccA	2
GCF_018698455_1	fccB	1
GCF_018698455_1	gdh	1
GCF_018698455_1	glpE	15
GCF_018698455_1	hdrB2	1
GCF_018698455_1	hdrD	1
GCF_018698455_1	hpsN	1
GCF_018698455_1	iseM	1
GCF_018698455_1	isfD	1
GCF_018698455_1	mdh	10
GCF_018698455_1	metB	1
GCF_018698455_1	metC	4
GCF_018698455_1	metX	1
GCF_018698455_1	metY	3
GCF_018698455_1	metZ	1
GCF_018698455_1	prpE	1
GCF_018698455_1	pta	3
GCF_018698455_1	sat	3
GCF_018698455_1	sir	3
GCF_018698455_1	slcC	3
GCF_018698455_1	sorA	1
GCF_018698455_1	sorB	1
GCF_018698455_1	soxA	1
GCF_018698455_1	soxB	1
GCF_018698455_1	soxC	1
GCF_018698455_1	soxD	1
GCF_018698455_1	soxX	1
GCF_018698455_1	soxY	2
GCF_018698455_1	soxZ	3
GCF_018698455_1	sqdB	2
GCF_018698455_1	sqdX	3
GCF_018698455_1	sseA	2
GCF_018698455_1	ssuA	1
GCF_018698455_1	ssuB	6
GCF_018698455_1	ssuC	1
GCF_018698455_1	ssuD	1
GCF_018698455_1	ssuE	1
GCF_018698455_1	sudA	5
GCF_018698455_1	sulP	7
GCF_018698455_1	tauA	1
GCF_018698455_1	tauB	2
GCF_018698455_1	tauD	2
GCF_018698455_1	tauZ	1
GCF_018698455_1	tpa	3
GCF_018698455_1	tsdA	2
GCF_018698455_1	ttrB	1
GCF_018698455_1	tusA	1
GCF_018698455_1	tusB	1
GCF_018698455_1	tusD	1
GCF_018698455_1	xsc	1
GCF_018853445_1	acuI	2
GCF_018853445_1	asrA	1
GCF_018853445_1	betA	6
GCF_018853445_1	betB	4
GCF_018853445_1	cuyA	1
GCF_018853445_1	cysA	6
GCF_018853445_1	cysC	17
GCF_018853445_1	cysD	5
GCF_018853445_1	cysE	8
GCF_018853445_1	cysH	6
GCF_018853445_1	cysI	1
GCF_018853445_1	cysJ	5
GCF_018853445_1	cysK	24
GCF_018853445_1	cysM	7
GCF_018853445_1	cysN_cysC	6
GCF_018853445_1	cysP	1
GCF_018853445_1	cysQ	5
GCF_018853445_1	cysU	5
GCF_018853445_1	cysW	1
GCF_018853445_1	cysZ	2
GCF_018853445_1	dddP	1
GCF_018853445_1	dmdA	1
GCF_018853445_1	dmsA	7
GCF_018853445_1	dmsB	1
GCF_018853445_1	dmsC	5
GCF_018853445_1	dsrA	1
GCF_018853445_1	glpE	17
GCF_018853445_1	hdrA1	2
GCF_018853445_1	hdrB1	1
GCF_018853445_1	hdrB2	1
GCF_018853445_1	hdrC1	1
GCF_018853445_1	hpsN	1
GCF_018853445_1	isfD	2
GCF_018853445_1	mdh	18
GCF_018853445_1	metB	3
GCF_018853445_1	metC	8
GCF_018853445_1	metX	2
GCF_018853445_1	metZ	7
GCF_018853445_1	nrnA	2
GCF_018853445_1	phsC	1
GCF_018853445_1	prpE	3
GCF_018853445_1	psrA	1
GCF_018853445_1	pta	8
GCF_018853445_1	sat	6
GCF_018853445_1	sbp	1
GCF_018853445_1	soeA	1
GCF_018853445_1	soeC	1
GCF_018853445_1	sorA	1
GCF_018853445_1	soxA	2
GCF_018853445_1	soxB	2
GCF_018853445_1	soxC	4
GCF_018853445_1	soxX	3
GCF_018853445_1	soxY	4
GCF_018853445_1	soxZ	2
GCF_018853445_1	sqdX	6
GCF_018853445_1	sqr	4
GCF_018853445_1	ssuA	13
GCF_018853445_1	ssuB	7
GCF_018853445_1	ssuC	6
GCF_018853445_1	ssuD	3
GCF_018853445_1	sudA	2
GCF_018853445_1	sudB	1
GCF_018853445_1	sulP	7
GCF_018853445_1	tauB	7
GCF_018853445_1	tauD	4
GCF_018853445_1	tbuC	2
GCF_018853445_1	tetH	1
GCF_018853445_1	tpa	2
GCF_018853445_1	tsdA	1
GCF_018853445_1	ttrA	3
GCF_018853445_1	ttrB	1
GCF_018853445_1	ttrC	1
GCF_018853445_1	tusA	3
GCF_018853445_1	tusB	1
GCF_018853445_1	tusD	1
GCF_018853445_1	tusE	1
GCF_018853445_1	xsc	2
GCF_018854495_2	aprA	1
GCF_018854495_2	asrA	1
GCF_018854495_2	asrB	1
GCF_018854495_2	betA	8
GCF_018854495_2	betB	5
GCF_018854495_2	comB	1
GCF_018854495_2	cuyA	1
GCF_018854495_2	cysA	4
GCF_018854495_2	cysC	23
GCF_018854495_2	cysD	4
GCF_018854495_2	cysE	7
GCF_018854495_2	cysH	2
GCF_018854495_2	cysI	3
GCF_018854495_2	cysJ	6
GCF_018854495_2	cysK	30
GCF_018854495_2	cysM	19
GCF_018854495_2	cysN	3
GCF_018854495_2	cysN_cysC	5
GCF_018854495_2	cysQ	5
GCF_018854495_2	cysU	7
GCF_018854495_2	cysW	1
GCF_018854495_2	cysZ	1
GCF_018854495_2	dddP	1
GCF_018854495_2	dmdA	1
GCF_018854495_2	dmsA	7
GCF_018854495_2	dmsC	3
GCF_018854495_2	doxD	1
GCF_018854495_2	dsrA	2
GCF_018854495_2	dsrK	1
GCF_018854495_2	fccB	1
GCF_018854495_2	glpE	20
GCF_018854495_2	hdrA1	1
GCF_018854495_2	hdrB1	2
GCF_018854495_2	hdrB2	1
GCF_018854495_2	hdrC1	1
GCF_018854495_2	hpsN	1
GCF_018854495_2	hpsP	1
GCF_018854495_2	hydB	1
GCF_018854495_2	hydD	1
GCF_018854495_2	isfD	2
GCF_018854495_2	mdh	18
GCF_018854495_2	metB	3
GCF_018854495_2	metC	7
GCF_018854495_2	metX	2
GCF_018854495_2	metZ	14
GCF_018854495_2	nrnA	2
GCF_018854495_2	phsA	1
GCF_018854495_2	prpE	4
GCF_018854495_2	psrC	1
GCF_018854495_2	pta	14
GCF_018854495_2	rdlA	1
GCF_018854495_2	sat	6
GCF_018854495_2	sbp	2
GCF_018854495_2	shyA	1
GCF_018854495_2	shyD	2
GCF_018854495_2	slcC	1
GCF_018854495_2	soxA	1
GCF_018854495_2	soxC	1
GCF_018854495_2	soxX	1
GCF_018854495_2	sqdB	1
GCF_018854495_2	sqdX	5
GCF_018854495_2	sqr	3
GCF_018854495_2	sreB	1
GCF_018854495_2	ssuA	14
GCF_018854495_2	ssuB	9
GCF_018854495_2	ssuC	3
GCF_018854495_2	ssuD	4
GCF_018854495_2	ssuE	2
GCF_018854495_2	sudA	4
GCF_018854495_2	sulP	5
GCF_018854495_2	tauA	1
GCF_018854495_2	tauB	7
GCF_018854495_2	tauD	3
GCF_018854495_2	tetH	1
GCF_018854495_2	touF	1
GCF_018854495_2	tpa	1
GCF_018854495_2	tsdA	1
GCF_018854495_2	tsdB	4
GCF_018854495_2	ttrC	3
GCF_018854495_2	tusA	6
GCF_018854495_2	tusB	2
GCF_018854495_2	xsc	1
GCF_019704135_1	acuI	5
GCF_019704135_1	aprA	4
GCF_019704135_1	asrA	2
GCF_019704135_1	asrB	7
GCF_019704135_1	asrC	1
GCF_019704135_1	betA	7
GCF_019704135_1	betB	6
GCF_019704135_1	betC	2
GCF_019704135_1	comB	4
GCF_019704135_1	cuyA	2
GCF_019704135_1	cysA	6
GCF_019704135_1	cysC	20
GCF_019704135_1	cysD	9
GCF_019704135_1	cysE	15
GCF_019704135_1	cysH	5
GCF_019704135_1	cysI	3
GCF_019704135_1	cysJ	7
GCF_019704135_1	cysK	29
GCF_019704135_1	cysM	8
GCF_019704135_1	cysN	7
GCF_019704135_1	cysN_cysC	8
GCF_019704135_1	cysP	3
GCF_019704135_1	cysQ	6
GCF_019704135_1	cysU	13
GCF_019704135_1	cysW	1
GCF_019704135_1	cysZ	1
GCF_019704135_1	dddP	2
GCF_019704135_1	dmdA	1
GCF_019704135_1	dmdB	4
GCF_019704135_1	dmdC	5
GCF_019704135_1	dmdD	2
GCF_019704135_1	dmsA	23
GCF_019704135_1	dmsB	6
GCF_019704135_1	dmsC	5
GCF_019704135_1	dsrA	2
GCF_019704135_1	dsrB	1
GCF_019704135_1	dsrN	1
GCF_019704135_1	dsrP	1
GCF_019704135_1	dsyB	2
GCF_019704135_1	fccA	1
GCF_019704135_1	fccB	2
GCF_019704135_1	gdh	3
GCF_019704135_1	glpE	18
GCF_019704135_1	hdrA1	2
GCF_019704135_1	hdrD	4
GCF_019704135_1	hpsM	3
GCF_019704135_1	hpsP	3
GCF_019704135_1	hydA	1
GCF_019704135_1	hydB	1
GCF_019704135_1	hydD	2
GCF_019704135_1	iseM	3
GCF_019704135_1	isfD	3
GCF_019704135_1	mccB	1
GCF_019704135_1	mddA	2
GCF_019704135_1	mdh	20
GCF_019704135_1	metB	5
GCF_019704135_1	metC	9
GCF_019704135_1	metX	3
GCF_019704135_1	metY	5
GCF_019704135_1	metZ	3
GCF_019704135_1	nrnA	6
GCF_019704135_1	otr	4
GCF_019704135_1	phsA	1
GCF_019704135_1	phsC	2
GCF_019704135_1	prpE	1
GCF_019704135_1	psrA	1
GCF_019704135_1	pta	12
GCF_019704135_1	sat	3
GCF_019704135_1	sbp	1
GCF_019704135_1	sgpB	6
GCF_019704135_1	sgpC	1
GCF_019704135_1	shyA	3
GCF_019704135_1	shyC	2
GCF_019704135_1	shyD	1
GCF_019704135_1	sir	9
GCF_019704135_1	soxA	1
GCF_019704135_1	soxB	3
GCF_019704135_1	soxD	2
GCF_019704135_1	soxX	3
GCF_019704135_1	soxY	1
GCF_019704135_1	sqdX	10
GCF_019704135_1	sseA	2
GCF_019704135_1	ssuA	36
GCF_019704135_1	ssuB	10
GCF_019704135_1	ssuC	5
GCF_019704135_1	ssuD	7
GCF_019704135_1	ssuE	1
GCF_019704135_1	sudA	6
GCF_019704135_1	sulP	14
GCF_019704135_1	tauA	3
GCF_019704135_1	tauB	5
GCF_019704135_1	tauD	3
GCF_019704135_1	tbuC	1
GCF_019704135_1	tpa	3
GCF_019704135_1	tsdA	2
GCF_019704135_1	ttrA	2
GCF_019704135_1	ttrB	3
GCF_019704135_1	ttrC	1
GCF_019704135_1	tusA	7
GCF_019704135_1	tusB	4
GCF_019704135_1	tusD	3
GCF_019704135_1	xsc	3
GCF_021650935_1	acuI	3
GCF_021650935_1	aprA	1
GCF_021650935_1	aprB	1
GCF_021650935_1	asrA	1
GCF_021650935_1	betA	6
GCF_021650935_1	betB	12
GCF_021650935_1	comB	4
GCF_021650935_1	comE	1
GCF_021650935_1	cuyA	1
GCF_021650935_1	cysA	14
GCF_021650935_1	cysC	41
GCF_021650935_1	cysD	5
GCF_021650935_1	cysE	12
GCF_021650935_1	cysH	4
GCF_021650935_1	cysI	5
GCF_021650935_1	cysJ	8
GCF_021650935_1	cysK	15
GCF_021650935_1	cysM	8
GCF_021650935_1	cysN	6
GCF_021650935_1	cysN_cysC	7
GCF_021650935_1	cysP	3
GCF_021650935_1	cysQ	7
GCF_021650935_1	cysU	7
GCF_021650935_1	cysZ	2
GCF_021650935_1	dddP	1
GCF_021650935_1	dmdB	2
GCF_021650935_1	dmdC	1
GCF_021650935_1	dmsA	11
GCF_021650935_1	dmsB	6
GCF_021650935_1	dmsC	3
GCF_021650935_1	dsrA	2
GCF_021650935_1	dsrB	1
GCF_021650935_1	dsrC	3
GCF_021650935_1	dsrE	1
GCF_021650935_1	dsrF	1
GCF_021650935_1	dsrH	1
GCF_021650935_1	dsrK	2
GCF_021650935_1	dsrL	1
GCF_021650935_1	dsrM	2
GCF_021650935_1	dsrN	1
GCF_021650935_1	dsrO	1
GCF_021650935_1	dsrP	1
GCF_021650935_1	dsyB	1
GCF_021650935_1	fccA	5
GCF_021650935_1	fccB	4
GCF_021650935_1	gdh	2
GCF_021650935_1	glpE	24
GCF_021650935_1	hdrC2	1
GCF_021650935_1	hdrD	1
GCF_021650935_1	hpsN	1
GCF_021650935_1	hydD	1
GCF_021650935_1	iseK	1
GCF_021650935_1	iseM	2
GCF_021650935_1	isfD	3
GCF_021650935_1	mdh	19
GCF_021650935_1	metA	1
GCF_021650935_1	metB	5
GCF_021650935_1	metC	10
GCF_021650935_1	metX	1
GCF_021650935_1	metY	1
GCF_021650935_1	metZ	9
GCF_021650935_1	nrnA	4
GCF_021650935_1	phsA	1
GCF_021650935_1	phsC	1
GCF_021650935_1	prpE	2
GCF_021650935_1	psrC	1
GCF_021650935_1	pta	15
GCF_021650935_1	qmoA	1
GCF_021650935_1	qmoB	1
GCF_021650935_1	rdsr	1
GCF_021650935_1	sat	14
GCF_021650935_1	sbp	1
GCF_021650935_1	sgpB	3
GCF_021650935_1	sgpC	1
GCF_021650935_1	shyA	1
GCF_021650935_1	sir	11
GCF_021650935_1	slcC	1
GCF_021650935_1	slcD	1
GCF_021650935_1	soeA	2
GCF_021650935_1	soeC	2
GCF_021650935_1	sor	1
GCF_021650935_1	sorA	1
GCF_021650935_1	soxA	6
GCF_021650935_1	soxB	2
GCF_021650935_1	soxC	1
GCF_021650935_1	soxD	1
GCF_021650935_1	soxX	4
GCF_021650935_1	soxY	6
GCF_021650935_1	soxZ	6
GCF_021650935_1	sqdX	13
GCF_021650935_1	sqr	3
GCF_021650935_1	sseA	2
GCF_021650935_1	ssuA	10
GCF_021650935_1	ssuB	16
GCF_021650935_1	ssuC	10
GCF_021650935_1	ssuD	7
GCF_021650935_1	sudA	3
GCF_021650935_1	sulP	12
GCF_021650935_1	tauA	3
GCF_021650935_1	tauB	5
GCF_021650935_1	tauD	6
GCF_021650935_1	tbuC	1
GCF_021650935_1	touF	1
GCF_021650935_1	tpa	3
GCF_021650935_1	tsdA	4
GCF_021650935_1	tsdB	2
GCF_021650935_1	ttrA	4
GCF_021650935_1	ttrB	2
GCF_021650935_1	ttrC	2
GCF_021650935_1	tusA	5
GCF_021650935_1	tusB	1
GCF_021650935_1	tusD	2
GCF_021650935_1	tusE	4
GCF_021650935_1	xsc	1
GCF_024204645_1	aprA	2
GCF_024204645_1	aprB	1
GCF_024204645_1	asrA	1
GCF_024204645_1	asrC	3
GCF_024204645_1	betA	6
GCF_024204645_1	betB	9
GCF_024204645_1	betC	2
GCF_024204645_1	comB	2
GCF_024204645_1	comE	1
GCF_024204645_1	cuyA	2
GCF_024204645_1	cysA	6
GCF_024204645_1	cysC	14
GCF_024204645_1	cysD	5
GCF_024204645_1	cysE	7
GCF_024204645_1	cysH	2
GCF_024204645_1	cysI	3
GCF_024204645_1	cysJ	7
GCF_024204645_1	cysK	13
GCF_024204645_1	cysM	4
GCF_024204645_1	cysN	5
GCF_024204645_1	cysN_cysC	2
GCF_024204645_1	cysP	4
GCF_024204645_1	cysQ	6
GCF_024204645_1	cysU	7
GCF_024204645_1	cysZ	2
GCF_024204645_1	dddP	3
GCF_024204645_1	dddT	1
GCF_024204645_1	dmdA	1
GCF_024204645_1	dmdB	4
GCF_024204645_1	dmsA	19
GCF_024204645_1	dmsB	6
GCF_024204645_1	dmsC	2
GCF_024204645_1	dsrA	1
GCF_024204645_1	dsrB	3
GCF_024204645_1	dsrC	1
GCF_024204645_1	dsrD	1
GCF_024204645_1	dsrK	4
GCF_024204645_1	dsrM	1
GCF_024204645_1	dsrN	1
GCF_024204645_1	dsrT	1
GCF_024204645_1	dsyB	2
GCF_024204645_1	gdh	1
GCF_024204645_1	glpE	16
GCF_024204645_1	hdrA2	4
GCF_024204645_1	hdrB2	3
GCF_024204645_1	hdrC1	1
GCF_024204645_1	hdrC2	2
GCF_024204645_1	hdrD	3
GCF_024204645_1	hpsK	1
GCF_024204645_1	hpsL	1
GCF_024204645_1	hpsM	1
GCF_024204645_1	hpsN	1
GCF_024204645_1	hpsP	1
GCF_024204645_1	iseK	1
GCF_024204645_1	iseM	4
GCF_024204645_1	isfD	2
GCF_024204645_1	mddA	1
GCF_024204645_1	mdh	9
GCF_024204645_1	metB	3
GCF_024204645_1	metC	5
GCF_024204645_1	metX	4
GCF_024204645_1	metY	1
GCF_024204645_1	metZ	3
GCF_024204645_1	mtsB	1
GCF_024204645_1	nrnA	5
GCF_024204645_1	otr	1
GCF_024204645_1	phsA	2
GCF_024204645_1	phsC	1
GCF_024204645_1	prpE	3
GCF_024204645_1	psrA	1
GCF_024204645_1	pta	16
GCF_024204645_1	qmoA	1
GCF_024204645_1	qmoB	1
GCF_024204645_1	qmoC	1
GCF_024204645_1	sat	6
GCF_024204645_1	sgpB	2
GCF_024204645_1	sgpC	1
GCF_024204645_1	shyA	1
GCF_024204645_1	shyC	1
GCF_024204645_1	sir	3
GCF_024204645_1	slcD	1
GCF_024204645_1	soeA	1
GCF_024204645_1	soxB	1
GCF_024204645_1	soxX	1
GCF_024204645_1	sqdB	3
GCF_024204645_1	sqdX	14
GCF_024204645_1	sqr	1
GCF_024204645_1	ssuA	37
GCF_024204645_1	ssuB	8
GCF_024204645_1	ssuC	3
GCF_024204645_1	ssuD	1
GCF_024204645_1	sudA	8
GCF_024204645_1	sudB	3
GCF_024204645_1	sulP	19
GCF_024204645_1	tauA	2
GCF_024204645_1	tauB	6
GCF_024204645_1	tauC	1
GCF_024204645_1	tauD	8
GCF_024204645_1	tauZ	1
GCF_024204645_1	tsdA	1
GCF_024204645_1	tsdB	1
GCF_024204645_1	ttrA	1
GCF_024204645_1	ttrB	6
GCF_024204645_1	ttrC	1
GCF_024204645_1	tusA	7
GCF_024204645_1	tusD	2
GCF_024204645_1	xsc	3
GCF_025421555_1	acuI	18
GCF_025421555_1	aprA	2
GCF_025421555_1	asrA	3
GCF_025421555_1	betA	12
GCF_025421555_1	betB	24
GCF_025421555_1	betC	3
GCF_025421555_1	comB	2
GCF_025421555_1	comC	1
GCF_025421555_1	cuyA	1
GCF_025421555_1	cysA	10
GCF_025421555_1	cysC	40
GCF_025421555_1	cysD	6
GCF_025421555_1	cysE	7
GCF_025421555_1	cysH	5
GCF_025421555_1	cysI	2
GCF_025421555_1	cysJ	17
GCF_025421555_1	cysK	26
GCF_025421555_1	cysM	12
GCF_025421555_1	cysN	12
GCF_025421555_1	cysN_cysC	9
GCF_025421555_1	cysP	8
GCF_025421555_1	cysQ	5
GCF_025421555_1	cysU	16
GCF_025421555_1	cysW	1
GCF_025421555_1	cysZ	4
GCF_025421555_1	dddD	1
GCF_025421555_1	dddP	2
GCF_025421555_1	dddT	1
GCF_025421555_1	dmdA	1
GCF_025421555_1	dmdB	32
GCF_025421555_1	dmdC	38
GCF_025421555_1	dmdD	11
GCF_025421555_1	dmsA	14
GCF_025421555_1	dmsB	2
GCF_025421555_1	dmsC	2
GCF_025421555_1	dsrA	1
GCF_025421555_1	dsrB	2
GCF_025421555_1	dsrM	1
GCF_025421555_1	fccA	2
GCF_025421555_1	fccB	3
GCF_025421555_1	gdh	2
GCF_025421555_1	glpE	12
GCF_025421555_1	hdrA1	1
GCF_025421555_1	hdrA2	2
GCF_025421555_1	hdrD	1
GCF_025421555_1	hpsN	2
GCF_025421555_1	hpsO	1
GCF_025421555_1	hpsP	3
GCF_025421555_1	iseM	7
GCF_025421555_1	isfD	2
GCF_025421555_1	mccB	2
GCF_025421555_1	mdh	16
GCF_025421555_1	metB	6
GCF_025421555_1	metC	12
GCF_025421555_1	metX	2
GCF_025421555_1	metY	1
GCF_025421555_1	metZ	16
GCF_025421555_1	msmA	1
GCF_025421555_1	nrnA	4
GCF_025421555_1	phsC	2
GCF_025421555_1	prpE	10
GCF_025421555_1	pta	22
GCF_025421555_1	sat	3
GCF_025421555_1	sbp	3
GCF_025421555_1	sgpB	1
GCF_025421555_1	sgpC	1
GCF_025421555_1	sir	6
GCF_025421555_1	slcC	3
GCF_025421555_1	slcD	8
GCF_025421555_1	sorA	1
GCF_025421555_1	soxA	3
GCF_025421555_1	soxB	3
GCF_025421555_1	soxC	10
GCF_025421555_1	soxD	3
GCF_025421555_1	soxX	5
GCF_025421555_1	soxY	4
GCF_025421555_1	soxZ	3
GCF_025421555_1	sqdB	2
GCF_025421555_1	sqdX	1
GCF_025421555_1	sqr	1
GCF_025421555_1	sseA	1
GCF_025421555_1	ssuA	10
GCF_025421555_1	ssuB	19
GCF_025421555_1	ssuC	14
GCF_025421555_1	ssuD	12
GCF_025421555_1	ssuE	5
GCF_025421555_1	sudA	2
GCF_025421555_1	sulP	17
GCF_025421555_1	tauA	4
GCF_025421555_1	tauB	6
GCF_025421555_1	tauC	1
GCF_025421555_1	tauD	13
GCF_025421555_1	tauE	1
GCF_025421555_1	tauZ	2
GCF_025421555_1	tbuC	2
GCF_025421555_1	tpa	4
GCF_025421555_1	tsdA	9
GCF_025421555_1	tsdB	5
GCF_025421555_1	ttrA	3
GCF_025421555_1	ttrB	1
GCF_025421555_1	ttrC	2
GCF_025421555_1	tusA	5
GCF_025421555_1	tusE	1
GCF_025421555_1	xsc	4
GCF_027346185_1	acuI	3
GCF_027346185_1	asrA	1
GCF_027346185_1	betA	4
GCF_027346185_1	betB	4
GCF_027346185_1	comB	3
GCF_027346185_1	cuyA	1
GCF_027346185_1	cysA	5
GCF_027346185_1	cysC	17
GCF_027346185_1	cysD	2
GCF_027346185_1	cysE	5
GCF_027346185_1	cysH	3
GCF_027346185_1	cysI	3
GCF_027346185_1	cysJ	3
GCF_027346185_1	cysK	12
GCF_027346185_1	cysM	15
GCF_027346185_1	cysN	3
GCF_027346185_1	cysN_cysC	8
GCF_027346185_1	cysP	2
GCF_027346185_1	cysQ	3
GCF_027346185_1	cysU	12
GCF_027346185_1	cysW	2
GCF_027346185_1	cysZ	3
GCF_027346185_1	dddP	1
GCF_027346185_1	dmsA	9
GCF_027346185_1	dmsB	3
GCF_027346185_1	dmsC	1
GCF_027346185_1	fccA	1
GCF_027346185_1	fccB	1
GCF_027346185_1	glpE	11
GCF_027346185_1	hdrD	1
GCF_027346185_1	hpsN	1
GCF_027346185_1	hpsP	1
GCF_027346185_1	hydD	1
GCF_027346185_1	iseM	2
GCF_027346185_1	isfD	2
GCF_027346185_1	mdh	13
GCF_027346185_1	metA	1
GCF_027346185_1	metB	1
GCF_027346185_1	metC	7
GCF_027346185_1	metX	3
GCF_027346185_1	metZ	4
GCF_027346185_1	nrnA	2
GCF_027346185_1	phsB	1
GCF_027346185_1	prpE	2
GCF_027346185_1	pta	7
GCF_027346185_1	sat	5
GCF_027346185_1	sbp	4
GCF_027346185_1	sgpB	1
GCF_027346185_1	sgpC	1
GCF_027346185_1	sir	5
GCF_027346185_1	slcC	1
GCF_027346185_1	soeA	1
GCF_027346185_1	soxA	1
GCF_027346185_1	soxB	1
GCF_027346185_1	soxC	2
GCF_027346185_1	soxD	1
GCF_027346185_1	soxL	1
GCF_027346185_1	soxX	1
GCF_027346185_1	soxY	2
GCF_027346185_1	soxZ	1
GCF_027346185_1	sqdB	1
GCF_027346185_1	sqdX	4
GCF_027346185_1	sqr	4
GCF_027346185_1	sseA	2
GCF_027346185_1	ssuA	8
GCF_027346185_1	ssuB	8
GCF_027346185_1	ssuC	6
GCF_027346185_1	ssuD	5
GCF_027346185_1	sudA	3
GCF_027346185_1	sulP	4
GCF_027346185_1	tauA	2
GCF_027346185_1	tauB	9
GCF_027346185_1	tauD	7
GCF_027346185_1	tpa	3
GCF_027346185_1	tsdA	3
GCF_027346185_1	tsdB	6
GCF_027346185_1	ttrA	2
GCF_027346185_1	tusA	2
GCF_027346185_1	tusD	1
GCF_027346185_1	xsc	1
GCF_027443685_1	acuI	10
GCF_027443685_1	aprA	2
GCF_027443685_1	asrA	1
GCF_027443685_1	asrB	3
GCF_027443685_1	betA	9
GCF_027443685_1	betB	15
GCF_027443685_1	betC	2
GCF_027443685_1	cuyA	1
GCF_027443685_1	cysA	5
GCF_027443685_1	cysC	18
GCF_027443685_1	cysD	5
GCF_027443685_1	cysE	6
GCF_027443685_1	cysH	8
GCF_027443685_1	cysI	2
GCF_027443685_1	cysJ	8
GCF_027443685_1	cysK	12
GCF_027443685_1	cysM	14
GCF_027443685_1	cysN	8
GCF_027443685_1	cysN_cysC	11
GCF_027443685_1	cysQ	8
GCF_027443685_1	cysU	15
GCF_027443685_1	cysW	4
GCF_027443685_1	cysZ	1
GCF_027443685_1	dddP	2
GCF_027443685_1	dmdB	9
GCF_027443685_1	dmdC	11
GCF_027443685_1	dmdD	10
GCF_027443685_1	dmsA	11
GCF_027443685_1	dmsB	2
GCF_027443685_1	dmsC	2
GCF_027443685_1	dsrA	1
GCF_027443685_1	dsrM	1
GCF_027443685_1	dsyB	3
GCF_027443685_1	gdh	2
GCF_027443685_1	glpE	10
GCF_027443685_1	hpsK	1
GCF_027443685_1	hpsM	1
GCF_027443685_1	hpsN	1
GCF_027443685_1	hpsP	1
GCF_027443685_1	iseM	1
GCF_027443685_1	isfD	11
GCF_027443685_1	mdh	11
GCF_027443685_1	metA	1
GCF_027443685_1	metB	2
GCF_027443685_1	metC	11
GCF_027443685_1	metX	1
GCF_027443685_1	metY	1
GCF_027443685_1	metZ	6
GCF_027443685_1	msmA	2
GCF_027443685_1	nrnA	4
GCF_027443685_1	phsA	1
GCF_027443685_1	phsB	1
GCF_027443685_1	phsC	1
GCF_027443685_1	prpE	6
GCF_027443685_1	pta	20
GCF_027443685_1	sat	2
GCF_027443685_1	sbp	1
GCF_027443685_1	sgpB	2
GCF_027443685_1	sgpC	1
GCF_027443685_1	sir	9
GCF_027443685_1	slcC	3
GCF_027443685_1	slcD	3
GCF_027443685_1	soeA	1
GCF_027443685_1	soeC	1
GCF_027443685_1	sorA	2
GCF_027443685_1	sorB	1
GCF_027443685_1	soxA	2
GCF_027443685_1	soxB	3
GCF_027443685_1	soxC	1
GCF_027443685_1	soxD	2
GCF_027443685_1	soxX	6
GCF_027443685_1	soxY	1
GCF_027443685_1	soxZ	2
GCF_027443685_1	sqdB	2
GCF_027443685_1	sqdX	4
GCF_027443685_1	sqr	1
GCF_027443685_1	sseA	3
GCF_027443685_1	ssuA	11
GCF_027443685_1	ssuB	17
GCF_027443685_1	ssuC	7
GCF_027443685_1	ssuD	13
GCF_027443685_1	ssuE	3
GCF_027443685_1	sudA	5
GCF_027443685_1	sulP	12
GCF_027443685_1	tauA	3
GCF_027443685_1	tauB	9
GCF_027443685_1	tauC	3
GCF_027443685_1	tauD	2
GCF_027443685_1	tauE	1
GCF_027443685_1	tauZ	1
GCF_027443685_1	tbuC	1
GCF_027443685_1	tetH	1
GCF_027443685_1	tpa	6
GCF_027443685_1	tsdA	4
GCF_027443685_1	tsdB	3
GCF_027443685_1	ttrA	2
GCF_027443685_1	ttrB	2
GCF_027443685_1	tusA	6
GCF_027443685_1	tusB	9
GCF_027443685_1	tusD	1
GCF_027443685_1	tusE	5
GCF_027443685_1	xsc	8
GCF_028276465_1	acuI	1
GCF_028276465_1	asrC	1
GCF_028276465_1	betA	4
GCF_028276465_1	betB	3
GCF_028276465_1	cuyA	1
GCF_028276465_1	cysA	2
GCF_028276465_1	cysC	6
GCF_028276465_1	cysD	3
GCF_028276465_1	cysE	7
GCF_028276465_1	cysH	2
GCF_028276465_1	cysI	4
GCF_028276465_1	cysJ	4
GCF_028276465_1	cysK	8
GCF_028276465_1	cysM	4
GCF_028276465_1	cysN	2
GCF_028276465_1	cysN_cysC	3
GCF_028276465_1	cysP	1
GCF_028276465_1	cysU	2
GCF_028276465_1	dddP	1
GCF_028276465_1	ddhA	2
GCF_028276465_1	ddhC	1
GCF_028276465_1	dmsA	4
GCF_028276465_1	dmsC	1
GCF_028276465_1	dsrA	2
GCF_028276465_1	dsrD	1
GCF_028276465_1	fccB	3
GCF_028276465_1	glpE	7
GCF_028276465_1	hdrB2	1
GCF_028276465_1	hdrD	1
GCF_028276465_1	hpsN	1
GCF_028276465_1	hpsO	1
GCF_028276465_1	mdh	11
GCF_028276465_1	metA	1
GCF_028276465_1	metC	5
GCF_028276465_1	metY	1
GCF_028276465_1	metZ	2
GCF_028276465_1	nrnA	2
GCF_028276465_1	prpE	2
GCF_028276465_1	pta	2
GCF_028276465_1	sat	10
GCF_028276465_1	sir	2
GCF_028276465_1	slcC	1
GCF_028276465_1	soeA	1
GCF_028276465_1	sorA	1
GCF_028276465_1	sorB	1
GCF_028276465_1	soxA	1
GCF_028276465_1	soxB	1
GCF_028276465_1	soxC	2
GCF_028276465_1	soxX	1
GCF_028276465_1	soxY	1
GCF_028276465_1	soxZ	1
GCF_028276465_1	sqdX	9
GCF_028276465_1	sqr	2
GCF_028276465_1	sseA	2
GCF_028276465_1	ssuA	5
GCF_028276465_1	ssuB	6
GCF_028276465_1	ssuD	2
GCF_028276465_1	ssuE	1
GCF_028276465_1	sudA	2
GCF_028276465_1	sudB	1
GCF_028276465_1	sulP	2
GCF_028276465_1	tauB	3
GCF_028276465_1	tauZ	1
GCF_028276465_1	tpa	3
GCF_028276465_1	tsdA	4
GCF_028276465_1	ttrB	2
GCF_028276465_1	tusA	2
GCF_028276465_1	tusB	2
GCF_028276465_1	tusD	1
GCF_028276465_1	xsc	1
GCF_030913135_1	acuI	3
GCF_030913135_1	aprA	1
GCF_030913135_1	aprB	1
GCF_030913135_1	asrA	1
GCF_030913135_1	asrB	1
GCF_030913135_1	betA	5
GCF_030913135_1	betB	11
GCF_030913135_1	comB	1
GCF_030913135_1	cuyA	1
GCF_030913135_1	cysA	10
GCF_030913135_1	cysC	27
GCF_030913135_1	cysD	4
GCF_030913135_1	cysE	10
GCF_030913135_1	cysH	5
GCF_030913135_1	cysI	5
GCF_030913135_1	cysJ	6
GCF_030913135_1	cysK	17
GCF_030913135_1	cysM	9
GCF_030913135_1	cysN	2
GCF_030913135_1	cysN_cysC	8
GCF_030913135_1	cysP	2
GCF_030913135_1	cysQ	9
GCF_030913135_1	cysU	14
GCF_030913135_1	cysZ	2
GCF_030913135_1	dddP	1
GCF_030913135_1	dmdB	4
GCF_030913135_1	dmdC	2
GCF_030913135_1	dmsA	13
GCF_030913135_1	dmsB	5
GCF_030913135_1	dmsC	2
GCF_030913135_1	dsrA	2
GCF_030913135_1	dsrC	1
GCF_030913135_1	dsrE	1
GCF_030913135_1	dsrF	1
GCF_030913135_1	dsrH	1
GCF_030913135_1	dsrK	2
GCF_030913135_1	dsrL	1
GCF_030913135_1	dsrM	2
GCF_030913135_1	dsrN	1
GCF_030913135_1	dsrO	1
GCF_030913135_1	dsrP	1
GCF_030913135_1	dsyB	1
GCF_030913135_1	fccA	3
GCF_030913135_1	fccB	3
GCF_030913135_1	gdh	2
GCF_030913135_1	glpE	27
GCF_030913135_1	hdrC2	1
GCF_030913135_1	hdrD	1
GCF_030913135_1	hpsN	1
GCF_030913135_1	hydB	1
GCF_030913135_1	iseM	2
GCF_030913135_1	isfD	2
GCF_030913135_1	mdh	18
GCF_030913135_1	metA	1
GCF_030913135_1	metB	6
GCF_030913135_1	metC	9
GCF_030913135_1	metX	1
GCF_030913135_1	metY	1
GCF_030913135_1	metZ	10
GCF_030913135_1	nrnA	4
GCF_030913135_1	phsA	1
GCF_030913135_1	phsB	1
GCF_030913135_1	prpE	2
GCF_030913135_1	pta	14
GCF_030913135_1	qmoA	1
GCF_030913135_1	qmoB	1
GCF_030913135_1	rdsr	1
GCF_030913135_1	sat	16
GCF_030913135_1	sbp	1
GCF_030913135_1	sgpB	1
GCF_030913135_1	sgpC	1
GCF_030913135_1	sir	1
GCF_030913135_1	slcD	1
GCF_030913135_1	soeA	2
GCF_030913135_1	soeC	1
GCF_030913135_1	soxA	4
GCF_030913135_1	soxB	2
GCF_030913135_1	soxC	2
GCF_030913135_1	soxD	3
GCF_030913135_1	soxX	2
GCF_030913135_1	soxY	4
GCF_030913135_1	soxZ	3
GCF_030913135_1	sqdX	12
GCF_030913135_1	sqr	2
GCF_030913135_1	sseA	1
GCF_030913135_1	ssuA	11
GCF_030913135_1	ssuB	14
GCF_030913135_1	ssuC	11
GCF_030913135_1	ssuD	6
GCF_030913135_1	sudA	2
GCF_030913135_1	sudB	1
GCF_030913135_1	sulP	14
GCF_030913135_1	tauA	3
GCF_030913135_1	tauB	7
GCF_030913135_1	tauD	12
GCF_030913135_1	tbuC	1
GCF_030913135_1	touF	1
GCF_030913135_1	tpa	2
GCF_030913135_1	tsdA	3
GCF_030913135_1	tsdB	2
GCF_030913135_1	ttrA	2
GCF_030913135_1	ttrB	2
GCF_030913135_1	ttrC	2
GCF_030913135_1	tusA	6
GCF_030913135_1	tusD	2
GCF_030913135_1	tusE	5
GCF_030913135_1	xsc	1
GCF_031280615_1	acuI	1
GCF_031280615_1	aprA	1
GCF_031280615_1	aprB	1
GCF_031280615_1	asrA	2
GCF_031280615_1	asrB	1
GCF_031280615_1	asrC	2
GCF_031280615_1	betA	4
GCF_031280615_1	betB	3
GCF_031280615_1	betC	1
GCF_031280615_1	comB	1
GCF_031280615_1	comE	1
GCF_031280615_1	cysA	4
GCF_031280615_1	cysC	15
GCF_031280615_1	cysD	5
GCF_031280615_1	cysE	2
GCF_031280615_1	cysH	2
GCF_031280615_1	cysI	3
GCF_031280615_1	cysJ	9
GCF_031280615_1	cysK	23
GCF_031280615_1	cysM	6
GCF_031280615_1	cysN	8
GCF_031280615_1	cysN_cysC	6
GCF_031280615_1	cysP	2
GCF_031280615_1	cysQ	2
GCF_031280615_1	cysU	9
GCF_031280615_1	cysW	1
GCF_031280615_1	cysZ	1
GCF_031280615_1	dddP	3
GCF_031280615_1	dmdA	1
GCF_031280615_1	dmdB	4
GCF_031280615_1	dmdC	3
GCF_031280615_1	dmdD	1
GCF_031280615_1	dmsA	16
GCF_031280615_1	dmsB	3
GCF_031280615_1	dmsC	2
GCF_031280615_1	dsrA	1
GCF_031280615_1	dsrB	1
GCF_031280615_1	dsrC	1
GCF_031280615_1	dsrD	1
GCF_031280615_1	dsrJ	1
GCF_031280615_1	dsrK	1
GCF_031280615_1	dsrM	1
GCF_031280615_1	dsrN	2
GCF_031280615_1	dsrP	2
GCF_031280615_1	dsrT	1
GCF_031280615_1	dsyB	1
GCF_031280615_1	gdh	2
GCF_031280615_1	glpE	10
GCF_031280615_1	hdrA1	3
GCF_031280615_1	hdrA2	2
GCF_031280615_1	hdrB1	1
GCF_031280615_1	hdrC2	1
GCF_031280615_1	hdrD	4
GCF_031280615_1	hpsN	1
GCF_031280615_1	hydD	2
GCF_031280615_1	isfD	4
GCF_031280615_1	mdh	19
GCF_031280615_1	metA	1
GCF_031280615_1	metB	1
GCF_031280615_1	metC	11
GCF_031280615_1	metX	3
GCF_031280615_1	metY	1
GCF_031280615_1	metZ	3
GCF_031280615_1	nrnA	5
GCF_031280615_1	phsA	1
GCF_031280615_1	phsC	1
GCF_031280615_1	prpE	3
GCF_031280615_1	pta	9
GCF_031280615_1	qmoA	1
GCF_031280615_1	qmoB	1
GCF_031280615_1	qmoC	1
GCF_031280615_1	sat	6
GCF_031280615_1	sbp	1
GCF_031280615_1	sgpB	1
GCF_031280615_1	sgpC	1
GCF_031280615_1	shyA	2
GCF_031280615_1	shyD	1
GCF_031280615_1	sir	5
GCF_031280615_1	slcC	2
GCF_031280615_1	slcD	1
GCF_031280615_1	soxB	1
GCF_031280615_1	soxC	1
GCF_031280615_1	soxY	1
GCF_031280615_1	soxZ	1
GCF_031280615_1	ssuA	32
GCF_031280615_1	ssuB	7
GCF_031280615_1	ssuC	2
GCF_031280615_1	ssuD	4
GCF_031280615_1	ssuE	1
GCF_031280615_1	sudA	9
GCF_031280615_1	sudB	1
GCF_031280615_1	sulP	11
GCF_031280615_1	tauA	2
GCF_031280615_1	tauB	4
GCF_031280615_1	tauD	4
GCF_031280615_1	tsdA	2
GCF_031280615_1	ttrA	1
GCF_031280615_1	ttrB	4
GCF_031280615_1	ttrC	1
GCF_031280615_1	tusA	6
GCF_031280615_1	tusB	1
GCF_031280615_1	tusD	1
GCF_031280615_1	tusE	3
GCF_031280615_1	xsc	1
GCF_032027065_1	acuI	1
GCF_032027065_1	aprA	2
GCF_032027065_1	aprB	2
GCF_032027065_1	asrA	2
GCF_032027065_1	asrB	1
GCF_032027065_1	betA	8
GCF_032027065_1	betB	7
GCF_032027065_1	betC	3
GCF_032027065_1	comB	3
GCF_032027065_1	cuyA	1
GCF_032027065_1	cysA	6
GCF_032027065_1	cysC	19
GCF_032027065_1	cysD	4
GCF_032027065_1	cysE	5
GCF_032027065_1	cysH	2
GCF_032027065_1	cysI	1
GCF_032027065_1	cysJ	10
GCF_032027065_1	cysK	20
GCF_032027065_1	cysM	10
GCF_032027065_1	cysN	6
GCF_032027065_1	cysN_cysC	6
GCF_032027065_1	cysP	1
GCF_032027065_1	cysQ	7
GCF_032027065_1	cysU	13
GCF_032027065_1	cysW	3
GCF_032027065_1	cysZ	2
GCF_032027065_1	dmdA	1
GCF_032027065_1	dmdB	2
GCF_032027065_1	dmdC	2
GCF_032027065_1	dmsA	13
GCF_032027065_1	dmsB	1
GCF_032027065_1	dmsC	2
GCF_032027065_1	dsrA	4
GCF_032027065_1	dsrB	1
GCF_032027065_1	dsrC	3
GCF_032027065_1	dsrE	1
GCF_032027065_1	dsrF	1
GCF_032027065_1	dsrH	1
GCF_032027065_1	dsrK	1
GCF_032027065_1	dsrL	1
GCF_032027065_1	dsrM	1
GCF_032027065_1	dsrN	1
GCF_032027065_1	dsrP	1
GCF_032027065_1	dsyB	2
GCF_032027065_1	fccA	3
GCF_032027065_1	fccB	4
GCF_032027065_1	gdh	2
GCF_032027065_1	glpE	21
GCF_032027065_1	hdrB1	1
GCF_032027065_1	hdrC2	1
GCF_032027065_1	hdrD	1
GCF_032027065_1	hpsN	1
GCF_032027065_1	hpsP	1
GCF_032027065_1	hydD	2
GCF_032027065_1	iseM	2
GCF_032027065_1	isfD	2
GCF_032027065_1	mddA	1
GCF_032027065_1	mdh	13
GCF_032027065_1	metA	1
GCF_032027065_1	metB	4
GCF_032027065_1	metC	6
GCF_032027065_1	metY	3
GCF_032027065_1	metZ	9
GCF_032027065_1	nrnA	2
GCF_032027065_1	phsB	1
GCF_032027065_1	phsC	2
GCF_032027065_1	prpE	2
GCF_032027065_1	psrA	1
GCF_032027065_1	pta	16
GCF_032027065_1	qmoA	1
GCF_032027065_1	qmoB	1
GCF_032027065_1	sat	6
GCF_032027065_1	sbp	1
GCF_032027065_1	sgpB	1
GCF_032027065_1	sgpC	1
GCF_032027065_1	shyA	1
GCF_032027065_1	shyC	1
GCF_032027065_1	sir	1
GCF_032027065_1	slcC	1
GCF_032027065_1	soeA	1
GCF_032027065_1	soeC	1
GCF_032027065_1	sorA	2
GCF_032027065_1	sorB	1
GCF_032027065_1	soxA	5
GCF_032027065_1	soxB	2
GCF_032027065_1	soxD	2
GCF_032027065_1	soxX	9
GCF_032027065_1	soxY	4
GCF_032027065_1	soxZ	3
GCF_032027065_1	sqdB	1
GCF_032027065_1	sqdX	6
GCF_032027065_1	sqr	2
GCF_032027065_1	sseA	1
GCF_032027065_1	ssuA	15
GCF_032027065_1	ssuB	11
GCF_032027065_1	ssuC	7
GCF_032027065_1	ssuD	6
GCF_032027065_1	ssuE	1
GCF_032027065_1	sudA	5
GCF_032027065_1	sulP	13
GCF_032027065_1	tauA	1
GCF_032027065_1	tauB	3
GCF_032027065_1	tauD	3
GCF_032027065_1	tbuC	1
GCF_032027065_1	tpa	2
GCF_032027065_1	tsdA	5
GCF_032027065_1	tsdB	2
GCF_032027065_1	ttrA	3
GCF_032027065_1	ttrB	4
GCF_032027065_1	ttrC	3
GCF_032027065_1	tusA	11
GCF_032027065_1	tusB	2
GCF_032027065_1	tusD	1
GCF_032027065_1	tusE	4
GCF_032027065_1	xsc	3
GCF_039970775_1	acuI	8
GCF_039970775_1	aprA	1
GCF_039970775_1	asrA	1
GCF_039970775_1	asrC	1
GCF_039970775_1	betA	12
GCF_039970775_1	betB	9
GCF_039970775_1	betC	4
GCF_039970775_1	comB	4
GCF_039970775_1	comD	1
GCF_039970775_1	comE	1
GCF_039970775_1	cuyA	2
GCF_039970775_1	cysA	10
GCF_039970775_1	cysC	22
GCF_039970775_1	cysD	2
GCF_039970775_1	cysE	6
GCF_039970775_1	cysH	4
GCF_039970775_1	cysJ	6
GCF_039970775_1	cysK	13
GCF_039970775_1	cysM	7
GCF_039970775_1	cysN	3
GCF_039970775_1	cysN_cysC	7
GCF_039970775_1	cysP	8
GCF_039970775_1	cysQ	5
GCF_039970775_1	cysU	11
GCF_039970775_1	cysW	2
GCF_039970775_1	dddP	2
GCF_039970775_1	dddT	1
GCF_039970775_1	dmdA	1
GCF_039970775_1	dmdB	3
GCF_039970775_1	dmdC	6
GCF_039970775_1	dmdD	2
GCF_039970775_1	dmoA	3
GCF_039970775_1	dmsA	13
GCF_039970775_1	dmsB	3
GCF_039970775_1	dmsC	5
GCF_039970775_1	dsrA	1
GCF_039970775_1	dsrB	1
GCF_039970775_1	dsrN	1
GCF_039970775_1	dsyB	2
GCF_039970775_1	gdh	1
GCF_039970775_1	glpE	8
GCF_039970775_1	hdrA1	1
GCF_039970775_1	hpsK	2
GCF_039970775_1	hpsL	1
GCF_039970775_1	hpsN	1
GCF_039970775_1	hpsO	1
GCF_039970775_1	hpsP	4
GCF_039970775_1	iseK	1
GCF_039970775_1	iseL	1
GCF_039970775_1	iseM	15
GCF_039970775_1	isfD	4
GCF_039970775_1	mdh	18
GCF_039970775_1	metA	4
GCF_039970775_1	metB	2
GCF_039970775_1	metC	16
GCF_039970775_1	metY	1
GCF_039970775_1	metZ	9
GCF_039970775_1	msmA	1
GCF_039970775_1	mtsB	1
GCF_039970775_1	nrnA	1
GCF_039970775_1	phsA	1
GCF_039970775_1	phsC	1
GCF_039970775_1	prpE	6
GCF_039970775_1	pta	11
GCF_039970775_1	qmoA	1
GCF_039970775_1	sat	4
GCF_039970775_1	sbp	1
GCF_039970775_1	sgpB	2
GCF_039970775_1	sgpC	1
GCF_039970775_1	sir	5
GCF_039970775_1	slcC	3
GCF_039970775_1	slcD	3
GCF_039970775_1	soeA	1
GCF_039970775_1	soeB	1
GCF_039970775_1	soeC	1
GCF_039970775_1	sorA	1
GCF_039970775_1	soxB	3
GCF_039970775_1	soxC	2
GCF_039970775_1	soxX	1
GCF_039970775_1	soxY	1
GCF_039970775_1	soxZ	1
GCF_039970775_1	sqdX	7
GCF_039970775_1	sseA	1
GCF_039970775_1	ssuA	7
GCF_039970775_1	ssuB	22
GCF_039970775_1	ssuC	9
GCF_039970775_1	ssuD	7
GCF_039970775_1	ssuE	3
GCF_039970775_1	sudA	5
GCF_039970775_1	sulP	5
GCF_039970775_1	suyA	1
GCF_039970775_1	tauA	2
GCF_039970775_1	tauB	9
GCF_039970775_1	tauC	1
GCF_039970775_1	tauD	3
GCF_039970775_1	tauY	1
GCF_039970775_1	tauZ	1
GCF_039970775_1	tbuB	1
GCF_039970775_1	tbuC	1
GCF_039970775_1	tpa	7
GCF_039970775_1	tsdA	2
GCF_039970775_1	tsdB	1
GCF_039970775_1	ttrA	4
GCF_039970775_1	tusA	5
GCF_039970775_1	tusB	7
GCF_039970775_1	tusD	2
GCF_039970775_1	xsc	3
GCF_040329455_1	acuI	10
GCF_040329455_1	asrA	3
GCF_040329455_1	asrC	1
GCF_040329455_1	betA	11
GCF_040329455_1	betB	37
GCF_040329455_1	betC	15
GCF_040329455_1	comB	2
GCF_040329455_1	comC	2
GCF_040329455_1	comD	1
GCF_040329455_1	comE	1
GCF_040329455_1	cuyA	1
GCF_040329455_1	cysA	5
GCF_040329455_1	cysC	30
GCF_040329455_1	cysD	4
GCF_040329455_1	cysE	13
GCF_040329455_1	cysH	4
GCF_040329455_1	cysJ	15
GCF_040329455_1	cysK	25
GCF_040329455_1	cysM	6
GCF_040329455_1	cysN	8
GCF_040329455_1	cysN_cysC	6
GCF_040329455_1	cysP	5
GCF_040329455_1	cysQ	7
GCF_040329455_1	cysU	14
GCF_040329455_1	cysW	2
GCF_040329455_1	dddD	1
GCF_040329455_1	dddP	6
GCF_040329455_1	dddQ	2
GCF_040329455_1	dddT	9
GCF_040329455_1	dmdA	6
GCF_040329455_1	dmdB	9
GCF_040329455_1	dmdC	12
GCF_040329455_1	dmdD	5
GCF_040329455_1	dmoA	1
GCF_040329455_1	dmsA	12
GCF_040329455_1	dmsB	3
GCF_040329455_1	dmsC	5
GCF_040329455_1	dsrA	3
GCF_040329455_1	dsrB	1
GCF_040329455_1	dsrN	1
GCF_040329455_1	dsyB	4
GCF_040329455_1	gdh	2
GCF_040329455_1	glpE	11
GCF_040329455_1	hdrA1	2
GCF_040329455_1	hdrD	1
GCF_040329455_1	hpsK	3
GCF_040329455_1	hpsL	1
GCF_040329455_1	hpsM	10
GCF_040329455_1	hpsN	2
GCF_040329455_1	hpsO	1
GCF_040329455_1	hpsP	5
GCF_040329455_1	iseK	1
GCF_040329455_1	iseL	1
GCF_040329455_1	iseM	15
GCF_040329455_1	isfD	11
GCF_040329455_1	mdh	26
GCF_040329455_1	metA	1
GCF_040329455_1	metB	9
GCF_040329455_1	metC	25
GCF_040329455_1	metX	2
GCF_040329455_1	metY	3
GCF_040329455_1	metZ	26
GCF_040329455_1	msmA	4
GCF_040329455_1	mtsB	1
GCF_040329455_1	nrnA	5
GCF_040329455_1	phsA	1
GCF_040329455_1	prpE	10
GCF_040329455_1	pta	26
GCF_040329455_1	qmoA	1
GCF_040329455_1	sat	4
GCF_040329455_1	sgpB	3
GCF_040329455_1	sgpC	1
GCF_040329455_1	sir	5
GCF_040329455_1	slcC	5
GCF_040329455_1	slcD	4
GCF_040329455_1	soeA	1
GCF_040329455_1	soeB	1
GCF_040329455_1	soeC	1
GCF_040329455_1	sorA	1
GCF_040329455_1	soxB	4
GCF_040329455_1	soxC	5
GCF_040329455_1	soxD	1
GCF_040329455_1	soxX	1
GCF_040329455_1	soxZ	1
GCF_040329455_1	sqdB	1
GCF_040329455_1	sqdX	6
GCF_040329455_1	sseA	1
GCF_040329455_1	ssuA	10
GCF_040329455_1	ssuB	26
GCF_040329455_1	ssuC	6
GCF_040329455_1	ssuD	9
GCF_040329455_1	sudA	10
GCF_040329455_1	sulP	16
GCF_040329455_1	tauB	5
GCF_040329455_1	tauD	2
GCF_040329455_1	tauZ	1
GCF_040329455_1	tbuB	1
GCF_040329455_1	tbuC	1
GCF_040329455_1	tmoC	2
GCF_040329455_1	touF	1
GCF_040329455_1	tpa	14
GCF_040329455_1	tsdA	3
GCF_040329455_1	ttrA	4
GCF_040329455_1	ttrB	1
GCF_040329455_1	tusA	6
GCF_040329455_1	tusB	4
GCF_040329455_1	tusD	2
GCF_040329455_1	tusE	1
GCF_040329455_1	xsc	10
GCF_040450955_1	aprA	1
GCF_040450955_1	aprB	1
GCF_040450955_1	asrA	1
GCF_040450955_1	asrB	3
GCF_040450955_1	betA	2
GCF_040450955_1	betB	2
GCF_040450955_1	comB	2
GCF_040450955_1	cuyA	1
GCF_040450955_1	cysA	5
GCF_040450955_1	cysC	18
GCF_040450955_1	cysD	4
GCF_040450955_1	cysE	2
GCF_040450955_1	cysH	1
GCF_040450955_1	cysJ	7
GCF_040450955_1	cysK	9
GCF_040450955_1	cysM	7
GCF_040450955_1	cysN_cysC	7
GCF_040450955_1	cysP	1
GCF_040450955_1	cysQ	1
GCF_040450955_1	cysU	4
GCF_040450955_1	cysW	2
GCF_040450955_1	cysZ	1
GCF_040450955_1	dmdB	1
GCF_040450955_1	dmdC	2
GCF_040450955_1	dmsA	11
GCF_040450955_1	dmsB	5
GCF_040450955_1	dmsC	1
GCF_040450955_1	dsrA	4
GCF_040450955_1	dsrB	2
GCF_040450955_1	dsrJ	1
GCF_040450955_1	dsrK	3
GCF_040450955_1	dsrM	1
GCF_040450955_1	dsrN	1
GCF_040450955_1	dsrT	1
GCF_040450955_1	gdh	1
GCF_040450955_1	glpE	8
GCF_040450955_1	hdrA1	1
GCF_040450955_1	hdrA2	2
GCF_040450955_1	hdrB1	1
GCF_040450955_1	hdrC1	1
GCF_040450955_1	hdrD	2
GCF_040450955_1	hpsN	1
GCF_040450955_1	hpsP	3
GCF_040450955_1	hydA	1
GCF_040450955_1	hydD	2
GCF_040450955_1	mdh	16
GCF_040450955_1	metC	5
GCF_040450955_1	metZ	4
GCF_040450955_1	nrnA	2
GCF_040450955_1	phsA	2
GCF_040450955_1	phsC	1
GCF_040450955_1	prpE	3
GCF_040450955_1	pta	8
GCF_040450955_1	qmoA	1
GCF_040450955_1	qmoB	1
GCF_040450955_1	qmoC	1
GCF_040450955_1	sat	3
GCF_040450955_1	sbp	1
GCF_040450955_1	sgpB	1
GCF_040450955_1	shyA	2
GCF_040450955_1	shyB	1
GCF_040450955_1	shyD	2
GCF_040450955_1	slcC	1
GCF_040450955_1	slcD	1
GCF_040450955_1	soxX	1
GCF_040450955_1	sqdB	2
GCF_040450955_1	sqdX	9
GCF_040450955_1	ssuA	14
GCF_040450955_1	ssuB	7
GCF_040450955_1	ssuC	2
GCF_040450955_1	ssuD	1
GCF_040450955_1	sudA	2
GCF_040450955_1	sulP	5
GCF_040450955_1	tauA	2
GCF_040450955_1	tauB	4
GCF_040450955_1	tauD	3
GCF_040450955_1	tpa	2
GCF_040450955_1	tsdA	1
GCF_040450955_1	ttrA	3
GCF_040450955_1	ttrB	4
GCF_040450955_1	tusA	4
GCF_040450955_1	tusB	1
GCF_040450955_1	tusD	1
GCF_040450955_1	tusE	2
GCF_040450955_1	xsc	1
GCF_040451425_1	aprA	1
GCF_040451425_1	aprB	1
GCF_040451425_1	asrA	1
GCF_040451425_1	asrB	3
GCF_040451425_1	betA	3
GCF_040451425_1	betB	2
GCF_040451425_1	betC	1
GCF_040451425_1	comB	2
GCF_040451425_1	cuyA	1
GCF_040451425_1	cysA	3
GCF_040451425_1	cysC	13
GCF_040451425_1	cysD	5
GCF_040451425_1	cysE	2
GCF_040451425_1	cysH	2
GCF_040451425_1	cysI	2
GCF_040451425_1	cysJ	7
GCF_040451425_1	cysK	6
GCF_040451425_1	cysM	6
GCF_040451425_1	cysN_cysC	7
GCF_040451425_1	cysP	1
GCF_040451425_1	cysQ	3
GCF_040451425_1	cysU	4
GCF_040451425_1	cysW	2
GCF_040451425_1	cysZ	1
GCF_040451425_1	dddP	1
GCF_040451425_1	dmdB	1
GCF_040451425_1	dmdC	2
GCF_040451425_1	dmsA	11
GCF_040451425_1	dmsB	5
GCF_040451425_1	dmsC	1
GCF_040451425_1	dsrA	4
GCF_040451425_1	dsrB	2
GCF_040451425_1	dsrK	2
GCF_040451425_1	dsrM	1
GCF_040451425_1	dsrN	1
GCF_040451425_1	dsrT	1
GCF_040451425_1	gdh	1
GCF_040451425_1	glpE	7
GCF_040451425_1	hdrA1	1
GCF_040451425_1	hdrA2	2
GCF_040451425_1	hdrB1	1
GCF_040451425_1	hdrC1	1
GCF_040451425_1	hdrD	2
GCF_040451425_1	hpsN	1
GCF_040451425_1	hpsP	2
GCF_040451425_1	hydA	1
GCF_040451425_1	hydD	3
GCF_040451425_1	mdh	14
GCF_040451425_1	metC	6
GCF_040451425_1	metZ	4
GCF_040451425_1	nrnA	2
GCF_040451425_1	phsA	2
GCF_040451425_1	phsC	1
GCF_040451425_1	prpE	2
GCF_040451425_1	pta	5
GCF_040451425_1	qmoA	1
GCF_040451425_1	qmoB	1
GCF_040451425_1	qmoC	1
GCF_040451425_1	sat	4
GCF_040451425_1	sbp	1
GCF_040451425_1	sgpB	1
GCF_040451425_1	shyA	2
GCF_040451425_1	shyB	1
GCF_040451425_1	shyD	1
GCF_040451425_1	sir	1
GCF_040451425_1	slcC	1
GCF_040451425_1	slcD	1
GCF_040451425_1	soxX	1
GCF_040451425_1	sqdB	1
GCF_040451425_1	sqdX	5
GCF_040451425_1	ssuA	14
GCF_040451425_1	ssuB	7
GCF_040451425_1	ssuC	1
GCF_040451425_1	ssuD	1
GCF_040451425_1	sudA	2
GCF_040451425_1	sulP	5
GCF_040451425_1	tauA	2
GCF_040451425_1	tauB	4
GCF_040451425_1	tauD	3
GCF_040451425_1	tpa	2
GCF_040451425_1	tsdA	1
GCF_040451425_1	ttrA	2
GCF_040451425_1	ttrB	4
GCF_040451425_1	tusA	5
GCF_040451425_1	tusB	1
GCF_040451425_1	tusD	2
GCF_040451425_1	tusE	3
GCF_040451425_1	xsc	1
GCF_042408735_1	acuI	4
GCF_042408735_1	aprA	1
GCF_042408735_1	asrC	1
GCF_042408735_1	betA	6
GCF_042408735_1	betB	13
GCF_042408735_1	comA	1
GCF_042408735_1	comB	2
GCF_042408735_1	comC	1
GCF_042408735_1	comD	1
GCF_042408735_1	comE	2
GCF_042408735_1	cysA	6
GCF_042408735_1	cysC	16
GCF_042408735_1	cysD	1
GCF_042408735_1	cysE	18
GCF_042408735_1	cysI	3
GCF_042408735_1	cysJ	9
GCF_042408735_1	cysK	28
GCF_042408735_1	cysM	7
GCF_042408735_1	cysN	2
GCF_042408735_1	cysN_cysC	4
GCF_042408735_1	cysP	1
GCF_042408735_1	cysQ	8
GCF_042408735_1	cysU	11
GCF_042408735_1	cysZ	1
GCF_042408735_1	dddP	2
GCF_042408735_1	dmdA	1
GCF_042408735_1	dmdB	8
GCF_042408735_1	dmdC	16
GCF_042408735_1	dmdD	3
GCF_042408735_1	dmsA	6
GCF_042408735_1	dmsB	1
GCF_042408735_1	dmsC	2
GCF_042408735_1	dsrA	2
GCF_042408735_1	dsrN	1
GCF_042408735_1	fccA	1
GCF_042408735_1	fccB	1
GCF_042408735_1	gdh	2
GCF_042408735_1	glpE	11
GCF_042408735_1	hdrC2	1
GCF_042408735_1	hdrD	3
GCF_042408735_1	hpsP	7
GCF_042408735_1	isfD	7
GCF_042408735_1	mccB	1
GCF_042408735_1	mdh	17
GCF_042408735_1	metA	1
GCF_042408735_1	metB	8
GCF_042408735_1	metC	24
GCF_042408735_1	metX	2
GCF_042408735_1	metY	4
GCF_042408735_1	metZ	2
GCF_042408735_1	nrnA	6
GCF_042408735_1	phsA	1
GCF_042408735_1	prpE	5
GCF_042408735_1	pta	11
GCF_042408735_1	sat	6
GCF_042408735_1	sbp	1
GCF_042408735_1	sfnG	1
GCF_042408735_1	sir	5
GCF_042408735_1	slcC	2
GCF_042408735_1	slcD	2
GCF_042408735_1	sorA	2
GCF_042408735_1	soxB	3
GCF_042408735_1	soxC	4
GCF_042408735_1	soxZ	1
GCF_042408735_1	sqdX	10
GCF_042408735_1	sqr	1
GCF_042408735_1	sseA	3
GCF_042408735_1	ssuA	4
GCF_042408735_1	ssuB	11
GCF_042408735_1	ssuC	8
GCF_042408735_1	ssuD	11
GCF_042408735_1	sudA	7
GCF_042408735_1	sudB	1
GCF_042408735_1	sulP	2
GCF_042408735_1	suyA	1
GCF_042408735_1	suyB	1
GCF_042408735_1	tauA	1
GCF_042408735_1	tauB	3
GCF_042408735_1	tauC	1
GCF_042408735_1	tauD	2
GCF_042408735_1	tmoC	1
GCF_042408735_1	tpa	4
GCF_042408735_1	tsdA	1
GCF_042408735_1	tusA	7
GCF_042408735_1	tusB	8
GCF_042408735_1	tusD	2
GCF_042408735_1	xsc	2
GCF_042408735_1	yihQ	2
GCF_049221745_1	aprA	1
GCF_049221745_1	betA	3
GCF_049221745_1	betB	2
GCF_049221745_1	comB	2
GCF_049221745_1	cuyA	2
GCF_049221745_1	cysA	5
GCF_049221745_1	cysC	16
GCF_049221745_1	cysD	2
GCF_049221745_1	cysE	4
GCF_049221745_1	cysH	1
GCF_049221745_1	cysI	3
GCF_049221745_1	cysJ	5
GCF_049221745_1	cysK	13
GCF_049221745_1	cysM	2
GCF_049221745_1	cysN	1
GCF_049221745_1	cysN_cysC	4
GCF_049221745_1	cysP	1
GCF_049221745_1	cysQ	8
GCF_049221745_1	cysU	3
GCF_049221745_1	cysW	2
GCF_049221745_1	dmsA	3
GCF_049221745_1	dmsB	1
GCF_049221745_1	dmsC	4
GCF_049221745_1	dsrA	1
GCF_049221745_1	dsrD	1
GCF_049221745_1	dsyB	1
GCF_049221745_1	fccB	1
GCF_049221745_1	glpE	7
GCF_049221745_1	hdrB1	1
GCF_049221745_1	hdrD	2
GCF_049221745_1	hpsN	1
GCF_049221745_1	hpsP	1
GCF_049221745_1	isfD	1
GCF_049221745_1	mdh	12
GCF_049221745_1	metB	2
GCF_049221745_1	metC	9
GCF_049221745_1	metZ	1
GCF_049221745_1	nrnA	4
GCF_049221745_1	prpE	2
GCF_049221745_1	pta	3
GCF_049221745_1	sat	4
GCF_049221745_1	sbp	1
GCF_049221745_1	slcC	2
GCF_049221745_1	sorA	5
GCF_049221745_1	soxC	1
GCF_049221745_1	soxX	1
GCF_049221745_1	soxY	1
GCF_049221745_1	sqdB	2
GCF_049221745_1	sqdX	2
GCF_049221745_1	ssuB	5
GCF_049221745_1	ssuC	1
GCF_049221745_1	ssuD	1
GCF_049221745_1	ssuE	1
GCF_049221745_1	sudA	3
GCF_049221745_1	sulP	3
GCF_049221745_1	tauB	3
GCF_049221745_1	tauD	2
GCF_049221745_1	tauZ	1
GCF_049221745_1	tsdA	4
GCF_049221745_1	ttrB	1
GCF_049221745_1	tusA	2
GCF_049221745_1	tusB	1
GCF_049221745_1	xsc	1
GCF_049701075_1	acuI	2
GCF_049701075_1	betA	2
GCF_049701075_1	betB	2
GCF_049701075_1	cuyA	1
GCF_049701075_1	cysA	1
GCF_049701075_1	cysC	5
GCF_049701075_1	cysD	1
GCF_049701075_1	cysE	2
GCF_049701075_1	cysH	3
GCF_049701075_1	cysJ	2
GCF_049701075_1	cysK	8
GCF_049701075_1	cysM	5
GCF_049701075_1	cysN	2
GCF_049701075_1	cysN_cysC	4
GCF_049701075_1	cysP	1
GCF_049701075_1	cysU	1
GCF_049701075_1	dddP	1
GCF_049701075_1	ddhA	1
GCF_049701075_1	ddhC	1
GCF_049701075_1	dmsA	3
GCF_049701075_1	dmsC	1
GCF_049701075_1	dsrA	1
GCF_049701075_1	dsyB	1
GCF_049701075_1	fccB	1
GCF_049701075_1	glpE	7
GCF_049701075_1	hdrB2	1
GCF_049701075_1	hdrD	1
GCF_049701075_1	hpsN	2
GCF_049701075_1	hpsO	1
GCF_049701075_1	mdh	12
GCF_049701075_1	metC	6
GCF_049701075_1	metY	1
GCF_049701075_1	metZ	1
GCF_049701075_1	nrnA	2
GCF_049701075_1	prpE	2
GCF_049701075_1	pta	4
GCF_049701075_1	sat	3
GCF_049701075_1	sir	1
GCF_049701075_1	slcC	3
GCF_049701075_1	sorB	1
GCF_049701075_1	soxA	1
GCF_049701075_1	soxB	1
GCF_049701075_1	soxX	1
GCF_049701075_1	soxY	1
GCF_049701075_1	soxZ	1
GCF_049701075_1	sqdX	5
GCF_049701075_1	sqr	2
GCF_049701075_1	ssuA	4
GCF_049701075_1	ssuB	5
GCF_049701075_1	ssuC	1
GCF_049701075_1	ssuD	1
GCF_049701075_1	sudA	1
GCF_049701075_1	sudB	1
GCF_049701075_1	sulP	2
GCF_049701075_1	tauB	3
GCF_049701075_1	tauZ	1
GCF_049701075_1	tpa	3
GCF_049701075_1	tsdA	2
GCF_049701075_1	ttrB	2
GCF_049701075_1	tusA	2
GCF_049701075_1	tusB	2
GCF_049701075_1	tusD	1
GCF_049701075_1	xsc	1
GCF_947488185_1	acuI	9
GCF_947488185_1	aprA	1
GCF_947488185_1	asrA	4
GCF_947488185_1	asrC	1
GCF_947488185_1	betA	8
GCF_947488185_1	betB	27
GCF_947488185_1	betC	4
GCF_947488185_1	comB	4
GCF_947488185_1	comC	1
GCF_947488185_1	comD	1
GCF_947488185_1	comE	1
GCF_947488185_1	cuyA	3
GCF_947488185_1	cysA	7
GCF_947488185_1	cysC	32
GCF_947488185_1	cysD	7
GCF_947488185_1	cysE	11
GCF_947488185_1	cysH	5
GCF_947488185_1	cysI	1
GCF_947488185_1	cysJ	10
GCF_947488185_1	cysK	20
GCF_947488185_1	cysM	6
GCF_947488185_1	cysN	8
GCF_947488185_1	cysN_cysC	9
GCF_947488185_1	cysP	5
GCF_947488185_1	cysQ	5
GCF_947488185_1	cysU	11
GCF_947488185_1	cysW	3
GCF_947488185_1	dddL	1
GCF_947488185_1	dddP	2
GCF_947488185_1	dddT	2
GCF_947488185_1	dmdA	1
GCF_947488185_1	dmdB	8
GCF_947488185_1	dmdC	7
GCF_947488185_1	dmdD	5
GCF_947488185_1	dmoA	1
GCF_947488185_1	dmsA	12
GCF_947488185_1	dmsB	4
GCF_947488185_1	dmsC	5
GCF_947488185_1	dsrA	1
GCF_947488185_1	dsrB	1
GCF_947488185_1	dsrM	1
GCF_947488185_1	dsrN	1
GCF_947488185_1	dsyB	3
GCF_947488185_1	fccB	1
GCF_947488185_1	fsr	1
GCF_947488185_1	gdh	1
GCF_947488185_1	glpE	14
GCF_947488185_1	hdrA1	1
GCF_947488185_1	hdrD	1
GCF_947488185_1	hpsK	1
GCF_947488185_1	hpsM	1
GCF_947488185_1	hpsN	3
GCF_947488185_1	hpsO	1
GCF_947488185_1	hpsP	6
GCF_947488185_1	iseK	2
GCF_947488185_1	iseL	1
GCF_947488185_1	iseM	11
GCF_947488185_1	isfD	6
GCF_947488185_1	mddA	2
GCF_947488185_1	mdh	21
GCF_947488185_1	metA	1
GCF_947488185_1	metB	4
GCF_947488185_1	metC	26
GCF_947488185_1	metX	3
GCF_947488185_1	metY	2
GCF_947488185_1	metZ	14
GCF_947488185_1	msmA	2
GCF_947488185_1	mtsB	1
GCF_947488185_1	nrnA	2
GCF_947488185_1	prpE	9
GCF_947488185_1	pta	12
GCF_947488185_1	qmoA	1
GCF_947488185_1	sat	4
GCF_947488185_1	sbp	2
GCF_947488185_1	sgpB	2
GCF_947488185_1	sgpC	1
GCF_947488185_1	shyC	1
GCF_947488185_1	sir	6
GCF_947488185_1	slcC	4
GCF_947488185_1	slcD	3
GCF_947488185_1	soeA	2
GCF_947488185_1	soeB	1
GCF_947488185_1	soeC	1
GCF_947488185_1	sorA	2
GCF_947488185_1	soxA	1
GCF_947488185_1	soxB	7
GCF_947488185_1	soxC	3
GCF_947488185_1	soxD	2
GCF_947488185_1	soxX	2
GCF_947488185_1	soxY	1
GCF_947488185_1	soxZ	2
GCF_947488185_1	sqdX	4
GCF_947488185_1	sseA	2
GCF_947488185_1	ssuA	8
GCF_947488185_1	ssuB	15
GCF_947488185_1	ssuC	10
GCF_947488185_1	ssuD	11
GCF_947488185_1	ssuE	2
GCF_947488185_1	sudA	5
GCF_947488185_1	sulP	7
GCF_947488185_1	suyA	1
GCF_947488185_1	tauA	1
GCF_947488185_1	tauB	4
GCF_947488185_1	tauC	1
GCF_947488185_1	tauD	1
GCF_947488185_1	tmm	1
GCF_947488185_1	tpa	5
GCF_947488185_1	tsdA	2
GCF_947488185_1	tsdB	1
GCF_947488185_1	ttrA	6
GCF_947488185_1	ttrB	1
GCF_947488185_1	tusA	6
GCF_947488185_1	tusB	9
GCF_947488185_1	tusD	2
GCF_947488185_1	tusE	1
GCF_947488185_1	xsc	7
